区域,餐饮类型编码,餐饮类型名称,POI名称,详细地址,经度(lon),纬度(lat),联系电话,营业时段
中牟县,50100,中餐厅,金唐鲤.新豫菜(象湖店),郑东新区郑开大道与杨桥大道交叉口西南角伟业国际A座4层,113.863939,34.773007,0371-55387616;17319785417,8：00——22：00
中牟县,50100,中餐厅,丰源烩面(解放路店),解放路与荟萃路交叉口西南角,114.029364,34.727377,18037300079,8：00——22：00
中牟县,50100,中餐厅,仲和小馆(象湖店),吉瑞路与中山路交叉口东80米,113.912326,34.796901,0371-88925556;19339979000,8：00——22：00
中牟县,50100,中餐厅,苏园·禧宴(中牟店),清阳街与牟山路交叉口,113.978031,34.721913,0371-85390088,8：00——22：00
中牟县,50100,中餐厅,特味村美食生态园(中牟天天假日隐居酒店店),前程大道与延福路交叉口西120米,113.874595,34.725712,19103818000,8：00——22：00
中牟县,50100,中餐厅,员和记牛肉火锅(中牟店),宝峰街7号天泽城广场F2层,113.961567,34.716955,0371-62368868;18601057739,8：00——22：00
中牟县,50100,中餐厅,驴肉村生态园酒店(总店),华夏大道黄商村东口,113.833489,34.653799,0371-62271211;13526652391,8：00——22：00
中牟县,50100,中餐厅,兰湘子.湘菜小炒(郑州杉杉奥莱·中牟店店),杉杉奥莱1期A20800(2楼近4号门),114.027402,34.783139,17604809703,8：00——22：00
中牟县,50100,中餐厅,杨掌柜辣椒炒肉(中茂新悦城店),中茂尚悦广场,113.937882,34.722003,0371-55982965;19036952959,8：00——22：00
中牟县,50100,中餐厅,京熙·涮肉(桥航路店),航空港区豫发·大运城白鹭源北门旁,113.862189,34.580006,0371-89906663,8：00——22：00
中牟县,50100,中餐厅,九味川香麻婆豆腐(刘集店),中山路与吉瑞路交叉口西北角,113.910953,34.797068,18838187699,8：00——22：00
中牟县,50100,中餐厅,西郊竹园甲鱼面(象湖店),俊贤路与凤栖街交叉口东40米,113.903235,34.776128,0371-65839888;13419778366,8：00——22：00
中牟县,50100,中餐厅,川上川菜馆(普罗理想国店),普罗理想国西6苑北2门旁,114.022014,34.790396,0371-55387488,8：00——22：00
中牟县,50100,中餐厅,一家人大灶台(白沙旗舰总店),郑东新世界南门西150米,113.898238,34.740064,0371-62180877;13526407688;15938726297,8：00——22：00
中牟县,50100,中餐厅,丰源烩面(象湖店),恭秀路与永顺路交叉路口西北角,113.853234,34.760108,0371-62238567;19937860111,8：00——22：00
中牟县,50100,中餐厅,樊老七乡村地锅柴鸡,绿博2号5号院南门027号,113.976309,34.766275,13213011136;13526898952,8：00——22：00
中牟县,50100,中餐厅,麦浪餐厅,只有河南·戏剧幻城内(西侧),114.000069,34.798213,4000001992,8：00——22：00
中牟县,50100,中餐厅,熊喵来了火锅(郑州上东里店),郑东新区白沙园区郑开大道55号上东国际3号楼2层202室,113.853786,34.773861,13298158366,8：00——22：00
中牟县,50100,中餐厅,鱼酷活鱼烤鱼(郑州中牟杉杉奥特莱斯广场店),一期3号门二楼,114.02755,34.782616,13523460671,8：00——22：00
中牟县,50100,中餐厅,牛师傅羊排大虾(锦荣悦汇城店),航空港区郑港六路与郑港四街交汇处锦荣悦汇城1层东门扶梯口C座1-D1051号,113.862931,34.564872,0371-89957109;15378768942,8：00——22：00
中牟县,50100,中餐厅,西关味(上东国际店),白沙镇郑开大道与芦医庙大街交汇处上东里4号楼1楼103-1105,113.854616,34.773579,0371-60239363,8：00——22：00
中牟县,50100,中餐厅,凤合林融合餐厅(上东里店),上东里202-208,113.852675,34.774075,13283827711;17639920888,8：00——22：00
中牟县,50100,中餐厅,兰湘子.湘菜小炒(世纪城时代广场店),世纪城时代广场4楼,114.018305,34.723459,15324801543,8：00——22：00
中牟县,50100,中餐厅,虎丫炒鸡(河南郑州中牟上东里店),白沙镇象湖南路62号(象湖南路与芦医庙大街交汇处东北角),113.854482,34.77375,19003831261,8：00——22：00
中牟县,50100,中餐厅,阿平小馆(上东里店),白沙镇上东里3号楼1层122号商铺阿平小馆,113.8535,34.773619,15890610683;17719826838;19529965667,8：00——22：00
中牟县,50100,中餐厅,杨掌柜辣椒炒肉(象湖店),永顺路55号,113.857573,34.772715,0371-86603600,8：00——22：00
中牟县,50100,中餐厅,伊园盛宴.清真(中牟幻乐之城店),商都大道龙跃建材大市场院内,114.000346,34.719647,13043979993,8：00——22：00
中牟县,50100,中餐厅,姐弟俩土豆粉(郑州东上东里店),郑开大道55号上东里3号楼一层,113.853963,34.773911,13333810590,8：00——22：00
中牟县,50100,中餐厅,豫姥家大锅台(豫兴家苑六号院店),豫兴街道松鹤街80号豫兴家苑六号院,113.913944,34.79693,13949119898;18738135723,8：00——22：00
中牟县,50100,中餐厅,驴肉村牟州宴(中牟分店),学苑路青阳街交叉口南100米路东,113.976265,34.712571,0371-55981211;17335703999,8：00——22：00
中牟县,50100,中餐厅,一家人手擀面大盘鸡(郑铁店),郑州铁路职业技术学院东门东北210米,113.891182,34.799099,0371-60187611,8：00——22：00
中牟县,50100,中餐厅,朴园·信阳土菜馆,城市漫部西门北90米,113.982353,34.722734,13253561635,8：00——22：00
中牟县,50100,中餐厅,高湘小炒黄牛肉(凌空街店),航空港区营河社区西门南230米,113.867943,34.564429,0371-63386677;13071087767;19913821713,8：00——22：00
中牟县,50100,中餐厅,鱼你在一起(上东里店),上东里3号楼129.130号,113.854172,34.773913,18037327228,8：00——22：00
中牟县,50100,中餐厅,虎丫炒鸡(河南郑州中牟世纪城店),建设路世纪城时代广场4楼,114.01829,34.723456,19939996239,8：00——22：00
中牟县,50100,中餐厅,吴越人家(中原保险大厦店),郑开大道与永顺路交口中原保险大厦A座,113.855686,34.773774,0371-55187779,8：00——22：00
中牟县,50100,中餐厅,馍菜汤,恒通小区东北门旁,113.89622,34.739633,0371-60218858;13403711349,8：00——22：00
中牟县,50100,中餐厅,菜园子(永顺路店),永顺路,113.856695,34.769985,0371-60278989;19900973000,8：00——22：00
中牟县,50100,中餐厅,同胜祥,,113.852171,34.774297,0371-60220823,8：00——22：00
中牟县,50100,中餐厅,大自然庭院,广惠街街道文博路与听篌街交叉口东南角,113.947765,34.713924,0371-55306123;18838175558,8：00——22：00
中牟县,50100,中餐厅,廣順興(白沙店),中粮佳苑西北门旁,113.896989,34.729255,0371-62183689;17698097096,8：00——22：00
中牟县,50100,中餐厅,小民农庄,015乡道,113.993279,34.904509,13103852651,8：00——22：00
中牟县,50100,中餐厅,淼泰城地锅鸡总店,泰安街与中万路交叉口南140米,114.005383,34.732637,0371-69638886;17334885221,8：00——22：00
中牟县,50100,中餐厅,聚鑫源烩面(航海东路店),航海东路与义通街交叉口,113.882022,34.717867,13838152933,8：00——22：00
中牟县,50100,中餐厅,78℃市井老火锅,广惠街道文博路与听篌街交叉口东80米路南6号,113.947852,34.713908,19900908881,8：00——22：00
中牟县,50100,中餐厅,大叔的小菜(沃金广场店),航空港区沃金商业广场东门旁,113.859088,34.560432,0371-63716250,8：00——22：00
中牟县,50100,中餐厅,卞太太老宁波干蒸菜(中牟店),学苑路与宝峰街交汇处北100米路西,113.96418,34.716385,17513205181,8：00——22：00
中牟县,50100,中餐厅,虎丫炒鸡(河南郑州中牟天泽城店),学院路与寿圣街交叉路口,113.962227,34.718242,15713664617,8：00——22：00
中牟县,50100,中餐厅,渝八一片片鱼火锅「活鱼现杀」,航空港区锦荣悦汇城一楼南侧肯德基向东50米,113.861616,34.564301,19103970651,8：00——22：00
中牟县,50100,中餐厅,铂笙酒店中餐厅,九龙区宇兴路66号,113.872697,34.689765,0371-85339777,8：00——22：00
中牟县,50100,中餐厅,李军力烧烤(东润城店),原圃路39号东润城臻园10号楼1层124号,113.896383,34.7307,17739777515,8：00——22：00
中牟县,50100,中餐厅,果木烤鸭(万方店),前程路万方市场南108号,113.885796,34.792987,18574160196,8：00——22：00
中牟县,50100,中餐厅,灶连灶秘制地锅柴鸡,博丰路幼儿园南2门西南60米,113.978415,34.765971,15666629989,8：00——22：00
中牟县,50100,中餐厅,云梢雀小锅米线,上东里1期商铺1-114,113.854193,34.773214,18687164305,8：00——22：00
中牟县,50100,中餐厅,品菜很下饭.辣椒炒肉(天泽城店),宝峰街7号天泽城F2层,113.961556,34.716956,17516226118,8：00——22：00
中牟县,50100,中餐厅,宴久新豫菜(普罗理想国店),普罗理想国西10苑东门东120米,114.023542,34.785421,17513310666,8：00——22：00
中牟县,50100,中餐厅,豫姥家黄河滩地锅城,白沙镇敬业路唯美酒店楼下,113.896739,34.739783,18538039686,8：00——22：00
中牟县,50100,中餐厅,惜缘(中央御景店),中央御景,113.967446,34.719141,0371-58568111,8：00——22：00
中牟县,50100,中餐厅,郑东西湖印象(西湖印象饭店),俊贤路38号,113.901422,34.776149,0371-60911888;13298109188,8：00——22：00
中牟县,50100,中餐厅,三厂烩羊肉(港区锦荣悦汇城店),航空港区相州街锦荣悦汇城二楼东南角,113.863175,34.563975,0371-88973377;18037786566;19339587977,8：00——22：00
中牟县,50100,中餐厅,潮牛道涮烤牛排养生汤锅象湖店,象湖南路98号(天一建苑南门),113.862289,34.770013,17513313788,8：00——22：00
中牟县,50100,中餐厅,大鱼坊铁锅炖(丰华街店),融城花园东1门旁,113.998933,34.717714,0371-62195885;13123247000;15515933337,8：00——22：00
中牟县,50100,中餐厅,中牟老狼大盘鸡,青年路街道青年路中兴路口,114.010482,34.728507,15037185041,8：00——22：00
中牟县,50100,中餐厅,蓉巷老川菜(栖瑞家苑店),郑信路115-19,113.850813,34.76373,0371-62390051,8：00——22：00
中牟县,50100,中餐厅,喜鹊荟牛肉火锅,郑东新世界南门东南60米,113.899996,34.740246,15937061271,8：00——22：00
中牟县,50100,中餐厅,大四喜潮汕牛肉火锅(中牟时代广场店),世纪城时代广场,114.017925,34.723675,15238369365,8：00——22：00
中牟县,50100,中餐厅,小V家秘制火锅鸡(悦汇城店),航空港区锦荣悦汇城一楼东南角(恩平湖地铁站出入口步行400米),113.862749,34.564548,0371-55011985;13523305074,8：00——22：00
中牟县,50100,中餐厅,东来顺饭庄(中牟店),祥瑞中心花园西2门旁,114.002488,34.720817,0371-66978222,8：00——22：00
中牟县,50100,中餐厅,廣順興(中牟店),中兴路南段西侧16号,114.006907,34.716845,0371-62181366,8：00——22：00
中牟县,50100,中餐厅,花千代秘制烤鱼(象湖丹尼斯店),象湖丹尼斯五楼,113.857527,34.771276,17335728666,8：00——22：00
中牟县,50100,中餐厅,小猪查理川式烤肉(世纪城店),世纪城时代广场4层,114.018235,34.723446,19937539355,8：00——22：00
中牟县,50100,中餐厅,好彩猪肚鸡(中牟天泽城店),万胜路寿圣街交叉口天泽城生活广场街区3楼,113.961665,34.717615,0371-58577799,8：00——22：00
中牟县,50100,中餐厅,奇香生态园宴会酒店,航空港区张庄办事处生金李荆州路保航二路交叉口南路东,113.921764,34.550105,13838170868,8：00——22：00
中牟县,50100,中餐厅,妈妈烙馍村(象湖店),大有路与象湖南路交叉口西北角一号铺,113.860362,34.77041,15649051727,8：00——22：00
中牟县,50100,中餐厅,张国锁大锅菜,008乡道与开来路交叉口北80米,113.882404,34.767289,13673377726,8：00——22：00
中牟县,50100,中餐厅,姐弟俩土豆粉(郑州航空港绿悠天地店),航空港区西至长安路东至凌风街、北至规划雕航路、南至规划楼航路的绿悠悦享天地的5号楼第1层第5-3/5-5号,113.850291,34.587231,19139795362,8：00——22：00
中牟县,50100,中餐厅,YUOZUO渝作·川渝冒肚(中牟店),顺发路中牟电视塔向西300米路南,114.007378,34.727062,15249697240,8：00——22：00
中牟县,50100,中餐厅,江碗碗江西小炒(水木年华店),白沙镇象湖南路56号水木年华小区,113.856771,34.772549,19036977826,8：00——22：00
中牟县,50100,中餐厅,川遇鸡公虾婆(港区店),航空港区雍州路与巡航路交叉口西南角沃金商业广场F1,113.857859,34.562793,0371-85512055,8：00——22：00
中牟县,50100,中餐厅,麻婆豆腐(岗李店),郑东新区白沙镇岗李村岗李集贸市场南排中部1-2号,113.850013,34.78421,13253553000;18137337731,8：00——22：00
中牟县,50100,中餐厅,益锅乡农家地锅鸡(刘集店),豫兴街道松鹤街17号豫兴家苑六号院,113.914509,34.796901,13303813882,8：00——22：00
中牟县,50100,中餐厅,三味粗粮小厨(泰安街店),东风路与泰安街交叉口往北30米路东,114.001776,34.716481,18300691698,8：00——22：00
中牟县,50100,中餐厅,孟佳宝营地烤场(中牟店),白沙镇永顺路39号丹桂苑小区沿街商铺G-115-116号铺,113.851875,34.750828,18603862477,8：00——22：00
中牟县,50100,中餐厅,橘婆婆地锅柴鸡(中原保险大厦店),中原保险大厦北门东180米,113.857003,34.773644,19037178899,8：00——22：00
中牟县,50100,中餐厅,8号粮仓(长沙头牌下饭菜),航空港区凌霜街与太湖路向北100米路东.绿悠悦享天地7号楼,113.851005,34.587067,18695899197,8：00——22：00
中牟县,50100,中餐厅,汉园食府,中兴路正中大道交叉口西北角,113.999213,34.68202,0371-62280066;13071028828,8：00——22：00
中牟县,50100,中餐厅,四牟园重庆火锅,广惠街街道四牟园映旭街南段2号,113.950586,34.710096,18837100113,8：00——22：00
中牟县,50100,中餐厅,杨掌柜辣椒炒肉(九龙镇店),郑州经理开发区龙善街6-9,113.865256,34.686622,0371-60271808,8：00——22：00
中牟县,50100,中餐厅,幺妹川菜巫山烤鱼,航空港区锦荣悦汇城美食街肯德基向东80米,113.861206,34.563961,18716716388;18838182918,8：00——22：00
中牟县,50100,中餐厅,金祥和烙馍村,绿博新城五号院一号楼5-1-015,113.977258,34.766585,18538080591,8：00——22：00
中牟县,50100,中餐厅,高湘小炒黄牛肉(锦荣悦汇城店),航空港区锦荣乐汇城肯德基往东10米,113.86077,34.564222,19043997795,8：00——22：00
中牟县,50100,中餐厅,羊蝎子老店(中牟旗舰店),东风路街道中兴路与东风路交叉口西北侧50米,114.005889,34.715315,19913896815,8：00——22：00
中牟县,50100,中餐厅,豫姥家大锅台(郑开大道上东里店),郑开大道69-8号,113.856029,34.773568,19913806177;19913859377,8：00——22：00
中牟县,50100,中餐厅,麻婆豆腐(祥瑞中心花园店),祥瑞中心花园西2门北70米,114.002623,34.721599,15517696677;15517966677,8：00——22：00
中牟县,50100,中餐厅,米村拌饭(中牟县天泽城店),天泽城2楼F2-018号小吃街上电梯左拐(鱼你在一起旁边),113.961803,34.716565,13089263892,8：00——22：00
中牟县,50100,中餐厅,齐祺渔锅(白沙店),白沙村东岸曦城3号楼1号,113.88426,34.731533,0371-60193070,8：00——22：00
中牟县,50100,中餐厅,龙隆火锅,润泽路与泽雨街交叉口东100米,113.897908,34.773853,17838376972,8：00——22：00
中牟县,50100,中餐厅,福状元(天泽城广场店),宝峰街7号天泽城F2层,113.961275,34.716225,0371-62268889,8：00——22：00
中牟县,50100,中餐厅,鑫御隆斑鱼庄(刘集镇绿博家苑店),屏华路绿博家苑D区1层,113.951603,34.792343,17319713789,8：00——22：00
中牟县,50100,中餐厅,前途似海创意融合餐厅,白沙镇郑开大道55号上东里4号楼1楼南侧,113.854577,34.7734,18638795529,8：00——22：00
中牟县,50100,中餐厅,豫小锅,,113.938325,34.722275,13140011878,8：00——22：00
中牟县,50100,中餐厅,黑土风情铁锅炖(翡翠明珠店),文博路与文通路交叉口翡翠明珠1层商户,113.955117,34.712695,0371-62163888;16603842000,8：00——22：00
中牟县,50100,中餐厅,经开盛宴,经济技术开发区航海东路与芦医庙大街交叉口向东150米路南,113.846439,34.721108,0371-60237567,8：00——22：00
中牟县,50100,中餐厅,西湖烤鱼(敬业路店),复兴路118号,113.896813,34.737385,0371-63920666,8：00——22：00
中牟县,50100,中餐厅,夜小红炒虾尾(白沙店),白沙路宽豪斯小区对面东50米路北,113.892298,34.740088,15837132625,8：00——22：00
中牟县,50100,中餐厅,湘江菜馆,郑东新区白沙镇永顺路丹桂苑西1门旁,113.852013,34.75128,15303821365,8：00——22：00
中牟县,50100,中餐厅,森虎虾尾,航空港区豫康新城32栋(鄱阳湖路与凌空街交叉路口),113.867122,34.569522,18595670899,8：00——22：00
中牟县,50100,中餐厅,桃园驴肉香,华夏大道黄商村路东100米,113.837766,34.653947,13071035331;13673997023,8：00——22：00
中牟县,50100,中餐厅,今日味道名家(中牟店),广惠街街道办事处牟山路与牟州街西北50米,113.970062,34.723701,0371-55387887;19138037101,8：00——22：00
中牟县,50100,中餐厅,东北老菜馆,嘉苑二号院西门旁,113.860898,34.764513,15617760711;18603865955,8：00——22：00
中牟县,50100,中餐厅,鱼库秘制烤鱼,郑开大道永顺路交叉口向南200米路西,113.856831,34.772772,18336338991,8：00——22：00
中牟县,50100,中餐厅,羊小羊羊蝎子老店(康庄店),芦医庙大街康庄社区1号院南门对面羊蝎子老店,113.849229,34.74726,15303719137,8：00——22：00
中牟县,50100,中餐厅,杞县砂锅(郑州总店),水木清华13号楼9号,113.9636,34.715695,13693897482;17334819622,8：00——22：00
中牟县,50100,中餐厅,咱家小院(拥军路店),第五初级中学西北(拥军路东),114.015231,34.744047,13613803999,8：00——22：00
中牟县,50100,中餐厅,老三驴肉店,奥特莱斯南300米路东1号商铺,114.027514,34.7755,13071023895,8：00——22：00
中牟县,50100,中餐厅,王婆大虾(锦荣悦汇城店),航空港区锦荣悦汇城负一楼美食街中间位置(即中间天桥楼梯口处),113.86202,34.564235,13275979029;15038279559;15517591320,8：00——22：00
中牟县,50100,中餐厅,张记烩面(东风路店),东风路与泰安街交叉口,114.001731,34.715923,0371-62183799;15824881331,8：00——22：00
中牟县,50100,中餐厅,70年代老地锅(中牟北环路店),建设路与北环路交叉口向东300米路南(深圳粮油对面),114.024626,34.733264,15939039295,8：00——22：00
中牟县,50100,中餐厅,开顺美食城(官渡街店),官渡西路与中兴路交汇处西南角,114.008097,34.722177,0371-62158918,8：00——22：00
中牟县,50100,中餐厅,班花重庆火锅(上东里店),白沙镇永顺路与象湖南路郑州世泰停车管理有限公司东临铺07-11商铺,113.860597,34.769391,0371-62287888,8：00——22：00
中牟县,50100,中餐厅,农家烙馍村(岗李市场店),市场综合管理处西门西70米,113.850801,34.78413,18037872905,8：00——22：00
中牟县,50100,中餐厅,大胖喜鱼煲煲(锦荣悦汇城店),航空港区锦荣悦汇城一楼南侧肯德基向东50米,113.861616,34.564301,19103970651,8：00——22：00
中牟县,50100,中餐厅,鸣升鲜炒鸡(豫兴家苑五号院店),郑东思贤学校南门东480米,113.912524,34.796897,16696100890,8：00——22：00
中牟县,50100,中餐厅,清真·马三伟自助烤肉涮羊肉(顺发路店),电视塔西顺发路200米路北,114.007887,34.727694,13838102415,8：00——22：00
中牟县,50100,中餐厅,老四川私房菜(亚新·美好香颂店),九洲路与屏华路亚新美好香颂1207号1208号,113.944634,34.756116,13673649887;19137401833,8：00——22：00
中牟县,50100,中餐厅,曹大权地锅炖(白沙店),郑东新世界西门101号商铺,113.896697,34.741184,19036929698,8：00——22：00
中牟县,50100,中餐厅,一家人大灶台,刘集镇绿博一号院,113.943635,34.792028,0371-55651062;18137678637,8：00——22：00
中牟县,50100,中餐厅,宴遇草原家(中牟捷安庄园店),捷安庄园南门旁,113.972142,34.722273,0371-62155066,8：00——22：00
中牟县,50100,中餐厅,邢氏味道(水岸鑫城店),水岸鑫城西北门东北70米,113.994242,34.725986,0371-62180066;15136160999,8：00——22：00
中牟县,50100,中餐厅,曹大权地锅炖(天泽城店),幸福家园贰号院西门旁,113.960645,34.713683,18595520866,8：00——22：00
中牟县,50100,中餐厅,班花重庆火锅天泽城店,广惠街街道宝峰街与商都大街交叉口向南200米路西,113.964764,34.718688,0371-62186888;17638529369,8：00——22：00
中牟县,50100,中餐厅,聚相楼干锅鸭香辣虾(工商学院店),岗赵步行街西头北二楼107-111阿生哥螺丝粉楼上,113.885693,34.793125,15237179237;17398919380;18838524967,8：00——22：00
中牟县,50100,中餐厅,乡里人小烧饼农家菜(白沙店),恒通路青年路交叉口西东100米路南,113.897528,34.740071,13643827038;19339596189,8：00——22：00
中牟县,50100,中餐厅,原蒸记顺德干蒸菜,春和景明西南1门东50米,113.979177,34.7139,18595706067,8：00——22：00
中牟县,50100,中餐厅,开顺老式菜馆,天骄名门南门东140米,113.976031,34.714314,0371-62156111;13733190656,8：00——22：00
中牟县,50100,中餐厅,大口妹肉蟹煲(郑东新区店),白沙镇双宇百货4楼,113.898148,34.736462,15939551520,8：00——22：00
中牟县,50100,中餐厅,爆汁黄焖鸡,航空港区凌空街43栋7,113.867022,34.572762,17837066321,8：00——22：00
中牟县,50100,中餐厅,华夏胡羊排香辣虾(花桥店),建安路与城东路交叉口西南40米,114.03656,34.73271,0371-55308111,8：00——22：00
中牟县,50100,中餐厅,老李家炒鸡虾尾(马庄店),航空港区巡航路与相州街马庄安置区101号,113.863469,34.563433,15515502296,8：00——22：00
中牟县,50100,中餐厅,老狼大盘鸡(中牟直营店),水木清华西南门旁,113.962863,34.715837,0371-62031399,8：00——22：00
中牟县,50100,中餐厅,豫京福,中茂新悦城2号楼二楼,113.938377,34.722431,13253466262,8：00——22：00
中牟县,50100,中餐厅,武陟鸿兴砂锅居,上东城南2门东南90米,113.853131,34.771259,13663593389,8：00——22：00
中牟县,50100,中餐厅,豫小灶地锅炖,城市漫部西门北140米,113.98245,34.723127,15037127336;19149410555,8：00——22：00
中牟县,50100,中餐厅,赵九记火锅(中牟店),电视塔向北二百米路西,114.010029,34.728623,15638856999,8：00——22：00
中牟县,50100,中餐厅,地锅传奇(港区总店),航空港区沃金大酒店东30米,113.85901,34.559417,19937410088,8：00——22：00
中牟县,50100,中餐厅,热烀炖大灶台(白沙总店),艺君生活广场南1门东南100米,113.886235,34.733473,13803815003,8：00——22：00
中牟县,50100,中餐厅,闽泉酒家,郑州现代五金机电物流园南1门西南130米,113.906213,34.727286,13733872801;18695887059,8：00——22：00
中牟县,50100,中餐厅,西部来客鲜炒大盘鸡(白沙店),白沙镇敬业路与复兴路交叉口向南150米路东,113.896594,34.733692,0371-60122218;18937810313,8：00——22：00
中牟县,50100,中餐厅,老狼大盘鸡(有色地质家园店),刘集镇郑开大道与凤栖街交叉口向南300米路西有色地质家园A区12号楼,113.899027,34.773859,13071090808,8：00——22：00
中牟县,50100,中餐厅,赏渔重庆鱼火锅(东风路店),祥居苑东门西80米,113.994348,34.716992,0371-62198111,8：00——22：00
中牟县,50100,中餐厅,开顺美食(滨河路店),百合花园19幢附1号,113.981955,34.723133,0371-62158555,8：00——22：00
中牟县,50100,中餐厅,历厨娘回锅肉(中牟店),商都大道与泰安街交叉口向南100米路东,114.002614,34.721538,0371-69683289;13663832833,8：00——22：00
中牟县,50100,中餐厅,柴火乡地锅鸡(九龙新城店),九龙新城东门旁,113.861964,34.686229,15537189188;18703881716,8：00——22：00
中牟县,50100,中餐厅,烙馍村私房菜(绿博家苑三号院店),绿博家苑三号院,113.952142,34.792241,15093666255,8：00——22：00
中牟县,50100,中餐厅,姐弟俩土豆粉(郑州中牟县学苑路天泽城店),天泽城街区2层,113.961363,34.716751,18639004848,8：00——22：00
中牟县,50100,中餐厅,贵州铜锅特色牛肉馆,航空港区锦荣悦汇城东门,113.862997,34.565209,15324887228,8：00——22：00
中牟县,50100,中餐厅,亚菲亚九味楼,景观大道与北环路交叉口向北300米路东亚菲亚温泉酒店,114.033399,34.736889,0371-56929666,8：00——22：00
中牟县,50100,中餐厅,老李原阳烩面,杨桥大道与良秀路交叉口向西100米,113.862868,34.763119,13598683689,8：00——22：00
中牟县,50100,中餐厅,老家大锅台(港区店),航空港区巡航路与凌寒街交叉口北80米路东,113.871664,34.563782,0371-67111535;15838057579,8：00——22：00
中牟县,50100,中餐厅,焱玖家麻辣猪蹄(潘安园店),建设路潘安园南邻焱玖家麻辣猪蹄,114.01623,34.715612,13007522475,8：00——22：00
中牟县,50100,中餐厅,西部大盘鸡(新联后街店),郑东新区白沙镇岗李集贸市场通商路45号,113.849397,34.784274,13253336180;17724812166,8：00——22：00
中牟县,50100,中餐厅,阿生哥柳州螺蛳粉(白沙店),白沙镇敬业路恒通小区8号楼8号商铺,113.896224,34.739591,13937199249,8：00——22：00
中牟县,50100,中餐厅,锦泰源农庄,郑东新区杨桥办事处杨桥村师厂东侧,113.876062,34.856857,13700863456,8：00——22：00
中牟县,50100,中餐厅,鸿福斋(天骄名门店),清阳街万胜路交叉口向南50米,113.976288,34.715197,0371-62221688;15515518333,8：00——22：00
中牟县,50100,中餐厅,宋庄烩面,航空港区太湖路,113.878903,34.594453,15936286153,8：00——22：00
中牟县,50100,中餐厅,雁鸣湖·畔,雁鸣大道002乡道,114.05309,34.860318,13703902029;15538048626,8：00——22：00
中牟县,50100,中餐厅,御膳佳麻辣香锅冒烤鸭(上东城1期店),上东城1期,113.853755,34.773279,18037190738,8：00——22：00
中牟县,50100,中餐厅,鑫御隆斑鱼庄(中牟县店),顺发路16号,113.999634,34.728059,0371-60215904;13525424617,8：00——22：00
中牟县,50100,中餐厅,一家人大灶台(万邦盛和店),比克大道文澜路交叉口西北角,113.952854,34.686954,15664164888;19137103199,8：00——22：00
中牟县,50100,中餐厅,虾二爷(四牟园店),文博路与映旭街交叉口向南300米路东1号,113.950575,34.709375,0371-62158899,8：00——22：00
中牟县,50100,中餐厅,郑享来鲜炒鸡,锦凤花园东南门旁,113.864193,34.685527,13523482605,8：00——22：00
中牟县,50100,中餐厅,开封扣碗炖菜(通惠路店),艺君生活广场南1门旁,113.885918,34.733913,13838167233,8：00——22：00
中牟县,50101,综合酒楼,狼城岗酒家,狼城岗镇曹寨村258号,114.188548,34.838128,18239901123,8：00——22：00
中牟县,50101,综合酒楼,鸿金福酒楼,225省道与青年东路交叉口北120米,114.053493,34.722696,15038026713,8：00——22：00
中牟县,50101,综合酒楼,肯德基(悦汇城店),航空港经济综合实验区航空港经济综合实验区郑港四街东侧郑港五街西侧锦荣悦汇城5号楼1层的房产,113.86053,34.564264,0371-53372636,8：00——22：00
中牟县,50101,综合酒楼,西川巷子市井火锅(港区店),航空港区凌风街路西正商宇航铭筑1-116商铺,113.852842,34.588194,15639001380,8：00——22：00
中牟县,50101,综合酒楼,利民饭店,狼城岗青谷堆村,114.163024,34.858891,0371-62221222,8：00——22：00
中牟县,50101,综合酒楼,冉家饭店,航空港区黄店镇冉家村172号,113.992715,34.49765,13271633735,8：00——22：00
中牟县,50101,综合酒楼,卢家生态驴肉老店,航空港区领涛汽修西南门旁,113.956436,34.471364,15188304888,8：00——22：00
中牟县,50101,综合酒楼,外运酒店,解放路铁路桥南100米路东,114.025518,34.701917,0371-62179289,8：00——22：00
中牟县,50101,综合酒楼,百姓厨房(文澜街店),文澜街75号,113.952909,34.688902,18736038884,8：00——22：00
中牟县,50101,综合酒楼,吴村大食堂,航空港区三官庙乡吴村,113.901516,34.474114,13938598115,8：00——22：00
中牟县,50101,综合酒楼,杞县砂锅(官渡西路店),府前街11号楼房院(府前路西),114.022629,34.720008,13937833428;15981832735,8：00——22：00
中牟县,50101,综合酒楼,川签签火锅串串,航空港区三官庙豫金源购物广场,113.926097,34.535681,18503822058,8：00——22：00
中牟县,50101,综合酒楼,袁记串串香(三官庙店),航空港区豫州大道s225号,113.925891,34.535077,15736716648,8：00——22：00
中牟县,50101,综合酒楼,豫碗香老烩面三官庙店,航空港区豫碗香三官庙店,113.9257,34.535427,15981948379,8：00——22：00
中牟县,50101,综合酒楼,鸣升鲜炒鸡雅乐华庭店,航空港区雅乐华庭生金李小学斜对面向南20米,113.904217,34.599333,17796656086,8：00——22：00
中牟县,50101,综合酒楼,九度里全能烤,商都路与福顺街交叉口,113.937914,34.722176,0371-62101688,8：00——22：00
中牟县,50101,综合酒楼,正宗周口邓城叶氏猪蹄店,航空港区永威南樾瑞苑东南门东70米,113.866933,34.580642,19137400861,8：00——22：00
中牟县,50101,综合酒楼,金运来摇滚炒鸡(阜外路店),市场综合管理处西门旁,113.850702,34.784128,18103901277;18737190395,8：00——22：00
中牟县,50101,综合酒楼,猛厨鲜炒鸡,市场综合管理处西门旁,113.851238,34.784085,15003719889,8：00——22：00
中牟县,50101,综合酒楼,阿明煲仔饭象湖店,郑东新区白沙镇上东里4号楼123铺,113.854897,34.773291,13526708030;18300653797,8：00——22：00
中牟县,50101,综合酒楼,陈杰杞县砂锅,敬业路与复兴路口西38米路南,113.895795,34.734515,13383811899,8：00——22：00
中牟县,50101,综合酒楼,滋味泡泡鸡(岗赵村商业步行街店),万方小吃街西头南排113-114号,113.885598,34.792988,18638649729,8：00——22：00
中牟县,50101,综合酒楼,黄商贾记狗肉兔肉,华夏大道与015乡道交叉口,113.83382,34.654392,13643844912,8：00——22：00
中牟县,50101,综合酒楼,酒和肉私房羊肉,经济技术开发区九龙办事处郑牟东路与能庄街交叉口东200米路北03号,113.841871,34.68236,18135772744,8：00——22：00
中牟县,50101,综合酒楼,禹州杂炣烩菜,航空港区鄱阳湖路便民市场大门口左侧禹州杂炣烩菜,113.867925,34.567725,19913863991,8：00——22：00
中牟县,50101,综合酒楼,牛小胖地摊烤肉,航空港区营河社区西门北120米,113.867879,34.567081,18838298866,8：00——22：00
中牟县,50101,综合酒楼,董记大锅菜肉片汤,航空港区远航路49号,113.867731,34.556704,15537535855,8：00——22：00
中牟县,50101,综合酒楼,杞县砂锅,航空港区鸿润华庭,113.903543,34.599992,15238358599;15515552147;17513303300,8：00——22：00
中牟县,50101,综合酒楼,兜仕茶融合餐厅(郑州航空港经济综合实验区店),航空港区和谐大道138号,113.904168,34.600088,18838210270,8：00——22：00
中牟县,50101,综合酒楼,和顺坊熟牛肉工厂直营店,万邦水产冻品市场综合副食三区C-1/53A,113.93895,34.69085,13837593121,8：00——22：00
中牟县,50101,综合酒楼,得顺轩牛肉工厂直营店,万邦水产冻品市场综合副食三区C-1-77,113.93912,34.69067,13839542237;15890699691,8：00——22：00
中牟县,50101,综合酒楼,老陈记烩面鲜炒鸡,航空港区河南体育学院足球专项实习基地西南门西110米,113.925274,34.593483,15517188598,8：00——22：00
中牟县,50101,综合酒楼,滋补鸡血汤,郑州航空港区龙港办事处八岗村十字路口向东30米路北,113.931557,34.592334,19213719983,8：00——22：00
中牟县,50101,综合酒楼,豫鸿佳宴,航空港区梁州大道312号北10米,113.921071,34.543066,18838970558,8：00——22：00
中牟县,50101,综合酒楼,张兵顺店杂炣,航空港区物流二街丽景苑南边,113.927472,34.533399,15931587931,8：00——22：00
中牟县,50101,综合酒楼,我的帕丁西餐厅(港区店),航空港区凌霜街太湖路交叉口向北300米路西我的帕丁西餐厅,113.849489,34.58723,15617895329,8：00——22：00
中牟县,50101,综合酒楼,阿利番茄面绿悠悦享天地店,航空港区凌霜街绿悠悦享天地19号楼,113.849099,34.586891,15378773182,8：00——22：00
中牟县,50101,综合酒楼,二勇米皮(绿轴公园店),航空港区凌霜街绿悠悦享天地19-2号,113.849005,34.586868,15038210253,8：00——22：00
中牟县,50101,综合酒楼,小钱家胡辣汤豆沫馆(山顶裕祥园店),航空港区凌霜街与飞航路交叉口西南20米,113.849643,34.591439,17737525551,8：00——22：00
中牟县,50101,综合酒楼,东北菜大盘鸡,郑州航空港区鑫荣公寓一楼A21033,113.85123,34.557922,18698013424,8：00——22：00
中牟县,50101,综合酒楼,郑州航空港区留一手餐饮店,郑州航空港区远航步行街C-30-1号商铺,113.853334,34.559168,16603860567;18337137824,8：00——22：00
中牟县,50101,综合酒楼,三时有余老信阳热干面,航空港区凌霜街54号,113.851437,34.587088,15981962569,8：00——22：00
中牟县,50101,综合酒楼,麦豆仙子古法热干面,航空港区幸福泰园商业广场西门,113.887113,34.6161,15136292202,8：00——22：00
中牟县,50101,综合酒楼,沙县小吃,航空港区005乡道,113.887096,34.616145,15138483300,8：00——22：00
中牟县,50101,综合酒楼,国才烧饼,航空港区县桥航路农贸市场A08,113.868546,34.580243,18339295995,8：00——22：00
中牟县,50101,综合酒楼,军玲手工凉皮(全港店),航空港区河东第四安置区豫金源广场,113.926729,34.535784,15838002667,8：00——22：00
中牟县,50101,综合酒楼,豪哥川菜馆,航空港区岗李村,113.910643,34.476093,13370789820,8：00——22：00
中牟县,50101,综合酒楼,辣妹子辣条,航空港区凌空街与鄱阳湖路交叉口南220米,113.868152,34.56724,19937035116,8：00——22：00
中牟县,50101,综合酒楼,卢师傅从骨到筋大盆骨鲜炒鸡(锦瑞路店),九龙办事处府前街西段路南56号,113.845445,34.682074,15093180722,8：00——22：00
中牟县,50101,综合酒楼,自助旋转小火锅,航空港区山顶福都时代广场3号门南290米,113.867757,34.559499,13213156801,8：00——22：00
中牟县,50101,综合酒楼,777重庆川菜,航空港区普洛斯空港东物流园雁行路与仓储五街交叉口,113.894445,34.463599,15107181387,8：00——22：00
中牟县,50101,综合酒楼,路口啃牛坊地摊牛排锅,航空港区凌飞街92-20鑫荣停车场东门出入口南30米,113.855982,34.561261,15876018881,8：00——22：00
中牟县,50101,综合酒楼,鸿祥滋补牛肉胡辣汤(郑州航空港经济综合实验区店),航空港区凌空街与梯航路交叉口向东30米,113.868294,34.560028,18838169251,8：00——22：00
中牟县,50101,综合酒楼,刘记香菇牛肉面,航空港区凌空街与桥航路交叉口东南60米,113.867963,34.579895,18103714777,8：00——22：00
中牟县,50101,综合酒楼,阿生哥螺蛳粉(K区店),航空港区远航路47号,113.867787,34.55325,17352513810,8：00——22：00
中牟县,50101,综合酒楼,老式砂锅(港区店),航空港区凌空街105-37号,113.868,34.559947,15617559385,8：00——22：00
中牟县,50101,综合酒楼,兄弟烧烤(永威二店),航空港区中牟县桥航路永威南樾禧苑105号,113.86207,34.580614,15136409655,8：00——22：00
中牟县,50101,综合酒楼,豫港大排档,航空港区美景苑北门东北160米,113.926693,34.535913,18300662488,8：00——22：00
中牟县,50101,综合酒楼,石家大锅卤肉,航空港区刁黄路19号与223省道交叉口西北150米2号店铺石shi家冷食,113.983136,34.555914,17630006869,8：00——22：00
中牟县,50101,综合酒楼,豫味到胡辣汤(山顶裕祥园店),航空港区山顶裕祥园东北角11号楼116号铺,113.849643,34.591439,4006666826,8：00——22：00
中牟县,50101,综合酒楼,大敏饭店,航空港区武张村226号,113.968955,34.519812,17513145404,8：00——22：00
中牟县,50101,综合酒楼,愚公子大盘鸡(三官庙店),航空港区三官庙文化大集,113.922529,34.538188,15225154255,8：00——22：00
中牟县,50101,综合酒楼,豫园斋手工滋补烩面,航空港区张庄办事处幸福康园豫园斋饭店,113.885183,34.614985,15981985862,8：00——22：00
中牟县,50101,综合酒楼,炖肉胡辣汤,航空港区滨河河农贸易市场,113.870951,34.566868,15538261392,8：00——22：00
中牟县,50101,综合酒楼,李记羊肉鲜汤,航空港区为为童欣幼儿园西门西南90米,113.871172,34.566436,15837126325,8：00——22：00
中牟县,50101,综合酒楼,壹品手工面,航空港区为为童欣幼儿园西门西南50米,113.87118,34.566789,15038209902,8：00——22：00
中牟县,50101,综合酒楼,许昌老白炖肉胡辣汤,航空港区大航路正弘汀兰苑10号楼102,113.865972,34.582812,19059515622,8：00——22：00
中牟县,50101,综合酒楼,重庆老火锅 川菜,航空港区龙港办事处八岗村和谐大道路南中段,113.933576,34.591682,15223703578,8：00——22：00
中牟县,50101,综合酒楼,王记早点王记卤肉,航空港区幸福泰园西南侧,113.886651,34.614847,19139705126,8：00——22：00
中牟县,50101,综合酒楼,豫香苑老烩面,航空港区幸福泰园西南侧140米,113.887288,34.615521,15225150252,8：00——22：00
中牟县,50101,综合酒楼,小酒馆(梁冯路店),黄店镇红绿灯路口北八十米路东,114.00567,34.552544,13503836893,8：00——22：00
中牟县,50101,综合酒楼,美味思黄焖鸡,府前街综合市场对面美味思黄焖鸡米饭店,114.022207,34.714894,15838373391,8：00——22：00
中牟县,50101,综合酒楼,沙县小吃-隆江猪脚饭,占杨村委往北第二排路东,113.948016,34.700169,18613141125,8：00——22：00
中牟县,50101,综合酒楼,八岗镇信阳家常菜,航空港区和谐大道与豫州大道交叉口西100米,113.937725,34.591016,18837603799,8：00——22：00
中牟县,50101,综合酒楼,杨国福麻辣烫(中牟县桥航路店),航空港区县桥航路与相州街交叉口西北40米,113.863504,34.580297,15638533525,8：00——22：00
中牟县,50101,综合酒楼,卢记秘制卤肉私房菜,郑州航空港区冯堂第二小学南侧260米,113.980386,34.463046,13663845243,8：00——22：00
中牟县,50101,综合酒楼,席洋饭店(碧桂园中央公园店),碧桂园中央公园2期北门104,113.993479,34.790245,18637120034,8：00——22：00
中牟县,50101,综合酒楼,家宴饭庄,打车李商业街2号-06,114.033009,34.526236,18739939662,8：00——22：00
中牟县,50101,综合酒楼,文烤官,府前街19号,114.023392,34.720755,13663001280,8：00——22：00
中牟县,50101,综合酒楼,有局儿地摊烤肉(祥瑞花园店),牟州街祥瑞花园,113.969796,34.721806,18339997730,8：00——22：00
中牟县,50101,综合酒楼,顿记米皮(仓储四路店),航空港区普洛斯空港东物流园斜对面向西50米路南,113.891825,34.464672,18567007273,8：00——22：00
中牟县,50101,综合酒楼,晓霞羊肉鲜汤馆,郑州航空港区吕坡小学东门西300米,113.864791,34.607068,15729364875,8：00——22：00
中牟县,50101,综合酒楼,华光海宴,万邦国际物流园冻品区D+16区3A号,113.944437,34.688609,13938296720;18810000527,8：00——22：00
中牟县,50101,综合酒楼,郭三手工烩面(融城花园店),丰华街与东风路交叉口北80米,113.99853,34.716976,15638873956;18337135114,8：00——22：00
中牟县,50101,综合酒楼,广式隆江猪脚饭(岗李店),市场综合管理处西门西190米,113.849198,34.784315,19937428088,8：00——22：00
中牟县,50101,综合酒楼,小猪查理火盆自助烤肉(万华奥特莱斯店),万华奥特莱斯1号楼1号,113.949433,34.700678,19939972234,8：00——22：00
中牟县,50101,综合酒楼,清真刘记本地小山羊,万邦综合副食区C9区107号,113.938373,34.688231,15890380709,8：00——22：00
中牟县,50101,综合酒楼,自牧老汤羊蝎子(港区店),郑州航空港区鄱阳湖路与凌空街鄱阳湖便民市场6-11号,113.8679,34.566955,18595686833,8：00——22：00
中牟县,50101,综合酒楼,豫东槐山羊,航空港区远航路与雍州路交叉口向西150米路南28号,113.856592,34.557023,0371-86581698,8：00——22：00
中牟县,50101,综合酒楼,程记泡菜酸辣粉,航空港区凌空街21号,113.8679,34.580164,18436003826,8：00——22：00
中牟县,50101,综合酒楼,武陟砂锅美丽佳园店,航空港区物流二街与保航一路交叉口南一百米,113.927117,34.543478,17106882360,8：00——22：00
中牟县,50101,综合酒楼,早膳来早餐,航空港区冯堂中心幼儿园东南门旁,113.981648,34.468943,15237154567,8：00——22：00
中牟县,50101,综合酒楼,奇点鲜鸡营销中心,万邦水产市场综合副食区A馆A-30-31,113.936902,34.69045,15136469884,8：00——22：00
中牟县,50101,综合酒楼,小酒馆(郑州航空港经济综合实验区店),航空港区保航一路与冀州路交叉口西280米,113.92687,34.543791,18736094290,8：00——22：00
中牟县,50101,综合酒楼,古法烩面,市场综合管理处西门旁,113.851161,34.784077,13253315808,8：00——22：00
中牟县,50101,综合酒楼,耿家食府,郑州航空港区三官庙办事处冀州路与保航路交叉路口西北角西院,113.926297,34.538913,13183008363,8：00——22：00
中牟县,50101,综合酒楼,药膳麻椒鸡,航空港区和谐大道83号,113.930707,34.592413,13653866426,8：00——22：00
中牟县,50101,综合酒楼,韩寺驴肉店,036乡道与乡后一街交叉口东南240米,114.112017,34.658722,18768893616,8：00——22：00
中牟县,50101,综合酒楼,川味酒家,航空港区新港八路16号,113.904285,34.464623,19986272427,8：00——22：00
中牟县,50101,综合酒楼,正宗鸡公煲,航空港瑞康诊所南侧170米,113.886906,34.557189,15737876575;18339964771,8：00——22：00
中牟县,50101,综合酒楼,邓城猪蹄叫花鸡,航空港区三官庙派出所斜对面(万三公路),113.921768,34.516394,15037177491,8：00——22：00
中牟县,50102,四川菜(川菜),四川回锅肉(宏达路),宏达车业广场2号楼115号,113.94623,34.667324,17335709989,8：00——22：00
中牟县,50102,四川菜(川菜),晓蓉城老火锅(上东里店),郑东国际四号楼二楼,113.854928,34.773701,18638545878,8：00——22：00
中牟县,50102,四川菜(川菜),川香阁川菜馆(学苑路店),学苑路东段北侧(春和景明2-112号商铺),113.979328,34.713891,15936286193,8：00——22：00
中牟县,50102,四川菜(川菜),四川川菜,官渡东路与兴农路交叉口西60米,114.039692,34.717688,13137712986;18860380211,8：00——22：00
中牟县,50102,四川菜(川菜),老重庆川菜鱼庄·万州烤活鱼(锦荣百货店),航空港区锦荣商城2-17(恩平湖地铁站出入口步行280米),113.861488,34.563979,17329448120,8：00——22：00
中牟县,50102,四川菜(川菜),四川菜馆(上东城店),上东城南3门旁,113.851823,34.771911,15736337957;19937372359,8：00——22：00
中牟县,50102,四川菜(川菜),隆泰川菜馆,府前街南段路东,114.021722,34.714184,13007629986,8：00——22：00
中牟县,50102,四川菜(川菜),老周四川饭店(顺发路店),顺发路6号,114.009185,34.727086,15290849721,8：00——22：00
中牟县,50102,四川菜(川菜),大红门老烩面川湘菜(麟洲商业广场店),2号楼101,113.876225,34.699632,15838110569,8：00——22：00
中牟县,50102,四川菜(川菜),川渝小厨(中原物流店),中牟县中原物流,113.913975,34.668125,17784028470,8：00——22：00
中牟县,50102,四川菜(川菜),班花重庆火锅(郑州形象店),青年路街道建设路与官渡大街交叉口西北角101-102号商铺,114.017104,34.722098,0371-62116888,8：00——22：00
中牟县,50102,四川菜(川菜),老四川私房菜,刘集镇绿博一号E区010商铺晨阳路西边,113.942996,34.792015,13896983319,8：00——22：00
中牟县,50102,四川菜(川菜),小四川正宗川菜,经开区前程办事处祯达路77-25号,113.899433,34.704698,17302318531,8：00——22：00
中牟县,50102,四川菜(川菜),重庆川菜馆(花溪街店),浔江东路花溪街路口西北角重庆川菜馆,113.914283,34.668653,17823517112,8：00——22：00
中牟县,50102,四川菜(川菜),四川菜馆万州烤鱼(锦荣百货店),航空港区锦荣悦汇城肯德基向东50米,113.861172,34.563947,15223554778;17395920678,8：00——22：00
中牟县,50102,四川菜(川菜),川渝美食,B53栋04号,113.991951,34.789628,13333837023,8：00——22：00
中牟县,50102,四川菜(川菜),四川菜馆,四海路115-7,113.900722,34.692145,17302365339;17302365926,8：00——22：00
中牟县,50102,四川菜(川菜),何小凤秘制烤鱼一分利川菜馆(东润城臻园店),郑东新区白沙镇东润城商业街121号,113.896433,34.730976,15237133898;15838335567,8：00——22：00
中牟县,50102,四川菜(川菜),川渝小厨(豫兴家苑五号院店),豫兴家苑7号院南门西450米,113.912921,34.796778,18790288833,8：00——22：00
中牟县,50102,四川菜(川菜),蜀湘缘川菜(锦荣橙柿生活店),航空港区锦荣橙柿生活(恩平湖地铁站出入口步行320米),113.861891,34.563984,15225100125;18182307068,8：00——22：00
中牟县,50102,四川菜(川菜),川味居饭店,文澜街盛和小区三号院36号,113.95401,34.688037,13311085452,8：00——22：00
中牟县,50102,四川菜(川菜),老四川家常菜,宇和路与龙真街交叉口东南角,113.862779,34.685261,13212557709,8：00——22：00
中牟县,50102,四川菜(川菜),川渝小厨私房菜(文博路店),文博路与占杨路交叉口南20米路东101号,113.943352,34.713727,17320100002,8：00——22：00
中牟县,50102,四川菜(川菜),老四川私房菜,宏达车业广场2号楼老四川私房菜,113.946123,34.667106,13594869440,8：00——22：00
中牟县,50102,四川菜(川菜),老四川家常菜,姚家镇东升玻璃厂南10米,114.01924,34.638538,13673618250,8：00——22：00
中牟县,50102,四川菜(川菜),重庆川菜馆万州烤鱼(大马洞庭华府店),航空港区凌寒街17-5,113.87175,34.577469,17130953506,8：00——22：00
中牟县,50102,四川菜(川菜),老四川川菜馆(青年东路店),东关村委会对面,114.039311,34.722124,13137104334;15838094345,8：00——22：00
中牟县,50102,四川菜(川菜),四川菜馆,前程办事处美景美地麟州一号楼16号商铺,113.875374,34.700026,17796642659,8：00——22：00
中牟县,50102,四川菜(川菜),重庆幺妹家常菜,九龙办事处锦祥社区锦祥花园兰心路北C43-C44商铺,113.864583,34.671028,18037791388;18039271388,8：00——22：00
中牟县,50102,四川菜(川菜),老四川家常菜,占杨村第二排,113.946973,34.700236,13673365332,8：00——22：00
中牟县,50102,四川菜(川菜),重庆川菜馆万州烤鱼店(锦荣店),郑州航空港区锦荣商城东边1-57号,113.862529,34.56397,18530954394;18625594692,8：00——22：00
中牟县,50102,四川菜(川菜),重庆幺妹私房菜(经南十六路店),经南十六路与龙飞街交叉口东60米,113.852574,34.66493,19939967330,8：00——22：00
中牟县,50102,四川菜(川菜),万州烤鱼川菜沃金店,航空港区沃金商业广场商8-105万州烤鱼川菜,113.857188,34.56172,15223788719,8：00——22：00
中牟县,50102,四川菜(川菜),老街坊川菜饺子馆,九龙镇郑牟东路,113.843087,34.682373,15824823882,8：00——22：00
中牟县,50102,四川菜(川菜),鑫源川菜馆(罗宋村店),姚家镇罗宋村十字路口S223省道西侧,114.017057,34.632958,15638831889;15838831889,8：00——22：00
中牟县,50102,四川菜(川菜),老四川私房菜(盛和社区店),比克大道盛和社区A区一010,113.952151,34.686866,18322012936,8：00——22：00
中牟县,50102,四川菜(川菜),重庆川菜(白沙路),郑东宽豪斯北门西北70米,113.890405,34.739993,18723700494,8：00——22：00
中牟县,50102,四川菜(川菜),四川回锅肉,郑州市经开区九龙镇新亚产业园一楼,113.849958,34.701401,15093299422,8：00——22：00
中牟县,50102,四川菜(川菜),味林川菜(凌寒街店),航空港区山顶·御和园南1门旁,113.869992,34.560343,18003838223,8：00——22：00
中牟县,50102,四川菜(川菜),小四川美食(仓储四路店),航空港区丰树郑州空港物流园西南门西270米,113.895101,34.463036,15759558053,8：00——22：00
中牟县,50102,四川菜(川菜),川府1987酸菜鱼(富康嘉苑北苑店),物流大道与锦绣路南1000路西,113.864332,34.750034,13525589652,8：00——22：00
中牟县,50102,四川菜(川菜),不夜城烧烤·江湖菜,航空港区锦荣橙柿生活(恩平湖地铁站出入口步行310米),113.861827,34.563964,19132859957,8：00——22：00
中牟县,50102,四川菜(川菜),重庆川菜馆(富鑫店),航空港区沃金商业广场商11-102,113.857165,34.560286,15203947722,8：00——22：00
中牟县,50102,四川菜(川菜),川渝小食府,汉峰科技产业园,113.996188,34.684345,15123520958,8：00——22：00
中牟县,50102,四川菜(川菜),川豫私房菜,郑庵镇金安达实业有限公司6号楼104号,113.979822,34.683862,13838594218,8：00——22：00
中牟县,50102,四川菜(川菜),老幺川渝小厨,文澜街与渠南路交叉口东南80米,113.954767,34.698989,18834823163;18835101712,8：00——22：00
中牟县,50102,四川菜(川菜),重庆么妹私房菜(聚源广场店),聚源广场西门南50米,113.908551,34.70607,13452711304,8：00——22：00
中牟县,50102,四川菜(川菜),重庆家常菜(中建·森林上郡店),航空港区中建·森林上郡2期南2门旁,113.848258,34.591899,18595806246,8：00——22：00
中牟县,50102,四川菜(川菜),四川菜馆腊肉麻辣狗肉,锦瑞路61号,113.839426,34.677068,13014566893,8：00——22：00
中牟县,50102,四川菜(川菜),小四川菜馆(沃金商业广场店),航空港区郑港七路附近富鑫公寓3栋,113.857256,34.561899,15223788719,8：00——22：00
中牟县,50102,四川菜(川菜),馍菜汤,郑庵镇万洪路万邦国际物流园北门第一排,113.945297,34.699628,17737408519;18937482345,8：00——22：00
中牟县,50102,四川菜(川菜),福记川菜馆,康庄综合门诊部南侧,113.850081,34.747267,13903710335,8：00——22：00
中牟县,50102,四川菜(川菜),花雕醉鸡(郑州工商学院店),岗赵商业步行街北排二楼40号,113.888621,34.793077,19303972952,8：00——22：00
中牟县,50102,四川菜(川菜),贵嫂辣子鸡(豫兴家苑店)(暂停营业),豫兴家苑6号院吉瑞路与松鹤街交叉口西北角,113.91556,34.796986,13838035407,8：00——22：00
中牟县,50102,四川菜(川菜),花宝街石锅鸡公煲(中牟县天泽城店),万胜路与宝峰街交叉口西南角水木清华9号楼101-5铺,113.963888,34.717403,13298420103,8：00——22：00
中牟县,50102,四川菜(川菜),花雕醉鸡(中牟店),河南农业职业学院北门西110米,114.013806,34.726079,15093498310;19139705866,8：00——22：00
中牟县,50102,四川菜(川菜),便民大盘鸡酸菜鱼,学苑路水云天温泉商务会馆东100米,113.980129,34.713224,18625513716,8：00——22：00
中牟县,50102,四川菜(川菜),重庆川菜馆,航空港区中通快递国际物流园东面100米左右,113.924552,34.525152,18223858816,8：00——22：00
中牟县,50102,四川菜(川菜),重庆川菜馆(通惠路店),通惠路30号,113.886136,34.732986,13949070961;18723515817,8：00——22：00
中牟县,50102,四川菜(川菜),川渝小厨(宏达路店),宏达路与文汇街交叉口东120米,113.946101,34.667336,13594414491;15638803300,8：00——22：00
中牟县,50102,四川菜(川菜),金婆婆重庆小面(九龙店),中牟县经开区九龙镇锦瑞路郑银村银行东,113.847946,34.682488,13513713114,8：00——22：00
中牟县,50102,四川菜(川菜),重庆巴爷香辣鸡煲豫兴家苑店(暂停营业),豫兴家苑中山路与吉瑞路交叉口向北50米路西,113.911089,34.79725,13613867155,8：00——22：00
中牟县,50102,四川菜(川菜),哈辣子麻辣香锅(沃金店),航空港区沃金/山顶福都商业广场商业11-103商铺,113.856889,34.560351,13393712007,8：00——22：00
中牟县,50102,四川菜(川菜),王婆婆酸菜鱼(东风路店),东风路与解放路交叉口向西100米,114.022468,34.711182,18236552616,8：00——22：00
中牟县,50102,四川菜(川菜),馍菜汤(柴瓷大道店),航空港区滨河西路辅路与枣林路交叉口东北480米,113.883004,34.553802,19943832889,8：00——22：00
中牟县,50102,四川菜(川菜),牛肉面川菜馆,白沙镇通惠路与复兴路交叉口向北二百米路西,113.891757,34.732931,15993365128,8：00——22：00
中牟县,50102,四川菜(川菜),花宝街鸡公煲(世纪城时代广场店),建设南路世纪城时代广场三楼,114.01829,34.723456,15903891595,8：00——22：00
中牟县,50102,四川菜(川菜),巫山烤鱼专做活鱼,郑东新区豫兴办事处岗赵市场南排1层96-97号,113.886494,34.792957,15138147188,8：00——22：00
中牟县,50102,四川菜(川菜),得劲辣子鸡(天骄名门店),天骄名门南门东60米,113.975294,34.714316,19043850653,8：00——22：00
中牟县,50102,四川菜(川菜),石磨村手擀面大盘鸡酸菜鱼,商都路(浩瀚建材园),113.852554,34.738959,15378707671,8：00——22：00
中牟县,50102,四川菜(川菜),川豫香藤椒鱼,中牟县经济技术开发区京航办事处能庄村012号,113.839841,34.682215,15950139234,8：00——22：00
中牟县,50102,四川菜(川菜),蓉派·吕记老火锅,郑东新区白沙镇上东里4号楼202-204室,113.855044,34.773948,17630011100,8：00——22：00
中牟县,50102,四川菜(川菜),万州炭火烤鱼,高庄社区南门东190米,113.852608,34.759693,18768870150,8：00——22：00
中牟县,50102,四川菜(川菜),老成都地摊鱼,豫兴街道松鹤街80号豫兴家苑六号院,113.914511,34.796896,13303813882,8：00——22：00
中牟县,50102,四川菜(川菜),满口香爆炒鸡(星城国际东苑店),星城国际东苑20号商铺,113.924683,34.721566,15333812053,8：00——22：00
中牟县,50102,四川菜(川菜),馍菜汤(荣港商贸中心店)(暂停营业),航空港区荣港商贸中心东门旁,113.871297,34.558953,15238375141;15639653687,8：00——22：00
中牟县,50102,四川菜(川菜),老刘豆花鱼饭店,西大街与西城巷交叉口西北40米,114.02544,34.727787,15038120092,8：00——22：00
中牟县,50102,四川菜(川菜),邓小哥麻辣烫麻辣香锅,航空港区沃金风情美食步行街一期桃花岛,113.85858,34.561894,15838145396,8：00——22：00
中牟县,50102,四川菜(川菜),老耿家美食广场,郑州航空港区三官庙办事处物流一路与滨河东路交叉口东三十米口北30米路西,113.919949,34.528666,18638033367,8：00——22：00
中牟县,50102,四川菜(川菜),渝湘小厨,航空港区中牟县沃金商业务员厂场三号楼111,113.857191,34.561891,18039200507,8：00——22：00
中牟县,50102,四川菜(川菜),巴蜀菜馆(富鑫公寓店),航空港区富鑫公寓,113.857137,34.560589,19103807650,8：00——22：00
中牟县,50102,四川菜(川菜),胖哥酸菜鱼,上东城2期,113.85208,34.773564,18749493193,8：00——22：00
中牟县,50102,四川菜(川菜),香香渔锅,智通南街与经南十二路交叉口东南60米,113.900072,34.673204,18737340697,8：00——22：00
中牟县,50102,四川菜(川菜),鱼你在一起(中茂新悦城店),中茂新悦城1号楼2层,113.938675,34.721961,18737121190,8：00——22：00
中牟县,50102,四川菜(川菜),王老三尉氏麻辣兔(顺发路店),顺发路38号,114.005975,34.727575,13592584880;15837160954,8：00——22：00
中牟县,50102,四川菜(川菜),老成都五毛九串串香,顺发路与泰安街交叉口东140米,114.005399,34.727774,18380379620,8：00——22：00
中牟县,50102,四川菜(川菜),川遇鸡公虾婆(天泽城店),万胜路与寿圣街交叉口天泽城二楼,113.961572,34.716853,0371-62122221,8：00——22：00
中牟县,50102,四川菜(川菜),李记哥俩好海底捞,人民路幼儿园门口,114.031706,34.719627,15838383842,8：00——22：00
中牟县,50102,四川菜(川菜),老味道川湘小馆,郑开大道116号,113.893561,34.786353,13683894527,8：00——22：00
中牟县,50102,四川菜(川菜),川香烤鱼(滨河店),航空港区祥云澜庭北门西50米,113.86584,34.562761,13523440402,8：00——22：00
中牟县,50102,四川菜(川菜),渝面工坊(绿云小区店),绿云小区东南门旁,114.025013,34.725149,15249672607,8：00——22：00
中牟县,50102,四川菜(川菜),重庆小面星城国际店,星城南路与星城东路交叉口西200米路北,113.924016,34.719958,17638129651,8：00——22：00
中牟县,50102,四川菜(川菜),申会长老火锅,郑庵镇中段路南,113.920566,34.672301,13140149213,8：00——22：00
中牟县,50102,四川菜(川菜),川渝鸡汤砂锅(豫兴家苑六号院店)(暂停营业),豫兴路办事处豫兴家苑六号院14-1商铺,113.914172,34.796896,13838026479,8：00——22：00
中牟县,50102,四川菜(川菜),川奇麻辣香锅天泽城店,宝峰街7号,113.960716,34.716675,15188349858,8：00——22：00
中牟县,50102,四川菜(川菜),鱼你在一起(中牟天泽城店),郑庵镇广惠街道天泽城B-F2-017号铺,113.961681,34.716537,18539946565,8：00——22：00
中牟县,50102,四川菜(川菜),正宗李静川味麻辣烫(中兴路店),中兴路与荟萃路交叉口西南160米,114.009954,34.728355,13990622039,8：00——22：00
中牟县,50102,四川菜(川菜),艾氏重庆鸡公煲,豫兴家苑西门商铺11-1号,113.913765,34.797329,18770115106,8：00——22：00
中牟县,50102,四川菜(川菜),楠妹重庆地摊火锅,绿博家苑三号院西门北120米,113.951588,34.794187,15038274220,8：00——22：00
中牟县,50102,四川菜(川菜),重庆火锅,永康免漆装饰材料厂北门北50米,113.840489,34.677332,18836993456,8：00——22：00
中牟县,50102,四川菜(川菜),京慧园麻辣香锅(象湖丹尼斯店),丹尼斯(象湖店),113.85766,34.77155,15037390809,8：00——22：00
中牟县,50102,四川菜(川菜),荷塘悦舍餐厅,中原文化艺术学院,113.897397,34.783838,18039678559,8：00——22：00
中牟县,50104,山东菜(鲁菜),鲁岳鸡汤豆腐脑(恒通新城店),恒通新城,113.860022,34.770452,15515671996,8：00——22：00
中牟县,50107,上海菜,沪上小炒,郑东新区白沙镇敬业路原圃路东南角,113.896981,34.731885,15003896585,8：00——22：00
中牟县,50108,湖南菜(湘菜),湘霸王(九龙店),中牟县经开区浔江东路与龙飞南街交叉口向南100米,113.852151,34.665258,17183665678,8：00——22：00
中牟县,50108,湖南菜(湘菜),老湘村,航海路与前程路交叉口向东200米路南(义通街),113.881823,34.717126,13608699601;15515918952,8：00——22：00
中牟县,50108,湖南菜(湘菜),湘筠亭,东风路街道建设南路与恒安路交叉口北1号,114.012675,34.705008,19339979138,8：00——22：00
中牟县,50108,湖南菜(湘菜),聚湘缘菜馆(悦汇美食街),航空港区锦荣商城1-55号,113.862413,34.563943,18295116580,8：00——22：00
中牟县,50108,湖南菜(湘菜),湘霸王(水岸鑫城店),滨河路水岸鑫城28号楼28-3号,113.994614,34.726289,0371-62195306;13298323936;18738580841,8：00——22：00
中牟县,50108,湖南菜(湘菜),七里湘·新鲜现炒(鑫荣店),航空港区巡航路与凌飞街交叉口西南100米,113.855605,34.562577,13812680572,8：00——22：00
中牟县,50108,湖南菜(湘菜),湘霸王·阿瓦鱼头王(商都路店),商都大道与堤刘西路交叉口东南140米,113.912224,34.726081,0371-63395933,8：00——22：00
中牟县,50108,湖南菜(湘菜),湘江小馆,郑州航空港区天骄路小学向北200米,113.92739,34.539526,13526765959,8：00——22：00
中牟县,50108,湖南菜(湘菜),中国兰州拉面(上东城店),郑东新区白沙镇向湖南路上东城9号楼5号,113.852145,34.771795,18697207828,8：00——22：00
中牟县,50108,湖南菜(湘菜),山西刀削面鲜炒大盘鸡川湘菜,锦华科技产业园西门南100米,114.012131,34.695982,13523726687,8：00——22：00
中牟县,50108,湖南菜(湘菜),穆彦华逍遥镇胡辣汤(象湖店),郑东新区象湖南路恒通新城一层商业102号,113.859675,34.770525,13120219111;15110125252,8：00——22：00
中牟县,50108,湖南菜(湘菜),中牟县望湘楼餐饮店,绿博新城二号二号院南门东30米,113.979975,34.771975,13140176999,8：00——22：00
中牟县,50108,湖南菜(湘菜),湘味面馆(豫康新城店),航空港区豫康南区乐活街8栋3号,113.865589,34.565653,18860351310,8：00——22：00
中牟县,50108,湖南菜(湘菜),方中山胡辣汤(象湖店),白沙镇象湖南路恒通新城113铺,113.859957,34.771519,17700617211,8：00——22：00
中牟县,50108,湖南菜(湘菜),湘情烙馍村(沃金店),航空港区雍州路与巡航路交叉口西南角沃金商业广场F1,113.856983,34.560176,13223015816,8：00——22：00
中牟县,50108,湖南菜(湘菜),豫湘斋烙馍村(盛和社区三号院店),盛和社区三号院西门旁,113.953814,34.687441,18937177488,8：00——22：00
中牟县,50108,湖南菜(湘菜),湘情阁烙馍村,航空港区富鑫公寓7栋111,113.856947,34.560166,13223015816,8：00——22：00
中牟县,50108,湖南菜(湘菜),朱先生杞县砂锅,郑庵镇盛和社区一号院门面房A015,113.95231,34.686876,15138945890,8：00——22：00
中牟县,50109,安徽菜(徽菜),郑州徽味人家,经开区新安路与智通南交叉口东南角1号徽味人家,113.900233,34.697497,13643816143,8：00——22：00
中牟县,50109,安徽菜(徽菜),徽派烤面筋烤鸡爪,青年路街道顺发路16号,113.998545,34.728672,13612799147,8：00——22：00
中牟县,50109,安徽菜(徽菜),淮南牛肉汤(新县城店),学苑路与宝峰街交叉口向西20米路北,113.963684,34.715675,15517194399;15938768876,8：00——22：00
中牟县,50110,福建菜,陈姐面线糊,万三路万洪路世和陶瓷城南门1号,113.923684,34.697562,13523409313,8：00——22：00
中牟县,50110,福建菜,闽南牛肉馆(金一路店),财路与金二路交叉口东140米,113.927527,34.702221,15803891897,8：00——22：00
中牟县,50110,福建菜,闽航美食,郑庵镇万洪路万邦冻品区D17区6号,113.944626,34.688508,13602161882,8：00——22：00
中牟县,50110,福建菜,沙县小吃(象湖路店),郑东新区白沙镇象湖南路恒通新城南门2号楼8号铺,113.860052,34.770443,15238306644,8：00——22：00
中牟县,50110,福建菜,沙县小吃(万邦家园店),郑庵镇万邦蔬菜批发市场北门占杨村第六排,113.947216,34.690674,18054880699;18624825338,8：00——22：00
中牟县,50111,北京菜,小飞烤鸭店(港区旗舰店),郑州航空港区富士康下穿通道A美食广场62-4,113.853098,34.55757,18569988882,8：00——22：00
中牟县,50111,北京菜,果木烤鸭(营河社区店),航空港区营河社区西门南150米,113.868125,34.564975,15036163850;15294642017,8：00——22：00
中牟县,50111,北京菜,聚福祥北京果木烤鸭,岗赵市场东头北排26号,113.889427,34.793376,13071046222,8：00——22：00
中牟县,50111,北京菜,余庆烤鸭,水木清华东北门东120米,113.964355,34.717301,18538560873,8：00——22：00
中牟县,50111,北京菜,品意德北京烤鸭(学苑路),盛世通达北门旁,113.962907,34.715135,0371-60216787,8：00——22：00
中牟县,50111,北京菜,鸭舞优北京烤鸭(宇和路店),宇和路78号,113.863144,34.685348,17105708555,8：00——22：00
中牟县,50111,北京菜,鸭清源北京烤鸭,复兴路通惠路交叉口,113.886534,34.735948,15736887999;17744603831,8：00——22：00
中牟县,50111,北京菜,Lp明炉果木烤鸭,解放路辅路与陇海路交叉口北40米,114.026741,34.716694,13073772060;15021861326,8：00——22：00
中牟县,50111,北京菜,全意德北京烤鸭店(牟山路店),牟山路新悦街北段,113.984343,34.72003,15225162554,8：00——22：00
中牟县,50111,北京菜,品意德北京烤鸭(敬业路店),白沙购物中心西门西南90米,113.896786,34.735095,15922214096,8：00——22：00
中牟县,50111,北京菜,全意德北京烤鸭(金蓉苑小区店),金蓉苑小区西北门旁,114.002283,34.7197,15225162554,8：00——22：00
中牟县,50111,北京菜,北京烤鸭,豫兴家苑7号院南门东90米,113.917843,34.797024,15038225372,8：00——22：00
中牟县,50111,北京菜,老北京炸酱面(中牟店),紫藤嘉园小区西门北80米,113.981087,34.715026,13283878858,8：00——22：00
中牟县,50111,北京菜,北京烤鸭(岗李农贸市场店),永顺路与象湖南路交叉口岗李农贸市场网红美食街34号,113.856475,34.771836,13333853558,8：00——22：00
中牟县,50111,北京菜,老北京炸酱面(绿云小区店),绿云小区东南门旁,114.02513,34.725681,13007532343;15537121291,8：00——22：00
中牟县,50111,北京菜,品意德北京烤鸭(象湖店),恒通新城西南门东140米,113.86016,34.770419,13253532105;17613149888,8：00——22：00
中牟县,50111,北京菜,全德北京烤鸭(万胜路店),天骄名门北门旁,113.97483,34.71611,13838148311,8：00——22：00
中牟县,50111,北京菜,一品轩北京烤鸭,航空港区荣港市场038号,113.871417,34.557869,18595853533,8：00——22：00
中牟县,50111,北京菜,中牟县阿东北京果木烤鸭店,官渡路小学东北门西110米,114.013853,34.72119,18137274226,8：00——22：00
中牟县,50111,北京菜,乐膳坊北京烤鸭店(府前路店),府前街陇海路交叉口北50米路东,114.022866,34.71712,15003998796,8：00——22：00
中牟县,50111,北京菜,Lp明炉果木烤鸭(万胜路店),万胜路新悦街交叉口向西20米路南,113.983014,34.714845,13939043558,8：00——22：00
中牟县,50111,北京菜,聚品宴北京烤鸭(恒通小区店),恒通路14号,113.896205,34.739981,15838335378,8：00——22：00
中牟县,50111,北京菜,北京烤鸭(大有嘉苑店),白沙镇大有嘉苑东门12号,113.852096,34.76243,18638940999,8：00——22：00
中牟县,50111,北京菜,北京果木烤鸭(爱乡路店),爱乡路新鑫花园3号,114.015756,34.73236,13592400321;13838148311,8：00——22：00
中牟县,50111,北京菜,陈记北京果木烤鸭(星城国际店),星城国际·东苑东南门南200米,113.924542,34.719961,13526827650;18838906608,8：00——22：00
中牟县,50111,北京菜,京爱善北京烤鸭,青年东路190号,114.036254,34.722357,13674924962,8：00——22：00
中牟县,50111,北京菜,网红秘制手撕烤鸭,郑庵镇盛和社区三号院西侧商铺23号,113.953743,34.687559,18436824008,8：00——22：00
中牟县,50111,北京菜,品意德北京烤鸭(城市漫部店),永福街牟山路交叉口城市漫部110铺,113.982203,34.721283,17613149888,8：00——22：00
中牟县,50111,北京菜,鸭寨夫人北京烤鸭,航空港区美景苑北门东130米,113.926588,34.535669,18574138298,8：00——22：00
中牟县,50111,北京菜,益之鸭老北京烤鸭(九龙店),中牟县经济技术开发区九龙办事处凌霜西路宇通和谐家园S-2110号,113.869919,34.684108,19137615662;19337836035,8：00——22：00
中牟县,50111,北京菜,北京烤鸭(有色地质家园A区店),有色地质家园A区11号楼104,113.898173,34.773838,15161581854,8：00——22：00
中牟县,50111,北京菜,鸭府北京烤鸭(伟业·巴黎印象店),巴黎印象111,113.937412,34.718746,18703845888,8：00——22：00
中牟县,50111,北京菜,北京烤鸭,绿博1号党群服务中心西100米,113.946014,34.79207,15136106732;15138902071,8：00——22：00
中牟县,50111,北京菜,京味烧烤,星城东路55号,113.925484,34.723368,18639430922,8：00——22：00
中牟县,50111,北京菜,全德北京烤鸭(盛和社区一号院店),盛和社区一号院东门南130米,113.952914,34.688285,18237131104,8：00——22：00
中牟县,50111,北京菜,老北京炸酱面,广惠街街道祥和小区门面房17号,113.982339,34.720998,15136456578;15537155131,8：00——22：00
中牟县,50111,北京菜,北京烤鸭(绿博二号店),大孟镇绿博二号6区668号(豫坤堂大药房附近),113.978085,34.76654,13523053430;13526484220,8：00——22：00
中牟县,50111,北京菜,北京烤鸭(李湖桥社区店),芦医庙大街113-12号鑫盛佳宴大门旁边,113.861078,34.760413,13253532105,8：00——22：00
中牟县,50111,北京菜,德亿轩北京烤鸭(沁园馨城店),幸福家园壹号院北1门东200米,113.960347,34.712288,13140199861;17303857182,8：00——22：00
中牟县,50111,北京菜,老北京串串香(通惠路店),艺君生活广场东门北180米,113.886515,34.736053,15639073607,8：00——22：00
中牟县,50111,北京菜,一帆手撕烤鸭,航空港区荣港商贸中心北门旁,113.871094,34.559254,15862387802;17739697580,8：00——22：00
中牟县,50111,北京菜,金汤爆肚布袋馍(民族路店),青年路街道办事处民族路中段清真寺往北五十米路东,114.023152,34.726737,13460224999;17839921456,8：00——22：00
中牟县,50111,北京菜,吉小蛮现炒爆肚菠菜面,府前街,114.023434,34.72061,18348421287,8：00——22：00
中牟县,50111,北京菜,豫味德北京烤鸭(恒通小区店),恒通小区东北门旁,113.89622,34.739527,15890082103,8：00——22：00
中牟县,50111,北京菜,聚香源涮肉(万邦家园店),万邦家园西二十米,113.947236,34.690673,15638888720;18737181825,8：00——22：00
中牟县,50112,湖北菜(鄂菜),朱记热干面,城关镇百花路,114.020489,34.722212,15544075777,8：00——22：00
中牟县,50113,东北菜,金禄源一家人大灶台,广惠街街道沁园新城一号楼2号商铺,113.963518,34.712054,0371-62265666;18595687179,8：00——22：00
中牟县,50113,东北菜,东北私房菜宴奴饺子(豫兴家苑一号院店),雁鸣路小冉庄商业街10号,113.90512,34.792823,0371-55116669;15238843333,8：00——22：00
中牟县,50113,东北菜,张辉农家地锅宴(港区店),航空港区凌空街106-13、106-15,113.867137,34.562342,0371-63311538,8：00——22：00
中牟县,50113,东北菜,东北私房菜(锦凤花园店),锦凤花园东门旁,113.865256,34.686748,15538887798,8：00——22：00
中牟县,50113,东北菜,聚生元饭店,广安街与海红路交叉口向西100米路南,113.963728,34.752014,0371-57139888,8：00——22：00
中牟县,50113,东北菜,东北福味,东风路与解放路辅路交叉口西160米,114.023665,34.711405,18339223722,8：00——22：00
中牟县,50113,东北菜,宴奴饺子(绿博新城店),绿博新城五号院南1门旁,113.976904,34.766582,15311998968,8：00——22：00
中牟县,50113,东北菜,东北烤王,郑东新世界南门西南120米,113.898577,34.740088,19139899598,8：00——22：00
中牟县,50113,东北菜,东北烧烤炒菜水饺牛肉面,阜外路岗李市场南门6,113.850206,34.784168,18846231819,8：00——22：00
中牟县,50113,东北菜,信阳炖菜(府佑花园店),府佑花园西门南60米,113.977688,34.720406,15038306628,8：00——22：00
中牟县,50113,东北菜,70年代土灶台(万胜路店),水木清华北门西70米,113.962714,34.717769,13607689119,8：00——22：00
中牟县,50113,东北菜,宴奴饺子东北私房菜(前程店),经济技术开发区前程办事处郑东国际产业园15号楼9号,113.905183,34.701954,13393702236;15737136865,8：00——22：00
中牟县,50113,东北菜,弘兴东北铁锅炖,九龙镇九龙公寓西楼门市,113.849397,34.681049,17638183118,8：00——22：00
中牟县,50113,东北菜,东北小酒馆,广惠街占杨新村15号,113.946519,34.70015,13938571100,8：00——22：00
中牟县,50113,东北菜,东北烧烤,绿都东澜岸107号,113.854865,34.705153,13782326169;17634758568,8：00——22：00
中牟县,50113,东北菜,宴奴饺子,绿博三号花园商业街六号院1号楼底商c区020,113.96651,34.749778,13936646766,8：00——22：00
中牟县,50113,东北菜,北来香东北饺子馆,白沙商贸城双语百货东50,113.899186,34.736395,13840979336,8：00——22：00
中牟县,50113,东北菜,农夫大锅台,永乐路与府前街交叉口东40米,114.022248,34.713632,13014518660,8：00——22：00
中牟县,50113,东北菜,何记杞县砂锅,郑庵镇宏达车业广场2号楼110房,113.946393,34.667466,19838661688,8：00——22：00
中牟县,50113,东北菜,刘鑫福大盘鸡,官渡大街中段路北,114.02484,34.719764,15738315950,8：00——22：00
中牟县,50113,东北菜,东北大馅饺子(豫兴家苑店),豫兴家苑5号院,113.912857,34.796889,15670967993,8：00——22：00
中牟县,50113,东北菜,东北小敏烧烤,万洪路7-9号,113.946821,34.70015,13945727711,8：00——22：00
中牟县,50113,东北菜,宴奴东北饺子手擀面(有色地质家园A区店),泽雨街19号,113.897438,34.774978,0371-62390281,8：00——22：00
中牟县,50113,东北菜,东北饺子手擀面(水木年华小区店),中原保险大厦东南门旁,113.856843,34.772859,15846676779,8：00——22：00
中牟县,50113,东北菜,广慈家常菜,青年路办事处东北侧,114.006915,34.726952,13623838886,8：00——22：00
中牟县,50113,东北菜,陈师傅家常菜(绿博龙城小区店),绿博龙城小区东门东北80米,113.983882,34.758505,15136488980,8：00——22：00
中牟县,50113,东北菜,老厚农家饭庄,雁鸣大道与平安大道交叉口东北100米,114.030616,34.798465,15003820506,8：00——22：00
中牟县,50113,东北菜,方城烩面手撕大骨头,建设路与陇海路交叉口北50米西侧,114.016595,34.7187,17530888069,8：00——22：00
中牟县,50113,东北菜,厨匠博炮崩鸡(中牟店),"建设路西侧,潘安园对面1层",114.015961,34.716628,18638519973,8：00——22：00
中牟县,50113,东北菜,西雅苏新疆炒米粉(中牟店),学苑路宝峰街交叉口东北角,113.964686,34.715576,18203651114,8：00——22：00
中牟县,50113,东北菜,韩熙焰酸菜烤肉,水木清华东北门东100米,113.964221,34.7175,13643701244,8：00——22：00
中牟县,50113,东北菜,冒二麻一麻辣香锅·冒菜(河南沃金店),航空港区凌飞街与大寨路交叉口东北260米,113.858257,34.561918,13151645475,8：00——22：00
中牟县,50113,东北菜,常小二鲜炒鸡清真店,寿圣街与万圣路交叉口东北角,113.961506,34.718288,13027771500,8：00——22：00
中牟县,50113,东北菜,大東自助烤肉,豫兴办事处刘集大街吉瑞路东北角1号,113.920672,34.797157,18837113452,8：00——22：00
中牟县,50113,东北菜,哆来咪中式快餐(白沙店),唯美假日酒店西门旁,113.896768,34.739504,19036929903,8：00——22：00
中牟县,50113,东北菜,烙馍村大盘鸡(郑东新区店),郑州铁路职业技术学院东门东北200米,113.891184,34.798951,13837105378,8：00——22：00
中牟县,50113,东北菜,豫新派香草麻椒鸡(人民路店),人民路与官渡东路交叉口东北20米,114.031853,34.719065,15617791520,8：00——22：00
中牟县,50113,东北菜,兰州拉面大盘鸡,姚家镇轩城大道与康平路东北3号,114.005028,34.679707,15538719959;19138074878,8：00——22：00
中牟县,50113,东北菜,张麻婆鲜炒鸡,绿都东澜岸2号院北门东北80米,113.855201,34.705185,18537861197,8：00——22：00
中牟县,50113,东北菜,西部大盘鸡碳锅鱼(经南十二路店),经开区京航办事处能庄社区退役军人服务站东北侧150米,113.83977,34.677086,18203974015,8：00——22：00
中牟县,50113,东北菜,李摊摊东北烧烤(暂停营业),九龙镇锦凤花园西北第二间,113.862266,34.685613,19545655558,8：00——22：00
中牟县,50113,东北菜,新密手擀面(名门郡景店),航空港区名门郡景东南门东北110米,113.856159,34.595869,15838376876,8：00——22：00
中牟县,50113,东北菜,老李菜馆,郑州航空港区庙后小学东北侧100米,113.978325,34.588221,15138978519,8：00——22：00
中牟县,50113,东北菜,老四农家饭店,220国道与建安路交叉口东北140米,114.142214,34.73852,18569977766,8：00——22：00
中牟县,50114,云贵菜,贵州侗族苗家酸汤火锅,九龙镇皓凌街6-7号宇通和谐家园5号院二楼201,113.866893,34.685462,15597776799,8：00——22：00
中牟县,50114,云贵菜,贵州苗岭地摊火锅烤肉,人民路与牟春路交叉口南50米路西,114.030325,34.713425,13213099218;13663829615,8：00——22：00
中牟县,50114,云贵菜,苗岭啤酒鸭,河南金石混凝土有限公司西门西南290米,113.850287,34.745588,15138940616,8：00——22：00
中牟县,50114,云贵菜,海底捞火锅(锦荣悦汇城店),航空港区雍州路锦荣悦汇城5号楼1-2楼A1019-1、A2022号商铺,113.860663,34.565261,0371-88958181;0371-88958282,8：00——22：00
中牟县,50114,云贵菜,云南过桥米线(特色黄焖鸡米饭店),郑东新区白沙镇复兴路盛驰花园南门斜对面一层,113.890575,34.735275,17896919695,8：00——22：00
中牟县,50115,西北菜,阳光大盘鸡(盛和店),盛和三期15-16,113.953847,34.687015,15290890882,8：00——22：00
中牟县,50115,西北菜,张胖子大盘鸡(营河社区店),航空港区凌寒街76-40号,113.871171,34.564054,15225119867,8：00——22：00
中牟县,50115,西北菜,西部来客鲜炒大盘鸡,广惠街道办事处水木清华小区13号楼19号,113.964292,34.716719,15225126616,8：00——22：00
中牟县,50115,西北菜,西部大盘鸡(宁馨苑小区店),宁馨苑小区,113.889854,34.800812,13298121973;15001117182,8：00——22：00
中牟县,50115,西北菜,创新大盘鸡(沃金商业广场店),航空港区郑港四街(富士康正对面)富士康沃金商业广场1层,113.857344,34.561618,15238063348;18637181373,8：00——22：00
中牟县,50115,西北菜,郑州经济技术开发区红玲大盘鸡饭店,中牟县经济技术开发区祥云办事处席庄村祥云菜市场南50米路西,113.838621,34.637745,18300708959;18348409714,8：00——22：00
中牟县,50115,西北菜,西部来客鲜炒大盘鸡(绿博二号店),绿博新城7号院北门西120米,113.975555,34.765925,17788137558,8：00——22：00
中牟县,50115,西北菜,西部大盘鸡(郑尉路店),013县道聚丽来化妆品南40米,113.838634,34.637731,13253682577;18300708959,8：00——22：00
中牟县,50115,西北菜,老狼大盘鸡(建设路潘安店),建设南路老狼大盘鸡(中牟店),114.015947,34.716493,15093306199,8：00——22：00
中牟县,50115,西北菜,前程特色大盘鸡(岗赵村商业步行街店),岗赵村商业步行街东门西180米,113.888862,34.793073,18103712155;18641122798,8：00——22：00
中牟县,50115,西北菜,单人餐大盘鸡十元老式扣碗,航空港区108-1,113.858883,34.561903,17737126717,8：00——22：00
中牟县,50115,西北菜,洪杰大盘鸡,周庄社区商业街,114.117779,34.694632,13071027527,8：00——22：00
中牟县,50115,西北菜,西部来客鲜炒大盘鸡(安泰银座店),贝乐高幼稚园西门旁,113.848491,34.752223,13014658937;13513892579,8：00——22：00
中牟县,50115,西北菜,新疆美味羊肉串(锦凤花园店),宇兴路和龙善街交叉口向南80米,113.865189,34.687483,13279033274,8：00——22：00
中牟县,50115,西北菜,傻子张大盘鸡(中牟店),鑫苑花园西北门南60米,114.001804,34.716643,13253637942,8：00——22：00
中牟县,50115,西北菜,七妹大盘鸡,中牟宾馆北西大街与自由街交叉口向西100米,114.026766,34.727282,13137116985;18703977828,8：00——22：00
中牟县,50115,西北菜,小华大盘鸡,航空港区八岗乡庙后村,113.977436,34.58834,18738184680,8：00——22：00
中牟县,50115,西北菜,洛大叔大盘鸡(世纪城店),世纪城,114.018819,34.724649,15093468328,8：00——22：00
中牟县,50115,西北菜,张记大盘鸡(永福街店),广惠街街道永福街学苑路向南200米路东,113.980385,34.711456,15838020748;15838241782,8：00——22：00
中牟县,50115,西北菜,阿伟大盘鸡,文澜街(万邦粮油调味品干果市场),113.953529,34.694355,13938590170,8：00——22：00
中牟县,50115,西北菜,乡村大盘鸡,狼城岗镇青谷堆村十字路口向南300米路西,114.161837,34.856941,18638511310,8：00——22：00
中牟县,50115,西北菜,刘记大盘鸡(自由北街店),建安路与解放路辅路交叉口西60米,114.030703,34.732685,13015502948,8：00——22：00
中牟县,50115,西北菜,西部鲜炒大盘鸡(郑东新区店),万滩镇杨桥村,113.873178,34.862497,15093401131,8：00——22：00
中牟县,50115,西北菜,饸络面大盘鸡,航空港区新港八路16号,113.903424,34.469007,13663747990,8：00——22：00
中牟县,50115,西北菜,川香苑香辣虾大盘鸡,通惠路与金龙路交叉口南160米,113.891054,34.798782,15837129696;18538758925,8：00——22：00
中牟县,50115,西北菜,姚记学长大盘鸡(宁馨苑小区店),文明路宁馨苑小区,113.89063,34.800808,15838118198,8：00——22：00
中牟县,50115,西北菜,愚公子大盘鸡(营河社区南门店),航空港区营河社区西南门2号,113.868713,34.563336,15294609117,8：00——22：00
中牟县,50115,西北菜,御膳大盘鸡(永威南樾总店),航空港区桥航路永威南樾瑞园南门3-103,113.866072,34.580573,17335560029,8：00——22：00
中牟县,50115,西北菜,西部鲜炒大盘鸡(通惠路店),河南交通职业技术学院东校区南门西150米,113.892965,34.786102,13653815880;16613868583,8：00——22：00
中牟县,50115,西北菜,宁夏羊蝎子老店,通惠路40号(宠佳宠物医院隔壁),113.886335,34.733764,15038233555,8：00——22：00
中牟县,50115,西北菜,秘制烩面大盘鸡,有色地质家园A区西门西北100米,113.897028,34.775226,13203891286,8：00——22：00
中牟县,50115,西北菜,陕西面馆,中牟县经济技术开发区九龙办事处九龙镇九龙公寓一楼门面房,113.849551,34.6813,15093212228,8：00——22：00
中牟县,50115,西北菜,开封大盘鸡(荣港商贸中心店),航空港区荣港商贸中心东门旁,113.871281,34.558865,13393713383,8：00——22：00
中牟县,50115,西北菜,老鱼庄大盘鸡(鑫荣·中央金地公寓店),郑州航空港区港城公寓2-103,113.85442,34.561513,18203656511,8：00——22：00
中牟县,50115,西北菜,老五大盘鸡(富康嘉苑南苑店),白沙镇富康嘉苑,113.86353,34.747386,15993324870,8：00——22：00
中牟县,50115,西北菜,程记风味小吃大盘鸡(白沙店),白沙镇白沙村212号冉家水浒烤肉对面,113.89172,34.732463,13673393642,8：00——22：00
中牟县,50115,西北菜,愚公子大盘鸡(沃金商业广场店),航空港区沃金商业广场,113.858578,34.561703,18037883010;18503853343,8：00——22：00
中牟县,50115,西北菜,西部鲜炒大盘鸡,036乡道与乡后一街交叉口南180米,114.110531,34.658681,15194612812,8：00——22：00
中牟县,50115,西北菜,柱子哥大盘鸡,航空港区富鑫公寓8栋商业8-116号,113.857569,34.560064,15737821022,8：00——22：00
中牟县,50115,西北菜,鲜炒大盘鸡,万滩派出所西北门北410米,113.943063,34.860262,15515952560,8：00——22：00
中牟县,50115,西北菜,张记手擀面大盘鸡黄焖鸡,万洪路与人文路交叉口东480米,113.935829,34.695046,15981827285,8：00——22：00
中牟县,50115,西北菜,老狼大盘鸡(新亚创新产业园店),郑州经济技术开发区九龙办事处新亚产业园后1号楼1层11号开心火锅旁边,113.849692,34.701429,18538575334,8：00——22：00
中牟县,50115,西北菜,陈永大盘鸡(安泰银座店),永顺路18号,113.84846,34.751994,13213068228;15294607997,8：00——22：00
中牟县,50115,西北菜,乡村大盘鸡(堤刘过渡安置区店),赤兔马过渡安置区北1门旁,113.917531,34.732315,13592558065,8：00——22：00
中牟县,50115,西北菜,梁记饸饹面大盘鸡(姚家集贸市场店),姚家镇集贸市场第一排64号,114.017238,34.6577,13461228794,8：00——22：00
中牟县,50115,西北菜,大盘鸡,九龙镇永茂广利配套公寓一楼,113.839876,34.677329,18357078146,8：00——22：00
中牟县,50115,西北菜,烙馍村兄弟大盘鸡(豫兴家苑五号院店),豫兴家苑5号院,113.91276,34.796892,13373915335,8：00——22：00
中牟县,50115,西北菜,谢记五味农家菜(滨河路),水岸鑫城西北1门旁,113.994802,34.726419,15225089716;15225089726,8：00——22：00
中牟县,50115,西北菜,潮千味海鲜潮州菜,中粮佳苑西北门东50米,113.89738,34.729343,0371-62298988;18595659799,8：00——22：00
中牟县,50115,西北菜,毛小磊江西小炒(宝峰街店),学苑路与宝丰街交叉口西北,113.964252,34.715841,18638160603,8：00——22：00
中牟县,50115,西北菜,叫花鸡猪蹄,航空港区保航一路与物流二街交叉口西北角,113.926872,34.544255,13460342390,8：00——22：00
中牟县,50115,西北菜,荠菜大馄饨,永安路与建设南路交叉口西北角,114.016356,34.717915,15238009585;15824888764,8：00——22：00
中牟县,50115,西北菜,西北牛肉拉面,宏达广场3号楼101号,113.946859,34.667249,17697037020,8：00——22：00
中牟县,50115,西北菜,青海牛肉拉面(水木清华店),水木清华小区13-6号,113.963822,34.715667,18197295230,8：00——22：00
中牟县,50115,西北菜,山西油泼面晋运大盘鸡,祥和商都名家西北门旁,113.994797,34.718906,15378710765,8：00——22：00
中牟县,50115,西北菜,明月楼私房菜(育林路店),育林路与林东巷交叉口西北40米,114.022168,34.731568,13838085993,8：00——22：00
中牟县,50115,西北菜,御缘烩面,建安路与建设路十字路口西北角,114.019104,34.734499,13663830238,8：00——22：00
中牟县,50115,西北菜,兰州拉面,商都路与通惠路交叉口向北30米路东,113.885978,34.732261,16609305876;17769323244,8：00——22：00
中牟县,50115,西北菜,王记手工烩面,航空港区冀州路与保航四路交叉口西北440米,113.92741,34.538891,18838911080,8：00——22：00
中牟县,50115,西北菜,晋味源山西刀削面大盘鸡家常菜(绿博花园店),琼花路与牡丹五街交汇处西北角B-026,113.965096,34.748249,13834706675;18595425343,8：00——22：00
中牟县,50115,西北菜,食家庄(金桂苑小区店),金桂苑小区西北门南80米,114.002018,34.718175,13783560515;13838000017,8：00——22：00
中牟县,50115,西北菜,兰州拉面,四海路与智通南街交叉口西北圣驰物流商铺兰州拉面,113.898273,34.692495,15101977870,8：00——22：00
中牟县,50115,西北菜,麻辣兔熬炒鸡红焖羊肉,文博路与清阳街交叉口西北角,113.975077,34.71198,13733825632;18638703899,8：00——22：00
中牟县,50115,西北菜,豫丰包,府苑小区西门西北50米,113.887191,34.739436,19913717792,8：00——22：00
中牟县,50115,西北菜,百姓饭店,航空港区中牟县人民法院黄店法庭西北门西南440米,113.984786,34.556761,15093420935,8：00——22：00
中牟县,50115,西北菜,花宝街石锅鸡公煲,航空港区相州街与巡航路交叉口西北120米,113.86265,34.563979,13276901067,8：00——22：00
中牟县,50115,西北菜,王鹏莲菜包装商行,德义朋配货中心西北侧70米,113.94224,34.698928,13598054362,8：00——22：00
中牟县,50116,老字号,高家老字号蜂蜜烧饼,航空港区鄱阳湖路便民市场西门旁,113.867915,34.56774,18537825517,8：00——22：00
中牟县,50116,老字号,焙之良品(幼儿路店),建设路与百花路交叉口东20米路南,114.018085,34.722488,13525555241;18625558818,8：00——22：00
中牟县,50116,老字号,虹峡炸鸡(官渡西路店),官渡西路与中兴路交叉口西80米,114.007643,34.722279,15514366885,8：00——22：00
中牟县,50116,老字号,方记包子店,官渡大街中段路南方记包子店,114.026853,34.719155,15038022615,8：00——22：00
中牟县,50116,老字号,爱尚惠美炸鸡(青年路28直营店),青年路西段中国银行对面,114.018742,34.72555,15981876204,8：00——22：00
中牟县,50116,老字号,刘记香焗鸡老店,建设路与陇海路交叉口往东20米路北,114.019266,34.717554,13838302112,8：00——22：00
中牟县,50116,老字号,申记老字号升级版鸡蛋灌饼,广惠街街道商都路北100米新悦街路西1号门面房,113.984214,34.718843,18638173538,8：00——22：00
中牟县,50116,老字号,爱尚惠美炸鸡店(城东路),官渡大街与城东路交叉口向北5米路东,114.035029,34.718716,13937893045,8：00——22：00
中牟县,50116,老字号,老宗小吃部(官渡大街店),官渡大街建设银行对面,114.02554,34.719737,15638852687,8：00——22：00
中牟县,50116,老字号,赵记南方熟食,航空港区和谐大道与万三路交叉口西40米,113.930458,34.592259,15188337172,8：00——22：00
中牟县,50116,老字号,老沙记弓马庄全牛店,官渡大街与建设路交叉口西南角,114.016786,34.720704,13837855237,8：00——22：00
中牟县,50116,老字号,申记老字号升级版鸡蛋灌饼(锦程花园店),郑州经济技术开发区前程办事处锦城花园一期30号楼临3房间,113.885371,34.708897,18537172837,8：00——22：00
中牟县,50116,老字号,郏县老字号饸饹面(豫康新城南区西门),航空港区郏县饸饹面豫康新城南区店,113.863965,34.565716,18020263781,8：00——22：00
中牟县,50116,老字号,胖老蟹肉蟹煲(锦荣悦汇城店),航空港区锦荣悦汇城一楼东南角C1006C1008-1009号,113.862413,34.564438,18037877784,8：00——22：00
中牟县,50116,老字号,书亦烧仙草(郑州航空港区豫康新城店),航空港区郏县老字号饸饹面豫康新城南区西门旁,113.863872,34.565533,13017693268,8：00——22：00
中牟县,50116,老字号,老庙岗渔村饭店,经济技术开发区京航办事处航海东路二十五大街交叉口东南角老庙岗,113.846046,34.72008,13837113331,8：00——22：00
中牟县,50116,老字号,逍遥镇肖记炖肉胡辣汤(锦凤花园店),中牟县经济技术开发区龙善街九龙办事处西贾村西贾小区一楼,113.864876,34.685975,15937177378,8：00——22：00
中牟县,50116,老字号,老徐家地锅鸡,郑东新区豫兴办事处西徐庄村102号,113.846281,34.850308,13140040022,8：00——22：00
中牟县,50116,老字号,升级版鸡蛋灌饼(复兴路店),通惠路与复兴路交叉口西北角,113.88645,34.735966,18736161037,8：00——22：00
中牟县,50116,老字号,正宗郏县羊肉饸饹面(沃金商业广场店),航空港区富鑫公寓4号楼1屋,113.857827,34.56184,18236662017,8：00——22：00
中牟县,50116,老字号,永久炒鸡酸菜鱼(四海路店),郑州经济技术开发区四海路98号10号楼一楼,113.898619,34.692455,18530060306,8：00——22：00
中牟县,50116,老字号,相逢酒店,航空港区三管庙乡前段村,113.95163,34.531412,0371-62356606,8：00——22：00
中牟县,50117,火锅店,半闲斋羊肉铺(白沙店),恒通路与白沙路交叉口向东300米路南,113.899455,34.740206,0371-53610001;19303889188;19937171880,8：00——22：00
中牟县,50117,火锅店,一天一头牛·鲜牛肉火锅(上东城店),象湖南路上东城南门东150米2楼,113.853428,34.771629,0371-60220806,8：00——22：00
中牟县,50117,火锅店,渝老四鲜切牛肉火锅(锦荣悦汇城店),航空港区锦荣悦汇城东门南120米,113.863135,34.564289,19103970659,8：00——22：00
中牟县,50117,火锅店,拾岁火锅餐厅(中牟店),大孟镇原乡路与仁安路向东100米,114.021326,34.790424,13838046677,8：00——22：00
中牟县,50117,火锅店,河马泡泡火锅酒馆(豫兴家苑二号院店),增福街与吉瑞路交叉口西南180米,113.906105,34.795164,18539932060,8：00——22：00
中牟县,50117,火锅店,呷哺呷哺(郑州杉杉奥莱·中牟店店),大孟镇郑开大道406号郑州杉杉奥特莱斯购物广场项目第2层A20100号,114.027365,34.782325,19939948117,8：00——22：00
中牟县,50117,火锅店,海底捞露营火锅,大孟街道郑开大道与223省道郑州杉杉奥特莱斯广场A区1层10600,114.027201,34.783051,13526894665,8：00——22：00
中牟县,50117,火锅店,羊蝎子老店(白沙直营店),郑东新世界南1门西南90米,113.900528,34.7403,19137185168,8：00——22：00
中牟县,50117,火锅店,重庆德庄火锅(中牟店),清华园小区东区西南门东150米,114.004472,34.715538,0371-62135111;13598111571,8：00——22：00
中牟县,50117,火锅店,京门盛宴·铜锅涮肉店,有色地质家园A区南2门东90米,113.90222,34.773953,13592408686,8：00——22：00
中牟县,50117,火锅店,巴庄重庆火锅(学苑路店),学苑路与牟州街交叉口西北角,113.968567,34.715115,0371-62221333,8：00——22：00
中牟县,50117,火锅店,王婆大虾(象湖店),中原保险大厦东南门旁,113.856967,34.773434,0371-55392816;17740415533,8：00——22：00
中牟县,50117,火锅店,筷八毛·挑挑火锅街(中牟店),商都大道蓝爵世家11号楼101-102铺,113.961572,34.719155,18300706622,8：00——22：00
中牟县,50117,火锅店,喜虾客大虾火锅(中牟上东里店),白沙镇上东国际上东城4号楼1层4-106-107-108号,113.854803,34.773467,19339913738,8：00——22：00
中牟县,50117,火锅店,哈喽小锅侠自助火锅(白沙店),恒通小区东门东北110米,113.896737,34.738008,17737708637;18937849717,8：00——22：00
中牟县,50117,火锅店,78℃火锅馆(白沙店),白沙路与恒通路交叉口西北角2楼(文鑫百货东隔壁),113.896147,34.740551,19939928885,8：00——22：00
中牟县,50117,火锅店,喜山喜野山野小火锅(天泽城店),文博路18号,113.961282,34.715357,19900920004,8：00——22：00
中牟县,50117,火锅店,许府牛火锅(锦荣悦汇城店),航空港区锦荣悦汇城二楼B2030,113.861058,34.564225,15036023656,8：00——22：00
中牟县,50117,火锅店,哈喽小锅侠自助火锅(上东里店),郑开大道与永顺路交叉口西50米中原保险大厦一楼,113.856227,34.773733,17700630533,8：00——22：00
中牟县,50117,火锅店,巴庄重庆火锅(中兴路店),中兴路荟萃路交叉口东南角,114.010829,34.729125,0371-62201555;13203719894,8：00——22：00
中牟县,50117,火锅店,78℃地摊火锅馆,解放路与十全街交叉口西50米,114.03168,34.738062,19036920789,8：00——22：00
中牟县,50117,火锅店,冒胖子市井火锅冒菜(上东里店),白沙镇上东里一层3-110,113.854176,34.773732,19103825965,8：00——22：00
中牟县,50117,火锅店,我的小板凳街坊火锅(象湖南路店),恒一雅居西1门旁,113.856247,34.768111,13353718319,8：00——22：00
中牟县,50117,火锅店,西川巷子市井火锅(象湖店),郑东新区白沙镇南岗嘉苑2号院6号楼1楼中间商铺,113.861031,34.764891,17503713080,8：00——22：00
中牟县,50117,火锅店,哈喽小锅侠自助火锅(锦荣悦汇城店),航空港区哈喽小锅侠自助火锅锦荣悦汇城负一楼,113.862578,34.564142,19693815551,8：00——22：00
中牟县,50117,火锅店,王婆大虾(白沙店),白沙镇敬业路268白沙镇好又多购物中心向北150米龙辉陶瓷城2楼,113.896734,34.738899,19913808336;19913809691,8：00——22：00
中牟县,50117,火锅店,小v家火锅鸡(上东里),上东城二期(全季酒店后面),113.852457,34.77353,15617898183,8：00——22：00
中牟县,50117,火锅店,三合.王婆大虾(世纪城时代广场店),教室南路世纪城时代广场4楼,114.017921,34.72369,18838202772,8：00——22：00
中牟县,50117,火锅店,许府牛火锅(河南郑州中牟世纪城时代广场店),青年路街道建设路世纪城时代广场四楼11铺,114.01829,34.723456,15539067436,8：00——22：00
中牟县,50117,火锅店,辣炮泡鱼蛙火锅馆(上东里店),郑东新区辣炮泡鱼蛙火锅馆上东里店,113.853912,34.773253,15225103444;17516032604,8：00——22：00
中牟县,50117,火锅店,李想大虾火锅(豫兴家苑六号院店),豫兴家园六号院门面房13号,113.913879,34.797044,13949119898,8：00——22：00
中牟县,50117,火锅店,胡子塔鲍汁羊排虾火锅(宝峰街店),宝峰街,113.964335,34.717357,0371-55306333,8：00——22：00
中牟县,50117,火锅店,Yi燚间火锅店(中牟店),商都大街南侧经六路西经七路东纬二路北蓝爵世家南门旁01号铺,113.963178,34.718021,13164360060,8：00——22：00
中牟县,50117,火锅店,一锅享自助火锅(中牟店),青年路街道青年路与西城巷交叉口东10米路北168号,114.025213,34.724533,15136103875,8：00——22：00
中牟县,50117,火锅店,陈实在豆花鱼火锅,白沙路剑桥幼儿园东隔壁陈实在豆花鱼,113.890827,34.740016,18236333925;19139744142,8：00——22：00
中牟县,50117,火锅店,袁记串串香(建设南路店),建设南路,114.015653,34.715441,13703900566,8：00——22：00
中牟县,50117,火锅店,拈嘎嘎虾滑火锅(白沙二店),敬业路62号,113.896736,34.737946,19339911286,8：00——22：00
中牟县,50117,火锅店,王胖子烧烤铜锅涮羊肉,航空港区祥云澜庭西门北190米,113.863951,34.562701,13007519922,8：00——22：00
中牟县,50117,火锅店,王婆大虾(岗赵村商业步行街店),北排2楼12号,113.890024,34.793051,0371-57076355;15737154321,8：00——22：00
中牟县,50117,火锅店,渝蜀川江鲜切牛肉自助火锅,凌霜街龙善街宇通和谐家园三区商业2楼,113.866323,34.684051,0371-55308881;15333867300,8：00——22：00
中牟县,50117,火锅店,王婆香辣虾,航空港区朱集乡,113.856782,34.561206,13223043203,8：00——22：00
中牟县,50117,火锅店,西川巷子市井火锅(港区沃金店),郑州航空港区雍州路沃金商业广场6号楼116号,113.859286,34.559523,16696069788,8：00——22：00
中牟县,50117,火锅店,漫·时光牛肉火锅牛肉面(新县城店),商都路清阳街交叉口向北300米路东,113.977728,34.720617,13837182172,8：00——22：00
中牟县,50117,火锅店,齐祺渔锅(中牟店),建安路(连天线)与城东北路交叉口向西50米路南,114.035899,34.732629,0371-58568333;17719837877,8：00——22：00
中牟县,50117,火锅店,李想大虾火锅(白沙旗舰店),恒通路中段(皇庭酒店隔壁二楼),113.896736,34.73826,13719449521;15538156916,8：00——22：00
中牟县,50117,火锅店,全家福涮羊肉(城东路店),中牟货场对面全家福涮羊肉,114.032234,34.711925,13592661585,8：00——22：00
中牟县,50117,火锅店,尚上锅29元自助火锅,敬业路与青年路交叉口像东200米路南二楼,113.898322,34.74013,19937371115,8：00——22：00
中牟县,50117,火锅店,袁记串串香(白沙店),白沙镇与青年路交叉口向东300米路南,113.898875,34.740126,13303853819;15324968118,8：00——22：00
中牟县,50117,火锅店,锅圈食汇火锅烧烤食材超市(学苑路店),学苑路与宝峰街交叉口向东50米路南,113.962789,34.715298,13103719073,8：00——22：00
中牟县,50117,火锅店,知味轩小山羊涮锅,知味斋清真冷库南侧,113.847194,34.654075,13803833321;15981868993,8：00——22：00
中牟县,50117,火锅店,牛梦原真不同涮牛肚(上东里店),郑东新区白沙镇上东城北门向西100米,113.852928,34.773361,13938446086,8：00——22：00
中牟县,50117,火锅店,袁记串串香(绿博二号店),牡丹七街与开来路交叉口南80米路东,113.97817,34.773524,15515559265,8：00——22：00
中牟县,50117,火锅店,一锅享自助小火锅(港区锦荣悦城店),航空港区锦荣悦汇城(恩平湖地铁站出入口步行360米),113.862394,34.564228,13140441117,8：00——22：00
中牟县,50117,火锅店,仟味一鼎自助小火锅(郑东新区店),通惠路与金龙路交叉口东南100米象湖美食广场院内,113.891207,34.798859,19149438397,8：00——22：00
中牟县,50117,火锅店,豫东小香驴火锅(沃金商业广场店),航空港区港区富士康沃金商业广场富鑫一栋北1门,113.857095,34.562775,15515781868,8：00——22：00
中牟县,50117,火锅店,羊蝎子老店(经开区九龙新城店),郑州市经济技术开发区九龙办事处九龙新城宇和路与龙真街交叉口向北30米路西,113.861807,34.685795,19937627875,8：00——22：00
中牟县,50117,火锅店,张小旋自助小火锅,广惠街办事处宝峰街西寿圣街东万胜路南学苑路北天泽城2层228铺,113.961557,34.716954,15638410151,8：00——22：00
中牟县,50117,火锅店,齐祺渔锅(龙善街店),九龙镇龙善街6-18号,113.865219,34.686416,17729789081,8：00——22：00
中牟县,50117,火锅店,袁记串串香(豫兴家苑六号院店),豫兴家苑6号苑吉瑞路与松鹤路交叉口西50米路北,113.914844,34.796919,18836996365,8：00——22：00
中牟县,50117,火锅店,豫东涮铜锅涮肉(牟州街店),牟州街万胜路交叉口,113.968963,34.716987,15670606676,8：00——22：00
中牟县,50117,火锅店,京小熹·火锅,航空港区凌霜街绿悠悦享天地6号楼,113.850097,34.587501,13298318231,8：00——22：00
中牟县,50117,火锅店,筷八毛·挑挑火锅街(白沙旗舰店),恒通小区东门东60米,113.896815,34.737245,0371-62256288,8：00——22：00
中牟县,50117,火锅店,王婆大虾(中央花园店),中央花园东南门旁,113.851468,34.751584,15038307292,8：00——22：00
中牟县,50117,火锅店,真不同涮牛肚(东风路店),东风路与府前街交叉口向东80米路北,114.021934,34.711689,15036164546,8：00——22：00
中牟县,50117,火锅店,川江毛肚火锅(中牟文博路店),幸福家园贰号院西门南50米,113.960604,34.713391,0371-62181999,8：00——22：00
中牟县,50117,火锅店,苏小北回转小火锅(上东国际店),上东国际,113.85283,34.773726,18837530616,8：00——22：00
中牟县,50117,火锅店,港区羊蝎子老店,中牟县航空港区山顶公寓23-6号,113.869996,34.562819,15617670688,8：00——22：00
中牟县,50117,火锅店,御品德重庆鸡公煲(岗赵村商业步行街店),前程路9号(郑州工商学院西门)岗赵集贸市场119号,113.887267,34.793115,15075762371,8：00——22：00
中牟县,50117,火锅店,郑州港区渝禾巷鲜鱼火锅,航空港区港区巡航路与相州街交叉口东南角,113.864185,34.562845,19043997553,8：00——22：00
中牟县,50117,火锅店,聚贤斋·涮羊肉(桥航路店),航空港区县桥航路与相州街交叉口西南角,113.862699,34.580006,19937022727,8：00——22：00
中牟县,50117,火锅店,潮汕记(天泽城店),宝峰街7号天泽城F2层,113.961757,34.716959,0371-62193818,8：00——22：00
中牟县,50117,火锅店,骨皇骨帝大锅秘制牛蝎子&大骨头,郑东新区白沙镇敬业路与青年路交叉口向东300米路南龙辉商铺1层5号商铺,113.901883,34.740359,18823414353,8：00——22：00
中牟县,50117,火锅店,烈焰自助铜锅涮,航空港区沃金商业广场西北门北220米,113.856794,34.562319,19937030019;19937030029,8：00——22：00
中牟县,50117,火锅店,王婆大虾(中牟店),顺发路普吉岛时尚酒店,114.00885,34.726867,18037718180,8：00——22：00
中牟县,50117,火锅店,袁记串串香(盛和社区店),盛和社区1号院南门,113.952196,34.686867,18848893811,8：00——22：00
中牟县,50117,火锅店,优优铜炉火锅鸡,前程大道169号,113.885654,34.792974,13385288366,8：00——22：00
中牟县,50117,火锅店,李吃吃火锅烧烤食材(官渡西路店),官渡西路15号,114.019619,34.720667,15981803980,8：00——22：00
中牟县,50117,火锅店,仟味一鼎自助小火锅(中牟大厦店),中牟大厦,114.024609,34.72483,13613806744;13673636671,8：00——22：00
中牟县,50117,火锅店,重庆牛杂老火锅,人民路与陇海路交叉口北100米,114.031547,34.716939,13140000557;18539402678,8：00——22：00
中牟县,50117,火锅店,九记开煲8秒鲜鸡(锦荣悦汇城A座店),航空港区郑港四街郑港七路交汇处锦荣悦汇城A座1层,113.861269,34.565604,13073795277,8：00——22：00
中牟县,50117,火锅店,辣小红自助旋转小火锅(沃金商业广场店),航空港区沃金商业广场西北门北220米,113.856725,34.562325,15649065958;15801034382,8：00——22：00
中牟县,50117,火锅店,小螺仔柳州螺蛳粉,铁路职业技术学院对面岗赵新市场北侧18号,113.891346,34.798467,15981893924,8：00——22：00
中牟县,50117,火锅店,嘴八爷美蛙鱼头火锅(中牟新城壹号店),清阳街和文博路交叉口,113.974774,34.711645,19939709788,8：00——22：00
中牟县,50117,火锅店,签道记火锅串串,电视塔向北100米路东101号,114.010637,34.728759,15538259666;15639908151,8：00——22：00
中牟县,50117,火锅店,梁记海底捞(人民路店),官渡大街与人民路交叉口路西,114.03156,34.719014,15136138503,8：00——22：00
中牟县,50117,火锅店,真不同涮牛肚(天泽城北隔壁),商都路寿圣街交叉口南80米路东,113.961443,34.718602,15738300626,8：00——22：00
中牟县,50117,火锅店,京佬铜锅涮肉(郑州象湖旗舰店),象湖南路156-32号,113.877089,34.771336,18539263333,8：00——22：00
中牟县,50117,火锅店,广食巷猪肚鸡(锦荣悦汇城店),航空港区锦荣悦汇城D座(恩平湖地铁站出入口步行410米),113.862988,34.564447,18003853038,8：00——22：00
中牟县,50117,火锅店,小乐鱼火锅(九龙店),郑牟东路87号,113.84428,34.682385,17320195158,8：00——22：00
中牟县,50117,火锅店,围辣小火锅(锦凤花园店),龙善街与宇兴路交叉口南120米,113.865199,34.6873,13673998395;17319777778,8：00——22：00
中牟县,50117,火锅店,牛蛙大虾王婆大虾,九龙镇锦瑞路西段,113.842284,34.682105,15037166298,8：00——22：00
中牟县,50117,火锅店,真不同涮牛肚(水岸鑫城店),青年路街道商都大道9号水岸鑫城,113.997526,34.728296,18703669090,8：00——22：00
中牟县,50117,火锅店,张尧小火锅(大润发店),大润发二楼(张尧自助小火锅大润发店),113.997689,34.715648,18569909688,8：00——22：00
中牟县,50117,火锅店,爱情麻辣烫串串香,九龙镇永茂广利对面,113.839706,34.677087,15903742221,8：00——22：00
中牟县,50117,火锅店,小俩口水煮鱼烧烤,航空港区悦汇城美食天街A03号,113.861589,34.564146,16516895678,8：00——22：00
中牟县,50117,火锅店,老重庆旋转小火锅,航空港区凌寒街,113.871175,34.558775,17203823612,8：00——22：00
中牟县,50117,火锅店,冬夏涮肚(原冬不拉涮肚),泰安街与荟萃路交叉口向北100米,114.005428,34.73249,15290843248,8：00——22：00
中牟县,50117,火锅店,鹅三宝,融城花园东1门旁,113.998571,34.718013,18537617082,8：00——22：00
中牟县,50117,火锅店,恭喜牛牛排骨火锅(盛和社区三号院店),盛和社区三号院西门旁,113.953813,34.68755,13939449059,8：00——22：00
中牟县,50117,火锅店,韩记鲜驴肉火锅,府前路与陇海路交叉口东北40米,114.022902,34.71726,13203725348;13592574859,8：00——22：00
中牟县,50117,火锅店,东关好再来海底捞(人民路店),官渡大街与人民路交叉口南十米路东,114.031813,34.718283,13838389370,8：00——22：00
中牟县,50117,火锅店,郑州市郑东新区白沙镇恒通小区张鸿兴牛肉店,恒通风景苑东门旁,113.896233,34.737316,13598827697;18939262687,8：00——22：00
中牟县,50117,火锅店,予十三猪蹄火锅,绿博二号博丰路幼儿园西侧,113.978361,34.766211,13837157919,8：00——22：00
中牟县,50117,火锅店,翟掌柜自助旋转小火锅(凌空街店),航空港区中国电信铭洋通讯手机维修中心营河店旁,113.868455,34.56344,13253652666,8：00——22：00
中牟县,50117,火锅店,围辣小火锅,航空港区永威南樾瑞苑南门西60米,113.864866,34.580589,15539687705,8：00——22：00
中牟县,50117,火锅店,四季旺砂锅羊蝎子总店,沁园馨城,113.962207,34.712119,15346596464,8：00——22：00
中牟县,50117,火锅店,驴老头火锅店,华夏大道东口向西,113.830223,34.654128,13213099998,8：00——22：00
中牟县,50117,火锅店,香悦鲜炒鸡-小V家火锅鸡,路劲国际城,113.940724,34.725214,15138680801,8：00——22：00
中牟县,50117,火锅店,嘿伙家(海鲜烧烤炒菜火锅),电视塔北侧西环城路中段,114.010948,34.727455,13653785875,8：00——22：00
中牟县,50117,火锅店,李吃吃火锅烧烤食材(牟山路店),牟山路祥和小区106号商铺,113.983044,34.72098,18339232030,8：00——22：00
中牟县,50117,火锅店,肖凡一品猪肚鸡,白沙路与凤栖街交叉口西200米,113.901445,34.74031,15362236696,8：00——22：00
中牟县,50117,火锅店,万盛斋铜锅涮肉,盛和小区二号院南门往东100米路北,113.957151,34.688587,18638387469,8：00——22：00
中牟县,50117,火锅店,李吃吃火锅烧烤食材(象湖店),恒通新城西南门东100米,113.859897,34.770489,18336344890,8：00——22：00
中牟县,50117,火锅店,蛙麻婆美蛙鱼头火锅(锦荣悦汇城店),航空港区锦荣悦汇城(恩平湖地铁站出入口步行350米),113.862255,34.564179,15729372252,8：00——22：00
中牟县,50117,火锅店,游小串地摊火锅,卢医庙大街良秀路向北100米路西,113.849575,34.764575,13938474682,8：00——22：00
中牟县,50117,火锅店,煌小涮自助小火锅,龙美街与锦瑞路交叉口东南220米,113.869871,34.680582,15038050207,8：00——22：00
中牟县,50117,火锅店,喜锅匠肥牛小火锅,敬业路中段金苹果酒店2楼201,113.896776,34.736938,19939724008,8：00——22：00
中牟县,50117,火锅店,中牟县渔火慢酌餐饮店,滨河路广惠街交叉口西南角(桥下),113.97409,34.723638,18537149456,8：00——22：00
中牟县,50117,火锅店,新疆和田烧烤火锅,松鹤街51号,113.913764,34.79729,18899279020,8：00——22：00
中牟县,50117,火锅店,街边牛作坊地摊牛排锅,航空港区滨河办事处大马安置区西门113-2号,113.871703,34.577733,13592488166,8：00——22：00
中牟县,50117,火锅店,串串香,锦程花园北门20米,113.88799,34.709143,18595309038,8：00——22：00
中牟县,50117,火锅店,巴特林小方桌碳锅羊肉(中牟旗舰店),泰安街与荟萃路路西北角,114.004461,34.730904,13803860498,8：00——22：00
中牟县,50117,火锅店,真不同涮牛肚(中牟总店),姚家镇建设路老八庄村复兴路,114.010992,34.672358,13903867243,8：00——22：00
中牟县,50117,火锅店,重庆牛杂老火锅总店,芦医庙大街良秀路向西150米路北,113.848297,34.763687,18768870150,8：00——22：00
中牟县,50117,火锅店,阿冲牛排猪蹄火锅,郑州经济技术开发区九龙办事处东贾社区宇和路东贾集体临街门面房1819号商铺,113.862947,34.685316,18538239724,8：00——22：00
中牟县,50117,火锅店,逛吃涮吧自助小火锅(绿博一号店),晨阳路与致新街交叉口西20米2楼,113.950698,34.7918,13213112328;18739933686,8：00——22：00
中牟县,50117,火锅店,来碗串串香,大孟社区一区,114.024663,34.796268,18595474752,8：00——22：00
中牟县,50117,火锅店,锦秋生鲜牛羊肉火锅,栖瑞家苑西南门西80米,113.849314,34.763649,18749869535,8：00——22：00
中牟县,50117,火锅店,壹间小吃(绿博家苑七号院店),绿博一号G区商业街,113.949285,34.79185,15890612422,8：00——22：00
中牟县,50117,火锅店,马路边边串串香(亲情湾娱乐会所店),顺发路与中兴路交叉口西180米,114.007916,34.727312,13838010192,8：00——22：00
中牟县,50117,火锅店,杨新伟老北京旋转小火锅(富康嘉苑店),白沙镇锦绣路266号富康嘉苑北苑,113.863424,34.74779,17698012020,8：00——22：00
中牟县,50117,火锅店,牧小涮铜锅涮肉(商都店),郑州东区机动车综合检测站东北门旁,113.880915,34.732405,18539263333,8：00——22：00
中牟县,50117,火锅店,慕之牛肉煲,顺发路,114.007895,34.727974,18236912244,8：00——22：00
中牟县,50118,特色/地方风味餐厅,民族风味烤全羊(万邦店),万洪路大型停车场内,113.935398,34.692444,13137826555;18637899226,8：00——22：00
中牟县,50118,特色/地方风味餐厅,酱焖鱼,商都路与人文路西南角,113.933175,34.723211,13253671711,8：00——22：00
中牟县,50118,特色/地方风味餐厅,宋庄老地方烩面,航空港区张庄镇宋庄村文化广场西侧,113.874813,34.59463,13783416353,8：00——22：00
中牟县,50118,特色/地方风味餐厅,老地方烩面,青年东路与东关街交叉口西60米,114.0419,34.721607,15838314560,8：00——22：00
中牟县,50118,特色/地方风味餐厅,信阳老味道(万科溪望店),经北二路与凤栖路交叉口东260米,113.90694,34.71987,13333712882,8：00——22：00
中牟县,50118,特色/地方风味餐厅,老船长烤活鱼鸡公虾婆(岗赵村商业步行街店),工商学院岗赵市场南排54/55号,113.888016,34.792986,17737605889,8：00——22：00
中牟县,50118,特色/地方风味餐厅,小烧饼土菜馆(马庄安置区店),航空港区巡航路与凌空街交叉口向南50米路西,113.867128,34.562207,15299576633,8：00——22：00
中牟县,50118,特色/地方风味餐厅,喜亮烧烤虾尾(蓝爵世家店),寿圣街与万胜路交叉口路北,113.96136,34.718429,15838142161,8：00——22：00
中牟县,50118,特色/地方风味餐厅,春乐烧烤,中兴路7号,114.01114,34.732795,13949010006;15238689009,8：00——22：00
中牟县,50118,特色/地方风味餐厅,牛时烤肉(中牟店),建设路与官渡大街交叉口西南角,114.016991,34.72046,15937150698,8：00——22：00
中牟县,50118,特色/地方风味餐厅,70年代土灶台,东风路中段南侧尚庄村北,114.022638,34.711146,18703609323,8：00——22：00
中牟县,50118,特色/地方风味餐厅,开封化三驴肉汤(联益桂园小区店),联益桂园小区东北1门旁,114.026394,34.710439,19545683888,8：00——22：00
中牟县,50118,特色/地方风味餐厅,袁记云饺(上东里店),郑东新区白沙镇郑开大道与芦医庙大街东南角袁记云饺(上东里店),113.852557,34.773508,18939502672,8：00——22：00
中牟县,50118,特色/地方风味餐厅,张大锤特色烧烤,白沙镇大有佳苑北门向西100米路南,113.850152,34.763289,15738882221,8：00——22：00
中牟县,50118,特色/地方风味餐厅,顺城街羊肉汤烧烤,,113.851879,34.753224,16696669706,8：00——22：00
中牟县,50118,特色/地方风味餐厅,杨国福麻辣烫(九龙店),锦瑞路与芦医庙大街交叉口西100米,113.842763,34.682396,17703859179,8：00——22：00
中牟县,50118,特色/地方风味餐厅,永忆永城麻辣烫,前程路9号岗赵村商业步行街北108-109号(小破街西头),113.885508,34.792974,15890171232;17716329028,8：00——22：00
中牟县,50118,特色/地方风味餐厅,方伟伟烧烤美食城,九龙新城东门东南90米,113.861802,34.685544,18638219981;18939575679,8：00——22：00
中牟县,50118,特色/地方风味餐厅,阿呆烧烤(锦凤花园店),锦凤花园东门北140米,113.865183,34.687611,18937173117,8：00——22：00
中牟县,50118,特色/地方风味餐厅,顺城街全羊鲜汤烧烤(豫兴家苑五号院店),豫兴家苑五号院南门东60米,113.913174,34.796898,13663733809,8：00——22：00
中牟县,50118,特色/地方风味餐厅,上福记饺子云吞,白沙镇龙辉商铺1号1-4号商铺,113.896735,34.738739,13838182785,8：00——22：00
中牟县,50118,特色/地方风味餐厅,杨国福麻辣烫(白沙镇店),白沙镇敬业路与复兴路交叉口向北20路东10号,113.896736,34.735352,18724625456,8：00——22：00
中牟县,50118,特色/地方风味餐厅,双全夜市烧烤秘制虾尾,春霖路与凤栖街交叉口西60米,113.903096,34.737737,13598418123,8：00——22：00
中牟县,50118,特色/地方风味餐厅,杨国福麻辣烫(新郑沃金商业广场店),航空港保税区沃金商业广场项目9号楼107号商铺,113.858222,34.561869,18603946222,8：00——22：00
中牟县,50118,特色/地方风味餐厅,张亮麻辣烫(中牟方特梦幻王国店),方特梦幻王国园区内临水餐厅档口,113.925118,34.769237,15104015698,8：00——22：00
中牟县,50118,特色/地方风味餐厅,张亮麻辣烫(福顺街店),福顺街新悦城3号馆2层202铺,113.937793,34.721545,15890108309,8：00——22：00
中牟县,50118,特色/地方风味餐厅,沙县小吃黄焖鸡米饭(伟业·巴黎印象店),商都路与福顺街向南100米路东,113.937462,34.720379,15359950220;19905993887,8：00——22：00
中牟县,50118,特色/地方风味餐厅,袁记云饺(中茂新悦城店),商都大道与福顺街交叉口中贸新悦城1层104铺袁记云饺,113.938296,34.721689,13592568762,8：00——22：00
中牟县,50118,特色/地方风味餐厅,张亮麻辣烫(郑州盛和社区店),郑庵镇文澜路盛和社区一号院A区-031,113.952876,34.687487,13333819916,8：00——22：00
中牟县,50118,特色/地方风味餐厅,袁记云饺(中牟县天泽城店),广惠街街道水木清华南门门面8-5-2号,113.962174,34.715843,15617897615,8：00——22：00
中牟县,50118,特色/地方风味餐厅,张亮麻辣烫(中牟海昌海洋公园店),广礼街5-12-65号,113.988363,34.786194,13940999855,8：00——22：00
中牟县,50118,特色/地方风味餐厅,路劲烧烤,路劲九郡一期东门北50米路东,113.995728,34.711557,15544097999,8：00——22：00
中牟县,50118,特色/地方风味餐厅,老城味道,东风路丰华街交叉口向南六百米路西,113.99836,34.713959,18339900295,8：00——22：00
中牟县,50118,特色/地方风味餐厅,喜掌门烧烤,中兴路与顺发路交叉口向北50米路西,114.009712,34.727567,18638224333,8：00——22：00
中牟县,50118,特色/地方风味餐厅,吉祥馄饨(河南郑州杉杉奥特莱斯店),大孟镇郑开大道406号郑州杉杉奥特莱斯购物广场F1,114.029909,34.782523,4001818818,8：00——22：00
中牟县,50118,特色/地方风味餐厅,大尚龙虾烧烤,大潘庄西南门旁,114.011886,34.714307,13939068246,8：00——22：00
中牟县,50118,特色/地方风味餐厅,崔记烧烤(爱乡路店),新鑫花园东北门旁,114.017538,34.73216,18848843929,8：00——22：00
中牟县,50118,特色/地方风味餐厅,大宁锦州海鲜烧烤(东风路店),东风路与文明路交叉口东60米,114.02033,34.712078,13363327258,8：00——22：00
中牟县,50118,特色/地方风味餐厅,中东饭店,雁鸣湖镇西村社区,114.079265,34.879501,13503853146,8：00——22：00
中牟县,50118,特色/地方风味餐厅,陈记驴肉馆,建安路职专东50米陈记驴肉馆,114.035802,34.73261,18639559670;18738131604,8：00——22：00
中牟县,50118,特色/地方风味餐厅,骨里香饭店,刁家乡刁家村143号,114.083123,34.54483,15137128648,8：00——22：00
中牟县,50118,特色/地方风味餐厅,农家小酒馆,刁家乡藕池任农家小酒馆,114.080618,34.519991,18768884362,8：00——22：00
中牟县,50118,特色/地方风味餐厅,钟小妹老式麻辣烫,豫兴家园二号院商业街三号楼一层14号,113.905623,34.795431,13290965288;18625515761,8：00——22：00
中牟县,50118,特色/地方风味餐厅,传统铁锅焖面手工水饺,桃村李村290号,113.980121,34.711775,15939274777,8：00——22：00
中牟县,50118,特色/地方风味餐厅,福莱喜饺子店,中东公路002县,114.087904,34.877884,13803993935,8：00——22：00
中牟县,50118,特色/地方风味餐厅,老一烧烤,府前路与官渡西路交叉口东北40米,114.023545,34.72013,15617518881,8：00——22：00
中牟县,50118,特色/地方风味餐厅,甘肃麻辣烫(幼儿路店)(中牟首家),青年路街道建设路与幼儿路交叉口向东100米路北,114.018691,34.722672,15838228308,8：00——22：00
中牟县,50118,特色/地方风味餐厅,沙县小吃黄焖鸡(盛和尚购优鲜店),盛和社区一号院东门东南140米,113.953488,34.688385,13346933345;13393819187,8：00——22：00
中牟县,50118,特色/地方风味餐厅,饺饺哥鲜香水饺,荟萃路与西坛巷交叉口西40米,114.01214,34.729586,15638893004,8：00——22：00
中牟县,50118,特色/地方风味餐厅,韦亮记黄焖鸡沙县小吃,中央花园东南门北50米,113.851537,34.752294,18339906663,8：00——22：00
中牟县,50118,特色/地方风味餐厅,小李羊汤烩面馆·清真,盛世家园东1门旁,113.998971,34.719529,17630232179,8：00——22：00
中牟县,50118,特色/地方风味餐厅,福味饺子人家,河南众邦保鲜库西南门旁,114.023659,34.711431,15824882237,8：00——22：00
中牟县,50118,特色/地方风味餐厅,一线鲜过桥米线·面(世祥花园店),广惠街街道新圃街北289号世祥花园,113.984815,34.720659,18838952729;18888132006,8：00——22：00
中牟县,50118,特色/地方风味餐厅,杨记手工水饺牛肉面,通惠路与复兴路交叉口向南150米路东,113.8864,34.734303,13526548950;13683856177,8：00——22：00
中牟县,50118,特色/地方风味餐厅,小何烧烤(水木清华店),学苑路与宝峰街交叉口向北100米,113.96433,34.716733,15537837178;18303862052,8：00——22：00
中牟县,50118,特色/地方风味餐厅,河间正宗驴肉火烧(四海路店),四海路锦龙花园,113.900928,34.692138,15028615121,8：00——22：00
中牟县,50118,特色/地方风味餐厅,杨国福麻辣烫(绿博店),大孟镇绿博六号绿博新城六号院,113.977981,34.767066,18538043050,8：00——22：00
中牟县,50118,特色/地方风味餐厅,纯手工水饺(锦荣百货店),郑州航空港区锦荣商城纯手工水饺馆,113.861458,34.563959,18939522112,8：00——22：00
中牟县,50118,特色/地方风味餐厅,白记千里香馄饨(白沙店),复兴路38号,113.88804,34.735604,13271683553,8：00——22：00
中牟县,50118,特色/地方风味餐厅,椒盐豆腐,绿博家苑G区南街,113.950339,34.792293,13849039225,8：00——22：00
中牟县,50118,特色/地方风味餐厅,杨国福麻辣烫(中牟南门美食街店),美食节西段第一家新年不放假,114.08358,34.868826,18749466661,8：00——22：00
中牟县,50118,特色/地方风味餐厅,马老二专业手工水饺(烧鸡),万邦国际批发市场北门西330米,113.941471,34.691041,15839068122;15839608122,8：00——22：00
中牟县,50118,特色/地方风味餐厅,中牟第一家专业炭火烤鲶鱼(中牟分店),青年路街道城东路小学斜对面南,114.034946,34.719564,13592524409;15225111085,8：00——22：00
中牟县,50118,特色/地方风味餐厅,河间驴肉馆,广惠街街道占杨新村,113.947408,34.699868,15011076386,8：00——22：00
中牟县,50118,特色/地方风味餐厅,贵爷概念沙县小吃(第七十五店),白沙镇锦绣家苑115铺,113.900112,34.749015,17720992799,8：00——22：00
中牟县,50118,特色/地方风味餐厅,老北京爆肚粉,航空港区永威南樾瑞苑东南门旁,113.866231,34.580641,13137717087,8：00——22：00
中牟县,50118,特色/地方风味餐厅,张亮麻辣烫(郑州万邦国际物流城店),占杨村万邦国际物流城,113.945902,34.699862,15238849960,8：00——22：00
中牟县,50118,特色/地方风味餐厅,里脊肉饼(大潘庄店),陇海路与建设南路交叉口东20米,114.016815,34.717794,15136191920,8：00——22：00
中牟县,50118,特色/地方风味餐厅,胖辉烧烤(顺发路店),顺发路东段路北(祥和宾馆西邻),114.008817,34.727172,18236996088,8：00——22：00
中牟县,50118,特色/地方风味餐厅,宝哥麻辣烫(新世纪广场店),青年西路与西环城路交叉口东120米,114.013032,34.726188,18625589651,8：00——22：00
中牟县,50118,特色/地方风味餐厅,杨姐麻辣烤面筋脆皮玉米,潮衣库服饰批发城西城巷南门旁,114.025607,34.725105,18736082981,8：00——22：00
中牟县,50118,特色/地方风味餐厅,咱家饺子(荟翠路),荟萃路与中兴路交叉口西20米,114.010382,34.729766,13803864705;15037142889,8：00——22：00
中牟县,50118,特色/地方风味餐厅,郏县滋补饸饹面,航空港区凌寒街,113.871062,34.559611,18239717438,8：00——22：00
中牟县,50118,特色/地方风味餐厅,渝味王麻辣烫,013县道与105县道交叉口东200米,113.84044,34.638639,15136238881,8：00——22：00
中牟县,50118,特色/地方风味餐厅,中牟县小宋手抓饼店,荟萃路与建设北路交叉口东60米,114.01887,34.729063,13663016198,8：00——22：00
中牟县,50118,特色/地方风味餐厅,武汉热干面(祥和小区店),广惠街街道雁鸣街2号祥和小区,113.982613,34.720978,13783614169;18737157986,8：00——22：00
中牟县,50118,特色/地方风味餐厅,天香饺子馆,郑州经济技术开发区祥云办事处北门东50米,113.834713,34.63805,13592671872,8：00——22：00
中牟县,50118,特色/地方风味餐厅,许昌吴庄驴肉(白沙店),郑州现代五金机电物流园南1门西80米,113.906366,34.728173,13503852933,8：00——22：00
中牟县,50118,特色/地方风味餐厅,骨里香(白沙店),郑东新区白沙镇金娃娃幼儿园对面一楼,113.890893,34.735224,13673394412;17339635108,8：00——22：00
中牟县,50118,特色/地方风味餐厅,沙县小吃(豫康新城店),航空港区郑港六街西100米,113.867203,34.565251,15036362322,8：00——22：00
中牟县,50118,特色/地方风味餐厅,郑州朱屯米粉(中牟二店),东风路街道官渡大街东菜市场斜对面,114.033512,34.718765,0371-67528027;15225070710,8：00——22：00
中牟县,50118,特色/地方风味餐厅,逍遥镇胡辣汤豆沫馆(官渡东路店),官渡大街东段东市场十字路南睡吧主题酒店对面,114.036877,34.718395,18530131526,8：00——22：00
中牟县,50118,特色/地方风味餐厅,洛阳羊肉汤富鑫总店,郑州航空港区富鑫公寓,113.857512,34.561267,18625572919,8：00——22：00
中牟县,50118,特色/地方风味餐厅,富君饺子馆,韩寺镇中心学校对面,114.109599,34.655882,0371-62303466;13803822658,8：00——22：00
中牟县,50118,特色/地方风味餐厅,韦滩五香兔肉,解放路辅路与建安路交叉口北60米,114.0311,34.733321,15517517681,8：00——22：00
中牟县,50118,特色/地方风味餐厅,沙县小吃现炒盖饭(宝峰街店),广惠街街道学苑路与宝丰街交叉路口西水木清华7号商铺,113.963768,34.715674,17746962780;18703671256,8：00——22：00
中牟县,50118,特色/地方风味餐厅,新月饺子馆,明德路与永乐路交叉口东北80米,114.023606,34.714235,15136152790,8：00——22：00
中牟县,50118,特色/地方风味餐厅,小建烧烤店,府前路与陇海路交叉口南80米,114.022561,34.716287,13938272618,8：00——22：00
中牟县,50118,特色/地方风味餐厅,贵爷概念沙县黄焖鸡米饭(百花路店),青年路街道百花路百花小区1号楼3单元,114.020316,34.722221,18538110201,8：00——22：00
中牟县,50118,特色/地方风味餐厅,新杨记鲜货烧烤,郑庵镇盛和惠民广场一层C11,113.954825,34.688875,17610735735,8：00——22：00
中牟县,50119,海鲜酒楼,水浒烤肉(豫兴家苑三号院店),豫兴街道吉瑞路与增福街交叉口向东南50米,113.907158,34.796124,19337152191,8：00——22：00
中牟县,50119,海鲜酒楼,秋波里爆蛋豆腐虾,世纪城时代广场4层,114.018523,34.723297,13938515277,8：00——22：00
中牟县,50119,海鲜酒楼,蔻海鲜炒鸡,B52-07,113.992199,34.789768,13122537888,8：00——22：00
中牟县,50119,海鲜酒楼,王胖子烧烤海鲜(锦绣绿苑店),航空港区大寨路28-17号,113.872323,34.556626,17503883008,8：00——22：00
中牟县,50119,海鲜酒楼,大宁锦州海鲜烧烤(绿博二号店),绿博新城六号院南门西四号,113.978334,34.766291,15801553682,8：00——22：00
中牟县,50119,海鲜酒楼,大宁龙虾生蚝扇贝王,哈尼贝比游乐园东边粮食市东院,114.007979,34.727988,13598442000;15824815698,8：00——22：00
中牟县,50119,海鲜酒楼,光头烧烤海鲜砂锅,白沙安置小区(郑信路东)高庄社区113-18,113.851634,34.760032,18736069808,8：00——22：00
中牟县,50119,海鲜酒楼,囍虾记,文通路与惠农路交叉口北角01号,113.955065,34.710689,15738416777,8：00——22：00
中牟县,50119,海鲜酒楼,都记鲍鱼炖鸡烧烤大排档,锦瑞路69号,113.843495,34.682189,15975735999,8：00——22：00
中牟县,50119,海鲜酒楼,疯狂小龙虾,敬业路与白沙路交叉口南100米,113.896233,34.739256,17344785828,8：00——22：00
中牟县,50119,海鲜酒楼,有钳肉蟹煲(中牟店),建设路与青年路世纪城2号楼1楼商铺,114.018847,34.724383,13393886189,8：00——22：00
中牟县,50119,海鲜酒楼,新旺盛海鲜店,万邦水产市场海鲜区C1区8号,113.942681,34.689628,13849061598,8：00——22：00
中牟县,50119,海鲜酒楼,蟹校记海鲜大世界,比克大道与文汇街交叉口西北360米,113.941936,34.688429,13592409798,8：00——22：00
中牟县,50119,海鲜酒楼,弄二两海鲜美食广场,商都大街与新圃街交叉口西北角,113.985824,34.718077,15538000843,8：00——22：00
中牟县,50119,海鲜酒楼,龙东海鲜大排档,龙善街与凌霜西路交叉口西140米,113.864032,34.683842,17700665222,8：00——22：00
中牟县,50119,海鲜酒楼,买佳炙子酸菜烤牛肉(中牟店),青年西路与西环城路交叉口南60米,114.011828,34.726084,18336135241,8：00——22：00
中牟县,50119,海鲜酒楼,怪味龙虾(绿博一号店),绿博一号便民市场南区4号,113.948778,34.792245,15981870731,8：00——22：00
中牟县,50119,海鲜酒楼,慕渔记蒸汽海鲜主题餐厅(中兴路店),中兴路与益民巷交叉口,114.00715,34.718037,13838131538,8：00——22：00
中牟县,50119,海鲜酒楼,万邦海鲜酒楼,万邦物流园水产区C6区11号,113.942997,34.68948,15238087128,8：00——22：00
中牟县,50119,海鲜酒楼,六味龙虾(九龙店),宇和路与龙真街交叉口东140米,113.863575,34.685275,17596117779,8：00——22：00
中牟县,50119,海鲜酒楼,豫蚝记海鲜,比克大道与文汇街交叉口西北400米,113.942481,34.689141,18211789614,8：00——22：00
中牟县,50119,海鲜酒楼,韩记海鲜,郑庵镇万邦海鲜市场B2区13A,113.942522,34.689718,18103748183;18837407397,8：00——22：00
中牟县,50119,海鲜酒楼,阿伟海鲜,比克大道与文汇街交叉口西北320米,113.942704,34.688439,13526661519;18939257458,8：00——22：00
中牟县,50119,海鲜酒楼,壹品龙虾,明阳路财富立方北门1号楼102-104商铺,113.945818,34.684033,19337055007,8：00——22：00
中牟县,50119,海鲜酒楼,捞汁小海鲜,2-1-H2107B,113.943441,34.690075,18037107891,8：00——22：00
中牟县,50119,海鲜酒楼,队长生蚝,万洪路7号,113.937775,34.689026,16638033902,8：00——22：00
中牟县,50119,海鲜酒楼,虎子海鲜,比克大道与文汇街交叉口西北440米,113.942626,34.689475,15936218391;18639001336,8：00——22：00
中牟县,50119,海鲜酒楼,浪淘金海鲜,比克大道与文汇街交叉口西北480米,113.942128,34.689819,13183016096,8：00——22：00
中牟县,50119,海鲜酒楼,零点烧烤·龙虾·海鲜,瑞昌路与通惠路交叉口东340米,113.89395,34.786121,17600267862,8：00——22：00
中牟县,50119,海鲜酒楼,巧炊娘怪味龙虾绿博二号店,大孟镇绿博新城8号院北门一楼商铺852号,113.978536,34.76599,13213132435,8：00——22：00
中牟县,50119,海鲜酒楼,华豫品膳坊陕西哨子面烧烤(永顺路),汉德如意府西门西50米,113.856679,34.772242,13015538535,8：00——22：00
中牟县,50119,海鲜酒楼,牛蛙大虾啤酒鸭,郑庵镇新玛特对面,113.92237,34.672646,15890020365,8：00——22：00
中牟县,50119,海鲜酒楼,厚道寿喜烧専門店(上东里店),上东国际,113.852321,34.773986,0371-60121169;13938446086,8：00——22：00
中牟县,50119,海鲜酒楼,三鑫海鲜,比克大道与文汇街交叉口西北400米,113.941938,34.688745,15515805089;15649053338,8：00——22：00
中牟县,50119,海鲜酒楼,长久舟山海鲜,万洪路(万邦国际批发市场),113.94463,34.689915,18955811116,8：00——22：00
中牟县,50119,海鲜酒楼,西湖烤鱼(锦荣悦汇城店),航空港区恩平湖地铁站出入口步行320米,113.862967,34.56525,0371-60928611;18037166799,8：00——22：00
中牟县,50119,海鲜酒楼,大口妹肉蟹煲(上东里店),郑东新区白沙镇上东里三号楼2层3-208-209-210号,113.854144,34.773915,13027721029;18103709180,8：00——22：00
中牟县,50119,海鲜酒楼,徒手海鲜餐厅(暂停营业),广惠街与博见路交叉口向西150米路北,113.978414,34.766204,19937539991,8：00——22：00
中牟县,50119,海鲜酒楼,韩风源烧烤涮自助餐厅(中茂新悦城店),商都大道与福顺街交叉口东南角中茂新悦城3号楼2楼,113.937785,34.721526,0371-62126152;17537168766,8：00——22：00
中牟县,50119,海鲜酒楼,韩风源烧烤涮自助餐厅(悦汇城店),航空港区雍州路与巡航路交叉口锦荣悦汇城二层西南角,113.861713,34.564947,0371-89908818;17303815599,8：00——22：00
中牟县,50119,海鲜酒楼,胖大力肉蟹煲(锦荣悦汇城店),航空港区锦荣悦汇城3楼B馆3011,113.861227,34.564853,18638124208;19103805655,8：00——22：00
中牟县,50119,海鲜酒楼,土大力休闲餐厅(杉杉奥特莱斯店),郑开大道与雁鸣大道交叉口杉杉奥特莱斯二楼,114.027525,34.782875,15538097329,8：00——22：00
中牟县,50119,海鲜酒楼,花千代秘制烤鱼(中牟奥斯卡影城店),青年路街道建设路世纪4楼21铺,114.018047,34.723299,13526699687,8：00——22：00
中牟县,50119,海鲜酒楼,郑老六东北鲜肉烧烤海洋大咖,郑东新世界南1门西南70米,113.900714,34.740262,17629371985,8：00——22：00
中牟县,50119,海鲜酒楼,鱼你在一起(奥特莱斯店),郑州杉杉奥莱·中牟店,114.029827,34.782872,15238358567,8：00——22：00
中牟县,50119,海鲜酒楼,夜小红炒虾尾岗李店,郑开大道有芦医庙大街西南路,113.850866,34.774321,15518271993,8：00——22：00
中牟县,50119,海鲜酒楼,江边山城烤鱼店(有色地质家园店),白沙镇郑开大道雁鸣路交叉口有色地质家园13号楼119,113.900199,34.773887,13523487020;13603841805,8：00——22：00
中牟县,50119,海鲜酒楼,烧记公头牌甲鱼(中牟总店),滨河路东侧水岸新城22号楼101-103铺,113.995776,34.727056,15516160638,8：00——22：00
中牟县,50119,海鲜酒楼,炊巷里烧烤·小龙虾(美盛象湖100·方特店),美盛象湖100南门向西20米路北,113.905252,34.776471,17839992994,8：00——22：00
中牟县,50119,海鲜酒楼,战胜烧烤碳锅鱼,顺发路与中兴路交叉口西北60米,114.009299,34.727109,13014655956,8：00——22：00
中牟县,50119,海鲜酒楼,鱼你在一起(敬业路店),敬业路66号,113.89677,34.738468,13949045583,8：00——22：00
中牟县,50119,海鲜酒楼,敞开撸肥肠鸡·烤鱼(营河社区店),航空港区巡航路22-10号,113.870045,34.56328,15036099527,8：00——22：00
中牟县,50119,海鲜酒楼,邂逅肉蟹煲主题餐厅(天泽城店),学苑路与寿圣街交叉口天泽城广场三楼邂逅肉蟹煲,113.961529,34.716953,15136253136,8：00——22：00
中牟县,50119,海鲜酒楼,胖大力肉蟹煲(直营第三分店),郑牟东路与芦医庙大街交叉路口往西约100米,113.842082,34.68236,15036047518;18537171493,8：00——22：00
中牟县,50119,海鲜酒楼,天竹渔村纸包鱼(绿博二号店),博丰路与牡丹七街交叉口南20米路东,113.977925,34.765735,15639038121,8：00——22：00
中牟县,50119,海鲜酒楼,三合炒鸡炒虾尾(绿博新城六号院店),博见路与牡丹七街交口向东10路南,113.978151,34.766208,15038273865,8：00——22：00
中牟县,50119,海鲜酒楼,华夏胡羊排香辣虾,白沙镇通惠路与复兴路交叉口向东10米路南一楼,113.886783,34.735708,0371-62360911;18937172913,8：00——22：00
中牟县,50119,海鲜酒楼,赖胖子肉蟹煲(世纪城店),青年路建设路交叉口世纪城四楼,114.018143,34.72365,0371-56787818,8：00——22：00
中牟县,50119,海鲜酒楼,夜猫子秘制虾尾,广惠街街道宝峰街南153号蓝爵世家,113.961675,34.718225,13083697920,8：00——22：00
中牟县,50119,海鲜酒楼,四季烧烤炒鸡虾尾,航空港区豫康新城南区南1门西南50米,113.864239,34.562958,13015512708,8：00——22：00
中牟县,50119,海鲜酒楼,高明龙虾烧烤夜市大排档,复兴路1-02号,113.895737,34.734612,19069639700,8：00——22：00
中牟县,50119,海鲜酒楼,齐卤仙熟食商贸,万邦熟食大厅D-1-83-83A号,113.940072,34.690206,13298243337,8：00——22：00
中牟县,50119,海鲜酒楼,拾串烧烤·小龙虾,象湖南路56-10号,113.856044,34.771443,19211759775,8：00——22：00
中牟县,50119,海鲜酒楼,小龙虾吃过瘾,航空港区鑫荣中央金地A3-1105号,113.855194,34.56269,13177525209,8：00——22：00
中牟县,50119,海鲜酒楼,夜小红炒虾尾.地锅鸡,商都大道广惠街星城东路集贸市场一排21-22号,113.925532,34.722985,19693809020,8：00——22：00
中牟县,50119,海鲜酒楼,恒顺三文鱼,万邦水产市场酒店用品1区H1105,113.941502,34.690129,15515608882,8：00——22：00
中牟县,50119,海鲜酒楼,炒鸡鱼馆,白沙路与通惠路交叉口西北400米,113.884029,34.741671,13643831727,8：00——22：00
中牟县,50119,海鲜酒楼,桥边秘制烤鱼鲜炒鸡,宇通和谐家园一区西门,113.868997,34.685085,13526680600,8：00——22：00
中牟县,50119,海鲜酒楼,袁氏秘制鲜炒鸡酸菜鱼,良秀路与大有路交叉口东160米,113.862504,34.763115,13333710898,8：00——22：00
中牟县,50119,海鲜酒楼,叫花鸡糟鱼(陈家卤味),郑州经济技术开发区经北二路与凤栖路交叉口金地名悦-北门11,113.90604,34.719459,13137708955;13525588655,8：00——22：00
中牟县,50119,海鲜酒楼,疯狂小龙虾,建设路6号,114.016505,34.718406,15398124333,8：00——22：00
中牟县,50119,海鲜酒楼,虾之味小餐馆,白沙镇永顺路与恭秀路交叉口向西50米路南一层,113.853131,34.759727,13526822226,8：00——22：00
中牟县,50120,中式素菜馆,开封杞县砂锅,郑庵镇农商银行对面,113.918528,34.672372,18737855814,8：00——22：00
中牟县,50120,中式素菜馆,黄焖鸡,航空港区富鑫公寓7-114,113.85712,34.560138,13803849813,8：00——22：00
中牟县,50121,清真菜馆,肯德基(杉杉奥莱店),郑开大道杉杉奥特莱斯购物广场B10800铺位,114.030803,34.781526,0371-60265002,8：00——22：00
中牟县,50121,清真菜馆,香雪儿(学苑路店),广惠街街道学苑路西51号金恒基·金帝城,113.964706,34.71551,0371-62195516,8：00——22：00
中牟县,50121,清真菜馆,味千拉面(杉杉奥特莱斯广场·郑州店),中牟县大孟镇郑开大道406号杉杉奥特莱斯广场一期2层A20500号铺位,114.027326,34.783045,0371-55210106,8：00——22：00
中牟县,50121,清真菜馆,眷茶臻选(中牟杉杉奥特莱斯店),大孟镇郑开大道406号杉杉奥特莱斯购物广场一期XDP-15a号,114.029978,34.781227,13007613786,8：00——22：00
中牟县,50121,清真菜馆,肯德基(青年路店),青年路105号中牟一层二层,114.024647,34.724685,0371-80961926,8：00——22：00
中牟县,50121,清真菜馆,丰源烩面,,113.982535,34.723286,0371-60210277;13213213761;13938567327,8：00——22：00
中牟县,50121,清真菜馆,窗外西餐厅(普罗理想国店),郑开大道与雁鸣大道交汇处(彩虹隧道西侧),114.02595,34.787914,0371-60198773,8：00——22：00
中牟县,50121,清真菜馆,农夫刘先生(港区相州店),航空港经济综合实验区滨河街道农贸市场一号楼一层39-2,113.863935,34.576779,13623820853,8：00——22：00
中牟县,50121,清真菜馆,北岛烤肉吧,普罗城西七苑西南,114.018842,34.786862,17335723066;17677611947,8：00——22：00
中牟县,50121,清真菜馆,九田家黑牛烤肉料理(天泽城店),学苑路与寿圣街交汇处天泽城三楼,113.961741,34.716902,0371-62193589,8：00——22：00
中牟县,50121,清真菜馆,农夫刘先生(张湖桥店),永顺和园西门旁,113.85288,34.76455,13008013225,8：00——22：00
中牟县,50121,清真菜馆,冬立鸡血汤,泰安街清华园小区-北院,114.001652,34.718055,13523494777;13598897894,8：00——22：00
中牟县,50121,清真菜馆,德克士(象湖丹尼斯店),象湖南路与永顺路交叉口丹尼斯百货1层,113.857465,34.771947,0371-63719080,8：00——22：00
中牟县,50121,清真菜馆,米村拌饭(杉杉奥特莱斯店),郑开大道406号A27400,114.02929,34.782024,13836426660,8：00——22：00
中牟县,50121,清真菜馆,霸王茶姬(郑州中牟杉杉奥莱店),大孟街道中牟县杉杉奥特莱斯二期前广场,114.030278,34.782277,13526786086,8：00——22：00
中牟县,50121,清真菜馆,霸王茶姬(郑州中牟世纪城时代广场店),中牟世纪城时代广场一楼最东面,114.018926,34.722878,16656066483;18103719383,8：00——22：00
中牟县,50121,清真菜馆,必胜客(杉杉奥莱店),郑开大道与雁鸣大道交叉口杉杉奥特莱斯购物广场一层A12600,114.029088,34.782687,0371-55387121;4009701890,8：00——22：00
中牟县,50121,清真菜馆,塔斯汀中国汉堡(上东城2期店),郑东新区白沙镇中江华庭二期2-1号楼1单元1-2层105-106塔斯汀中国汉堡,113.852902,34.773426,17329310266,8：00——22：00
中牟县,50121,清真菜馆,CHAGEE霸王茶姬(上东里店),"郑开大道上东里3号楼一层3-131,3-132,3-136铺",113.854279,34.773966,17700661899,8：00——22：00
中牟县,50121,清真菜馆,太子浓心招牌炸酱小锅米线(上东里店),上东国际,113.853195,34.773664,18530830056,8：00——22：00
中牟县,50121,清真菜馆,DQ(杉杉奥特莱斯店),宝兴路杉杉奥特莱斯广场二期室外1层C14301号,114.030082,34.782567,13071083261;18839461089,8：00——22：00
中牟县,50121,清真菜馆,肯德基(郑开大道店),郑开大道上东城北侧约80米,113.853568,34.774015,19939903885,8：00——22：00
中牟县,50121,清真菜馆,德克士(豫兴家苑店),豫兴路办事处豫兴常白幸福家院10号楼商业楼楼009号,113.910974,34.79703,0371-62272188,8：00——22：00
中牟县,50121,清真菜馆,眷茶(郑州只有河南地坑院),只有河南戏剧幻城地坑院1D02号,113.998733,34.799442,18638253280,8：00——22：00
中牟县,50121,清真菜馆,郑喜旺烧烤(中牟店),水木清华,113.960556,34.71808,18537153951,8：00——22：00
中牟县,50121,清真菜馆,华霆盛宴礼宴中心,惠农路听篌街交叉口,113.946538,34.711521,19059606068,8：00——22：00
中牟县,50121,清真菜馆,阿平牛杂(中牟杉杉奥特莱斯广场·郑州店),大孟镇郑开大道406号郑州杉杉奥特莱斯购物广场F2,114.03013,34.782665,18003863566,8：00——22：00
中牟县,50121,清真菜馆,塔斯汀中国汉堡(沃金广场店),航空港区郑港四街西侧6号富鑫小区商业1号楼1层102,113.858476,34.562121,15515916579,8：00——22：00
中牟县,50121,清真菜馆,汉堡王(富士康F区店),航空港区郑州富士康科技园F区F15餐厅1楼,113.855121,34.553265,18337189928;18774538876,8：00——22：00
中牟县,50121,清真菜馆,张记卤肉老店,平安大道与万三公路交叉口东260米,113.926016,34.788832,15038095940,8：00——22：00
中牟县,50121,清真菜馆,德克士(中牟世纪城餐厅),中牟世纪城裙楼1层120铺,114.017842,34.72332,0371-62262966,8：00——22：00
中牟县,50121,清真菜馆,河南知味斋冷库有限公司,,113.848073,34.654484,0371-62276777;13393713888;13838598809,8：00——22：00
中牟县,50121,清真菜馆,德克士(新郑机场北中心),航空港区T2新郑机场隔离区3层258登记口对面,113.85712,34.526865,0371-63469695,8：00——22：00
中牟县,50121,清真菜馆,茶百道(中牟上东里店),上东里三号楼1层101号,113.853647,34.773698,17303710477,8：00——22：00
中牟县,50121,清真菜馆,艾遇露营餐饮(暂停营业),管城回族区管城回族区经济技术开发区华夏大道黄商村,113.823378,34.656738,17629381999,8：00——22：00
中牟县,50121,清真菜馆,鹿营·森林地(暂停营业),刘集镇人文路与郑汴物流通道交叉口北20米,113.938911,34.763571,13676958888,8：00——22：00
中牟县,50121,清真菜馆,茶百道(岗赵村商业步行街店),岗赵市场店北14号,113.889464,34.793083,15136172728;15290405470,8：00——22：00
中牟县,50121,清真菜馆,星巴克(郑州杉杉奥特莱斯店),大孟镇郑开大道406号杉杉奥特莱斯购物广场1层A15900单元大道,114.028689,34.782216,0371-65350853,8：00——22：00
中牟县,50121,清真菜馆,德克士(荣城百货店),白沙镇青年路与恒通路交叉口亿佰佳一层,113.895282,34.740276,15237125971;18039280029,8：00——22：00
中牟县,50121,清真菜馆,满芳兰庭滋补烩面(郑东新区永顺路店),永顺路18号,113.851687,34.750064,0371-60331109,8：00——22：00
中牟县,50121,清真菜馆,香雪儿(绿城·百合花园店),中牟新城绿城百合1号楼2号商铺(1栋附2)牟山路与永福街交叉口西北角,113.981488,34.721399,0371-62188518,8：00——22：00
中牟县,50121,清真菜馆,肯悦咖啡(上东里店),郑开大道55号3号楼1层,113.853788,34.773963,19939903885,8：00——22：00
中牟县,50121,清真菜馆,李军力烧烤(营河店),航空港区凌空街85-12,113.867988,34.565317,19900917957,8：00——22：00
中牟县,50121,清真菜馆,茶百道(郑州港区悦汇城店),航空港区空港经济综合实验区雍州路与巡航路交汇处锦荣悦汇城1层A101商铺,113.861275,34.564925,16638086661,8：00——22：00
中牟县,50121,清真菜馆,瑞幸咖啡(只有河南戏剧幻城店),广信街平安大道只有河南戏剧幻城地坑院1D11号,113.99878,34.798853,4000100100,8：00——22：00
中牟县,50121,清真菜馆,优典烘焙(滨河店),航空港区巡航路与凌寒街76-48号(滨河花园交叉口优典烘焙),113.871174,34.563355,0371-56012333,8：00——22：00
中牟县,50121,清真菜馆,汴梁苏府烩面,富贵六路与牡丹七街交叉口东50米路南631号商铺,113.978184,34.769057,13283712506;18688155115,8：00——22：00
中牟县,50121,清真菜馆,香雪儿(中牟官渡店),官渡大街张杨贵西50米,114.010137,34.722164,0371-62181518;15037184451,8：00——22：00
中牟县,50121,清真菜馆,豪享来(中牟天泽城店),学苑路与寿圣街交叉路口天泽城F2,113.961425,34.716225,0371-62388956,8：00——22：00
中牟县,50121,清真菜馆,四厂老烩面(豫兴家苑五号院店),豫兴家苑五号院西门南180米,113.911883,34.797321,13303716086,8：00——22：00
中牟县,50121,清真菜馆,尚品鑫隆(亿弘锦园店),广惠街街道商都大道西526号亿弘锦园,113.969064,34.717759,0371-62188869;15890112888,8：00——22：00
中牟县,50121,清真菜馆,香雪儿(白沙店),恒通风景苑南门西130米,113.892982,34.735307,0371-86693166,8：00——22：00
中牟县,50121,清真菜馆,塔斯汀中国汉堡(郑州市九龙店),凌霜西路6号S-7号楼1层104号,113.867469,34.684423,19139736759,8：00——22：00
中牟县,50121,清真菜馆,锅圈食汇(豫兴家苑店),豫兴家苑六号院西门南140米,113.914762,34.798339,13007625020,8：00——22：00
中牟县,50121,清真菜馆,爷爷不泡茶NOYEYENOTEA(郑州中牟岗赵市场店),岗赵村商业步行街东门西70米,113.889904,34.79298,18530883563,8：00——22：00
中牟县,50121,清真菜馆,塔斯汀中国汉堡(郑州市中牟新悦城店),商都路中茂新悦城2号馆1层111号商铺,113.938547,34.722063,18538008933,8：00——22：00
中牟县,50121,清真菜馆,塔斯汀中国汉堡(世纪城店),建设路37号一楼,114.017364,34.724193,19337165488,8：00——22：00
中牟县,50121,清真菜馆,星巴克(郑州新郑机场到达层店),航空港区机场迎宾大道郑州新郑国际机场T2航站楼2F层国内到达接机口旁,113.856817,34.526403,0371-89909972,8：00——22：00
中牟县,50121,清真菜馆,喜茶(郑州中牟杉杉奥特莱斯店),郑开大道杉杉奥特莱斯6号连廊TCW121铺,114.029951,34.78216,15324735630,8：00——22：00
中牟县,50121,清真菜馆,古茗(中牟白沙岗赵店),岗赵市场南25号,113.889242,34.792983,18595752127,8：00——22：00
中牟县,50121,清真菜馆,哆来咪都市快餐(万邦店),万洪路与文通路交叉口西240米,113.946529,34.690608,19137627177,8：00——22：00
中牟县,50121,清真菜馆,德克士(万华奥莱餐厅),广惠街街道文通路万华世界1楼北1号商铺,113.949674,34.70061,17303832220,8：00——22：00
中牟县,50121,清真菜馆,炭佬味齐齐哈尔鲜切烤肉自助(白沙店),郑东宽景一品一号楼106号,113.893285,34.739714,18603946222,8：00——22：00
中牟县,50121,清真菜馆,1点点(上东国际店),上东国际3号楼3-105-106,113.854429,34.773547,18003836238,8：00——22：00
中牟县,50121,清真菜馆,茶百道(郑州郑东新区白沙店),白沙镇龙辉建材仓库1排1-2-3号,113.896735,34.738735,15238771833,8：00——22：00
中牟县,50121,清真菜馆,锦鲤坊(上东里店),上东国际上东里2号楼一层2-126,113.852747,34.774114,19003831706,8：00——22：00
中牟县,50121,清真菜馆,水浒烤肉(永顺路店),郑开大道69-2号,113.856956,34.773371,13661526851,8：00——22：00
中牟县,50121,清真菜馆,好想你(沃金店),航空港区郑港七路与郑港四街交叉口向西50米路南,113.858835,34.562731,0371-86238632,8：00——22：00
中牟县,50121,清真菜馆,塔斯汀中国汉堡(白沙店),白沙镇敬业路与青年路交叉口向南5号一层和二层,113.896765,34.739846,13373923938,8：00——22：00
中牟县,50121,清真菜馆,喜茶(郑州中牟上东里店),郑开大道与芦医庙大街东南侧上东里4号楼一层(中国银行旁),113.854967,34.773678,19513306000,8：00——22：00
中牟县,50121,清真菜馆,香雪儿(建设南路店),建设路与官渡大街交叉口向北50米路西,114.017175,34.722475,0371-85391189,8：00——22：00
中牟县,50121,清真菜馆,爷爷不泡茶NOYEYENOTEA(郑州中牟世纪城店),建设路世纪城时代广场1楼5号铺,114.01827,34.723454,19913842532,8：00——22：00
中牟县,50121,清真菜馆,肯德基(天泽城店),圣街学苑路交叉口东北角天泽城商场一层,113.961382,34.716134,0371-60118700,8：00——22：00
中牟县,50121,清真菜馆,韩式烤冷面小破街(岗赵村商业步行街店),知行路与天佑路交叉口南140米,113.888619,34.79216,18768844391,8：00——22：00
中牟县,50121,清真菜馆,瑞幸咖啡(郑州杉杉奥特莱斯购物广场店),郑开大道艺文东街杉杉奥特莱斯广场二期室内馆A2出口底商,114.030296,34.782566,4000100100,8：00——22：00
中牟县,50121,清真菜馆,塔斯汀中国汉堡(郑州中牟杉杉奥特莱斯广场店),郑州杉杉奥莱·中牟店,114.029081,34.78306,18539955762,8：00——22：00
中牟县,50121,清真菜馆,沪上阿姨·精选茶饮(郑州沃金商业广场店),航空港区沃金商业1号楼1单元1层109,113.858828,34.560398,16692123899,8：00——22：00
中牟县,50121,清真菜馆,香雪儿(上东国际店),郑开大道55号上东国际上东里3号楼1层3-133、134号,113.854172,34.773913,0371-62272238,8：00——22：00
中牟县,50121,清真菜馆,诺客西西里牛排(象湖丹尼斯店),永顺路与象湖南路交叉口东北角丹尼斯5楼Q16,113.857542,34.771282,18838080844,8：00——22：00
中牟县,50121,清真菜馆,李军力烧烤(上东里店),郑开大道上东国际1号楼1层,113.851787,34.774002,0371-88916257,8：00——22：00
中牟县,50121,清真菜馆,谷养元粥铺,建设路与官渡大街交叉口西南角,114.017022,34.720566,18538221182,8：00——22：00
中牟县,50121,清真菜馆,锅圈食汇(复兴路店),白沙镇敬业路与复兴路交叉口向西500路北112号铺,113.892675,34.735325,13837103388,8：00——22：00
中牟县,50121,清真菜馆,方中山胡辣汤(港区二店),航空港区凌寒街与梯航路交叉口北50米路西,113.871176,34.56069,13373939637,8：00——22：00
中牟县,50121,清真菜馆,塔斯汀中国汉堡(山顶公寓店),航空港区滨河街道办事处山顶公寓一层1号-8号,113.868761,34.562955,19138199963,8：00——22：00
中牟县,50121,清真菜馆,香雪儿(象湖店),白沙镇郑信路115号栖瑞家苑,113.852084,34.763778,0371-62191969;15517118002,8：00——22：00
中牟县,50121,清真菜馆,蛮炉石板烤肉(锦荣悦汇城店),航空港区锦荣悦汇城6号门一楼,113.86291,34.564615,13633822909;19337157668,8：00——22：00
中牟县,50121,清真菜馆,极拉图(中牟杉杉奥特莱斯广场·郑州店),杉杉奥特莱斯2期广场中央位置,114.029881,34.782633,13816042281,8：00——22：00
中牟县,50121,清真菜馆,老街坊羊汤馆(金恒基·金帝城店),学苑路与宝峰街交叉口北100米路东,113.96475,34.716489,15238357333,8：00——22：00
中牟县,50200,外国餐厅,米村拌饭(中牟中茂尚悦广场店),中茂尚悦广场,113.938265,34.721596,18704624190,8：00——22：00
中牟县,50200,外国餐厅,正是牛排(万邦国际批发市场店),比克大道与文汇街交叉口北240米,113.944448,34.688156,17814636669,8：00——22：00
中牟县,50200,外国餐厅,小木屋拌饭(郑州中牟世纪城店),世纪城4层,114.018237,34.723511,18939111306,8：00——22：00
中牟县,50200,外国餐厅,万邦麦基斯西餐,万洪路万邦国际批发市场,113.94591,34.689649,13083887361;19503868382,8：00——22：00
中牟县,50200,外国餐厅,N多寿司(郑州世纪城店),青年路街道建设路世纪城时代广场3号楼1楼120商铺,114.01829,34.723456,15324927698,8：00——22：00
中牟县,50200,外国餐厅,N多寿司(郑州象湖南路丹尼斯店),郑东新区白沙镇永顺路与象湖南路交叉口丹尼斯5楼Q1号,113.857239,34.771141,13523405332,8：00——22：00
中牟县,50200,外国餐厅,牛魔王街头牛排(沃金商业广场店),航空港区滨河街道沃金商业广场负一楼17号小木屋,113.859352,34.56184,13781138078,8：00——22：00
中牟县,50200,外国餐厅,香当牛原切牛排,航空港区桥航路79号,113.864626,34.580606,15936227713,8：00——22：00
中牟县,50200,外国餐厅,金三顺极简韩餐(工商小破gai店),岗赵市场南排1层45-46号,113.888398,34.792928,15136103120,8：00——22：00
中牟县,50200,外国餐厅,N多寿司(郑州沃金店),航空港区巡航路73-1号沃金商业广场步行入口第一家,113.857909,34.560863,15290660210,8：00——22：00
中牟县,50200,外国餐厅,千里香馄饨,毕虎村路与牟州街交叉口南20米,113.967833,34.708787,13838567138;17737134336,8：00——22：00
中牟县,50200,外国餐厅,韩式刀削面,雁鸣湖镇农贸市场006号,114.090373,34.871597,13592432822,8：00——22：00
中牟县,50200,外国餐厅,朝鲜冷面店(官渡西路),青年路街道官渡大街建设银行东五十米,114.026168,34.719379,18790265350,8：00——22：00
中牟县,50200,外国餐厅,小彬铁板烧,青年路街道自由街診所隔壁,114.027589,34.725523,15036100026,8：00——22：00
中牟县,50200,外国餐厅,司喜屋寿司(世纪城时代广场店),世纪城时代广场4楼,114.018625,34.723125,13849175402,8：00——22：00
中牟县,50200,外国餐厅,N多寿司(郑州奥特莱斯店),大孟镇杉杉奥特莱斯美食广场B17300,114.028433,34.779851,15236632939,8：00——22：00
中牟县,50200,外国餐厅,彦喜屋日式料理,航空港区长安路万科幽兰园东门,113.849253,34.586018,13673631036,8：00——22：00
中牟县,50200,外国餐厅,牟州街手工凉皮米线,牟州街北976号,113.967867,34.709937,15890636277,8：00——22：00
中牟县,50201,西餐厅(综合风味),八岗镇森比特汉堡(中西复合餐厅),航空港区八岗镇和谐大道,113.935075,34.591386,15981940178,8：00——22：00
中牟县,50201,西餐厅(综合风味),私房菜馆,花园综合批发超市入口西460米,113.908782,34.807568,13223083325,8：00——22：00
中牟县,50201,西餐厅(综合风味),麦加美汉堡(郑尉路店),郑州经济开发区祥云办事处席庄村综合市场西(麦佳美汉堡),113.837457,34.638398,15890674409,8：00——22：00
中牟县,50201,西餐厅(综合风味),阿生哥螺蛳粉(郑东新区店),市场综合管理处西门旁,113.851069,34.784053,13333861394,8：00——22：00
中牟县,50201,西餐厅(综合风味),张记烩面(刁黄路店),航空港区第一二六中学西南门西150米,113.985018,34.555766,15093338686;15738861087,8：00——22：00
中牟县,50201,西餐厅(综合风味),李英羊双肠(中牟一分店),府前路与东风路交叉口北100米路西,114.021225,34.712475,13838322736,8：00——22：00
中牟县,50201,西餐厅(综合风味),穆林四味鲜汤,中兴路与商都路交叉口西60米路北,114.008252,34.725479,13938422221,8：00——22：00
中牟县,50201,西餐厅(综合风味),牛汤飘香,青年西路中国邮政旁(中牟宾馆附近),114.027438,34.724114,13203846091,8：00——22：00
中牟县,50201,西餐厅(综合风味),聚福苑(中牟店),航空港区八岗办事处工作委员会西南门东南60米,113.96788,34.588931,13271576875,8：00——22：00
中牟县,50201,西餐厅(综合风味),县令家老烩面(永威南樾店),航空港区凌空街桥航路交叉口西100米,113.865936,34.580485,13783623444,8：00——22：00
中牟县,50201,西餐厅(综合风味),滋补烩面馆,瓦灰郭村西头,114.144317,34.635645,18337135114,8：00——22：00
中牟县,50201,西餐厅(综合风味),武大郎烧饼,航空港区冯唐乡医院南侧50米路西,113.980956,34.465219,15903606531,8：00——22：00
中牟县,50201,西餐厅(综合风味),三元胡辣汤,航空港区万三路与龙港西环交叉口东20米,113.92964,34.596699,13071066763,8：00——22：00
中牟县,50201,西餐厅(综合风味),东北老式麻辣烫,航空港区营河社区西门北200米,113.867917,34.567687,19515507124,8：00——22：00
中牟县,50201,西餐厅(综合风味),西安特色油泼面,航空港区凌寒街97-38号,113.869231,34.555339,13379474945,8：00——22：00
中牟县,50201,西餐厅(综合风味),罗府牛杂,航空港区始祖路与冀州路交叉口西220米,113.926083,34.535666,15238618099,8：00——22：00
中牟县,50201,西餐厅(综合风味),福源烩面,航空港区中国石化冯堂加油站西北侧160米,113.978139,34.452824,19515557566,8：00——22：00
中牟县,50201,西餐厅(综合风味),张记鲜炒鸡啤酒鸭卤肉,航空港区仓储五街与仓储四路交叉口西160米,113.893275,34.463975,13526686365,8：00——22：00
中牟县,50201,西餐厅(综合风味),江西烧菜瓦罐煨汤木桶饭,泰安街117号商铺,114.002201,34.721575,13014620192,8：00——22：00
中牟县,50300,快餐厅,柳州肥姨妈大骨螺蛳粉(天泽城店),天泽城万胜路蓝爵世家南门对面,113.962868,34.717733,13733191619,8：00——22：00
中牟县,50300,快餐厅,绝味鸭脖(世纪城店),青年路街道青年西路农校西邻,114.018734,34.722748,15284601123,8：00——22：00
中牟县,50300,快餐厅,太子浓心招牌炸酱小锅米线(杉杉奥莱店),杉杉奥特莱斯2期2楼C24600(阿迪对面),114.03038,34.782689,19339983382,8：00——22：00
中牟县,50300,快餐厅,阿三生煎(郑州杉杉奥莱·中牟店店),郑州杉杉奥莱·中牟店,114.02962,34.783048,15093622070,8：00——22：00
中牟县,50300,快餐厅,方中山胡辣汤(万邦店),郑庵镇万洪路与文通路交叉口向西500米路南,113.946509,34.690639,13939000242,8：00——22：00
中牟县,50300,快餐厅,方中山胡辣汤(福顺街店),广惠街绿博半岛小区14号楼101,113.937354,34.722256,15036064111,8：00——22：00
中牟县,50300,快餐厅,和府捞面(郑州杉杉奥莱店),郑开大道406号杉杉奥特莱斯一期室外馆2楼餐饮区(近3号门),114.02929,34.782024,18595928928,8：00——22：00
中牟县,50300,快餐厅,方中山胡辣汤(白沙店),青年路与恒通路交叉口西北角,113.896231,34.740493,13592628205,8：00——22：00
中牟县,50300,快餐厅,逍遥镇李中心胡辣汤(金汤总店),陇海路与建设南路交叉口东南20米,114.016712,34.71761,15093276519,8：00——22：00
中牟县,50300,快餐厅,醉面(郑州杉杉奥特莱斯店),郑州杉杉奥莱·中牟店,114.02928,34.782957,15286814573,8：00——22：00
中牟县,50300,快餐厅,刘婉婉生炸妙龄鸡(港区店),航空港区家家欣购物广场1层外围B19,113.86022,34.563761,15138939260,8：00——22：00
中牟县,50300,快餐厅,一品香牛肉胡辣汤(绿博新城4号院店),牡丹七街与富贵六路交叉口北300米,113.978258,34.771794,13526480270,8：00——22：00
中牟县,50300,快餐厅,方中山胡辣汤(泰安街店),泰安街与商都路往南30米路东,114.002523,34.721935,18203622490,8：00——22：00
中牟县,50300,快餐厅,阿生哥螺蛳粉(沃金商业广场店),郑州航空港区领航中心负一楼104号(沃金商业广场北门门口第一家),113.858827,34.562526,15138677668,8：00——22：00
中牟县,50300,快餐厅,小烧饼土家菜(象湖店),锦绣路与良秀路交叉口南向西100米路南,113.862456,34.763264,13733819977,8：00——22：00
中牟县,50300,快餐厅,李四辈饣它汤(28店象湖店),郑开大道永顺路交叉口向南一百米路东,113.857597,34.772908,13027723977;13461799959,8：00——22：00
中牟县,50300,快餐厅,傣你来云南特色小吃,大孟镇普罗理想国西1苑1号楼01号商铺,114.026441,34.790431,18638639753,8：00——22：00
中牟县,50300,快餐厅,柳州肥姨妈大骨螺蛳粉(沃金商业广场店),航空港区富鑫公寓4-113号,113.858221,34.561971,18864477555,8：00——22：00
中牟县,50300,快餐厅,膳寿福胡辣汤(绿博2号店),绿博2号商业房4-139,113.978238,34.769349,15093153728,8：00——22：00
中牟县,50300,快餐厅,超意兴快餐(丹桂苑店),永顺路39号丹桂苑小区113-114铺,113.852104,34.751193,17516218176;17837886129,8：00——22：00
中牟县,50300,快餐厅,肯德基(只有河南·戏剧幻城店),剪影路以南平安大道北辅道北文创路以东文信路以西只有河南戏之国E-1一层,113.999777,34.798378,4009200715,8：00——22：00
中牟县,50300,快餐厅,膳寿福胡辣汤(青年西路店),青年路小学东北1门旁,114.022785,34.724536,13253442283,8：00——22：00
中牟县,50300,快餐厅,塔斯汀中国汉堡(水木清华店),水木清华商铺8-05,113.962102,34.7159,15537189699,8：00——22：00
中牟县,50300,快餐厅,塔斯汀中国汉堡(大有嘉苑店),白沙镇郑信路东大有庄社区3-1号,113.852144,34.763173,18695832202,8：00——22：00
中牟县,50300,快餐厅,华莱士·全鸡汉堡(白沙),唯美假日酒店西门北50米,113.89676,34.739715,19339946557;4008226004,8：00——22：00
中牟县,50300,快餐厅,华莱士·全鸡汉堡(港区沃金),航空港区雍州路与巡航路交叉口西南角沃金商业广场F1,113.85858,34.562126,4008226004,8：00——22：00
中牟县,50300,快餐厅,肯德基(郑州工商学院店),前程大道169号郑州工商学院(郑州校区)体育看台一层,113.890535,34.791708,4009200715,8：00——22：00
中牟县,50300,快餐厅,肯德基(中牟新悦城店),商都大道与福顺街交叉口南200米路东新悦城商场一层,113.937841,34.721596,0371-63211732,8：00——22：00
中牟县,50300,快餐厅,华莱士·全鸡汉堡(上东城店),郑信路瑞风路北上东城一期8号楼107号一层商铺,113.853275,34.771646,4008226004,8：00——22：00
中牟县,50300,快餐厅,华莱士·全鸡汉堡(邓州),航空港区巡航路与相州街交叉口向东100米路南,113.865527,34.562769,4008226004,8：00——22：00
中牟县,50300,快餐厅,许昌常桂花热干面(管道三公司第二生活小区店),青年西路35号,114.012491,34.726682,13014591930,8：00——22：00
中牟县,50300,快餐厅,北舞渡闪国雨炖肉胡辣汤·清真(港区直营店),航空港区凌寒街86号1层1117号商铺,113.867971,34.560444,15378787799;17335708866,8：00——22：00
中牟县,50300,快餐厅,御品德鸡公煲(上东里店),上东里2号楼南街1F,113.852997,34.773697,18032154999,8：00——22：00
中牟县,50300,快餐厅,方中山胡辣汤(学苑路店),学苑路龙苑小区门面房,113.966901,34.715303,13613853110,8：00——22：00
中牟县,50300,快餐厅,魏家滋补鸡汤(学苑路店),广惠街街道天骄名门19号楼106,113.974137,34.714437,13525532897,8：00——22：00
中牟县,50300,快餐厅,清真.京伊穆兰州牛肉面,有色地质家园B区2-105,113.900803,34.773303,15537182349,8：00——22：00
中牟县,50300,快餐厅,逍遥镇胡辣汤(融信城市之窗店),6号楼111,113.955093,34.78596,15819828995;15936996180,8：00——22：00
中牟县,50300,快餐厅,塔斯汀中国汉堡(锦瑞路店),九龙办事处新亚社区玉枝加油站向西100米,113.842643,34.682368,17513194409,8：00——22：00
中牟县,50300,快餐厅,味一鲜胡辣汤(绿博新城六号院店),绿博新城654号,113.978062,34.768569,15093338682,8：00——22：00
中牟县,50300,快餐厅,姐弟俩土豆粉(郑州中牟县店),青年中路中牟大厦西城巷,114.024609,34.72483,15225071911,8：00——22：00
中牟县,50300,快餐厅,方永结胡辣汤(有色地质家园店),有色地质家园A区南2门旁,113.901055,34.773839,13140076679,8：00——22：00
中牟县,50300,快餐厅,螺仙鲜螺蛳粉(专营店),郑东新区白沙镇上东城北门113号商铺,113.85263,34.773501,18135775562,8：00——22：00
中牟县,50300,快餐厅,阿生哥螺蛳粉(九龙镇店),府前街与东门路口往东11号,113.850025,34.682057,15029016831,8：00——22：00
中牟县,50300,快餐厅,华莱士·全鸡汉堡(学苑路店),学苑路与牟州街交叉路口往东约150米(金恒基·金帝新生活),113.970675,34.714875,4008226004,8：00——22：00
中牟县,50300,快餐厅,融柳大铁牛螺蛳粉(山顶福都广场店),滨河街道航空港区山顶福都时代广场5号门旁,113.870201,34.560385,15036691591,8：00——22：00
中牟县,50300,快餐厅,幺妹俩土豆粉(上东城店),博世幼儿园南门西北60米,113.853663,34.77161,15290882398,8：00——22：00
中牟县,50300,快餐厅,多美士炸鸡汉堡(康平湖店),航空港区凌风街正商宇航名筑B座商铺1-123,113.852147,34.587756,17677124517,8：00——22：00
中牟县,50300,快餐厅,姚有才胡辣汤,龙恩实业有限公司六号楼一单元,113.849963,34.667272,13373938369,8：00——22：00
中牟县,50300,快餐厅,螺专甲螺蛳粉(绿博新城店),螺专甲螺蛳粉绿博新城店,113.977902,34.769318,18237015663,8：00——22：00
中牟县,50300,快餐厅,万顺顺生烫牛肉米线,敬业路与白沙路交叉口南160米,113.896736,34.738675,13253585667,8：00——22：00
中牟县,50300,快餐厅,小食糖记,电视塔北侧单行道上小食糖记,114.010972,34.727325,15038055032,8：00——22：00
中牟县,50300,快餐厅,华中禄状元宫廷御粥,中兴路与益民巷交叉口南80米,114.007247,34.717784,0371-69630666,8：00——22：00
中牟县,50300,快餐厅,粱记羊双肠(泰安商城小区店),自由北街,114.02947,34.731622,18638682645,8：00——22：00
中牟县,50300,快餐厅,派乐汉堡(中牟大润发店),中牟县东风路与丰华街交叉口西南角,113.998265,34.715945,18339900800,8：00——22：00
中牟县,50300,快餐厅,阿甘锅盔(杉杉奥特莱斯广场·郑州店),大孟镇郑开大道406号郑州杉杉奥特莱斯购物广场F1,114.029871,34.782499,17836929511,8：00——22：00
中牟县,50300,快餐厅,一大碗饸饹面傻子张大盘鸡(港区总店),航空港区滨河花园2期凌寒街75-11号,113.871664,34.563732,18695893371,8：00——22：00
中牟县,50300,快餐厅,贵爷概念沙县黄焖鸡米饭,潘安公园陇海路与解放路交叉口盛世家园商铺A201铺,114.028575,34.715825,17788118387;18718727875,8：00——22：00
中牟县,50300,快餐厅,方团结胡辣汤白沙路店,白沙路与前程大道交叉口,113.880251,34.739723,15090086517,8：00——22：00
中牟县,50300,快餐厅,北舞渡胡辣汤(豫兴家苑七号院店),豫兴街道松鹤街80号豫兴家苑六号院,113.915421,34.797013,15638379825,8：00——22：00
中牟县,50300,快餐厅,玲玲饺子馆(冷家老店),建安路与深发路交叉口东80米,114.024453,34.733248,0371-85300766;13213013256,8：00——22：00
中牟县,50300,快餐厅,祥恒饺子馆(宝峰街店),广惠街商都大道东宝峰街交叉口往南50米路西,113.964774,34.718822,15093184383;18336314857,8：00——22：00
中牟县,50300,快餐厅,塔斯汀中国汉堡(郑州旅游职业学院象湖校区店),郑州旅游职业学院(象湖校区)二餐厅一楼,113.895901,34.804358,13103825351,8：00——22：00
中牟县,50300,快餐厅,华莱士·全鸡汉堡(九龙店),京航办事处锦瑞路尚购优选02号商铺,113.843083,34.682159,18037132812,8：00——22：00
中牟县,50300,快餐厅,阳光粥屋(形象店),官渡大街37号附近(官渡大街幼儿园北侧),114.02532,34.719343,0371-62126789;0371-62192333;13838082333,8：00——22：00
中牟县,50300,快餐厅,周黑鸭(郑州中牟杉杉奥特莱斯店),大孟镇郑开大道406号郑州杉杉奥特莱斯购物广场一期一楼PB130号,114.02996,34.782565,15237105264;4001717917,8：00——22：00
中牟县,50300,快餐厅,华莱士·全鸡汉堡(白沙恒通店),复兴路白沙实验幼儿园对面,113.890617,34.735168,4008226004,8：00——22：00
中牟县,50300,快餐厅,天天粥棚(白鹭源店),航空港区豫发·大运城白鹭源北门旁,113.862219,34.580144,0371-86210166;15738326601,8：00——22：00
中牟县,50300,快餐厅,豫味鲜胡辣汤慢熬粥,碧桂园中央公园A区51栋51-101豫味鲜胡辣汤慢熬粥,113.993361,34.79026,17744637888,8：00——22：00
中牟县,50300,快餐厅,臻味轩炝锅烩面,吉瑞路与延年街交叉口东50米,113.918925,34.796975,15138689102,8：00——22：00
中牟县,50300,快餐厅,小陈冷面,自由新村西南门东50米,114.015676,34.729407,15188338271,8：00——22：00
中牟县,50300,快餐厅,夸父炸串(杉杉奥特莱斯店),杉杉奥特莱斯6号门潮玩街PB106号,114.030192,34.782578,15038014524,8：00——22：00
中牟县,50300,快餐厅,华莱士·全鸡汉堡(保航店),航空港区三官庙办事处全港商业广场一层05号,113.926588,34.535467,15737191390,8：00——22：00
中牟县,50300,快餐厅,丽华早点(永安路店),永安路5号,114.016213,34.717458,13676906883,8：00——22：00
中牟县,50300,快餐厅,山西刀削面大盘鸡(亚太绿博花园店),博丰路,113.945019,34.765806,18634540141,8：00——22：00
中牟县,50300,快餐厅,布谷布谷热干面(豫兴家苑店),豫兴家苑6号院西南门13-4号商铺,113.913908,34.796975,18538921057,8：00——22：00
中牟县,50300,快餐厅,青穆苑牛肉面(融信城市之窗店),宝兴路与文通路交叉口东80米,113.955553,34.785306,18037320580,8：00——22：00
中牟县,50300,快餐厅,正新鸡排(上东城店),白沙镇芦医庙大街与象湖南路交叉口上东城小区南门8号楼103号一层商铺,113.853499,34.771626,15503950725;17634370158,8：00——22：00
中牟县,50300,快餐厅,华莱士·全鸡汉堡(万科溪望苑店),航海东路凤栖路交叉口北300米路东(路边门面),113.905912,34.719851,19138089560,8：00——22：00
中牟县,50300,快餐厅,弗兰克披萨(天泽城店),广惠街街道宝峰街南153号蓝爵世家,113.963553,34.717938,15093363659,8：00——22：00
中牟县,50300,快餐厅,北舞渡牛肉胡辣汤(山顶店),航空港区山顶福都时代广场西门旁,113.867971,34.560444,13849060073,8：00——22：00
中牟县,50300,快餐厅,刘婉婉生炸妙龄鸡(郑州工商学院店),前程路8号岗赵村商业步行街北118号,113.887574,34.792938,15515581370,8：00——22：00
中牟县,50300,快餐厅,刘婉婉生炸妙龄鸡(白沙店),郑东新区白沙镇白沙路与恒通路交叉口西北角一层,113.896339,34.740698,18638299891,8：00——22：00
中牟县,50300,快餐厅,二十五味胡辣汤(绿博一号店),晨阳路与铸新街交叉口,113.944313,34.791932,15981947807,8：00——22：00
中牟县,50300,快餐厅,魏家热干面(郑东新区店),通惠路与复兴路向北100米路西魏家热干面,113.886838,34.738143,15538639258;18438113096,8：00——22：00
中牟县,50300,快餐厅,恭长张陕味油泼面(沃金商业广场店),航空港区凌飞街95-12,113.856862,34.561996,17737700377,8：00——22：00
中牟县,50300,快餐厅,豫老三牛肉拉面(恒通新城店),象湖南路恒通新城86-17,113.859709,34.77044,15324876022,8：00——22：00
中牟县,50300,快餐厅,淮南牛肉汤山顶店,航空港区山顶福都时代广场汉庭酒店往北50米,113.867907,34.560967,15956732959,8：00——22：00
中牟县,50300,快餐厅,百年面道(学苑路店),广惠街道学苑路天骄名门1号楼2单元1楼东户,113.975474,34.714298,13673430722,8：00——22：00
中牟县,50300,快餐厅,万通商行开封第一楼灌汤包冻品批发,比克大道与文汇街交叉口北440米,113.944113,34.689954,13673664389;15225187708,8：00——22：00
中牟县,50300,快餐厅,刘文祥麻辣烫(百花路店),建设路百花路交叉口向东50米路北,114.018057,34.722756,18864684484,8：00——22：00
中牟县,50300,快餐厅,阿生哥柳州螺蛳粉(百花路店),建设南路与百花路交叉口向东100米,114.018458,34.722429,13140003371,8：00——22：00
中牟县,50300,快餐厅,青年小吃部(建设南路),城关镇建设路南段东侧(建设路与官渡大街交叉口向南100米路东),114.01733,34.719743,13838151562;13838250291,8：00——22：00
中牟县,50300,快餐厅,杜记拉面(普罗旺世理想国店),大孟镇普罗理想仁川路05号,114.016572,34.784812,15538032531,8：00——22：00
中牟县,50300,快餐厅,杨小江包子铺,航空港区远航路与凌寒街交叉口南20米,113.870987,34.554481,17634321124,8：00——22：00
中牟县,50300,快餐厅,杨国福麻辣烫(上东城店),郑东新区白沙镇象湖南路上东城8号号铺,113.853718,34.771585,15838047119,8：00——22：00
中牟县,50300,快餐厅,塔斯汀中国汉堡(郑州艺术职院郑东校区店),郑开大道132号(郑州艺术职业学院校内),113.897589,34.783508,18538315260,8：00——22：00
中牟县,50300,快餐厅,堡来了汉堡店(官渡大街店),官渡大街与府前街交叉口向东300米路北堡来了汉堡店,114.025799,34.719706,19939911712,8：00——22：00
中牟县,50300,快餐厅,洛阳高钙全牛鲜汤(上东城店),瑞风路与郑信路交叉口东100米,113.852231,34.771788,15838028023,8：00——22：00
中牟县,50300,快餐厅,膳寿福胡辣汤(牟山路店),牟山路1-12号,113.9765,34.7219,15057273031;15638183031,8：00——22：00
中牟县,50300,快餐厅,弗兰克披萨,荟萃路惠源超市后第四排第二户,114.016373,34.729282,15938716108,8：00——22：00
中牟县,50300,快餐厅,阿利番茄面(绿博店),,113.976904,34.765858,19937177729,8：00——22：00
中牟县,50300,快餐厅,秦川名面,中江华庭一期1号楼1层110号,113.854497,34.773141,15801722851,8：00——22：00
中牟县,50300,快餐厅,捌零玖零冷面店,官渡大街中段北侧,114.025018,34.719742,15225147351,8：00——22：00
中牟县,50300,快餐厅,杭州小笼包(宁馨苑小区店),前程路宁馨苑小区南门东100米,113.892282,34.800826,18790152568,8：00——22：00
中牟县,50305,茶餐厅,西畔茶餐厅(普罗理想国店),普罗理想国西5苑,114.016097,34.789983,19139879585,8：00——22：00
中牟县,50305,茶餐厅,即途雅宴,郑州投控智慧物流产业园9号楼1楼,113.851107,34.70194,0371-85396668,8：00——22：00
中牟县,50305,茶餐厅,港式茶餐厅,渠南路与文通路交叉口西340米,113.947794,34.699941,19043850001,8：00——22：00
中牟县,50305,茶餐厅,茶庵伟建大锅菜老式扣碗(绿博新城1号院店),绿博2号1号院南门,113.975162,34.772106,0371-88161366,8：00——22：00
中牟县,50305,茶餐厅,山城酸辣粉奶茶店,郑东新区杨桥办事处万滩村丁字路口东邻,113.944187,34.86376,15093352452,8：00——22：00
中牟县,50305,茶餐厅,张大嘴茶香猪蹄(绿博三号店),刘集镇紫寰路绿博三号6号院北门面张大嘴店,113.966126,34.749882,17638503130,8：00——22：00
中牟县,50305,茶餐厅,天天鲜炒鸡,茶庵社区6号地博丰路幼儿园西邻,113.978608,34.766524,18339903966,8：00——22：00
中牟县,50305,茶餐厅,茶庵砂锅炖羊肉,广惠街与开来路交叉口西南200米,113.980603,34.772315,13849048566;19838094333,8：00——22：00
中牟县,50305,茶餐厅,张大嘴茶香猪蹄(爱乡路店),爱乡路与建设路交叉口向西150米路南,114.016873,34.732236,18738149376,8：00——22：00
中牟县,50305,茶餐厅,张大嘴茶香猪蹄(黄店镇),黄店镇麦加美汉堡西邻,114.005444,34.549543,13213212166,8：00——22：00
中牟县,50305,茶餐厅,阿生哥螺蛳粉韩寺店,韩寺镇茶主张隔壁,114.109854,34.659307,16668099197,8：00——22：00
中牟县,50400,休闲餐饮场所,金诚饼业,万邦干调市场B2区310,113.955025,34.696275,18860385031,8：00——22：00
中牟县,50400,休闲餐饮场所,古茗(中牟沃金商业广场),航空港区沃金商业广场14号商亭,113.858479,34.561974,18039665166,8：00——22：00
中牟县,50400,休闲餐饮场所,古茗(方特绿博园唯美假日酒店店),唯美假日酒店西门旁,113.896765,34.739205,15058991181;19913859885,8：00——22：00
中牟县,50400,休闲餐饮场所,特味村美食生态园,前程办事处韩庄村陇海铁路南前程大道西316号,113.875274,34.727032,15617799121,8：00——22：00
中牟县,50400,休闲餐饮场所,蜜雪冰城(敬业路店),敬业路白沙文化广场1号楼一单元1021,113.897017,34.737233,13633837195,8：00——22：00
中牟县,50400,休闲餐饮场所,冰淳茶饮(谢庄镇店),郑州经开区九龙中学斜对面,113.840837,34.638644,16638122729,8：00——22：00
中牟县,50400,休闲餐饮场所,冰淳茶饮(白沙镇农贸市场店),敬业路与复兴路交叉口北280米,113.897474,34.737065,17638190135,8：00——22：00
中牟县,50400,休闲餐饮场所,冰淳茶饮(万滩店),杨桥街道006县道杨桥中心小学西南180米,113.943566,34.862233,18838287215,8：00——22：00
中牟县,50400,休闲餐饮场所,茶百道(郑州海昌海洋公园店),文昌路与海昌街交叉口北500米,113.988625,34.786375,15803898165,8：00——22：00
中牟县,50400,休闲餐饮场所,夹堂(世纪城时代广场店),世纪城时代广场,114.01855,34.723629,16696181643,8：00——22：00
中牟县,50400,休闲餐饮场所,满醺酒馆,荟萃路六一巷路口,114.023667,34.728587,15617402858,8：00——22：00
中牟县,50400,休闲餐饮场所,冰淳茶饮(姚家镇店),姚家镇新市场6号,114.018275,34.657475,15515611450,8：00——22：00
中牟县,50400,休闲餐饮场所,鸿运酒家,黄店镇街后赵,114.006799,34.559569,15136461118,8：00——22：00
中牟县,50400,休闲餐饮场所,月下酒馆,郑州现代五金机电物流园南1门旁,113.906733,34.728084,0371-62385111;19103714567,8：00——22：00
中牟县,50400,休闲餐饮场所,快活林庄园,X017(刁黄路),114.075067,34.546053,13838283978;15838246394,8：00——22：00
中牟县,50400,休闲餐饮场所,丹江人家(金源社区店),官渡镇建业路金源社区,114.074995,34.772649,0371-55985927,8：00——22：00
中牟县,50400,休闲餐饮场所,KAKA纯K,前程大道8号岗赵市场(小破街)南排二楼68号,113.887529,34.792934,0371-60180070,8：00——22：00
中牟县,50400,休闲餐饮场所,简缘茶馆(中牟捷安庄园店),牟州街与滨河路交叉口东20米捷安庄园707栋,113.970961,34.723844,18236958929,8：00——22：00
中牟县,50400,休闲餐饮场所,金牟园生态园,黄店镇马庄村009号,114.019426,34.553085,13017657775,8：00——22：00
中牟县,50500,咖啡厅,库迪咖啡(郑州上东里店),郑开大道69正,113.853723,34.773387,13017687390,8：00——22：00
中牟县,50500,咖啡厅,M&A咖啡,中牟县普罗理想国艺文东街与原乡路交叉口西北角,114.026865,34.786219,17698061518,8：00——22：00
中牟县,50500,咖啡厅,幸运咖(世纪城店),青年路街道办事处世纪城北步行街129号,114.018362,34.723845,18768889494,8：00——22：00
中牟县,50500,咖啡厅,100Coffee感觉馆(郑州一店),航空港区通航路与凌风街向南90米正商宇航铭筑2-112,113.852613,34.588529,17803994008,8：00——22：00
中牟县,50500,咖啡厅,库迪咖啡(瑞云路郑州工商学院店),郑东新区豫兴街道瑞云路1-6,113.890179,34.792933,18236969328,8：00——22：00
中牟县,50500,咖啡厅,幸运咖(上东国际店),郑开大道与芦医庙大街交叉口东南角上东国际商场,113.853075,34.773375,18539268243,8：00——22：00
中牟县,50500,咖啡厅,瑞幸咖啡(锦荣悦汇城店),航空港区锦荣悦汇城(恩平湖地铁站出入口步行150米),113.860216,34.564527,4000100100,8：00——22：00
中牟县,50500,咖啡厅,库迪咖啡(天泽城寿圣街店),宝峰街7号,113.96089,34.717181,13838192130,8：00——22：00
中牟县,50500,咖啡厅,幸运咖(岗赵小破街店),前程大道岗赵市场南一排10号,113.889776,34.792964,15617722267,8：00——22：00
中牟县,50500,咖啡厅,星巴克(郑州中牟世纪城店),青年路南至建设路东中牟世纪城4层商业裙楼地上一层A01号铺位,114.017853,34.723568,0371-65361992,8：00——22：00
中牟县,50500,咖啡厅,阿芙咖啡,郑州航空港区凌风街正商宇航铭筑1幢1层103号,113.85265,34.589205,15738836179,8：00——22：00
中牟县,50500,咖啡厅,库迪咖啡(九龙和谐家园店),凌霜西路与皓凌街交叉口西40米,113.866787,34.684334,13343835151,8：00——22：00
中牟县,50500,咖啡厅,黄河咖啡,雁鸣湖镇九堡村,114.030398,34.928523,13203855365,8：00——22：00
中牟县,50500,咖啡厅,幸运咖(豫兴家苑六号院店),豫兴家苑六号院商铺13-1,113.91396,34.79694,19036957988,8：00——22：00
中牟县,50500,咖啡厅,摩咖士,府前街,114.023511,34.720766,17596545406,8：00——22：00
中牟县,50500,咖啡厅,luckin coffee 瑞幸咖啡(岗赵村商业步行街店),通惠路岗赵市场一楼南排28号,113.889088,34.792984,18838152997,8：00——22：00
中牟县,50500,咖啡厅,库迪咖啡(中牟通惠路店),文明路7号,113.891038,34.797559,18736963936,8：00——22：00
中牟县,50500,咖啡厅,MINI-CO小咖咖啡(郑州中牟世纪城店),建设南路世纪城时代广场四楼奥斯卡激光影城检票口对面小咖咖啡40号商铺,114.017829,34.723601,15837420790,8：00——22：00
中牟县,50500,咖啡厅,幸运咖(白沙店),恒通小区东门东60米,113.896813,34.737392,18539268243,8：00——22：00
中牟县,50500,咖啡厅,Boom&Coffee俱乐部,广成街62号郑州·中交世通国际写字楼,113.967875,34.781775,15038239559,8：00——22：00
中牟县,50500,咖啡厅,瑞幸咖啡(上东里店),上东国际,113.853332,34.774168,4000100100,8：00——22：00
中牟县,50500,咖啡厅,库迪咖啡(中牟世纪城店),青年路南建设路东7幢1-2层113铺,114.019013,34.723333,18638292808,8：00——22：00
中牟县,50500,咖啡厅,向北咖啡,商都大道与寿圣街交叉口北,113.96173,34.720657,15225078148;17839326940,8：00——22：00
中牟县,50500,咖啡厅,幸运咖(天泽城店),,113.96238,34.717816,17760780300,8：00——22：00
中牟县,50500,咖啡厅,来日方长cafe(上东里店),白沙镇郑开大道55号上东里4号楼来日方长cafe,113.854577,34.7734,18638795529,8：00——22：00
中牟县,50500,咖啡厅,瑞幸咖啡(建业电影小镇店),文创路百花街建业电影小镇二区太极街一层22-2号,114.00265,34.777072,4000100100,8：00——22：00
中牟县,50500,咖啡厅,库迪咖啡(家家欣购物中心店),航空港区家家欣购物中心西南门旁,113.86028,34.563327,18864110315,8：00——22：00
中牟县,50500,咖啡厅,幸运咖(和谐家园店),龙美街与凌霜西路交叉口东北40米,113.869075,34.684575,18638265205,8：00——22：00
中牟县,50500,咖啡厅,磨磨咖(中牟店),青年路南、建设路东中牟世纪城4层商业裙楼号楼1层103铺,114.01827,34.723454,15838070795;15938756735,8：00——22：00
中牟县,50500,咖啡厅,瑞幸咖啡(中茂尚悦广场店),中茂尚悦广场,113.938552,34.722163,4000100100,8：00——22：00
中牟县,50500,咖啡厅,幸运咖(大润发店),东风路丰华街交叉口西南角,113.998237,34.715812,15736778991;18848848866,8：00——22：00
中牟县,50500,咖啡厅,luckin coffee 瑞幸咖啡(富士康K17商业街店),航空港区富士康K17商业街,113.867718,34.553622,19602171096,8：00——22：00
中牟县,50500,咖啡厅,瑞幸咖啡(天泽城广场店),水木清华西南门西100米,113.961802,34.716056,4000100100,8：00——22：00
中牟县,50500,咖啡厅,瑞幸咖啡(河南财政金融学院象湖校区店),郑开大道76号河南财政金融学院象湖校区商业街1-5号,113.862456,34.779449,4000100100,8：00——22：00
中牟县,50500,咖啡厅,幸运咖(锦程花园店),锦程花园一号院西门北270米,113.885531,34.709033,18638265205,8：00——22：00
中牟县,50500,咖啡厅,瑞幸咖啡(河南地矿科技产业园店),地矿科技产业园店,113.901682,34.777271,4000100100,8：00——22：00
中牟县,50500,咖啡厅,库迪咖啡(白沙敬业路店),恒通路60号,113.896769,34.738023,15514570206,8：00——22：00
中牟县,50500,咖啡厅,幸运咖(家家欣超市锦荣店),航空港区滨河办事处家家欣购物中心JW14号商铺,113.860278,34.563922,15813170605,8：00——22：00
中牟县,50500,咖啡厅,瑞幸咖啡(中牟郑州工商学院店),文明路岗赵集贸市场28号,113.886471,34.79307,4000100100,8：00——22：00
中牟县,50500,咖啡厅,幸运咖(象湖丹尼斯店),白沙镇象湖丹尼斯五楼,113.857588,34.771542,18768889494,8：00——22：00
中牟县,50500,咖啡厅,幸运咖(清阳街店),清阳街与万胜路交叉口西南20米,113.976325,34.715595,18538138817,8：00——22：00
中牟县,50500,咖啡厅,幸运咖(岗李店),岗里集贸市场门面房北排西一层1号,113.849012,34.784812,18638660384,8：00——22：00
中牟县,50500,咖啡厅,瑞幸咖啡(郑州工商学院体育馆店),通惠路瑞云路郑州工商学院东院体育馆125-2号,113.891704,34.790833,4000100100,8：00——22：00
中牟县,50500,咖啡厅,幸运咖(大有嘉苑店),白沙镇郑信路大有庄社区2-4号门面,113.852022,34.763194,18639057011,8：00——22：00
中牟县,50500,咖啡厅,库迪咖啡(中茂尚悦广场店),商都大道2996号,113.938417,34.722148,15039099116,8：00——22：00
中牟县,50500,咖啡厅,幸运咖(绿博新城店),绿博新城五号院好日子生活广场一楼,113.977577,34.766959,19036957988,8：00——22：00
中牟县,50500,咖啡厅,幸运咖(白沙中学店),通惠路76号,113.886723,34.735692,18539268243,8：00——22：00
中牟县,50500,咖啡厅,luckin coffee 瑞幸咖啡(俊贤路),泽雨街9号,113.898463,34.776097,4000100100,8：00——22：00
中牟县,50500,咖啡厅,幸运咖(大厦店),青年路与西城巷交叉口向北50米,114.025382,34.724634,13598026119,8：00——22：00
中牟县,50500,咖啡厅,幸运咖(沃金mini店),航空港区沃金商业广场负一楼风情步行街上海联华超市入口,113.858458,34.561625,15937123310,8：00——22：00
中牟县,50500,咖啡厅,幸运咖(家家欣滨河店),航空港区巡航路凌空街交叉口家家欣欣超市,113.8682,34.563475,18937169722,8：00——22：00
中牟县,50500,咖啡厅,幸运咖(绿博一号店),刘集镇绿博一号G区018幸运咖,113.951093,34.791875,15514467955,8：00——22：00
中牟县,50500,咖啡厅,幸运咖(盛和社区店),盛和社区三号院,113.953821,34.686957,18539268243,8：00——22：00
中牟县,50500,咖啡厅,幸运咖(有色地质家园店),有色地质家园A区126号幸运咖,113.89997,34.773838,18768889494,8：00——22：00
中牟县,50500,咖啡厅,幸运咖(海昌海洋店),郑开大道海昌海洋馆,113.985908,34.784742,18839507535,8：00——22：00
中牟县,50500,咖啡厅,瑞幸咖啡(中牟新悦城店),商都大道福顺街交叉口东南角中茂新悦城底商,113.998833,34.720334,4000100100,8：00——22：00
中牟县,50500,咖啡厅,幸运咖(电子信息职业技术学院店),郑州电子信息职业技术学院,114.032575,34.701675,18838099308,8：00——22：00
中牟县,50500,咖啡厅,幸运咖(豫兴家苑三号院店),豫兴家苑三号院西南门北190米,113.907455,34.795219,13939139277,8：00——22：00
中牟县,50500,咖啡厅,幸运咖(象湖财金校内店),杨桥大道与阜外路交叉口西南220米,113.861537,34.777426,18137779952,8：00——22：00
中牟县,50500,咖啡厅,幸运咖(旅职店),郑州旅游职业学院二食堂2层,113.895707,34.80424,13523459159,8：00——22：00
中牟县,50500,咖啡厅,幸运咖(中原科技学院mini店),中原科技学院象湖校区,113.860272,34.776486,19815279270,8：00——22：00
中牟县,50500,咖啡厅,幸运咖(河艺店),中原文化艺术学院内超市,113.897355,34.783279,19036957988,8：00——22：00
中牟县,50500,咖啡厅,SEVENTEEN咖啡(永威南樾瑞苑店),航空港区永威南樾瑞苑,113.865667,34.581655,19339594927,8：00——22：00
中牟县,50500,咖啡厅,幸运咖(河南信息统计职业学院店),金龙路276号河南信息统计职业学院(白沙校区)校内食堂1层,113.918099,34.802371,18736071980,8：00——22：00
中牟县,50500,咖啡厅,摩咖士coffee(天泽城寿圣街店),广惠街办事处学苑路与寿圣街交叉口B区B6,113.960818,34.717018,15890055119,8：00——22：00
中牟县,50500,咖啡厅,NOWWA挪瓦咖啡(每一天郑州中牟世纪城店),"青年路南,建设路东中牟世纪城4层商业裙楼号楼1层119商铺",114.01783,34.723018,17335787429,8：00——22：00
中牟县,50500,咖啡厅,摩咖士coffee(象湖店),美盛·象湖100金悦园,113.905452,34.777307,15617699962,8：00——22：00
中牟县,50500,咖啡厅,幸运咖(郑州美术学院mini店),滨河路与宝峰街交叉口西100米,113.96485,34.723966,18439166696,8：00——22：00
中牟县,50500,咖啡厅,幸运咖(农校店),青年西路38号河南农业职业学院枫园餐厅,114.015919,34.724204,18353009380,8：00——22：00
中牟县,50500,咖啡厅,库迪咖啡(中原科技学院店),郑东新区郑开大道50号中原科技学院餐厅3层商业街2号,113.849331,34.780614,19103861970,8：00——22：00
中牟县,50500,咖啡厅,摄氏度咖啡,广惠街街道清华誉铭座双凤皮鞋北隔壁路东,113.97377,34.716322,17513271803,8：00——22：00
中牟县,50500,咖啡厅,古茗(中牟白沙青年路店),白沙镇敬业路白沙路交叉口东南角前排1-(付2号),113.896843,34.739129,15058991181,8：00——22：00
中牟县,50500,咖啡厅,蜜雪冰城(新悦城店),商都大道与福顺街交叉口向南50米路东,113.937872,34.72159,13071079942,8：00——22：00
中牟县,50500,咖啡厅,语诺西饼(新一高店),金恒基·金帝新生活南门西170米,113.969441,34.714965,0371-60100098;0371-62160777,8：00——22：00
中牟县,50500,咖啡厅,蜜雪冰城(栖瑞家苑店),白沙镇郑信路115号栖瑞家苑,113.852206,34.763773,13298178759;13829124376,8：00——22：00
中牟县,50500,咖啡厅,冰淳茶饮(冯堂镇店),航空港区冯堂镇卫生院南,113.981203,34.465384,13333856834;15237199570,8：00——22：00
中牟县,50600,茶艺馆,小罐茶馆地质郑东大厦店,郑东新区郑开大道与永顺路交叉口向东50米路南河南地质郑东大厦一楼东侧,113.85843,34.773416,18638582733;18710221317,8：00——22：00
中牟县,50600,茶艺馆,聚汇24h自助棋牌茶馆,中牟县爱乡路建设路交叉口路北50米路西雅迪电动车4楼,114.018666,34.732486,13014698866,8：00——22：00
中牟县,50600,茶艺馆,玖都茶肆,白沙商贸城1号楼,113.897106,34.734839,15188333331,8：00——22：00
中牟县,50600,茶艺馆,聚闲茶馆棋牌室,京航办事处蒋冲村152号,113.859374,34.712418,13938254316,8：00——22：00
中牟县,50600,茶艺馆,文新茶馆(祥瑞中心花园店),泰安街与商都大道交叉口东南停车场内,114.003255,34.722102,18736042611,8：00——22：00
中牟县,50600,茶艺馆,春茗茶舍,中兴路与东风路交叉口向北500米路西,114.0073,34.717839,13676952089,8：00——22：00
中牟县,50600,茶艺馆,喷空,建业电影小镇太极街,114.003607,34.776263,4000001931,8：00——22：00
中牟县,50600,茶艺馆,双湖茶工坊,航空港区富士康外围K17文化中心2楼东,113.867529,34.552568,18703627020,8：00——22：00
中牟县,50600,茶艺馆,半日闲茶馆,牟山路10号中牟捷安庄园,113.970628,34.7223,13676997399,8：00——22：00
中牟县,50600,茶艺馆,清馨茗茶(西环城路店),青年路电视塔东门对面,114.011014,34.727562,13838509518,8：00——22：00
中牟县,50600,茶艺馆,五味茶社(万科·美景魅力之城祥润园店),航空港区凌霜街通航路万科美景魅力之城祥润园东门二楼,113.849503,34.588549,19138192719,8：00——22：00
中牟县,50700,冷饮店,爷爷不泡茶NOYEYENOTEA(郑州中牟天泽城店),天泽城生活广场一层171号铺,113.96194,34.716601,15824895405,8：00——22：00
中牟县,50700,冷饮店,书亦烧仙草(郑州航空港区锦荣悦汇城店),航空港区锦荣悦汇城(恩平湖地铁站出入口步行100米),113.86048,34.564749,18137839172,8：00——22：00
中牟县,50700,冷饮店,蜜雪冰城(豫康新城店),航空港区相州街(恩平湖地铁站出入口步行420米),113.863882,34.565936,15517579350;19939969350,8：00——22：00
中牟县,50700,冷饮店,霸王茶姬(郑州只有河南戏剧幻城店),平安大道8号,113.99944,34.79852,4008788359,8：00——22：00
中牟县,50700,冷饮店,喜茶(郑州中牟天泽城店),学苑路与寿圣街交叉口天泽城一层JQ-F1-007,113.962101,34.716756,19339979289,8：00——22：00
中牟县,50700,冷饮店,蜜雪冰城(九龙镇店),九龙镇,113.847742,34.682133,4000608888,8：00——22：00
中牟县,50700,冷饮店,福饱饱酸奶泥泥、希腊酸奶,福饱饱酸奶泥泥希腊酸奶,113.983898,34.715517,18612831999,8：00——22：00
中牟县,50700,冷饮店,茶百道(郑州中牟时代广场店(新)),世纪城裙楼105商铺,114.018755,34.723624,15515697444,8：00——22：00
中牟县,50700,冷饮店,小象夫夫,上东国际·上东里2号楼1层2郑开大道与芦医庙大街东南侧庙东排骨西侧,113.852929,34.773918,15729365633;18821310921,8：00——22：00
中牟县,50700,冷饮店,CoCo都可(世纪城时代广场店),建设路47号世纪城时代广场一楼5号铺,114.01829,34.723456,19139732880,8：00——22：00
中牟县,50700,冷饮店,蜜雪冰城(岗李店),市场综合管理处西门西120米,113.849823,34.784228,15737108347,8：00——22：00
中牟县,50700,冷饮店,喜茶(郑州中牟岗赵步行街店),前程路8号工商学院岗赵步行街,113.889851,34.793092,15713844319,8：00——22：00
中牟县,50700,冷饮店,柠季·手打柠檬茶(郑州杉杉奥特莱斯美食街店),郑开大道406号杉杉奥特莱斯一楼B16900室(6号门一条美食街),114.02917,34.783022,13903993912,8：00——22：00
中牟县,50700,冷饮店,益禾堂(郑州中牟杉杉奥特莱斯店),杉杉奥特莱斯二期室内馆二楼,114.028433,34.779851,17803850997,8：00——22：00
中牟县,50700,冷饮店,书亦烧仙草(郑州白沙丹尼斯店),丹尼斯(象湖店)五楼,113.857467,34.771517,15290887950,8：00——22：00
中牟县,50700,冷饮店,蜜雪冰城(有色地质家园店),有色地质家园A区南1门旁,113.899676,34.773875,18237162520;19939352687;4000608888,8：00——22：00
中牟县,50700,冷饮店,喜茶(郑州方特欢乐世界店),郑州方特欢乐世界园区内欢乐畅饮吧,113.931129,34.767056,17629363027,8：00——22：00
中牟县,50700,冷饮店,苏玉梅奶酪(上东国际店),象湖南路与小南岗街交叉口北200米,113.854028,34.773244,13673626223,8：00——22：00
中牟县,50700,冷饮店,茶百道(郑州中牟天泽城店),天泽城1层B-F1-027号,113.961355,34.71769,18595755783,8：00——22：00
中牟县,50700,冷饮店,CoCo都可(沃金广场店),航空港区郑港四街西侧6号富鑫小区商业210号楼1层109号,113.859083,34.561945,19139967235,8：00——22：00
中牟县,50700,冷饮店,沪上阿姨·精选茶饮(郑州工商学院店),文明路郑州工商学院岗赵步行街北一楼44号45号,113.888395,34.793048,15093061691,8：00——22：00
中牟县,50700,冷饮店,蜜雪冰城(锦荣家家欣购物中心店),航空港区家家欣购物中心南门旁(恩平湖地铁站出入口步行380米),113.860925,34.563325,18603925447,8：00——22：00
中牟县,50700,冷饮店,沪上阿姨鲜果茶(郑州中牟世纪城店),城关镇世纪时代广场一层2号,114.018828,34.723718,15093158891,8：00——22：00
中牟县,50700,冷饮店,书亦烧仙草(郑州九龙镇锦瑞路店),锦瑞路与芦医庙大街交叉口西60米,113.843009,34.682165,18439929555,8：00——22：00
中牟县,50700,冷饮店,茶百道(郑州富士康店),航空港区远航路与凌空街交叉口南340米,113.86752,34.552501,18836689527,8：00——22：00
中牟县,50700,冷饮店,蜜雪冰城(象湖丹尼斯店),象湖南路与永顺路丹尼斯瑞丰店五层,113.857557,34.771543,15090010521,8：00——22：00
中牟县,50700,冷饮店,沪上阿姨·精选茶饮(郑州绿悠悦享天地店),"航空港区凌霜街绿悠悦享天地11栋11-1号(康平湖正对面,绿轴公园最最东头)",113.852627,34.587317,15515905317,8：00——22：00
中牟县,50700,冷饮店,益禾堂(郑州上东里店),郑东新区白沙镇上东里2号楼1层2-502-503号门面,113.853269,34.773999,18624942266,8：00——22：00
中牟县,50700,冷饮店,CHAGEE霸王茶姬(世纪城时代广场店),青年西路83号,114.018781,34.723606,13601642312;16656066483,8：00——22：00
中牟县,50700,冷饮店,爷爷不泡茶(郑州中牟上东里店),郑开大道55号上东国际上东里4号楼北侧广场,113.855067,34.773991,15538318396,8：00——22：00
中牟县,50700,冷饮店,书亦烧仙草(郑州工商学院东校区店),岗赵村商业步行街东门西120米,113.889395,34.792985,17788119355,8：00——22：00
中牟县,50700,冷饮店,蜜雪冰城(盛和社区店),比克大道与文澜街交叉路口北侧,113.953846,34.68692,18538000014,8：00——22：00
中牟县,50700,冷饮店,益禾堂(郑州白沙新联学院校外店),新联学院岗李市场,113.84891,34.784429,15713866007,8：00——22：00
中牟县,50700,冷饮店,蜜雪冰城(绿博二号店),刘集乡博丰路与牡丹七街交叉口5号院1楼13号铺,113.97741,34.766565,15617834777;17803903959,8：00——22：00
中牟县,50700,冷饮店,蜜雪冰城(岗赵村商业步行街店),岗赵村商业步行街东门西180米,113.888847,34.792959,18437153349,8：00——22：00
中牟县,50700,冷饮店,蜜雪冰城(上东城店),上东城1期南1门西130米,113.853478,34.771601,15226067178,8：00——22：00
中牟县,50700,冷饮店,蜜雪冰城(天泽城店),学苑路水木清华步行街7-2,113.961953,34.715913,17737790633,8：00——22：00
中牟县,50700,冷饮店,蜜雪冰城(碧桂园中央公园店),碧桂园中央公园A区,113.992799,34.790537,15978442081,8：00——22：00
中牟县,50700,冷饮店,蜜雪冰城(盛和社区惠民广场店),盛和社区二号院惠民广场2号铺,113.953493,34.688347,13213089792,8：00——22：00
中牟县,50700,冷饮店,蜜雪冰城(富鑫店),航空港区沃金商业广场西北门北100米,113.856818,34.561406,17638073564;18137722328;4000608888,8：00——22：00
中牟县,50700,冷饮店,蜜雪冰城(商都路店),商都路与通惠路交叉口,113.885957,34.732117,13043718999,8：00——22：00
中牟县,50700,冷饮店,茶百道(杉杉奥莱店),大孟镇郑开大道406号杉杉奥莱C14301号,114.030089,34.782562,13253530009,8：00——22：00
中牟县,50700,冷饮店,霸王茶姬(郑州中牟电影小镇店),建业电影小镇内(南侧),114.000962,34.775653,4008788359,8：00——22：00
中牟县,50700,冷饮店,蜜雪冰城(万科溪望苑店),万科溪望南门旁,113.906732,34.719906,15037155813,8：00——22：00
中牟县,50700,冷饮店,蜜雪冰城(绿博新城店),绿博新城4号院西门南100米,113.978083,34.769474,17630081236;4000608888,8：00——22：00
中牟县,50700,冷饮店,益禾堂(中牟家家欣店),郑州航空港区家家欣购物广场外围C01号,113.860275,34.563375,13203854104,8：00——22：00
中牟县,50700,冷饮店,蜜雪冰城(永威南樾店),航空港区永威南樾瑞苑南门西140米,113.864065,34.580636,15649508058,8：00——22：00
中牟县,50700,冷饮店,蜜雪冰城(九龙店),经开区凌霜路口,113.867436,34.684422,18908332514;19138074772,8：00——22：00
中牟县,50700,冷饮店,蜜雪冰城(牡丹二街店),绿博家苑三号院,113.951567,34.792364,15514467955;16678984493,8：00——22：00
中牟县,50700,冷饮店,蜜雪冰城(锦程花园店),礼通街禄达东路交叉口,113.885496,34.708991,13164366256;15239442586,8：00——22：00
中牟县,50700,冷饮店,满米酸奶(郑州市中牟县杉杉奥莱店),杉杉奥特莱斯潮玩街PB132号,114.028433,34.779851,13383845662,8：00——22：00
中牟县,50700,冷饮店,书亦烧仙草(郑州中牟世纪城二店),建设路世纪城时代广场4F书亦烧仙草,114.018815,34.723439,19943860683,8：00——22：00
中牟县,50700,冷饮店,书亦烧仙草(郑州工商学院东校区店),郑州工商学院郑州校区西校区4号门旁,113.885241,34.792963,17788119355,8：00——22：00
中牟县,50700,冷饮店,蜜雪冰城(鸿雁小学店),瑞云路与增福街交叉口,113.906802,34.792835,18624996988,8：00——22：00
中牟县,50700,冷饮店,蜜雪冰城(星城国际东苑店),星城国际·东苑东南2门旁,113.924837,34.721956,13213051650;15537126951,8：00——22：00
中牟县,50700,冷饮店,蜜雪冰城(常白家院店),常白幸福家院吉瑞路与中山路交叉口西北角商铺,113.911017,34.797147,13613831562,8：00——22：00
中牟县,50700,冷饮店,CoCo都可(白沙丹尼斯店),永顺路象湖南路丹尼斯瑞丰店5FQ9号铺位,113.852603,34.771546,19139732883,8：00——22：00
中牟县,50700,冷饮店,蜜雪冰城(百乐汇购物中心店),爱乡路自由街农贸市场一楼A区A1F006A东,114.014954,34.733834,15093484109,8：00——22：00
中牟县,50700,冷饮店,蜜雪冰城(豫兴家苑五号院店),吉瑞路与马仙李街交叉口,113.913282,34.796827,13613831562,8：00——22：00
中牟县,50700,冷饮店,茶百道(沃金商业广场店),航空港区富鑫小区商业一号楼一单元一层107,113.858588,34.562271,18037101293,8：00——22：00
中牟县,50700,冷饮店,蜜雪冰城(席庄店),席庄好又多超市1楼,113.83825,34.638484,17303866888,8：00——22：00
中牟县,50700,冷饮店,蜜雪冰城(韩寺店),036乡道与乡后一街交叉口南120米,114.11027,34.659264,17503979887,8：00——22：00
中牟县,50700,冷饮店,蜜雪冰城(大润发店),东风路与丰华街交叉口,113.998375,34.715644,18838589986,8：00——22：00
中牟县,50700,冷饮店,蜜雪冰城(绿都东澜岸店),金秋路绿都东澜岸二期门口左边,113.854573,34.704623,15239442586,8：00——22：00
中牟县,50700,冷饮店,蜜雪冰城(中牟二中店),官渡路与中兴路交叉口东5米路南,114.008845,34.722022,15890033299;19138120918,8：00——22：00
中牟县,50700,冷饮店,甜啦啦鲜果茶(泰安街店),东风路街道泰安街南段路西冷库门面房泰安街66号,114.001725,34.718475,15003891605,8：00——22：00
中牟县,50700,冷饮店,蜜雪冰城(新城小学店),郑东新区白沙镇前程嘉苑3号院7号楼104-105室,113.885646,34.739813,13663869236,8：00——22：00
中牟县,50700,冷饮店,甜啦啦鲜果茶(上东国际店),郑开大道与芦医庙大街交叉口上东里,113.854158,34.773957,19937166463,8：00——22：00
中牟县,50700,冷饮店,益禾堂(中牟世纪城店),世纪城时代广场1层,114.018661,34.72343,13323813060,8：00——22：00
中牟县,50700,冷饮店,蜜雪冰城(世纪城时代广场店),建设路世纪城4号楼118号,114.017865,34.723007,13273951737,8：00——22：00
中牟县,50700,冷饮店,蜜雪冰城(恭秀路店),南岗嘉苑一号院西门西南80米,113.85783,34.760564,13223027296,8：00——22：00
中牟县,50700,冷饮店,蜜雪冰城(祥和小区店),广惠街街道雁鸣街2号祥和小区,113.982069,34.721006,15639279920,8：00——22：00
中牟县,50700,冷饮店,蜜雪冰城(姚家镇店),姚家镇集贸市场北门东130米,114.017982,34.657613,18603819124,8：00——22：00
中牟县,50700,冷饮店,蜜雪冰城(营河社区店),郑州航空港经济综合实验区郑州航空港区巡航路17号,113.868681,34.563266,15729385596,8：00——22：00
中牟县,50700,冷饮店,蜜雪冰城(锦绣花园店),锦绣花园西门南140米,113.900133,34.675255,15978816071,8：00——22：00
中牟县,50700,冷饮店,眷茶(中牟世纪城时代广场店),青年路街道建设路世纪城时代广场1楼8号铺,114.01829,34.723456,19003831827,8：00——22：00
中牟县,50700,冷饮店,蜜雪冰城(青年路店),白沙镇教师公寓东门东60米,113.896749,34.739992,18137839226,8：00——22：00
中牟县,50700,冷饮店,蜜雪冰城(万三路店),航空港区万三路与和谐大道交叉口南20米,113.930978,34.592145,13043718999,8：00——22：00
中牟县,50700,冷饮店,蜜雪冰城(豫兴锦绣苑店),刘集01安置小区朱庄南苑,113.860525,34.806178,4000608888,8：00——22：00
中牟县,50700,冷饮店,蜜雪冰城(绿博花园店),广安街绿博花园三区A005铺,113.965765,34.750396,19143800026,8：00——22：00
中牟县,50700,冷饮店,蜜雪冰城(盛世佳园店),解放路与陇海路交叉口盛世佳园2号院商铺A555,114.027791,34.715968,13703989507;18538254198,8：00——22：00
中牟县,50700,冷饮店,蜜雪冰城(百利百货店),中牟大厦东南门旁,114.024926,34.724724,15617834777,8：00——22：00
中牟县,50700,冷饮店,蜜雪冰城(沃金商业广场店),航空港区雍州路与巡航路交叉口西南角沃金商业广场F1,113.858554,34.562029,15978439999,8：00——22：00
中牟县,50700,冷饮店,天冰冰淇淋白沙店,郑东新区白沙镇白沙路龙辉建材仓库西10米5排3号,113.901088,34.740357,15517196513,8：00——22：00
中牟县,50700,冷饮店,冰淳茶饮(盛和社区店),文澜街与比克大道交叉口北100米盛和社区3号院尚购优鲜2号铺,113.953793,34.687423,13592585469,8：00——22：00
中牟县,50700,冷饮店,蜜雪冰城(官渡西路店),二汽家属院南门东南80米,114.016932,34.720669,15824890061;18638293113,8：00——22：00
中牟县,50700,冷饮店,蜜雪冰城(雁鸣湖购物中心店),雁鸣湖镇雁鸣湖公路世纪城生活广场1F层东区1-2号(世纪城正门内),114.085791,34.871286,13140003738;19139789747,8：00——22：00
中牟县,50700,冷饮店,蜜雪冰城(文明路店),文明路与陇海路交叉口东南20米,114.021168,34.717089,15617545345,8：00——22：00
中牟县,50700,冷饮店,蜜雪冰城(万华奥特莱斯店),万华奥特莱斯,113.948673,34.699662,13949027159;15237199362,8：00——22：00
中牟县,50700,冷饮店,书亦烧仙草(郑州中牟豫兴家苑店),豫兴家苑五号院西门南220米,113.911974,34.797028,19522314605,8：00——22：00
中牟县,50700,冷饮店,三只柠萌(杨小姐的奶茶店),拥军路十里桃花路交叉口西北角三只柠萌,114.012785,34.738587,13073720822,8：00——22：00
中牟县,50700,冷饮店,蜜雪冰城(万科·美景魅力之城幽兰园店),航空港区长安路115号万科·美景魅力之城幽兰园,113.849557,34.585839,4000608888,8：00——22：00
中牟县,50700,冷饮店,蜜雪冰城(通惠路店),白沙镇通慧路与复兴路交叉口西10米路南1号,113.886266,34.735709,13837129935,8：00——22：00
中牟县,50700,冷饮店,益禾堂(新郑八千店),航空港区八千办事处益禾堂店,113.860275,34.563375,15738812569,8：00——22：00
中牟县,50700,冷饮店,益禾堂(中茂尚悦广场店),中茂尚悦广场,113.938347,34.721675,13140011628,8：00——22：00
中牟县,50700,冷饮店,不要对我尖叫·日常茶间(天泽城店),天泽城北门万胜路南,113.962007,34.717681,18639559609,8：00——22：00
中牟县,50700,冷饮店,益禾堂(郑州工商学院西校区店),前程大道8号,113.889182,34.792336,15003993858;15038342684,8：00——22：00
中牟县,50700,冷饮店,沪上阿姨·精选茶饮(郑州中牟天泽城店),广惠街街道天泽城商业广场一楼B-F1-hsoo1号,113.961225,34.716075,18503887960,8：00——22：00
中牟县,50700,冷饮店,蜜雪冰城(自由街店),青年路街道办事处荟萃路与自由街交叉口西南角,114.028415,34.72769,15093420177,8：00——22：00
中牟县,50700,冷饮店,瑞幸咖啡(中牟世纪城店),青年路建设路世纪城时代广场一层01号商铺,114.017917,34.72369,4000100100,8：00——22：00
中牟县,50700,冷饮店,蜜雪冰城(顺发路店),顺发路与中兴路交叉口西北角,114.009573,34.727087,18538254198,8：00——22：00
中牟县,50800,糕饼店,刘一家蛋糕(清华誉·铭座店),广惠街102号清华誉·铭座F1层,113.97382,34.716656,13523470170,8：00——22：00
中牟县,50800,糕饼店,百香林西点(工商学院店),工商学院小破街北排23号,113.889233,34.793096,18574268444,8：00——22：00
中牟县,50800,糕饼店,英伦西饼(沃金店),航空港区沃金商业广场,113.858783,34.56041,0371-55696811,8：00——22：00
中牟县,50800,糕饼店,禾之初面包店,大孟镇普罗理想国小区西7苑3号楼1层101号,114.019642,34.786643,13007626598,8：00——22：00
中牟县,50800,糕饼店,多来福烘焙(荣城百货店),白沙镇青年路与敬业路交叉口西行150米路北亿佰佳超市一楼,113.894735,34.740243,18939506310,8：00——22：00
中牟县,50800,糕饼店,百香林西点(中牟总店),府前路与人民巷交叉口南40米,114.023657,34.720508,15670607294,8：00——22：00
中牟县,50800,糕饼店,仟吉西饼(永威南樾店),航空港区桥航路73-1号,113.864044,34.580016,0371-58682035,8：00——22：00
中牟县,50800,糕饼店,皇家蛋糕(豫康店),航空港区豫康新城南区南1门旁,113.864458,34.563279,17630000285,8：00——22：00
中牟县,50800,糕饼店,语诺蛋糕(世纪城店),百花路与建设南路交叉口东南40米,114.017833,34.722534,18569952029,8：00——22：00
中牟县,50800,糕饼店,兴隆蛋糕房(新县城店),学苑路与宝峰街交叉口向东200路北,113.965912,34.715397,15649871907;18613715710,8：00——22：00
中牟县,50800,糕饼店,英伦西饼(万科店),航空港区正弘·中央公园湖语苑西门西80米,113.849528,34.586048,0371-89907123,8：00——22：00
中牟县,50800,糕饼店,多来福烘焙(新城小学店),白沙镇白沙路新城小学东20米路北一楼商铺,113.885634,34.739796,18137663053,8：00——22：00
中牟县,50800,糕饼店,维尔纳斯意大利手工艺蛋糕(河南-郑州-象湖店),白沙镇永顺路美秀路东南角农贸市场北门3号门面,113.856509,34.768831,13513808936,8：00——22：00
中牟县,50800,糕饼店,康鑫达蛋糕,青年西路32号,114.01858,34.725589,0371-62193004,8：00——22：00
中牟县,50800,糕饼店,英伦西饼(万科沐阳园店),航空港区飞航路万科沐阳园北门东北商铺A03,113.857749,34.592535,15690861123;19913873511,8：00——22：00
中牟县,50800,糕饼店,语诺动物奶油生日蛋糕(象湖店),凤栖街与俊贤路交叉口东北角101号商铺,113.903389,34.776428,0371-62179777,8：00——22：00
中牟县,50800,糕饼店,安妮贝可生日蛋糕(中牟店),青年路办事处官渡大街与府前街交叉口向东100米路北116号,114.025333,34.71975,15637193635,8：00——22：00
中牟县,50800,糕饼店,维尔纳斯意大利手工艺生日蛋糕(新郑机场店),航空港区凌风街31-10号,113.853745,34.562268,15670621176,8：00——22：00
中牟县,50800,糕饼店,中牟瑞可甜心,,114.03059,34.715881,17503979050,8：00——22：00
中牟县,50800,糕饼店,英伦西饼(山顶店),航空港区营河社区南门西110米,113.868354,34.563427,0371-89908123;15729399191,8：00——22：00
中牟县,50800,糕饼店,桂洲村桃酥(中牟店),建设南路与青年西路交叉口南80米,114.017381,34.724826,15237176453,8：00——22：00
中牟县,50800,糕饼店,仟吉西饼(郑州中牟杉杉奥特莱斯广场店),郑州杉杉奥莱·中牟店,114.030382,34.782548,0371-65366744,8：00——22：00
中牟县,50800,糕饼店,百香林西点(小破街南排店),岗赵市场步行街小破街南排26号,113.88925,34.793097,17839239100,8：00——22：00
中牟县,50800,糕饼店,语诺西饼(泰安街店),祥瑞中心花园西2门旁,114.002565,34.721384,0371-62278777,8：00——22：00
中牟县,50800,糕饼店,三甜屿品质千层(中牟县小破街店),豫兴路办事处岗赵市场北排一楼106号,113.885935,34.793067,15738890834,8：00——22：00
中牟县,50800,糕饼店,米兰西饼(豫兴路店),豫兴佳苑6号院西门号商铺童年童趣儿童摄影对面对面,113.913968,34.798395,13213119139;18039296645,8：00——22：00
中牟县,50800,糕饼店,香雪儿(中茂新悦城店),商都大道与福顺街交叉口东南角新悦城1号楼一层106A商铺,113.937903,34.722091,0371-55200628,8：00——22：00
中牟县,50800,糕饼店,英伦西饼烘焙体验馆(锦荣悦汇城店),航空港区锦荣悦汇城(恩平湖地铁站出入口步行140米),113.861496,34.565464,17603873839,8：00——22：00
中牟县,50800,糕饼店,W法式蛋糕中牟店,东润朗郡东门向北10米,113.961761,34.722774,17703867995,8：00——22：00
中牟县,50800,糕饼店,尚品鑫隆面包房(官渡西街店),官渡西路与府前路交叉口西南50米,114.023037,34.71966,0371-62155268;0371-62196110,8：00——22：00
中牟县,50800,糕饼店,吉百式蛋糕,城关镇官渡大街129号,114.013007,34.721393,15890194876,8：00——22：00
中牟县,50800,糕饼店,嘉利家(恒通小区店),白沙镇恒通小区4号楼4单元1层(白沙购物中心对面),113.896375,34.736423,13103820917;13603996637,8：00——22：00
中牟县,50800,糕饼店,氧气烘焙(新圃街店),壹号公园西区东南门南60米,113.985481,34.715646,13140165515;15517195515,8：00——22：00
中牟县,50800,糕饼店,麦甜烘焙,绿博新城五号院南门西50米,113.975141,34.766576,15638201898,8：00——22：00
中牟县,50800,糕饼店,真鑫蛋糕烘培(锦凤花园店),二十五大街南九龙镇宇和路1号楼6号商铺,113.863549,34.685716,13937128229;15981897640,8：00——22：00
中牟县,50800,糕饼店,优嘉烘焙(永威南樾二期瑞苑店),航空港区桥航路73号永威南樾(二期2-111)瑞苑优嘉烘焙,113.865209,34.580596,15237135912,8：00——22：00
中牟县,50800,糕饼店,安妮贝可生日蛋糕(白沙店),郑东宽豪斯北门亿购生活超市往东100米,113.891643,34.73981,15639028699,8：00——22：00
中牟县,50800,糕饼店,廖朵朵千层蛋糕(中牟店),学苑路与永福街交叉口往西30米路北春和景明底商2-110,113.979442,34.713876,17839234081,8：00——22：00
中牟县,50800,糕饼店,鑫鑫蛋糕(中牟店),府前路与官渡西路交叉口向北50米路东,114.02366,34.720046,15803864193;18903838992,8：00——22：00
中牟县,50800,糕饼店,六月烘焙,郑东新区豫兴办事处豫兴家苑3号院综合管理服务楼吉瑞路与增福街西南角1层,113.907441,34.795893,15938767532,8：00——22：00
中牟县,50800,糕饼店,喜涵烘焙,郑州市经济技术开发区九龙办事处九龙镇喜涵烘焙,113.846646,34.682373,15737175902,8：00——22：00
中牟县,50800,糕饼店,语诺西饼(官渡西路店),中牟县官渡大街西段96号路南,114.004481,34.722809,0371-60211899,8：00——22：00
中牟县,50800,糕饼店,云峰糕点,郑州市经济技术开发区九龙镇办事处九龙农贸市场北60米,113.847865,34.682121,15188393279,8：00——22：00
中牟县,50800,糕饼店,幸福西饼(蓝爵世家店),广惠街街道宝峰街南153号蓝爵世家,113.962614,34.719658,0371-60270966;19913823050,8：00——22：00
中牟县,50800,糕饼店,朵儿蛋糕(绿博新城4号院店),绿博二号,113.980102,34.769202,15093240149,8：00——22：00
中牟县,50800,糕饼店,八目麦手撕面包(岗李店),阜外路岗李市场,113.849847,34.784225,13592351618,8：00——22：00
中牟县,50800,糕饼店,仟之乐烘焙,绿博一号社区G区一楼a-02号,113.948582,34.791808,19900937776,8：00——22：00
中牟县,50800,糕饼店,彭记口口香,恒通小区东门旁,113.896225,34.737375,17370150700,8：00——22：00
中牟县,50800,糕饼店,玉花缘DIY鲜花蛋糕(东风路店),东风路与丰华街交叉口路南,113.998077,34.716107,15003819518,8：00——22：00
中牟县,50800,糕饼店,仟之乐烘焙(上东城店),中江华庭小区二期9号楼102号1层,113.852542,34.771815,17335727771,8：00——22：00
中牟县,50800,糕饼店,宇众不桐蛋糕(大有嘉苑店),良秀路与小南岗街交叉口西南角,113.852183,34.763054,18537861920;18537861925,8：00——22：00
中牟县,50800,糕饼店,老香港蛋糕(祥瑞花园店),祥瑞花园北1门旁,113.967396,34.722108,15981838718,8：00——22：00
中牟县,50800,糕饼店,大猫糕点(世纪城店),青年路世纪城3号楼126铺,114.018549,34.723996,19138128055,8：00——22：00
中牟县,50800,糕饼店,好运来蛋糕(城东南路),青年路街道城东路小学旁边,114.035245,34.719562,15978677686;17737609295,8：00——22：00
中牟县,50800,糕饼店,我的蛋糕 My Cake,东风路与丰华街向南200米路西,113.998178,34.713797,15838296247,8：00——22：00
中牟县,50800,糕饼店,U美滋蛋糕cake,白沙镇岗李集贸市场,113.849444,34.784721,13837136152;18637133908,8：00——22：00
中牟县,50800,糕饼店,甜蜜行家兴隆蛋糕房(白沙店),白沙镇复兴路21号,113.890975,34.73522,15093406245;15838070692,8：00——22：00
中牟县,50800,糕饼店,中牟县咔布吉诺西饼店,青年路街道自由街与荟翠路交叉口向西100米路南,114.026965,34.729275,0371-62129825;13663830322,8：00——22：00
中牟县,50800,糕饼店,芙瑞蛋糕,官渡大街与育才南巷交叉口东北角,114.019773,34.720566,13213205638,8：00——22：00
中牟县,50800,糕饼店,焙思香蛋糕(白沙店),白沙镇白沙村,113.891105,34.735176,15093406245,8：00——22：00
中牟县,50800,糕饼店,中牟县大孟镇鑫语蛋糕店,大孟社区商业街二楼鑫语蛋糕店,114.019834,34.795109,0371-60219843;15138487037,8：00——22：00
中牟县,50800,糕饼店,玉夫人蛋糕屋(东润华景店),白沙镇商都路东润华景1号楼1单元103铺,113.883367,34.732913,15937858233,8：00——22：00
中牟县,50800,糕饼店,维尔纳斯意大利手工艺生日蛋糕(九龙镇店),九龙镇卫生院斜对面,113.852121,34.682364,18836955556,8：00——22：00
中牟县,50800,糕饼店,芝心Cake(工商学院店),前程大道岗赵步行街东头,113.889591,34.79313,16638209775,8：00——22：00
中牟县,50800,糕饼店,趣焙蛋糕(前程嘉苑一号院店),前程嘉苑一号院,113.880059,34.738792,13592585046,8：00——22：00
中牟县,50800,糕饼店,焙芝语蛋糕,广惠街岗头村,113.995471,34.739679,15515797961,8：00——22：00
中牟县,50800,糕饼店,李记拔丝蛋糕(锦荣百货店),航空港区锦荣百货东门旁,113.86306,34.563251,19937628095,8：00——22：00
中牟县,50800,糕饼店,苏兰一品蛋糕(福山小区店),郑庵镇福山社区,113.947013,34.641577,13733829229,8：00——22：00
中牟县,50800,糕饼店,哥哥丫蛋糕房清真(荟萃路店),荟萃路与晴晖巷交叉口东40米,114.022671,34.728467,0371-56751137;15516173226,8：00——22：00
中牟县,50800,糕饼店,维尔纳斯意大利手工艺生日蛋糕(中牟店),盛世通达2号楼商铺,113.963641,34.715065,15515500162,8：00——22：00
中牟县,50800,糕饼店,天天蛋糕房,刁家乡红绿灯向东100米,114.086455,34.545889,13592620567,8：00——22：00
中牟县,50800,糕饼店,快乐烘焙坊(和谐大道店),航空港区和谐大道与幸福街交叉口西140米,113.932623,34.591832,13298106036,8：00——22：00
中牟县,50800,糕饼店,蛋糕花园(绿博家苑六号院店),刘集镇绿博一号小区,113.947161,34.791892,13838171605,8：00——22：00
中牟县,50800,糕饼店,口口香蛋糕店(中牟店),官渡大街二院正对面,114.023558,34.719998,13503459858;13523464536,8：00——22：00
中牟县,50800,糕饼店,仟优格蛋糕奶茶店,恒通风景苑南门西90米,113.893297,34.735256,13939055446;18638658451,8：00——22：00
中牟县,50800,糕饼店,焙思香蛋糕(阜外路店),通商路88号,113.849841,34.784675,15003825074,8：00——22：00
中牟县,50800,糕饼店,诚信蛋糕房,006县道东50米,113.942762,34.857787,13526496513,8：00——22：00
中牟县,50800,糕饼店,超满艺蛋糕烘焙,韩寺镇初级中学对面,114.109535,34.655596,13523443261;13598434086,8：00——22：00
中牟县,50800,糕饼店,卡贝拉烘焙,祥云街道谢庄朱怀彦牙科东侧隔壁第二家,113.838041,34.638444,15936202609,8：00——22：00
中牟县,50800,糕饼店,M·小梦烘焙工作室,航空港区宇航铭筑B座4044,113.852678,34.588003,15039050563,8：00——22：00
中牟县,50800,糕饼店,焙思香蛋糕(府前路店),府前街与陇海路交叉口南100米路东5号,114.022552,34.716223,15136430838,8：00——22：00
中牟县,50800,糕饼店,百香林西点(寿圣街店),宝峰街7号,113.960697,34.71636,17839239100,8：00——22：00
中牟县,50800,糕饼店,百香林西点,青年路敬业路西北角,113.895854,34.740339,15736746191,8：00——22：00
中牟县,50800,糕饼店,闻老大香掉牙酥饼(中牟总店),荟萃路小学往东一百米路南弘毅高中西南侧,114.025737,34.728237,15838101124,8：00——22：00
中牟县,50800,糕饼店,百香林西点(永威南樾店),航空港区桥航路101号,113.864665,34.580607,17337117970,8：00——22：00
中牟县,50800,糕饼店,昇達面包房,仓狼路附近,114.092879,34.733901,13938499379,8：00——22：00
中牟县,50800,糕饼店,晚家烘焙,商都大道与宝丰街交叉口向南200米,113.96464,34.718044,13183008992,8：00——22：00
中牟县,50800,糕饼店,廖朵朵千层蛋糕(航空港区店),航空港区凌寒街86-32号,113.871186,34.560799,19036955672,8：00——22：00
中牟县,50800,糕饼店,味美滋蛋糕坊,航空港区冯堂办事处冯堂村,113.981694,34.467979,15515505023,8：00——22：00
中牟县,50800,糕饼店,项记桃酥大王(青年西路店),中牟宾馆东北门东70米,114.027928,34.723671,18270116261,8：00——22：00
中牟县,50800,糕饼店,W·法式蛋糕(中牟县店),广惠街街道东润郎都东门10号楼1楼107铺,113.977185,34.714618,17703867995,8：00——22：00
中牟县,50800,糕饼店,开心点蛋糕房,013县道与105县道交叉口东150米,113.839843,34.638603,13523076963,8：00——22：00
中牟县,50800,糕饼店,大森小林蛋糕烘焙(星城国际东苑店),商都路与星城东路星城国际东苑19号商铺,113.924563,34.721581,18613722105,8：00——22：00
中牟县,50800,糕饼店,上酥皇糕点,府前路与官渡西路交叉口东北40米,114.02351,34.720039,15270107770,8：00——22：00
中牟县,50800,糕饼店,尚品鑫隆(东工·都市家苑店),东工都市家苑东北门旁,114.016665,34.720722,0371-62155268,8：00——22：00
中牟县,50800,糕饼店,云朵蛋糕(沁园馨城店),寿圣街小学东门毕虎村农贸市场云朵蛋糕,113.960102,34.710877,13598839300,8：00——22：00
中牟县,50800,糕饼店,哆来福·蛋糕,文通路占杨村广场北第二排西4号楼,113.946986,34.70015,15517172785,8：00——22：00
中牟县,50800,糕饼店,蜜雪儿蛋糕坊(白沙镇店),郑东新区白沙小学南门西南50米,113.889066,34.735462,15903625119,8：00——22：00
中牟县,50800,糕饼店,温鑫蛋糕坊,九龙镇祥符卢村,113.841801,34.638494,18838029639,8：00——22：00
中牟县,50800,糕饼店,西麦烘焙,航空港区美景苑北门东北110米,113.926308,34.535717,15638221221,8：00——22：00
中牟县,50800,糕饼店,包包cake,航空港区锦荣悦汇城4楼D1电梯出门左拐10米,113.862497,34.565419,19943822477,8：00——22：00
中牟县,50800,糕饼店,仟禧贝甜,青年路街道青年路与建设路交叉口南50米路西,114.017383,34.724115,18037891661,8：00——22：00
中牟县,50800,糕饼店,咔乐滋蛋糕屋,官渡镇仓狼路郑州铁路技师学院实训中心b区向北80米,114.094369,34.754946,15544196128,8：00——22：00
中牟县,50800,糕饼店,6℃鲜蛋糕面包饮品,复兴路117正,113.889276,34.735409,13838148282,8：00——22：00
中牟县,50800,糕饼店,爱尚烘焙蛋糕房,002县道与雁月大道交叉口东北100米,114.085158,34.872296,15038286203,8：00——22：00
中牟县,50800,糕饼店,甜心蛋糕房,刁黄路与中刁路交叉口东北40米,114.085766,34.545946,15093643212,8：00——22：00
中牟县,50800,糕饼店,半溪山·法式慕斯·生日蛋糕(中牟店),盛世通达东南2门东北60米,113.963754,34.713448,15515598815,8：00——22：00
中牟县,50800,糕饼店,麦穗儿清真蛋糕,东风路街道办事处绿路劲九郡二期麒麟园13楼102商铺,113.991418,34.710549,17737400668,8：00——22：00
中牟县,50800,糕饼店,半颗糖蛋糕面包甜品零食(锦绣花园),智通南街与经南十二路锦绣花园小区,113.900575,34.675425,13526492180,8：00——22：00
中牟县,50800,糕饼店,黄记桃酥大王(建设北路店),建设北路9号,114.018481,34.729027,18770123099,8：00——22：00
中牟县,50800,糕饼店,卡贝蛋糕坊,谢庄村,113.813611,34.628009,17513269240,8：00——22：00
中牟县,50800,糕饼店,酥芙宫廷糕点,永顺路与象湖南路交叉口北80米,113.85661,34.771526,18239932682,8：00——22：00
中牟县,50800,糕饼店,果果西点蛋糕(爱乡路店),爱乡路(仁和旺世西南侧约50米),114.016165,34.732305,15890094106,8：00——22：00
中牟县,50800,糕饼店,烘焙达人(蛋糕工作室),芦医庙大街115-5号,113.852824,34.764529,13838089486,8：00——22：00
中牟县,50800,糕饼店,班布熊生日蛋糕(中牟店),博见路与牡丹七街交叉口西120米,113.977328,34.768955,13460362220,8：00——22：00
中牟县,50800,糕饼店,枣子坊(小破街店),前程大道8号,113.888929,34.792972,15638023807,8：00——22：00
中牟县,50800,糕饼店,仲夏糖豆家(天泽城店),宝峰街7号天泽城广场F1层,113.961014,34.715929,15903636023,8：00——22：00
中牟县,50800,糕饼店,维尔纳斯意大利手工艺生日蛋糕(中牟店),盛世通达东南2门北80米,113.963476,34.713566,15515500162,8：00——22：00
中牟县,50800,糕饼店,纯享奶斯生日蛋糕(金帝城店),金恒基·金帝城西南门西80米,113.965918,34.715333,15617690872,8：00——22：00
中牟县,50800,糕饼店,上海蜂蜜蛋糕,航空港区八岗镇十字路口向东50米路南,113.931315,34.592139,13137140235;13137143861,8：00——22：00
中牟县,50800,糕饼店,紫色烘焙坊,城河街清平巷宝宝幼儿园西50米路南,114.024964,34.722141,13633833523,8：00——22：00
中牟县,50800,糕饼店,爱巧思蛋糕坊,官渡镇板桥村,114.092765,34.735336,18903834993,8：00——22：00
中牟县,50800,糕饼店,米卡风情蛋糕(朱博士社区店),梦溪路朱博士社区10号楼1802号,113.960013,34.694733,16556550888,8：00——22：00
中牟县,50800,糕饼店,甜豆甜品店,黄店镇农村信用社西150米路北甜豆烘焙蛋糕房,114.00624,34.549474,18939500630,8：00——22：00
中牟县,50800,糕饼店,Tealady茶姐家烘焙DIY·动物奶油蛋糕(中牟店),牡丹七街与郑汴物流通道交叉口北120米,113.977541,34.764167,15093380375,8：00——22：00
中牟县,50800,糕饼店,周记酥铺新中式糕点,航空港区凌空街与远航路交叉口东北200米,113.867385,34.557148,15290887915,8：00——22：00
中牟县,50800,糕饼店,小羊cake,伟业巴黎印象小区底商1单元,113.939105,34.718583,18595758102,8：00——22：00
中牟县,50800,糕饼店,倩倩烘焙(蛋糕),航空港区精智三官文化大集6区1-2号,113.922849,34.537418,15617655230,8：00——22：00
中牟县,50800,糕饼店,壹伴烘培,宁馨苑4号楼2单元106铺,113.889925,34.800825,15937895875,8：00——22：00
中牟县,50800,糕饼店,哥哥丫蛋糕房,府前街与陇海路交叉口向南50米路东哥蛋糕房,114.022581,34.716314,15136430838,8：00——22：00
中牟县,50800,糕饼店,仟之乐烘焙绿博2号社区店,刘集镇绿博新城社区5号院1号楼14号门面房,113.977919,34.769001,19103830888,8：00——22：00
中牟县,50800,糕饼店,二元面包,牟州路与文博路交叉口西南角,113.967793,34.711701,15837151251,8：00——22：00
中牟县,50800,糕饼店,花儿蛋糕店,狼城岗镇韦滩社区4号院西车库门花儿蛋糕店,114.179553,34.842267,15188319410,8：00——22：00
中牟县,50800,糕饼店,吉芙蛋糕,航空港区和谐大道110号,113.930424,34.592495,18595694999,8：00——22：00
中牟县,50900,甜品店,千屿千层,百花路南侧31号,114.019217,34.722382,19523715172,8：00——22：00
中牟县,50900,甜品店,今甜脱脂泡芙(象湖路店),白沙镇象湖南路丹尼斯象湖店五楼,113.857342,34.771648,18738170500,8：00——22：00
中牟县,50900,甜品店,冰冰乐雪糕冻品批发(鑫荣·中央金地公寓店),郑州航空港区鑫荣小区A-1025号,113.853734,34.562096,15290865825,8：00——22：00
中牟县,50900,甜品店,玫小妹玫瑰炒酸奶(世纪城店),建设南路世纪城时代广场,114.018787,34.724068,13676962626,8：00——22：00
中牟县,50900,甜品店,玉淇淋,万邦水产冻品市场公六区26号,113.9439,34.687819,18603813455,8：00——22：00
中牟县,50900,甜品店,漫柔冬,象湖100金悦园北门中国电信隔壁漫柔冬甜品店,113.90634,34.777252,0371-55001100;18103813212,8：00——22：00
中牟县,50900,甜品店,漫雪斯炒酸奶,牟山路与广惠街辅路交叉口东南200米,113.964698,34.718197,17513237121,8：00——22：00
中牟县,50900,甜品店,郑州嘿嘿熊炒酸奶,白沙镇象湖南路与永顺路交叉口岗李农贸市场美食街8号,113.856396,34.771373,15617644644,8：00——22：00
中牟县,50900,甜品店,一点甜(朱博士社区店),梦溪路路南,113.960043,34.694733,17737163933,8：00——22：00
中牟县,50900,甜品店,DQ(郑州中牟戏剧幻城店),大孟镇文信路与平安大道西北角只有河南·戏剧幻城A4-中岛1,114.00279,34.798371,17698079592,8：00——22：00
中牟县,50900,甜品店,鲜果炒酸奶,文通路与学苑路交叉口西北120米,113.954803,34.717678,13837199281,8：00——22：00
中牟县,50900,甜品店,大超冷饮批发,航空港区八岗村十字路口向北400米,113.930775,34.595628,13663004517,8：00——22：00
中牟县,50900,甜品店,蒙牛冰淇淋火锅食材汇,航空港区龙港综合市场东门东北50米,113.930861,34.591252,13383866946,8：00——22：00
中牟县,50900,甜品店,小熊先生厚切炒酸奶,复兴路与恒通路交叉口西420米,113.891932,34.734231,18839537998,8：00——22：00
中牟县,50900,甜品店,书亦烧仙草(郑州港区富港商业街店),航空港区豫州大道107号,113.927766,34.535068,15538265062,8：00——22：00
中牟县,50900,甜品店,朵朵炒酸奶,小破街南排15号,113.889769,34.79283,15617081266,8：00——22：00
中牟县,50900,甜品店,天顺冷饮批发,白沙镇恭秀路与小南岗街交叉口路南,113.851833,34.759779,18236356756,8：00——22：00
中牟县,50900,甜品店,菲尔程烘焙店,府前街中段集贸市场斜对面菲尔程烘焙店,114.022297,34.714295,18339208009,8：00——22：00
中牟县,50900,甜品店,可可蛋糕烘焙坊(姚家镇集贸市场店),姚家镇新市场,114.017891,34.6566,15238649902,8：00——22：00
中牟县,50900,甜品店,酸奶驿站,泰安街与学苑路交叉口东南20米,114.000991,34.711094,13938290184,8：00——22：00
中牟县,50900,甜品店,胖哥食品,D3区16号,113.945036,34.689644,13603996351,8：00——22：00
中牟县,50900,甜品店,沁糖烘焙(盛驰花园店),盛驰花园里一号楼一楼,113.890794,34.735983,15378776380,8：00——22：00
中牟县,50900,甜品店,田师傅麻椒鸡,官渡东路与人民路交叉口西北角15米,114.03143,34.71902,15290844487;18903856368,8：00——22：00
中牟县,50900,甜品店,清宴胡辣汤,渠南路与文通路交叉口西400米,113.947157,34.700183,17335749923,8：00——22：00
