区域,餐饮类型编码,餐饮类型名称,POI名称,详细地址,经度(lon),纬度(lat),联系电话,营业时段
登封市,50100,中餐厅,杨掌柜辣椒炒肉(登封颍上店),南一环609号嵩博花园颍上路南,113.023657,34.446393,0371-62722888;15238621640,8：00——22：00
登封市,50100,中餐厅,嵩山不一般水席文化餐厅,颍河路330号,113.018493,34.449754,0371-62788999,8：00——22：00
登封市,50100,中餐厅,聚仙阁庄园,宣化大酒店西南门旁,113.266442,34.351428,15639939108,8：00——22：00
登封市,50100,中餐厅,豫丰汇·河南名菜楼,颍河路西段文化城333号(西北角),113.020474,34.449272,,8：00——22：00
登封市,50100,中餐厅,武记·嵩山民俗菜餐厅,嵩阳办事处守敬路399号,113.052504,34.451895,,8：00——22：00
登封市,50100,中餐厅,鱼你在一起(大禹城店),中岳大街151号大禹城B1层,113.043511,34.456412,13837146078,8：00——22：00
登封市,50100,中餐厅,阿峰家·老长沙下饭菜,石淙路与启秀街交叉口,113.020129,34.445871,,8：00——22：00
登封市,50100,中餐厅,方中山胡辣汤(崇高路店),崇高路192号,113.05053,34.461977,13213027229,8：00——22：00
登封市,50100,中餐厅,黑土风情铁锅炖(阳城路店),嵩阳街道龙玺湾东苑北1-101,113.054477,34.443582,0371-62825188;0371-62825888;16638180388,8：00——22：00
登封市,50100,中餐厅,湘遇小锅米饭(登封店),锦绣华庭东北门旁,113.022653,34.44679,0371-62828999,8：00——22：00
登封市,50100,中餐厅,红色年代·得劲湘菜(武记餐饮),菜园路与石淙路交叉口东北角,113.04105,34.442063,,8：00——22：00
登封市,50100,中餐厅,登封清林羊肉馆总店,大禹路与少室路交叉口东南角889号,113.028696,34.468733,15093218787,8：00——22：00
登封市,50100,中餐厅,和顺楼,嵩阳街道书院河路北段,113.038702,34.470185,0371-62705678,8：00——22：00
登封市,50100,中餐厅,荟南湘(登封店),嵩阳街道滨河路与大禹路交叉口向北100米河西,113.039136,34.469271,0371-62983555;16691624777,8：00——22：00
登封市,50100,中餐厅,幸福里四方菜,阳光美景西门南80米,113.041058,34.442375,0371-62798886;15738813567,8：00——22：00
登封市,50100,中餐厅,少林欢喜地素斋馆,少林景区少林寺山门旁边,112.942133,34.505707,0371-62748718,8：00——22：00
登封市,50100,中餐厅,登封第一汤,城东家属院西2门旁,113.053193,34.454974,13653810371,8：00——22：00
登封市,50100,中餐厅,卢崖山庄,福中岳街道北高庄村,113.087828,34.474456,13838543678,8：00——22：00
登封市,50100,中餐厅,登封市蒋记私家汤一分店,颖河路西段文化城一楼(苹果园居委会),113.018789,34.449665,,8：00——22：00
登封市,50100,中餐厅,三味居家常菜,魁星街与书院河路交叉口路西南角(保乐宫隔壁),113.036795,34.472664,0371-62880868,8：00——22：00
登封市,50100,中餐厅,虎丫炒鸡(河南郑州登封大禹城店),炒鸡(大禹城店)登封市中岳大街大禹城4楼东北侧炒鸡,113.044073,34.456787,18697347779,8：00——22：00
登封市,50100,中餐厅,朝阳羊肉馆,卢店朝阳路75-3号门牌,113.161791,34.459412,15638911829,8：00——22：00
登封市,50100,中餐厅,麻辣婆婆·融合餐厅,崇高路中段(鸡街居委会),113.039758,34.463448,0371-62822288;13283831968,8：00——22：00
登封市,50100,中餐厅,蒋记私家汤(登封店),嵩山路北段(七星街居委会),113.03709,34.470116,,8：00——22：00
登封市,50100,中餐厅,麻辣婆婆川菜餐厅(少林路店),少林大道与光明路口,113.037419,34.454739,,8：00——22：00
登封市,50100,中餐厅,禅武大酒店-中餐厅,大禹路西段鹅坡岭,113.017117,34.471305,0371-62808833;0371-62808899,8：00——22：00
登封市,50100,中餐厅,西施猪蹄,南一环218号,113.020851,34.447247,,8：00——22：00
登封市,50100,中餐厅,老祁砂锅(嵩阳里街店),书院河路嵩阳北里一巷一号,113.035517,34.473602,0371-62976888;13783500003,8：00——22：00
登封市,50100,中餐厅,花雕醉鸡(登封店),嵩福苑西北门南60米,113.030616,34.478458,13837987717,8：00——22：00
登封市,50100,中餐厅,淳味饺子紫薇城,颖河路与汉武路交叉口向西50米,113.086831,34.448217,0371-62993993,8：00——22：00
登封市,50100,中餐厅,地锅年代(秘制菜鸡登封店),,113.054316,34.46076,0371-62889488,8：00——22：00
登封市,50100,中餐厅,歆鱼坊鲜烤全鱼(登封店),嵩景花园东南门旁,113.028949,34.445595,0371-62709111;15638176755,8：00——22：00
登封市,50100,中餐厅,十三棍烩羊肉(鸿润城店),书院河路608号,113.045589,34.445372,15617932368,8：00——22：00
登封市,50100,中餐厅,凤凰烩面馆,崇高路与少室路路口东20米路北,113.02876,34.464487,15838390684,8：00——22：00
登封市,50100,中餐厅,百家烩羊肉,鹿鸣山庄对面,113.053033,34.461291,15038075371,8：00——22：00
登封市,50100,中餐厅,老登封·登封菜(文化城店),登封文化城西门2层南,113.018376,34.448946,18638938555,8：00——22：00
登封市,50100,中餐厅,山河秀川渝冒肚(少室路店),少室路颖上路交叉口南50米路东,113.023629,34.445954,17838718069,8：00——22：00
登封市,50100,中餐厅,刘氏鱼庄(白坪新区店),南一环与菜园路交叉口向西170米路南,113.039198,34.444076,0371-62822888,8：00——22：00
登封市,50100,中餐厅,武陟砂锅,爱民路东段,113.044003,34.460396,18838999994,8：00——22：00
登封市,50100,中餐厅,蜀兴苑纸包鱼(登封店),南一环与菜园路交叉口东南50米,113.041271,34.443682,0371-62822779,8：00——22：00
登封市,50100,中餐厅,赵九记呱呱老火锅(滨河路店),少林大道与滨河路交叉口向南150米路东,113.046438,34.451876,0371-62880009,8：00——22：00
登封市,50100,中餐厅,壹吧椒鲜炒大盘鸡(崇高路店),东二街与崇高路交叉口西南20米,113.034986,34.463656,,8：00——22：00
登封市,50100,中餐厅,东北鲜渔村黑土风情铁锅炖(登封店),登封一中(国际商贸城)颍河路与嵩阳路交叉口西10米路南,113.02939,34.447863,0371-55857979,8：00——22：00
登封市,50100,中餐厅,西施猪蹄(登封本土味)世代非遗,中岳街道福佑路社区芙蓉苑小区C2-109商铺,113.086337,34.450688,,8：00——22：00
登封市,50100,中餐厅,潇湘雨融合餐厅(尚城名都店),天中路与汉阙路交叉口西南角,113.090824,34.450435,13938268319,8：00——22：00
登封市,50100,中餐厅,傻子张大盘鸡(登封国际商贸城店),少室路登封国际商贸城,113.023487,34.448133,,8：00——22：00
登封市,50100,中餐厅,胖胖东自助火锅登封旗舰店,嵩山路与南一环交叉口向南200米路东,113.033944,34.443482,13526766234,8：00——22：00
登封市,50100,中餐厅,老狼大盘鸡(登封店),崇高路与东二街交叉口西南20米,113.034903,34.463697,0371-56068095;15537166233,8：00——22：00
登封市,50100,中餐厅,花千代秘制烤鱼登封旗舰店,少室路与南环一路交叉口向南20米路西,113.022944,34.445199,0371-85888168;13733857656,8：00——22：00
登封市,50100,中餐厅,雲舍茶餐厅,大禹路851号,113.028504,34.468766,13043990888,8：00——22：00
登封市,50100,中餐厅,寻味长沙湘菜,颍河路与谷路街交叉口西50米,113.037096,34.447335,,8：00——22：00
登封市,50100,中餐厅,谭鸭血老火锅(登封大禹城店),书院河路310号,113.04501,34.456362,18836636663,8：00——22：00
登封市,50100,中餐厅,倔倔徐涮烤酒馆(登封店),南二环与嵩山路交叉口向北100米路东,113.033911,34.443373,0371-62796333;15515783678,8：00——22：00
登封市,50100,中餐厅,好厨房香辣大盘鸡(登封店),崇高路与崇福路交叉口向北200米路西,113.046785,34.466967,15378764123,8：00——22：00
登封市,50100,中餐厅,兰亭小炊(爱民路店),爱民路26号,113.043594,34.460541,0371-67308929,8：00——22：00
登封市,50100,中餐厅,老东北三江野生大鱼,嵩阳街道重庆秦妈火锅(崇高路店)鹿鸣小区,113.050275,34.461774,0371-53793122,8：00——22：00
登封市,50100,中餐厅,颍阳水席饭店(登封店),大禹路积翠园1巷1号,113.04023,34.46889,0371-60165333,8：00——22：00
登封市,50100,中餐厅,农夫大盘鸡(崇高路店),嵩阳街道崇高路与嵩山路交叉口北100米,113.038597,34.463588,15333829322;15838262316,8：00——22：00
登封市,50100,中餐厅,牛二北京烤鸭,嵩阳路814号,113.031396,34.457292,13683862911,8：00——22：00
登封市,50100,中餐厅,一家亲土豆粉(光明路),光明路与东关街交叉口南80米,113.037556,34.456151,18037680223,8：00——22：00
登封市,50100,中餐厅,YUOZUO渝作·川渝冒肚(河南登封店),阳街道中岳大街东段555号,113.044647,34.457183,17513191118,8：00——22：00
登封市,50100,中餐厅,朱熙熙三不炒,南一环(颍上路)与菜园路交叉口西100米,113.040021,34.444291,15649012017,8：00——22：00
登封市,50100,中餐厅,李想大虾火锅(崇高路店),嵩阳街道崇高路与崇福路交叉口东50米319号,113.047395,34.462149,0371-62736607,8：00——22：00
登封市,50100,中餐厅,伴山厨房,北环路130号,113.035876,34.468939,15238335152,8：00——22：00
登封市,50100,中餐厅,壹吧椒鲜炒大盘鸡(腾龙小区店),市区菜园路南段808号(玉溪路居委会)(菜园路半份菜隔壁),113.041417,34.447827,0371-62873188;15238371909;4006196787,8：00——22：00
登封市,50100,中餐厅,大四喜酒楼(德融花园店),少林大道与禅武大街交叉口东北角,113.007501,34.459968,15664149777,8：00——22：00
登封市,50100,中餐厅,红坊子火锅,崇高路1085号,113.029253,34.464049,0371-62887887;15637199861,8：00——22：00
登封市,50100,中餐厅,胖子烧烤涮牛肚,嵩阳路南段1192号,113.030199,34.449923,17760778999,8：00——22：00
登封市,50100,中餐厅,老东北烤肉(登封店),郑煤小区西门旁,113.041126,34.443315,0371-62826281,8：00——22：00
登封市,50100,中餐厅,蜀香园(书院河路店),书院河路130号蜀香园,113.040552,34.466059,0371-62892688;15638116333,8：00——22：00
登封市,50100,中餐厅,百乐川烤鱼(大禹城店),嵩阳街道办事处中岳大街151号大禹城四层4020号,113.043687,34.456975,19939270188,8：00——22：00
登封市,50100,中餐厅,油饼母鸡汤(豫龙花园店),豫龙花园西门旁,113.046696,34.446678,,8：00——22：00
登封市,50100,中餐厅,谷养元粥铺(登封店),嵩景花园东南门旁,113.02873,34.445588,13782285578;17630057269,8：00——22：00
登封市,50100,中餐厅,老湘味道烧菜馆(崇高路店),市区崇高路东段(长春园居委会),113.043385,34.46302,0371-62817111;13203805222,8：00——22：00
登封市,50100,中餐厅,喜圆酒店(登封国际商贸城店),南一环国际商贸城南门,113.021785,34.447649,0371-85038888,8：00——22：00
登封市,50100,中餐厅,辣椒小厨川菜,爱民路与嵩山路交叉口东南20米,113.036856,34.4614,13603867679,8：00——22：00
登封市,50100,中餐厅,会善素斋,登封会善斋民宿西北侧,113.002571,34.488476,13939004627,8：00——22：00
登封市,50100,中餐厅,登封市市区淼庄地锅鸡店,嵩山路大禹路交叉口向北一百米路西昌釜铁锅炖饭店,113.037121,34.470208,13383829101;13663857333,8：00——22：00
登封市,50100,中餐厅,相遇鱼莊(登封旗舰店),南二环少室路向东100米路南,113.024092,34.443654,15637161785,8：00——22：00
登封市,50100,中餐厅,逸潭山房,郑州中岳区北新庄保粮窑石门水库,113.095822,34.480777,15093323219,8：00——22：00
登封市,50100,中餐厅,小秦川砂锅(登封店),嵩阳街道少室路与南一环向北50米路东1359号,113.023709,34.447362,17513276655,8：00——22：00
登封市,50100,中餐厅,登封市市区北舞渡丁国华餐饮店,崇高路与守敬路交叉口西南角,113.053636,34.461322,13253458000,8：00——22：00
登封市,50100,中餐厅,韶山人家湘菜馆(登封豪邸假日酒店),少林大道登封豪邸假日酒店,113.093054,34.454103,15238370333,8：00——22：00
登封市,50100,中餐厅,歌家焖罐(裕兴国际花园店),嵩山路与南二环交叉口向南100米,113.033524,34.44118,13073792399,8：00——22：00
登封市,50100,中餐厅,栗园私房菜(少林小区店),少林小区永泰南路东三巷9号,113.011625,34.460701,13007628800;15515538363,8：00——22：00
登封市,50100,中餐厅,登封炖百味炖锅,市区文化城二楼炖百味(苹果园居委会),113.018495,34.448954,0371-62820518,8：00——22：00
登封市,50100,中餐厅,登封市将记水席民间菜餐饮店,中岳街道汉阙路西段3-101号,113.085268,34.451101,,8：00——22：00
登封市,50100,中餐厅,粤煌新派猪肚鸡养生火锅(嘉凯城中凯龙城店),阳城路,113.055436,34.448981,0371-62888600,8：00——22：00
登封市,50100,中餐厅,宴福楼,中岳庙馨园东门旁,113.082216,34.459149,13592469398,8：00——22：00
登封市,50100,中餐厅,24川蓉锦川(登封店),嵩阳街道南二环城南安置区一期10号楼101商铺,113.025357,34.443276,0371-55859933,8：00——22：00
登封市,50100,中餐厅,震浩特色大盘鸡(万佳中心城店),万佳中心城4楼东北角(电影院对面),113.044685,34.456715,0371-62827628;18538777707,8：00——22：00
登封市,50100,中餐厅,小v家秘制火锅鸡(菜园路店),菜园路洧河路南100米路西,113.041468,34.448465,18503808005,8：00——22：00
登封市,50100,中餐厅,花宝街石锅鸡公煲(大禹城店),菜园路120号,113.042701,34.456071,13271576588,8：00——22：00
登封市,50100,中餐厅,牛辛巴东北大片烤肉,崇高路与崇福路交叉口向东20米路南,113.046101,34.462335,15146984330,8：00——22：00
登封市,50100,中餐厅,蜀正园酒店,嵩阳路南段901号,113.031209,34.452741,0371-60166669,8：00——22：00
登封市,50100,中餐厅,老蒋私家汤,少室路与南一环交叉口向南100米路西,113.023012,34.445788,15903677222,8：00——22：00
登封市,50100,中餐厅,半岛酒楼(阳光美景店),郑煤小区东门旁,113.045762,34.442536,0371-62873948,8：00——22：00
登封市,50100,中餐厅,乡村风味汤汤汤(嵩阳家属院店),中岳大街167号,113.046289,34.456973,13673669989,8：00——22：00
登封市,50100,中餐厅,十三棍烩羊肉(少林小区店),少林街道少林小区永泰南路西二巷1号,113.010329,34.460466,15517137667,8：00——22：00
登封市,50100,中餐厅,都市农家院饭店,嵩阳街道办事处望洋北街9巷3号(中岳大街207交叉口),113.022454,34.460799,15238085222,8：00——22：00
登封市,50100,中餐厅,徐记江湖菜馆,崇高路西段,113.026014,34.464445,15515923715,8：00——22：00
登封市,50100,中餐厅,田园酒店(登封总店),嵩阳街道大禹路100号,113.04114,34.468282,0371-62859888;15649015666,8：00——22：00
登封市,50100,中餐厅,奇渔翁剁椒烤鱼,少室路1196号,113.023138,34.446116,13673375808,8：00——22：00
登封市,50100,中餐厅,喜剧川湘菜馆,少林宾馆后院停车场东北角,113.039009,34.459072,18439926123,8：00——22：00
登封市,50100,中餐厅,冯记羊肉馆,卢店镇雪佳面粉厂东10米,113.160007,34.460383,15639714985;15938792062,8：00——22：00
登封市,50100,中餐厅,白沙味道(锦绣华庭店),南一环与少室路交叉口向西100米路南,113.021736,34.447042,13643814196,8：00——22：00
登封市,50100,中餐厅,钓鱼台(少林大道店),少林大道与大修厂东一巷交叉口西100米,113.021984,34.455987,,8：00——22：00
登封市,50100,中餐厅,锅小七泡椒米线,东关街奶奶庙对面,113.040778,34.456499,18530891066,8：00——22：00
登封市,50100,中餐厅,富贵山居,少林街道办事处玄天庙三王庄4号,112.985592,34.508898,15838088862,8：00——22：00
登封市,50100,中餐厅,十三棍烩羊肉(紫薇城店),创佳·紫薇城南门旁,113.085172,34.448279,13783428096;15290892033,8：00——22：00
登封市,50100,中餐厅,石道酱炒牛肉,颖河路西段登封文化城2楼(登封文化城西门上二楼左手边),113.018432,34.449336,18037160336,8：00——22：00
登封市,50100,中餐厅,成都烧菜馆,滨河路崇福路交叉口路东,113.045925,34.459392,13938561522,8：00——22：00
登封市,50100,中餐厅,郝记羊肉馆,嵩阳街道守敬路金泽园快捷酒店对面,113.051016,34.446556,15038357800,8：00——22：00
登封市,50100,中餐厅,郑记炒鸡店,少室路与魁星街交叉口西北20米,113.029062,34.473404,13014598099;13783436152,8：00——22：00
登封市,50100,中餐厅,溪畔农家院(嵩山国家重点风景名胜区店),大金店镇三王庄桥200米左转向西,112.956865,34.446435,13592666540;18538731582,8：00——22：00
登封市,50100,中餐厅,芙蓉小镇湘菜馆,大禹路少室路西南角30米,113.027678,34.468671,15093061028;17398973111,8：00——22：00
登封市,50100,中餐厅,刘家老店,中国石化卢中加油站东侧130米路南,113.162934,34.45507,0371-62986899;13460336890,8：00——22：00
登封市,50100,中餐厅,鸣升鲜炒鸡(登封店),东关街与书院河路交叉口西120米,113.044128,34.456056,13203882312,8：00——22：00
登封市,50100,中餐厅,嵩山居善地,大禹路路北积翠西巷往北50米,113.042788,34.469714,17203865589,8：00——22：00
登封市,50100,中餐厅,武记半份菜,阳光美景西门南50米,113.041093,34.442606,13674999686;15290866979,8：00——22：00
登封市,50100,中餐厅,歌家鲜炒鸡(裕兴国际西花园店),裕兴国际西花园,113.026734,34.442845,13253659006;18595892399,8：00——22：00
登封市,50100,中餐厅,福临门酒店(嵩阳路店),俊彪中医皮肤病医院北门旁,113.032216,34.46467,15003829264;18939526329,8：00——22：00
登封市,50100,中餐厅,一苇山房素食餐厅(嵩山少林景区官方店),少林办事处郭店村塔沟村201号,112.952106,34.513012,0371-62746111;18639579055,8：00——22：00
登封市,50100,中餐厅,傻子张大盘鸡(菜园路店),郑煤小区西门北110米,113.041186,34.443809,,8：00——22：00
登封市,50100,中餐厅,羊蝎子老店,少室路与环山路交叉口向东20米,113.031208,34.479554,0371-88001118;15538011588,8：00——22：00
登封市,50100,中餐厅,百善小石锅石锅烧烤(嵩山景区店),少室路29号,113.030278,34.478886,13608670959,8：00——22：00
登封市,50100,中餐厅,煲饭堂黄焖鸡米饭(中岳大街店),中岳大街东关浴池正对面,113.047533,34.457157,15890003501,8：00——22：00
登封市,50100,中餐厅,马记烩面馆,中岳街道玉带路1030号,113.096116,34.457731,15038227011,8：00——22：00
登封市,50100,中餐厅,锅中新派炖肉,锦绣华庭北门东侧,113.022507,34.446819,15039089788,8：00——22：00
登封市,50100,中餐厅,功夫刀削面,嵩阳街道少室路北段2号,113.0298,34.479856,18569907833,8：00——22：00
登封市,50100,中餐厅,相遇鱼庄(卢店店),卢店镇夜市街中段,113.155608,34.456572,15637161785,8：00——22：00
登封市,50100,中餐厅,武状元功夫炒鸡,嵩阳街道菜园路南段506号,113.041183,34.446936,13838071558,8：00——22：00
登封市,50100,中餐厅,薛记老嵩山羊肉馆,书院河路与大禹路交叉口南100米,113.039924,34.467626,,8：00——22：00
登封市,50100,中餐厅,卢鸿草堂,中岳街道办事处北高庄村委西150米(停车场西),113.084435,34.475809,15890183316,8：00——22：00
登封市,50100,中餐厅,朝晖羊肉馆,崇福路与崇高路交叉口北200米,113.046124,34.464309,15538350222,8：00——22：00
登封市,50100,中餐厅,小辣椒美食(望箕路店),望箕路56号,113.039373,34.457025,15639016777,8：00——22：00
登封市,50100,中餐厅,美丽乡村饭店,郭店村村委会东北侧270米,112.968857,34.518075,13733158804;15738820386,8：00——22：00
登封市,50100,中餐厅,清真·金润斋北京烤鸭(登封总店),嵩阳路与洧河路交叉口向东15米路北,113.031396,34.452057,15137513203,8：00——22：00
登封市,50100,中餐厅,怀章砂锅店,市区崇高路西段(嵩阳桥居委会),113.025748,34.46422,13783555637;15503712001,8：00——22：00
登封市,50100,中餐厅,烙馍村酒店,嵩阳街道书院河路368号,113.045478,34.454264,0371-60167007;18003832123,8：00——22：00
登封市,50100,中餐厅,温记饭店(阳城区社会服务管理中心西北),北烟庄村委东南侧140米,113.152863,34.382382,13140069167,8：00——22：00
登封市,50100,中餐厅,郝佬大北京烤鸭(嵩山路店),嵩山路北段依嵩园三巷一号,113.037261,34.466987,19037119393,8：00——22：00
登封市,50100,中餐厅,傻子张大盘鸡(卢店店),237省道康佳超市南30米,113.155599,34.456837,,8：00——22：00
登封市,50100,中餐厅,土豆大人和他的美食们,少室路361号,113.027851,34.466751,,8：00——22：00
登封市,50100,中餐厅,吉祥菜馆,守敬路南段608号,113.051618,34.449708,13526898095,8：00——22：00
登封市,50100,中餐厅,常福记农家大盆骨(登封店),嵩阳路231号,113.03227,34.465796,13223078860,8：00——22：00
登封市,50100,中餐厅,仓赢馆子,高庄南街与滨河路交叉口东100米,113.047361,34.449336,15638179086,8：00——22：00
登封市,50100,中餐厅,歌家鲜炒鸡(东区店),少林大道与天中路交叉口东140米,113.092822,34.454114,13271588339,8：00——22：00
登封市,50100,中餐厅,万客来小份菜,嵩阳街道嵩阳路蜀正园宴会城对面,113.030767,34.452746,15137165581,8：00——22：00
登封市,50100,中餐厅,老街烩面,守敬路南段,113.05117,34.44713,13203870256;13383855989,8：00——22：00
登封市,50100,中餐厅,唐小姐肉蟹煲(大禹城店),中岳大街151号大禹城,113.044325,34.457025,17337127629,8：00——22：00
登封市,50100,中餐厅,孙苟私家烩面店登封总店,颍上路嵩湖花园1-2A商铺,113.028445,34.445066,15137155552,8：00——22：00
登封市,50100,中餐厅,蜀兴苑纸包鱼紫薇城东区店,创佳·紫薇城南门西150米,113.084265,34.44825,0371-62978166,8：00——22：00
登封市,50100,中餐厅,品味人生炖锅烧烤,洧河路501号,113.043209,34.449405,15333834310,8：00——22：00
登封市,50100,中餐厅,御丰缘烩面(洧河路店),坤田名邸南1门西120米,113.042204,34.449511,15036168789,8：00——22：00
登封市,50100,中餐厅,袁记家常菜馆,嵩阳街道崇高路195号,113.050456,34.462059,13783602005,8：00——22：00
登封市,50100,中餐厅,麻辣壹号(嵩阳路店),嵩阳路与洧河路交叉口南100米路西,113.030445,34.451122,18538109997,8：00——22：00
登封市,50100,中餐厅,武记石道鲜牛庄,颖福花园西院南侧90米,112.900376,34.368938,15238344477,8：00——22：00
登封市,50100,中餐厅,傻子张大盘鸡(嵩山路店),嵩山路小学斜对面,113.036997,34.466521,13838180200,8：00——22：00
登封市,50100,中餐厅,嵩山不夜城,谷路街356号,113.037844,34.447888,0371-62745666,8：00——22：00
登封市,50100,中餐厅,砂锅羊排,少室路北段中岳嵩山景区向南一百米路东,113.030329,34.47802,15238324678,8：00——22：00
登封市,50100,中餐厅,店小二海鲜炒鸡,告城大道金辉煌灯饰东100米,113.13866,34.399223,13071010667,8：00——22：00
登封市,50100,中餐厅,老狼大盘鸡(直营店),颖河路少室路交叉口东南嵩玉103商铺,113.024575,34.446693,13027787156,8：00——22：00
登封市,50100,中餐厅,李记半份菜,市区嵩阳路与少林大道交叉口东南角李记半份菜,113.031413,34.45455,15838152678,8：00——22：00
登封市,50100,中餐厅,老湘味道(少室路店),嵩阳街道少室路与南一环交叉路口南30米路西,113.023085,34.445911,,8：00——22：00
登封市,50100,中餐厅,洛阳第一涮牛肚王,少室路北段23号,113.029472,34.473703,13938426219,8：00——22：00
登封市,50100,中餐厅,农夫大盘鸡(告成分店),告成大街与禹都路交叉口向东80米路北,113.145193,34.398652,18695885009,8：00——22：00
登封市,50100,中餐厅,十里香饭庄,石道乡初级中学对面,112.896222,34.37041,13607698506;15238313168,8：00——22：00
登封市,50100,中餐厅,蘭亭小炊川菜故事(嵩山路店),市区嵩山路960号,113.036868,34.460393,15638108688,8：00——22：00
登封市,50100,中餐厅,登封味道,登封文化城西门旁,113.018223,34.449041,,8：00——22：00
登封市,50100,中餐厅,大众美食城(大禹路店),嵩阳里街南门东南90米,113.035433,34.468543,13838535165,8：00——22：00
登封市,50100,中餐厅,嵩山家宴城(裕兴国际花园店),嵩山路以东谷路街214室,113.037317,34.442723,17596559996,8：00——22：00
登封市,50100,中餐厅,杨丽半份菜(登封总店),东关街与书院河路交叉口西120米,113.044218,34.456048,13007515456;15188369536,8：00——22：00
登封市,50100,中餐厅,川味人家(崇高路店),崇高路与少室路交汇处向西100米路南,113.026069,34.464214,15890177371,8：00——22：00
登封市,50100,中餐厅,谷香居,登封市南一环菜园路西200米,113.039479,34.444336,0371-56789541,8：00——22：00
登封市,50100,中餐厅,婷婷鲜炒鸡,谷路街洧河路向南20米,113.037862,34.449498,13333813351;15890678683,8：00——22：00
登封市,50100,中餐厅,久花巷砂锅羊排(中岳庙馨园店),中岳庙馨园,113.082238,34.459446,,8：00——22：00
登封市,50100,中餐厅,姥家大锅台(登封少室路店),南一环与少室路交叉口向南50米路西1202号,113.023135,34.446109,17629357588,8：00——22：00
登封市,50100,中餐厅,张一绝黄焖鸡米饭,光明路118号,113.037542,34.455924,17729770155,8：00——22：00
登封市,50100,中餐厅,伟利炒面王,大禹路与嵩阳路交叉口东60米,113.032923,34.468606,15638898680;18339283991,8：00——22：00
登封市,50100,中餐厅,石道酱炒牛肉(登封市建筑公司家属院店),爱民路97号,113.042431,34.460439,15038055168,8：00——22：00
登封市,50100,中餐厅,又一新烩面馆,嵩阳路与爱民丁字路口路西,113.031743,34.462382,,8：00——22：00
登封市,50100,中餐厅,辣炮泡鱼蛙火锅馆(登封店),中岳购物广场外停车场西,113.036769,34.458276,0371-55593888,8：00——22：00
登封市,50100,中餐厅,西雅苏新疆炒米粉(登封店),嵩阳商场东二街29号,113.034838,34.463531,15138677357,8：00——22：00
登封市,50100,中餐厅,美兼重庆地摊火锅(登封店),登封市直属第五初级中学北门西60米,113.043011,34.449356,0371-60168123;13592438816;13592681168,8：00——22：00
登封市,50100,中餐厅,长虹大酒店告成二分店(嵩颖路店),告城镇嵩颖路,113.137858,34.398384,18236981555,8：00——22：00
登封市,50100,中餐厅,秘制炒柴鸡(登封总店),少室路南段1165号,113.024676,34.451632,0371-55855369;13323815399;19137128188,8：00——22：00
登封市,50100,中餐厅,农家小院(嵩山国家重点风景名胜区店),嵩山少林塔沟武术学校老校区西北侧240米,112.950379,34.517554,,8：00——22：00
登封市,50100,中餐厅,三和源乳鸽店,颖河路西段文化城二楼,113.019214,34.44962,0371-62888001;15639259363,8：00——22：00
登封市,50100,中餐厅,傻子张大盘鸡(唐庄中心社区店),唐庄中心社区B区南门东60米,113.14326,34.493258,,8：00——22：00
登封市,50100,中餐厅,韩氏正宗黄焖鸡米饭(卧龙小区店),嵩山路1516号,113.035049,34.452385,15038007890,8：00——22：00
登封市,50100,中餐厅,皇凤皇小方桌地锅鸡(登封店),白坪新区A区东门北50米,113.04072,34.443292,16638082988,8：00——22：00
登封市,50100,中餐厅,新溢香梁记羊肉馆,少林大道与文化路交叉口向南20米路西,113.152612,34.458772,13526712911,8：00——22：00
登封市,50100,中餐厅,小V家火锅鸡,观星台西门旁,113.144379,34.400481,13203823683;15093162920,8：00——22：00
登封市,50100,中餐厅,淼庄地锅鸡,嵩阳路与爱民路向北50米路东,113.03226,34.462367,0371-62987777;18137138456,8：00——22：00
登封市,50100,中餐厅,永军饭店,告成镇阳城加油站西50米,113.149975,34.384154,13592681052;15093333360,8：00——22：00
登封市,50100,中餐厅,登封市君召松乾农农清香园饭店,君召胥店新市场,112.811626,34.396471,18137813789,8：00——22：00
登封市,50100,中餐厅,登封久品私房菜,卢店镇民族路51号,113.158716,34.455212,0371-62803369,8：00——22：00
登封市,50100,中餐厅,川味一家,爱民路322号,113.036951,34.461541,13592495116,8：00——22：00
登封市,50100,中餐厅,川味轩饭店(观石街店),少林宾馆西门旁,113.038678,34.459055,15093330392,8：00——22：00
登封市,50101,综合酒楼,登封市大金店镇颖北酒楼,大金店,112.977473,34.374751,0371-62765599;13603841788,8：00——22：00
登封市,50101,综合酒楼,豫峰酒楼,徐庄镇郑庄市场西100米,113.195911,34.328405,13592652981,8：00——22：00
登封市,50101,综合酒楼,香溢酒楼,白坪乡,113.075291,34.325465,13592480696,8：00——22：00
登封市,50101,综合酒楼,中发酒楼,兴阳线与234国道交叉口北160米,113.270088,34.437267,13623825444,8：00——22：00
登封市,50101,综合酒楼,批零综合饺子馆,朝阳路与316省道交叉口南80米,113.161781,34.459563,,8：00——22：00
登封市,50101,综合酒楼,汉风食府(大禹路店),嵩阳里街南门西南90米,113.034356,34.468576,0371-62832899,8：00——22：00
登封市,50101,综合酒楼,永兴烩面(守敬路店),守敬路迎仙阁,113.053474,34.458685,0371-62828111;13298115000,8：00——22：00
登封市,50101,综合酒楼,功夫烧烤,登封大道与大禹路交叉口西380米,113.013242,34.468569,13592566671;15238340518,8：00——22：00
登封市,50101,综合酒楼,忆漫意境餐厅,中岳大街66号少林宾馆后院,113.038703,34.459033,0371-62880000;13526743863,8：00——22：00
登封市,50101,综合酒楼,十六道鲜炒鸡(盛世嘉园店),盛世嘉园,113.155678,34.455542,18538131992,8：00——22：00
登封市,50101,综合酒楼,唐僧烧烤,紫云小区北门,112.770801,34.412062,15639785917,8：00——22：00
登封市,50101,综合酒楼,小城外牛肉(牛肚)炖锅烧烤,少林街道西十里村,112.995957,34.482697,18339934366,8：00——22：00
登封市,50101,综合酒楼,秦记烧鸡(登封总店),卢店龙头沟村西寨沟43号,113.137974,34.457416,15537568088,8：00——22：00
登封市,50101,综合酒楼,聚园小厨房,交河口郭阳线向南2公里,113.119213,34.437647,,8：00——22：00
登封市,50101,综合酒楼,红卫饭店,告成镇界头村395号,113.099098,34.386865,,8：00——22：00
登封市,50101,综合酒楼,朝洪羊肉馆,011乡道与登徐线交叉口北200米,113.078305,34.327943,13937186412;15936292832,8：00——22：00
登封市,50101,综合酒楼,望嵩居饭店,中岳街道办事处东张庄胡叶庙,113.094646,34.512351,13223716271,8：00——22：00
登封市,50101,综合酒楼,新海牛羊肉馆,东华镇东华大道,113.048827,34.377361,13643839003,8：00——22：00
登封市,50101,综合酒楼,嵩御羊肉馆(嵩颍苑店),颍河路(登封实验高中东南侧约50米),113.059887,34.443835,13384026288;13603982380,8：00——22：00
登封市,50101,综合酒楼,二人烧(登封店),守敬路与中岳大街交叉口向北100米路西(上段),113.053255,34.457212,15603901319,8：00——22：00
登封市,50101,综合酒楼,JM私家清真意式披萨,少林街道南环路桥头天骄幼儿园北200米,113.045738,34.448366,15515764607,8：00——22：00
登封市,50101,综合酒楼,豪享来(大禹城店),中岳大街151号大禹城底商F1,113.044825,34.456825,0371-62820020,8：00——22：00
登封市,50101,综合酒楼,鑫荣记云饺烤肉,东关街与望萁路交叉口向东50米路北,113.039934,34.456707,17513268958,8：00——22：00
登封市,50101,综合酒楼,登封市市区蒙自过桥米线店,东关街与光明路交叉口东50米,113.038733,34.456745,15938716601,8：00——22：00
登封市,50101,综合酒楼,家宴庄园,徐庄镇,113.16539,34.3165,13592576721,8：00——22：00
登封市,50101,综合酒楼,金蛋炒土鸡,嵩山北路桥头向北一百米路西,113.037395,34.474087,0371-62938333,8：00——22：00
登封市,50101,综合酒楼,自由之境·法式餐厅,嵩阳街道少林路与阳城路西南角新华书店后院停车场内中间黄色房子168号,113.055116,34.451757,18595783856,8：00——22：00
登封市,50101,综合酒楼,三兄弟烧烤啤酒简餐,东华大道,113.057517,34.376557,,8：00——22：00
登封市,50101,综合酒楼,硕硕馍菜汤(磴槽锦园店),磴槽锦园南2门东60米,113.096878,34.45773,15039073003,8：00——22：00
登封市,50101,综合酒楼,春花豆腐店,爱民路与西二街交叉口东20米,113.034425,34.461825,,8：00——22：00
登封市,50101,综合酒楼,合丰源大酒店,大冶镇南环路中段(冶南村村委西隔壁),113.266291,34.435594,0371-62766099,8：00——22：00
登封市,50101,综合酒楼,百福居农家乐,马汝线附近,113.155008,34.307186,13938558206,8：00——22：00
登封市,50101,综合酒楼,农家饭庄,少林办事处西十里村国家电网隔壁,112.992027,34.488169,13103833666;13838167890,8：00——22：00
登封市,50101,综合酒楼,登封武林泉大酒店,大禹路与207国道交叉口西南角,113.01781,34.467107,0371-62812988,8：00——22：00
登封市,50102,四川菜(川菜),永盛昌麻辣香锅(嵩阳里街店),嵩山路大禹路交叉口北50米路西,113.037186,34.469802,0371-62700088;13137131931,8：00——22：00
登封市,50102,四川菜(川菜),成都川菜馆,守敬路与中岳大街交叉口南80米,113.053161,34.455332,15039078988;15890671456,8：00——22：00
登封市,50102,四川菜(川菜),艳红半份菜,洧河路1267号,113.029591,34.452043,15225160657;15238605387,8：00——22：00
登封市,50102,四川菜(川菜),四川烧菜馆(分店),文化路与少林大道交叉口南260米,113.152073,34.457187,15838291020,8：00——22：00
登封市,50102,四川菜(川菜),合粥园川湘菜,创佳·紫薇城南门西90米,113.084731,34.44831,0371-62789858;13017683862,8：00——22：00
登封市,50102,四川菜(川菜),橙语熙成都小吃(卢店市场店),卢店镇卢鸿广场市场中路26-4,113.158193,34.457376,13673690004,8：00——22：00
登封市,50102,四川菜(川菜),一品鲜削面馆 烧烤美食城,颖阳镇紫云小区北大门西,112.770729,34.411978,15093215017,8：00——22：00
登封市,50102,四川菜(川菜),家加冒菜(东关街店),东关街665号,113.035063,34.457136,15903628535,8：00——22：00
登封市,50102,四川菜(川菜),阿欣川菜馆(嵩阳里街店),嵩阳里街南门东南80米,113.03522,34.468517,15038006525;15838166502,8：00——22：00
登封市,50102,四川菜(川菜),厂吃厂喝重庆火锅工厂(登封总店),少林路新天地后院新华书店院内,113.055109,34.451871,18224530888,8：00——22：00
登封市,50102,四川菜(川菜),川奇麻辣香锅,东关街与光明路交叉口向东50米路北,113.03832,34.456764,15038188103,8：00——22：00
登封市,50102,四川菜(川菜),豫川老火锅(锦鹏·观山悦店),中岳办玉带路观山悦小区18号楼102商铺,113.081986,34.457106,18538568078,8：00——22：00
登封市,50102,四川菜(川菜),小六大盘鸡,少室路北段285号,113.028289,34.468314,13783529758,8：00——22：00
登封市,50102,四川菜(川菜),正宗川菜(阳城大道店),告成大街与237省道交叉口东160米,113.151139,34.397745,15093125444,8：00——22：00
登封市,50102,四川菜(川菜),九道菜辣椒炒肉(东区店),中岳庙馨园东门旁,113.082281,34.458694,15393700389,8：00——22：00
登封市,50102,四川菜(川菜),重庆香辣鸡煲(天中大道店),天中大道双庙中心村,113.140488,34.403187,13592439388,8：00——22：00
登封市,50102,四川菜(川菜),小树林麻辣火锅,迎宾路与滨河路交叉口东160米,113.049548,34.435203,18236763936,8：00——22：00
登封市,50102,四川菜(川菜),四川香辣面(迎仙家属院店),嵩阳街道中岳大道11号迎仙家属院,113.052754,34.455061,13592634888,8：00——22：00
登封市,50102,四川菜(川菜),洪兴削面馆,颍阳镇343国道与024乡道交叉口东460米,112.765056,34.411599,13140157288,8：00——22：00
登封市,50102,四川菜(川菜),美食加川菜,百货大楼/中天广场爱民路,113.037211,34.4615,15138907769,8：00——22：00
登封市,50102,四川菜(川菜),牛哄哄川渝火锅,卢店镇振兴路辅路夜市中段牛哄哄川渝火锅,113.155623,34.456256,15238073315;15617778829,8：00——22：00
登封市,50102,四川菜(川菜),焖菜青年(登封少林小区店),少林小区永泰中路西一巷,113.010356,34.462352,13838503373,8：00——22：00
登封市,50102,四川菜(川菜),川香厨半份菜(创佳·紫薇城店),创佳·紫薇城南门东100米,113.086541,34.448259,15038307223;19937077161,8：00——22：00
登封市,50102,四川菜(川菜),豫湘川味居,登封市少室路209号,113.027832,34.46715,15138905056,8：00——22：00
登封市,50102,四川菜(川菜),花宝街石锅鸡公煲(商贸城金街店),嵩阳街道金街105-106号,113.026564,34.446618,19339990112,8：00——22：00
登封市,50102,四川菜(川菜),川香居(观石街店),观石街16号,113.038869,34.460601,18039503011,8：00——22：00
登封市,50102,四川菜(川菜),王记川味小盘菜(谷路街店),豫鑫苑商贸城东南门旁,113.03746,34.443655,13838057373,8：00——22：00
登封市,50102,四川菜(川菜),重庆菜馆(大禹路店),少林武术国际训练中心北门东260米,113.026517,34.468741,17782079751,8：00——22：00
登封市,50102,四川菜(川菜),王火伙市井火锅,颍阳镇郝寨村紫云小区北门3号,112.770213,34.412177,15639029968,8：00——22：00
登封市,50102,四川菜(川菜),辰萱萱·四川担担面,嵩阳办事处洧河路1135-1号,113.032778,34.451555,15803866883,8：00——22：00
登封市,50102,四川菜(川菜),重庆酸菜鱼大盘鸡(石道店),石道乡323省道石道乡(石道初级中学斜对面),112.897966,34.370592,15981971176,8：00——22：00
登封市,50102,四川菜(川菜),蜀味半份菜,嵩阳路北段560号,113.031846,34.462659,13838170776,8：00——22：00
登封市,50102,四川菜(川菜),馍菜汤(中岳庙馨园店),中岳庙馨园东门旁,113.082286,34.45861,15136255994,8：00——22：00
登封市,50102,四川菜(川菜),刘大姐重庆老火锅(滨河路店),滨河路与崇高路交叉口北140米南长春园六巷一号,113.042399,34.46404,15238693398,8：00——22：00
登封市,50102,四川菜(川菜),正宗川湘砂锅菜,207与大禹路西南角少林旅游武术购物城,113.017476,34.468577,18738129133,8：00——22：00
登封市,50102,四川菜(川菜),花北酸菜鱼,告成大街102号,113.141291,34.398794,18695808353,8：00——22：00
登封市,50102,四川菜(川菜),跃好饭店,343国道与024乡道交叉口东260米,112.762341,34.41199,13783435927,8：00——22：00
登封市,50102,四川菜(川菜),老韩饭馆,市区光明路34号(鸡鸣街居委会),113.037741,34.457432,13676931574;13938466340,8：00——22：00
登封市,50102,四川菜(川菜),重庆火锅,大冶镇,113.266792,34.435661,13503855391,8：00——22：00
登封市,50102,四川菜(川菜),家园美食(守敬路),少林大道与守敬路交叉口向北150米路东,113.053043,34.454442,15713865005,8：00——22：00
登封市,50102,四川菜(川菜),渝尚火锅,爱民路与嵩山路交叉口东40米,113.036967,34.461427,,8：00——22：00
登封市,50102,四川菜(川菜),川味农家小香厨,东关街与嵩山路交叉口西80米,113.035094,34.456967,13838149218,8：00——22：00
登封市,50102,四川菜(川菜),精品家常菜,书院河路与少林大道交叉口北60米,113.045508,34.454307,0371-60167007,8：00——22：00
登封市,50102,四川菜(川菜),城东伊品源(栖凤园店),玉带路与汉武路交叉口路北东侧12号,113.087809,34.457727,15838225593,8：00——22：00
登封市,50102,四川菜(川菜),蜀味砂锅,毕敏中医诊所东北侧,112.978234,34.370798,,8：00——22：00
登封市,50102,四川菜(川菜),蜀渝你地摊火锅,通达路与颍河路交叉口南100米,113.026754,34.447561,,8：00——22：00
登封市,50102,四川菜(川菜),川湘川香菜馆,爱民路与嵩山路交叉口东40米,113.037039,34.461417,,8：00——22：00
登封市,50102,四川菜(川菜),红灯笼川菜馆,大金店镇南环路路口往东100米路南,112.97718,34.368878,15538202679,8：00——22：00
登封市,50102,四川菜(川菜),川味小香厨油泼面(少林小区店),少林小区明月路55号,113.010884,34.462075,15824841339,8：00——22：00
登封市,50102,四川菜(川菜),郑记削面馆(阳光小区店),洧河路与少室路交叉口西南角,113.024518,34.452384,,8：00——22：00
登封市,50102,四川菜(川菜),鸡祥地锅炒鸡,嵩阳街道菜园路西竹苇街一巷2号,113.043624,34.450769,,8：00——22：00
登封市,50102,四川菜(川菜),豫川酒店,少室路8号公馆斜对面20米路东,113.027773,34.465548,15238054355,8：00——22：00
登封市,50102,四川菜(川菜),四川烧菜馆,君召乡文颖线雨露社区,112.81767,34.419705,15803858009,8：00——22：00
登封市,50102,四川菜(川菜),古城烧菜馆(老东关街店),菜园路与东关街交叉口向东100米,113.043633,34.455963,0371-62856356;13608680234;15136175333,8：00——22：00
登封市,50102,四川菜(川菜),焦香锅盔,市区崇高路257号(迎仙阁居委会),113.049121,34.462241,15238041636,8：00——22：00
登封市,50102,四川菜(川菜),回味小炒(少室路店),市区少室路中段(民族路居委会)中岳大街与少室路交叉口向南100米路东,113.026366,34.459453,0371-62850007;18768851567,8：00——22：00
登封市,50102,四川菜(川菜),聚福源食在川蜀,君召乡雨露小区,112.813534,34.413036,0371-62823338,8：00——22：00
登封市,50102,四川菜(川菜),紫鑫苑迎宾川菜湘菜馆,嵩阳街道洧河路1890号洧河乐园,113.018861,34.45337,15838387535,8：00——22：00
登封市,50104,山东菜(鲁菜),鲁山揽锅菜(207国道店),207国道西50米,112.976922,34.367331,13027705661,8：00——22：00
登封市,50104,山东菜(鲁菜),正宗鲁味黄焖鸡,嵩山路与爱民路交叉口东北60米,113.036769,34.461991,15136277608,8：00——22：00
登封市,50108,湖南菜(湘菜),湘豫汇湘菜馆(嵩玉花园店),嵩阳街道颍河路1031号嵩玉花园,113.024014,34.447915,15617418500,8：00——22：00
登封市,50108,湖南菜(湘菜),油渣湘·长沙街头热炒,嵩阳街道嵩山路北段818号,113.036728,34.462852,,8：00——22：00
登封市,50108,湖南菜(湘菜),王子蛋糕(日昣街店),崇高路与日昣街交叉口向东40米(阿湘婆湘菜西隔壁),113.049997,34.461777,0371-62889939,8：00——22：00
登封市,50108,湖南菜(湘菜),胖厨湘菜小炒,宣化镇幸福路196号,113.262974,34.366687,13733187758,8：00——22：00
登封市,50108,湖南菜(湘菜),湘见你·私厨,大禹路160号,113.012398,34.468539,,8：00——22：00
登封市,50108,湖南菜(湘菜),登封市柴火院饭店,禅武大街,113.006825,34.465086,18503895552,8：00——22：00
登封市,50108,湖南菜(湘菜),兄弟半份菜三分店,告成镇告成大街西212号,113.139983,34.398969,13223033002,8：00——22：00
登封市,50108,湖南菜(湘菜),舒鑫饭店,崇高路与书院河路交叉口西160米,113.040486,34.463357,18439855552,8：00——22：00
登封市,50108,湖南菜(湘菜),鸳鸯红老街锅贴(锦鹏·观山悦店),福佑路与玉带路交叉口西南角,113.082402,34.457054,0371-62995598;15093137168,8：00——22：00
登封市,50108,湖南菜(湘菜),德福源川菜湘菜香锅烩面,登封大道210号中国嵩山少林旅游武术购物城,113.017666,34.468505,,8：00——22：00
登封市,50108,湖南菜(湘菜),二龙山渔家小院,宣化镇二龙山99号,113.271845,34.351541,13733187758,8：00——22：00
登封市,50109,安徽菜(徽菜),河南省郑州市新郑市禹州烩菜,禹州烩菜,113.834039,34.53933,,8：00——22：00
登封市,50111,北京菜,京之宴·北京烤鸭(登封谷路街店),颖河路与谷路街交叉口东南角,113.037936,34.446667,13939074381,8：00——22：00
登封市,50111,北京菜,郝佬大北京烤鸭(汉武路店),汉武路栖凤园小区西门南第二间门市,113.087398,34.458784,19939953799,8：00——22：00
登封市,50111,北京菜,郝佬大北京烤鸭(嵩玉花园店),嵩阳路金街7号楼116-117号,113.02648,34.447793,13393708288,8：00——22：00
登封市,50111,北京菜,品意德北京烤鸭(登封店),中岳街道汉武路与地中路交叉口向南50米路东42号门面,113.087336,34.459544,17513251688,8：00——22：00
登封市,50111,北京菜,清真李记北京烤鸭,嵩阳花苑北门东110米,113.037003,34.463515,13733837619;13849050535,8：00——22：00
登封市,50111,北京菜,鸭荣华香酥鸡鸭北京烤鸭(卧龙小区店),嵩山路洧河路交叉口向西15米路北,113.03466,34.451347,17700656839,8：00——22：00
登封市,50111,北京菜,味一诚北京烤鸭,峰创·福晟园西门旁,113.087155,34.453214,,8：00——22：00
登封市,50111,北京菜,京味涮锅(裕兴国际花园店),嵩阳街道南二环361裕兴国际花园,113.033943,34.441674,13838133567,8：00——22：00
登封市,50111,北京菜,鸭舞优北京烤鸭,嵩山路洧河路交叉口向南五十米路西,113.034746,34.450599,18837176985,8：00——22：00
登封市,50111,北京菜,常聚德北京烤鸭(汉阙路店),中岳街道玉带路新店中六巷10号,113.088098,34.456968,13073734986,8：00——22：00
登封市,50111,北京菜,北京烤鸭(京味烤鸭),嵩阳街道嵩基鸿润城东门右侧第一家625号,113.045656,34.444616,17682349673,8：00——22：00
登封市,50111,北京菜,烤鸭坊,嵩阳街道办事处菜园路519号,113.042214,34.452593,18037510183,8：00——22：00
登封市,50111,北京菜,振江爱尚北京烤鸭,中岳大街书院河路交叉口向南200路西359号,113.045475,34.45456,18236938688,8：00——22：00
登封市,50111,北京菜,曹小丫品味德北京烤鸭,嵩阳路1060号,113.030611,34.452227,,8：00——22：00
登封市,50111,北京菜,好味道烤鸭店,圆通速递(告成营业部)东侧,113.140483,34.401004,,8：00——22：00
登封市,50111,北京菜,老北京绿豆饼(卧龙小区店),嵩山路与洧河路交叉口路北20米路西,113.034957,34.45162,17398982881,8：00——22：00
登封市,50111,北京菜,北京炸酱面(天中大酒店西),中岳大街与守敬路交叉口北,113.053164,34.456512,13939004912;15333712351,8：00——22：00
登封市,50112,湖北菜(鄂菜),湖北佬热干面,洧河路中段965号,113.035729,34.450668,13027601188,8：00——22：00
登封市,50112,湖北菜(鄂菜),楚山牛炒饭铺,东关街嵩阳办事处87号,113.043922,34.456043,19513336977,8：00——22：00
登封市,50112,湖北菜(鄂菜),甄味小院,中岳大街与望箕路交叉口北140米,113.039861,34.459563,18836997725,8：00——22：00
登封市,50112,湖北菜(鄂菜),王记密制热干面(东区店),新店栖凤园西区东1门南210米,113.086982,34.458198,18638005326,8：00——22：00
登封市,50113,东北菜,姥家大锅台登封旗舰店,守敬路与崇高路交叉口北200米路东,113.054865,34.46332,0371-62938777;13303867787,8：00——22：00
登封市,50113,东北菜,一品砂锅(东关街店),西关街与嵩阳路交叉口东40米,113.032226,34.457267,15890181186,8：00——22：00
登封市,50113,东北菜,东北农味小厨,崇高路与少室路交叉口西80米,113.026311,34.464238,15555395553,8：00——22：00
登封市,50113,东北菜,秘制大盆骨,嵩阳街道少室路381号,113.027843,34.466653,,8：00——22：00
登封市,50113,东北菜,工农兵大铁锅炖菜(登封店),锦绣华庭东北门西70米,113.021835,34.447032,15638523521,8：00——22：00
登封市,50113,东北菜,华莱士·全鸡汉堡(登封店),菜园路与洧河路交叉口东北角(玉溪路委员会),113.041735,34.44961,4008226004,8：00——22：00
登封市,50113,东北菜,榕城烧菜馆,东关街与菜园路交叉口东100米,113.043629,34.45608,13007522078,8：00——22：00
登封市,50113,东北菜,爱辣啵啵鱼(东关街店),百货大楼/中天广场菜园路与东关街交叉口向东30米路南,113.043267,34.456132,13007521569;18539240333,8：00——22：00
登封市,50113,东北菜,知味轩小碗菜(东关街店),瑞福居北门旁,113.044729,34.455992,17839917156,8：00——22：00
登封市,50113,东北菜,孙先生披萨,东关街与菜园路交叉口东300米路南,113.044777,34.455967,13137125673,8：00——22：00
登封市,50113,东北菜,陕食尚老潼关肉夹馍(东关街店),东商埠街与东关街交叉口向东200米路南,113.044806,34.455942,15036130019,8：00——22：00
登封市,50113,东北菜,傻子张大盘鸡(大冶店),太和路与云叶线交叉口东北20米,113.267612,34.435624,,8：00——22：00
登封市,50113,东北菜,古纶大曲汉杰大盘鸡(省卫鲜菜店),登徐线与迎宾大道交叉口东北60米,113.088473,34.355854,15639923253,8：00——22：00
登封市,50113,东北菜,暴走花甲,禹都路与石淙街东北角,113.144353,34.397506,13203831789,8：00——22：00
登封市,50113,东北菜,登封第一面总店(原邮局三十年老店),河南省郑州市登封市嵩阳街道菜园路与东关街正南30米290号,113.04272,34.455697,13393713567;13653833957,8：00——22：00
登封市,50113,东北菜,塔斯汀中国汉堡(大禹城店),东关街与菜园路十字路口东南角95号,113.042893,34.456162,13460221110,8：00——22：00
登封市,50113,东北菜,正新鸡排(郑州嵩山店),市区菜园路与东关街交叉口西北角,113.042525,34.456425,,8：00——22：00
登封市,50113,东北菜,万众手擀面,菜园路与爱民路交叉口东北60米,113.043495,34.460889,13803819912,8：00——22：00
登封市,50113,东北菜,龙仔半份菜餐饮店,,113.043062,34.459639,13526799621;18538766628,8：00——22：00
登封市,50113,东北菜,非尝烤翅(东关街店),东关街菜园路西100米路北,113.04221,34.456342,15036157032,8：00——22：00
登封市,50113,东北菜,孙先生担担面,东关街菜园路西300米路北,113.040211,34.456603,13140055830,8：00——22：00
登封市,50113,东北菜,麦稻中式健康菜(登封店),观石街与中岳大街交叉口东北120米,113.039075,34.459325,,8：00——22：00
登封市,50113,东北菜,户大姐土豆粉登封总店,东关街与嵩山路交叉口向西100米路南乐乐超市西隔壁,113.035853,34.456969,,8：00——22：00
登封市,50113,东北菜,半个椒串串火锅,颖上路与通达路交叉口东北角,113.026646,34.445906,0371-62827988;18539561988,8：00——22：00
登封市,50113,东北菜,娜娜半份菜(锦绣华庭店),锦绣华庭东北门西北70米,113.021867,34.447112,,8：00——22：00
登封市,50113,东北菜,优果东关街店,菜园路东关街西50米路北,113.042013,34.456445,15890133732,8：00——22：00
登封市,50113,东北菜,蜜雪冰城(东关街店),菜园路与东关街交叉口东南角,113.042837,34.456113,13137712266,8：00——22：00
登封市,50113,东北菜,延庆观炸鸡(菜园路店),东关街98号,113.042802,34.456005,13017695755;18037807891,8：00——22：00
登封市,50113,东北菜,久久鸡蛋灌饼,菜园路与东关街交叉口南60米,113.04274,34.455653,15838079719,8：00——22：00
登封市,50113,东北菜,万众小香厨,菜园路与爱民路交叉口东北60米,113.043495,34.460889,,8：00——22：00
登封市,50113,东北菜,王先生凉皮香辣烫,中岳大街与菜园路交叉口东北角50米路西,113.042922,34.458824,18039517022,8：00——22：00
登封市,50113,东北菜,古茗(登封大禹城店),东关街与菜园路交叉口西北20米,113.042572,34.456342,18727955626,8：00——22：00
登封市,50113,东北菜,杨国福麻辣烫(登封市东关街店),东关街与菜园路交叉口向西50米,113.042817,34.456039,13333770372,8：00——22：00
登封市,50113,东北菜,逗香斋臭豆腐(东关街店),东关街与菜园路交叉口东100米,113.043723,34.45607,13838332789,8：00——22：00
登封市,50113,东北菜,幸运咖(东关街店),东关街与菜园路交叉口东120米,113.043978,34.456055,15378775577,8：00——22：00
登封市,50113,东北菜,蜜雪冰城(坤田名邸店),菜园路与洧河路交叉口东北角,113.042125,34.449723,15136408592,8：00——22：00
登封市,50113,东北菜,豆香斋臭豆腐,东关街与菜园路交叉口东120米,113.04403,34.456066,,8：00——22：00
登封市,50113,东北菜,登封市县菜爷金丝牛肉饼,嵩阳街道书院河路与东关街交叉口往南10米,113.045453,34.455734,15236233965,8：00——22：00
登封市,50113,东北菜,蜜雪冰城(告成观星台店),告成农贸市场东门东北100米,113.144426,34.398514,4000608888,8：00——22：00
登封市,50113,东北菜,刘婉婉生炸妙龄鸡(东关街店),东关街与菜园路交叉口正南方向91米,113.042817,34.456039,18037688098,8：00——22：00
登封市,50113,东北菜,耿老师烧烤大本营,菜园路与南一环交叉口东北60米,113.041325,34.444475,,8：00——22：00
登封市,50113,东北菜,王大厨山野菜杂面条,少林路与少室路交叉口东北角1029号,113.025575,34.455845,15037101091,8：00——22：00
登封市,50113,东北菜,平平烙馍卷菜,洧河路与少室路交叉口东北20米,113.02498,34.452858,13653971885,8：00——22：00
登封市,50113,东北菜,胖邱薯薯,东关街与嵩山路交叉口向西20米路南,113.035273,34.456881,15036012883,8：00——22：00
登封市,50113,东北菜,李师傅美膳居,菜园路与南一环交叉口东北160米,113.042179,34.445067,15037107916,8：00——22：00
登封市,50113,东北菜,山水人家,三皇寨(东北角),112.971181,34.486095,18903853669,8：00——22：00
登封市,50113,东北菜,清真兰州牛肉面,光明路与东关街东10米,113.038127,34.456808,13213124563,8：00——22：00
登封市,50113,东北菜,周香香酸菜自助烤肉,颍河路与谷路街交叉口向右路北610号,113.037587,34.447353,15136175660,8：00——22：00
登封市,50113,东北菜,千里香馄饨王登封店,东关街与菜园路交叉口向西50米路北,113.041915,34.456471,17803833789,8：00——22：00
登封市,50113,东北菜,益禾堂(登封大禹城店),菜园路与东关街交叉口北20米,113.042617,34.456488,15515603678,8：00——22：00
登封市,50113,东北菜,禾木日料,菜园路与东关街交叉口二楼,113.042788,34.456165,13526736222,8：00——22：00
登封市,50113,东北菜,香酥炸蘑菇,菜园路与东关街交叉口南40米,113.04274,34.455906,15036145181,8：00——22：00
登封市,50113,东北菜,巴蜀王氏现捞(大禹城店),嵩阳街道办事处东关街与菜园路交叉口130号,113.042817,34.456039,,8：00——22：00
登封市,50113,东北菜,艳峰凉菜,嵩山路与颖上路交叉口东北60米,113.034225,34.445375,,8：00——22：00
登封市,50113,东北菜,果然遇见,菜园路与爱民路交叉口南100米,113.043032,34.459628,,8：00——22：00
登封市,50113,东北菜,旨寻居酒屋,东关街与菜园路交叉口东南20米,113.042854,34.456169,,8：00——22：00
登封市,50113,东北菜,大囍家自助女鞋工厂店,菜园路,113.04325,34.459741,15093100266,8：00——22：00
登封市,50114,云贵菜,酸小七,嵩山路与南一环交叉口向西100米路北,113.032938,34.445159,13323823656,8：00——22：00
登封市,50115,西北菜,阿里兄弟大盘鸡碳烤羊排,鸿福花园102号,113.025475,34.478725,15890618886,8：00——22：00
登封市,50115,西北菜,贺功夫大盘鸡店,嵩阳街道嵩阳路1061号,113.030597,34.449284,18603819588,8：00——22：00
登封市,50115,西北菜,壹吧椒鲜炒大盘鸡,文颖线与343国道交叉口北180米,112.771864,34.41139,13523016763;13937135085;19139966678,8：00——22：00
登封市,50115,西北菜,农夫大盘鸡(月河花园店),月河花园西门南70米,113.15027,34.457572,0371-62986849;13613812668,8：00——22：00
登封市,50115,西北菜,特色大盘鸡,兴阳线与044县道交叉口北40米,113.262959,34.367746,13783516331,8：00——22：00
登封市,50115,西北菜,清雅斋饭店,禹都路与告成大街交叉口北100米,113.144182,34.399597,15838367675,8：00——22：00
登封市,50115,西北菜,益食三餐大鸡大利大盘鸡,/棋盘山公园市区高庄老街59号(守敬路居委会),113.04888,34.450408,19939961676,8：00——22：00
登封市,50115,西北菜,老狼大盘鸡(冯唐线店),唐庄大唐路82号,113.140781,34.493019,13613843651,8：00——22：00
登封市,50115,西北菜,娜娜大盘鸡(乌海线店),金安苑西北侧230米,112.975159,34.36983,15515823678,8：00——22：00
登封市,50115,西北菜,农场大盘鸡,君召乡君召街迎君大道北段,112.818415,34.41887,13598056793,8：00——22：00
登封市,50115,西北菜,红米椒鲜炒大盘鸡,天中大道与嵩颖路交叉口向北路西,113.137416,34.403977,15188382520,8：00——22：00
登封市,50115,西北菜,登封市卢店镇功夫大盘鸡,老康家超市向西100米路南,113.154512,34.45727,15136170526,8：00——22：00
登封市,50115,西北菜,陕西面馆(守敬路店),嵩阳街道中岳大道11号迎仙家属院,113.052845,34.455509,,8：00——22：00
登封市,50115,西北菜,傻子张大盘鸡(东华店),东华镇,113.050634,34.377372,,8：00——22：00
登封市,50115,西北菜,岢鲜大盘鸡,颖阳镇赫寨红绿灯向北50米,112.771466,34.41036,15514371369,8：00——22：00
登封市,50115,西北菜,楼兰娜娜鲜炒大盘鸡(登封店),嵩阳街道白坪新区,113.039263,34.444361,0371-62825988;13525505188,8：00——22：00
登封市,50115,西北菜,陕西面馆(少林大道),少林大道与嵩阳路交叉口东80米,113.032166,34.454606,15093230345,8：00——22：00
登封市,50115,西北菜,新疆亚克西美食烧烤,菜园路南段白坪小区东门北998号,113.040725,34.443475,,8：00——22：00
登封市,50115,西北菜,卢记大盘鸡,君召红绿灯东5米路南卢记大盘鸡,112.819233,34.419571,13275970389;13275973189,8：00——22：00
登封市,50115,西北菜,傻子张大盘鸡(鸿祥芙蓉苑店),福佑路与汉阙路交叉口向东五十米路南,113.084104,34.450817,,8：00——22：00
登封市,50115,西北菜,新秦味道(嵩山路店),中天广场5号院东门北60米,113.036265,34.460313,18339261567,8：00——22：00
登封市,50115,西北菜,壹吧椒鲜炒大盘鸡,河南省登封市卢店镇振兴路辅路夜市中段壹吧椒鲜炒大盘鸡,113.155623,34.456255,15238073315;15617778829,8：00——22：00
登封市,50115,西北菜,功夫大盘鸡(中岳庙馨园店),玉带路与福佑路交叉口向北50米路东,113.082216,34.458282,15003836005,8：00——22：00
登封市,50115,西北菜,付亚飞正宗新疆·椒麻鸡,谷路街632号,113.037498,34.443796,,8：00——22：00
登封市,50115,西北菜,大盘鸡,瑜欣口腔门诊部东侧90米,112.978316,34.373911,,8：00——22：00
登封市,50115,西北菜,新疆椒麻鸡(爱民路店),爱民路与菜园路交叉口西160米,113.041526,34.460784,18538071888,8：00——22：00
登封市,50115,西北菜,傻子张大盘鸡(颍阳镇店),024乡道与343国道交叉口南60米,112.759617,34.412063,,8：00——22：00
登封市,50115,西北菜,福源羊肉馆香辣大盘鸡,东金店村村委会西南侧260米,113.046803,34.377144,19937623575,8：00——22：00
登封市,50115,西北菜,口福饺子馆(天中大道店),双庙中心村北1门西北80米,113.13932,34.403281,,8：00——22：00
登封市,50115,西北菜,傻子张大盘鸡店(崇高路店),崇高路西段1155号,113.026425,34.464178,,8：00——22：00
登封市,50115,西北菜,淳味饺子(中岳花园店),中岳花园东北门西北100米,113.044275,34.460175,0371-62767999,8：00——22：00
登封市,50115,西北菜,西北正宗牛肉拉面,嵩阳街道南环一路18号登封市经济适用房,113.02986,34.444795,,8：00——22：00
登封市,50115,西北菜,伊兴斋烤鸭·清真,少室路小学西北门旁,113.026597,34.461742,18937195567,8：00——22：00
登封市,50115,西北菜,兰州牛肉面(守敬路南段店),守敬路南段路西兰州牛肉面,113.051066,34.446482,,8：00——22：00
登封市,50115,西北菜,兴隆家宴城,乌海线西北30米,113.007318,34.44055,13939089778;18538010708;18625532316,8：00——22：00
登封市,50115,西北菜,沙县小吃(少室路店),少室路与嵩阳桥街交叉口西北20米,113.02702,34.463681,15981971973,8：00——22：00
登封市,50115,西北菜,闪记美食烧烤,洧河路与少室路交叉口西北20米,113.024504,34.452794,,8：00——22：00
登封市,50115,西北菜,石道闪娟酱牛肉(爱民路店),爱民路西段596号鸡鸣街公园西北角20米,113.033858,34.461842,13673658777,8：00——22：00
登封市,50115,西北菜,小院里地摊牛排火锅,菜园路与南一环交叉口西北60米,113.040745,34.444561,17839955001,8：00——22：00
登封市,50115,西北菜,刘家卤菜行(白龙小区店),白龙小区南门西北60米,113.035078,34.451336,13849099020,8：00——22：00
登封市,50115,西北菜,爱民吉星土菜馆,嵩阳少林武术学校西北侧130米,112.960887,34.516358,,8：00——22：00
登封市,50115,西北菜,春意手擀面冷鲜馆,金桂园西北门旁,113.038209,34.448703,,8：00——22：00
登封市,50115,西北菜,小满福菜园,崇福路与崇高路交叉口西北20米,113.045525,34.462775,,8：00——22：00
登封市,50116,老字号,登封第一面(南一环店),南一环与少室路交叉口往东一百米路北,113.024527,34.446692,13303867688;13938542968,8：00——22：00
登封市,50116,老字号,老字号五香卤肉,031县道天天鲜超市旁,112.760078,34.415802,15036027138,8：00——22：00
登封市,50116,老字号,姐妹凉皮店(光明路),光明路与东关街交叉口南100米,113.037545,34.455864,13849051068,8：00——22：00
登封市,50116,老字号,丁记大伟饭店,237省道与316省道交叉口南150米路西,113.15556,34.458374,13783517498;18538120635,8：00——22：00
登封市,50116,老字号,李记传统口味登封第一家烧饼,卢店镇迎宾大道,113.161972,34.459985,15225110536,8：00——22：00
登封市,50116,老字号,郜胡同正宗双面烧饼芥丝,东关街819号,113.033675,34.457123,13838269488,8：00——22：00
登封市,50116,老字号,老字号半份菜,昆仑乐居酒店西门旁,113.041325,34.447539,,8：00——22：00
登封市,50116,老字号,张家牛肉汤,嵩阳路南段1032号(新兴街居委会),113.030686,34.452672,13393704944;15838166826,8：00——22：00
登封市,50116,老字号,峪乐食府,050乡道与登徐线交叉口北140米,113.167783,34.318943,,8：00——22：00
登封市,50116,老字号,登封烧饼(登徐线店),徐庄镇登徐线徐庄初中西,113.170956,34.319554,13503853137;13613710192,8：00——22：00
登封市,50116,老字号,口乐中州宴,中国石化卢中加油站南侧110米,113.161885,34.454494,18638261187,8：00——22：00
登封市,50116,老字号,特味水饺刀削面,207国道刘记羊肉冲汤对面,112.975468,34.36965,,8：00——22：00
登封市,50116,老字号,姐妹凉皮店,嵩阳街道南一环505嵩湖花园,113.026489,34.445051,19337896033,8：00——22：00
登封市,50116,老字号,金福蛋糕,031县道与024乡道交叉口西南140米,112.759235,34.415551,13213209628;13213212608,8：00——22：00
登封市,50116,老字号,老字号烧饼坊,嵩山路与颍河路辅路交叉口北40米,113.034325,34.447925,,8：00——22：00
登封市,50116,老字号,李记清真羊肉饸饹面,嵩阳路与爱民路东南角,113.032198,34.461839,15003829686,8：00——22：00
登封市,50116,老字号,西施猪蹄(崇高路店),书院河路与崇高路交叉口向南50米路西,113.042371,34.462318,0371-62973339;13733834555,8：00——22：00
登封市,50116,老字号,河洛老东关牛肉汤颖上路店,南一环与通达路交叉口东30米,113.026985,34.445676,,8：00——22：00
登封市,50116,老字号,老犟青花椒炒鸡,高庄老街与守敬路交叉口西240米,113.049277,34.450626,,8：00——22：00
登封市,50117,火锅店,海底捞露营火锅,大禹城4楼,113.043346,34.457004,13903862778,8：00——22：00
登封市,50117,火锅店,小羊火锅(登封店),中岳大街与崇福路交叉口向北200米路东,113.045941,34.459188,18237182092,8：00——22：00
登封市,50117,火锅店,呷哺呷哺(登封万佳),中岳大街与菜园路交叉口东南角万佳中心城第1F层第20-22号,113.043871,34.457283,0371-62756808,8：00——22：00
登封市,50117,火锅店,九香云新派火锅,嵩阳路与南庄三街交叉口北160米,113.030801,34.450457,0371-62878888,8：00——22：00
登封市,50117,火锅店,京老坊铜锅涮,登封文化城东北2门旁,113.018947,34.449619,0371-62917888,8：00——22：00
登封市,50117,火锅店,禅心居小院火锅罐罐茶,玄天庙村四组,112.980827,34.505065,13343527460,8：00——22：00
登封市,50117,火锅店,财聚宝源铜锅涮(滨河路店),嵩溪园东一巷10号,113.038574,34.472417,0371-62856999,8：00——22：00
登封市,50117,火锅店,九门红火锅馆,嵩阳街道嵩山路西八巷15号,113.035646,34.470055,,8：00——22：00
登封市,50117,火锅店,槐店王婆大虾(登封店),崇高路362号,113.04673,34.462555,0371-62899166;15638509181,8：00——22：00
登封市,50117,火锅店,蜀票子麻辣串集合铺(登封店),汉武路与汉阙路交叉口西南角,113.087121,34.450577,18336308799,8：00——22：00
登封市,50117,火锅店,周小食火锅烤肉(登封鸿润城店),嵩基·鸿润城小区北2门东80米,113.044549,34.445762,17203860298,8：00——22：00
登封市,50117,火锅店,秋波里爆蛋豆腐虾(大禹城店),中岳大街151号大禹城F4层,113.044314,34.45682,18569916626,8：00——22：00
登封市,50117,火锅店,许府牛火锅(河南登封大禹城店),中岳大街151号大禹城4楼4013-4014号铺位,113.044073,34.456787,13343883332,8：00——22：00
登封市,50117,火锅店,楠小朵云南酸汤牛肉火锅,嵩阳路南一环交叉口北120米路西,113.029571,34.446164,15639915966;18569988078,8：00——22：00
登封市,50117,火锅店,海鲜烤肉火锅自助料理(大禹城店),中岳大街与菜园路交叉口东南角大禹城四楼,113.043374,34.457081,0371-60296688,8：00——22：00
登封市,50117,火锅店,一起捞川濮火锅,南一环少室路南二百米路西,113.022976,34.445346,,8：00——22：00
登封市,50117,火锅店,块八毛市集老火锅(登封旗舰店),大润发商场,113.034018,34.442368,15838181272,8：00——22：00
登封市,50117,火锅店,齐祺渔锅(登封店),阳光美景西门北130米,113.041335,34.443973,0371-55851678,8：00——22：00
登封市,50117,火锅店,王婆大虾(菜园路店),菜园路与南一环交叉口向南50米路东,113.041134,34.44345,0371-55850598,8：00——22：00
登封市,50117,火锅店,胡子塔鲍汁羊排虾火锅,南二环石淙路与通达路交叉口东南角,113.025929,34.443124,0371-62983666,8：00——22：00
登封市,50117,火锅店,巴庄重庆火锅(嵩山路南环店),嵩山路与南二环交叉口向北50米路东,113.033847,34.443156,0371-63267111;18538738588,8：00——22：00
登封市,50117,火锅店,千渝火锅,滨河路280号,113.044942,34.4608,0371-62935566,8：00——22：00
登封市,50117,火锅店,胖胖东自助火锅餐厅(菜园路店),菜园路与洧河路交叉口向南200米路西,113.041488,34.448468,13007622168,8：00——22：00
登封市,50117,火锅店,丐火锅,东关街190号,113.041377,34.456459,18638566345,8：00——22：00
登封市,50117,火锅店,胖胖东自助火锅餐厅崇高路店,崇高路桥头东150米路北,113.04477,34.462775,,8：00——22：00
登封市,50117,火锅店,王婆大虾(登封旗舰店),双溪小区东门旁,113.027305,34.464987,0371-88123896,8：00——22：00
登封市,50117,火锅店,六桌火锅(登封总店),中凯龙城南1门旁,113.053342,34.448912,0371-62895588,8：00——22：00
登封市,50117,火锅店,潮牛者潮汕牛肉火锅店(登封店),少室路1553号,113.024064,34.443794,18638507688,8：00——22：00
登封市,50117,火锅店,舒来喜鱼火锅(登封店),守敬路与中岳大街交叉路口向北300米路西,113.053658,34.458953,0371-62811699;0371-62811899;15639931169,8：00——22：00
登封市,50117,火锅店,福上缘自助小火锅(总店),嵩阳办事处颖上路161号,113.03627,34.444387,18574153885,8：00——22：00
登封市,50117,火锅店,老友鱼家火锅(守敬路店),守敬路北段路西118号,113.053683,34.459596,0371-62765588;15038027551,8：00——22：00
登封市,50117,火锅店,大榆斋清真火锅店,登封市大禹路与崇福路交叉口向东50米路北(罗马假日东隔壁),113.047576,34.468381,15565089678,8：00——22：00
登封市,50117,火锅店,牛梦原真不同涮牛肚登封店,滨河路169号,113.041344,34.466498,0371-55855058,8：00——22：00
登封市,50117,火锅店,春兰串串火锅村,嵩阳路与颖河路交叉口西南角1250号,113.02964,34.447702,15238320333,8：00——22：00
登封市,50117,火锅店,将军羊蝎子火锅(鹤立小区店),中岳大街与少室路交叉口向西一百米路南1369号,113.024764,34.460475,0371-62883176;17003950000,8：00——22：00
登封市,50117,火锅店,伙计369地摊火锅,嵩阳街道南二环505嵩湖花园,113.028914,34.442961,,8：00——22：00
登封市,50117,火锅店,重庆嵩渝鼎火锅(少室路店),少室路南环一路向南100米路西锦绣华庭东门,113.02305,34.445694,0371-62718678,8：00——22：00
登封市,50117,火锅店,颂小柒纸包鱼火锅,少室路与书院五巷交叉口南160米,113.029869,34.475506,15136282726,8：00——22：00
登封市,50117,火锅店,重庆渝·不渝火锅(嵩基·鸿润城店),嵩基·鸿润城东门旁,113.045608,34.44457,18625553351,8：00——22：00
登封市,50117,火锅店,鱼香情鱼火锅,光明路98号(东关街交叉口南15米路西),113.037656,34.456389,15238085222,8：00——22：00
登封市,50117,火锅店,登封市卢店镇胖胖东小火锅店,卢店镇商城路盛世嘉园D115号,113.154532,34.457347,13526766234,8：00——22：00
登封市,50117,火锅店,十七门重庆老火锅(创佳·紫薇城店),汉阙路108号,113.087127,34.449718,17638566678,8：00——22：00
登封市,50117,火锅店,艾六记369地摊火锅(白坪新区店),,113.037807,34.443858,15664112111,8：00——22：00
登封市,50117,火锅店,小芸锅火锅店,爱民路2号,113.044159,34.460362,,8：00——22：00
登封市,50117,火锅店,小香豫串串香店铺,嵩山路靠近商埠街小学交叉口向东10米,113.035529,34.456914,15138663678,8：00——22：00
登封市,50117,火锅店,火锅客栈,嵩阳街道书院河路嵩阳北里七巷1号,113.035069,34.47471,15238068598,8：00——22：00
登封市,50117,火锅店,晓明马坡烧烤涮锅(嵩阳里街店),大禹路568号,113.035266,34.468945,13700874512,8：00——22：00
登封市,50117,火锅店,王婆大虾(大金店分店),323省道大金店镇政府斜对面,112.973078,34.369018,0371-56003398,8：00——22：00
登封市,50117,火锅店,嗨壹锅新派旋转自助小火锅(大禹城店),中岳大街151号大禹城F4层,113.043681,34.456834,17320111886,8：00——22：00
登封市,50117,火锅店,农夫火锅鸡,市区嵩阳路北段(七星街居委会)嵩阳路与崇高路交叉口向北200米路东,113.03246,34.466859,13137158922;17703828268,8：00——22：00
登封市,50117,火锅店,围辣串串香(登封嵩山路店),嵩山路与洧河路交叉口向南50米路东,113.034994,34.45195,,8：00——22：00
登封市,50117,火锅店,重庆憨哥火锅,嵩阳公园书院河路与大禹路交叉口向北150米路西,113.038934,34.469717,,8：00——22：00
登封市,50117,火锅店,钱摊摊安顺夺夺粉火锅(登封店),谷路街312号,113.038026,34.448779,17737170766,8：00——22：00
登封市,50117,火锅店,地摊消费脊兔火锅(尚城名都店),尚城名都西门旁,113.087515,34.44996,13073702921,8：00——22：00
登封市,50117,火锅店,旺角烧烤·火锅,大金店镇上站农业银行北100米,112.978609,34.374391,13027798371,8：00——22：00
登封市,50117,火锅店,川东王牛杂火锅(白坪新区店),南一环菜园路交叉口向西50米路南,113.040221,34.443962,13383855554,8：00——22：00
登封市,50117,火锅店,一锅享自助火锅(登封店),中岳大街121号,113.047613,34.457075,13140441117,8：00——22：00
登封市,50117,火锅店,东区华仔369地摊火锅,玉带路与汉武路交叉口向东100米,113.088439,34.457608,,8：00——22：00
登封市,50117,火锅店,围辣串串香旗舰店(创佳·紫薇城店),创佳·紫薇城南门西120米,113.084454,34.448272,15538005511,8：00——22：00
登封市,50117,火锅店,久品鱼火锅,卢店镇盛世嘉园小区,113.155674,34.455612,15664026888,8：00——22：00
登封市,50117,火锅店,鑫淮阳涮牛肚(郑州登封市),古城新村西门北110米,113.032501,34.467864,15093105982;15093106982,8：00——22：00
登封市,50117,火锅店,福享锅自助小火锅,中岳大街151号大禹城B1层,113.044025,34.456325,,8：00——22：00
登封市,50117,火锅店,老北京铜锅涮,嵩山新天地二楼B区,113.053726,34.452019,13223033919,8：00——22：00
登封市,50117,火锅店,张小旋自助小火锅,嵩阳街道中天广场永辉超市二楼,113.033406,34.459717,17698103158,8：00——22：00
登封市,50117,火锅店,爱情串串香(光明路店),嵩阳街道东关街与光明路交叉口东北角,113.037956,34.456921,17703713203,8：00——22：00
登封市,50117,火锅店,登封市大张家火锅餐饮店,嵩阳街道嵩湖花园11号楼1单元一层107商铺,113.026134,34.443874,,8：00——22：00
登封市,50117,火锅店,孙蛋饭店火锅店,石道乡石道中心小学西侧,112.880056,34.365874,13613815567,8：00——22：00
登封市,50117,火锅店,嘉木也茶 餐 火锅 庭院派对,嵩溪园西三巷,113.036422,34.47367,15838232792,8：00——22：00
登封市,50117,火锅店,嵩好记火锅,031村道与先锋路交叉口东120米,113.02697,34.479238,18821338888,8：00——22：00
登封市,50117,火锅店,登封酱炒牛肉火锅店,少室路锦绣华庭东门,113.022989,34.445397,15838079996,8：00——22：00
登封市,50117,火锅店,胡同口铜锅涮烧烤,玉带路与天中路交叉口西南180米,113.089825,34.456125,,8：00——22：00
登封市,50117,火锅店,太阳红烤全羊火锅,南朱线西南侧,113.005993,34.406556,15515998258,8：00——22：00
登封市,50117,火锅店,得雨特淳香自助鮮火锅(福上签三店),中岳大街与守敬路交叉口西南角,113.052853,34.455883,15903675327,8：00——22：00
登封市,50117,火锅店,围辣串串香(豫鑫苑小区店),豫鑫苑小区南区北门西70米,113.0359,34.44445,15038065123;17760765223,8：00——22：00
登封市,50117,火锅店,京门涮,后七星街一巷,113.035792,34.468935,13298138567,8：00——22：00
登封市,50117,火锅店,友局火锅烧烤,西关街213号,113.028018,34.458215,18236446000,8：00——22：00
登封市,50117,火锅店,麻辣鱼火锅,崇高路东桥头向西100米路北,113.040409,34.463369,13837180889;13837810889,8：00——22：00
登封市,50117,火锅店,一锅享自助小火锅(告成店),告成镇禹都路观星街交叉口2号,113.14426,34.399266,13140441117,8：00——22：00
登封市,50117,火锅店,奇味轩自助小火锅(大金店镇店),S323(鹿方线),112.978706,34.372421,16692158628,8：00——22：00
登封市,50117,火锅店,浩佳餐饮王婆大虾(颖阳店),颖阳镇郝寨文化广场,112.764468,34.411379,0371-56275519,8：00——22：00
登封市,50117,火锅店,老东关麻辣猪蹄火锅(大禹城店),西南侧111号,113.04337,34.456431,18530899875,8：00——22：00
登封市,50117,火锅店,孙记麻辣兔块火锅,嵩山路北段嵩溪园东五巷二号,113.037997,34.473599,13783640333,8：00——22：00
登封市,50117,火锅店,王阿宝牛骨火锅(嵩玉花园店),南一环与少室路交叉口向东一百米路北,113.024317,34.446715,18838978811,8：00——22：00
登封市,50117,火锅店,蜀票子串串香集合铺,少室路嵩阳公寓西门向南50米,113.030142,34.477262,16603855566,8：00——22：00
登封市,50117,火锅店,登封市蒙羊鲜饭店,嵩颍苑北门旁,113.058796,34.443999,13949029553,8：00——22：00
登封市,50117,火锅店,杨火火地摊火锅,中岳庙馨园,113.082251,34.458942,,8：00——22：00
登封市,50117,火锅店,麻辣兔肉火锅排骨火锅鲜鸡火锅牛肉火锅,颖阳镇东坡紫云社区北门向西100米,112.770361,34.412114,17737610678,8：00——22：00
登封市,50117,火锅店,小巧单锅串串香(大禹城店),中岳大街151号大禹城F1层,113.043872,34.456366,13903829169,8：00——22：00
登封市,50117,火锅店,阿鑫羊蝎子,颖河路与菜园路交叉口向南100米路西,113.041104,34.445833,15638498888,8：00——22：00
登封市,50117,火锅店,苗记牛羊肉汤,石道乡颍福花园1号,112.903508,34.370957,13213134363;18539277979,8：00——22：00
登封市,50117,火锅店,赖小花自助小火锅,崇高路与西一街交叉口西60米,113.033625,34.464025,,8：00——22：00
登封市,50117,火锅店,段姐鲜切火锅(告成店),告成镇石淙街,113.148725,34.396775,13343829789,8：00——22：00
登封市,50117,火锅店,金来麻辣小火锅(卧龙小区店),嵩阳街道嵩山路1560号卧龙小区,113.035033,34.452522,18530863568,8：00——22：00
登封市,50117,火锅店,锅状元小火锅(颖阳店),颖阳镇锅状元小火锅,112.762018,34.411376,15617745268,8：00——22：00
登封市,50117,火锅店,围辣串串香(大禹城店),中岳大街151号大禹城F1层,113.043652,34.456395,19939936121,8：00——22：00
登封市,50117,火锅店,福上缘自助小火锅(嵩阳路),少林大道与嵩阳路交叉口向南260米路西,113.030931,34.453342,15038201055,8：00——22：00
登封市,50117,火锅店,老街味道,守敬路高庄老街6号,113.051529,34.450498,15515562999,8：00——22：00
登封市,50117,火锅店,爱辣勿忧七味鲜鱼火锅,少林大道20号,113.049462,34.455497,0371-62925888;16638033888,8：00——22：00
登封市,50117,火锅店,张记鲜兔火锅(御园店),御园北门东250米,113.065262,34.445057,0371-62850008,8：00——22：00
登封市,50117,火锅店,福上签自助小火锅(祥和小区店),菜园路与洧河路交叉口向南200米,113.041377,34.448281,15838061168,8：00——22：00
登封市,50117,火锅店,登封市驭八方砂锅涮牛肚地摊牛排锅崇高路,嵩阳街道嵩山路与崇高路交叉口东200米858号,113.03878,34.463551,17324841660,8：00——22：00
登封市,50117,火锅店,山河秀川渝冒肚(少室路店),少室路嵩博花园3号楼109-110号,113.02356,34.445935,17838718069,8：00——22：00
登封市,50117,火锅店,辣妹煳辣鱼,,113.082285,34.458394,0371-62727988,8：00——22：00
登封市,50117,火锅店,清真小赵369地摊夜火锅,,113.034447,34.451147,,8：00——22：00
登封市,50117,火锅店,围辣串串香(中天广场店),中天广场,113.033957,34.460371,18638106766,8：00——22：00
登封市,50117,火锅店,麻六爺·火锅冒菜,西二街与爱民路交叉口北100米,113.034345,34.46258,15093061435,8：00——22：00
登封市,50117,火锅店,三和源乳鸽店,嵩溪园一巷三号,113.037807,34.472751,17698099118,8：00——22：00
登封市,50117,火锅店,印象重庆麻辣火锅,守敬路与少林大道交叉口东南160米,113.053825,34.451975,,8：00——22：00
登封市,50117,火锅店,鹅尚鲜自助火锅(告成店),告成镇禹都路南段(告成初中西北角),113.144173,34.395814,17737151062;19913872171,8：00——22：00
登封市,50117,火锅店,百味鲜串串香,兴华南一巷与洧河路交叉口南80米,113.027317,34.451665,,8：00——22：00
登封市,50117,火锅店,浩佳王婆大虾,告成镇告成大街与嵩颖路交叉口向东50米路北,113.138223,34.399309,13014582330,8：00——22：00
登封市,50117,火锅店,五点半烧烤,徐庄镇卫生院西侧120米,113.166114,34.316693,15638293692,8：00——22：00
登封市,50117,火锅店,王婆大虾(唐庄店),唐庄镇汉风苑(张村社区)门口,113.146267,34.4878,15738857360,8：00——22：00
登封市,50117,火锅店,陈州王婆大虾,菜园路与南一环交叉口南20米路东,113.041169,34.443465,18603037162,8：00——22：00
登封市,50117,火锅店,酌时自助串串火锅(悦城华府店),汉阙路悦城华府南门15幢102铺,113.086126,34.451197,17516222068,8：00——22：00
登封市,50117,火锅店,嗨锅自助火锅,尚城名都北2门旁,113.090425,34.450784,15138466556,8：00——22：00
登封市,50117,火锅店,俊卓旋转小火锅,兴阳线与044县道交叉口东160米,113.264831,34.367194,15237197234,8：00——22：00
登封市,50117,火锅店,红火火369摊摊火锅,爱民路中段117号,113.041283,34.460687,13203808889,8：00——22：00
登封市,50117,火锅店,王婆大虾(北商场街店),少林大道13号,113.155393,34.461821,18749499850,8：00——22：00
登封市,50117,火锅店,围辣小火锅(少林小区店),少林小区,113.01033,34.462407,18137800568,8：00——22：00
登封市,50117,火锅店,张哥串串,禅武大街与明月路交叉口西北角10米,113.006534,34.462438,18595630583,8：00——22：00
登封市,50117,火锅店,铜乐慧,嵩阳街道守敬路兴高路八巷附1号,113.051465,34.447334,,8：00——22：00
登封市,50117,火锅店,百善火锅豆花鱼,少室路与031村道交叉口西南60米,113.030262,34.478995,,8：00——22：00
登封市,50117,火锅店,豆花姑娘川渝火锅(嵩玉花园店),嵩阳街道颍河路1031号嵩玉花园,113.02433,34.446723,,8：00——22：00
登封市,50117,火锅店,送表人家烧烤火锅店,白坪乡东送表,112.896543,34.311179,18595900080,8：00——22：00
登封市,50117,火锅店,好渔来火锅,中岳街道福佑路社区紫薇城小区南门商铺2-101号,113.084573,34.448273,15638206567,8：00——22：00
登封市,50117,火锅店,长筷子火锅,君召乡红绿灯向西10米路南,112.817524,34.419646,13253678793;15136233304,8：00——22：00
登封市,50117,火锅店,冰煮羊私房火锅(阳城路店),中凯龙城南门旁,113.054174,34.448485,17537188811;18838261207,8：00——22：00
登封市,50117,火锅店,卢店魏厂长地摊火锅火锅,振兴路中段32-42,113.155602,34.456743,,8：00——22：00
登封市,50117,火锅店,马路边火锅集市,237省道辅路与少林大道交叉口南80米,113.155542,34.458985,,8：00——22：00
登封市,50117,火锅店,聚朋阁烧烤涮,唐庄镇卫生院东北侧80米,113.146908,34.49109,,8：00——22：00
登封市,50117,火锅店,李家串串香,嵩山路与少林大道交叉口东北120米,113.036147,34.455499,,8：00——22：00
登封市,50117,火锅店,老街串串,唐庄中心社区B区南门东90米,113.143498,34.493055,,8：00——22：00
登封市,50117,火锅店,傻老板,城南安置区10号楼107店铺,113.024951,34.443451,,8：00——22：00
登封市,50117,火锅店,鲜切牛肉串串火锅,南一环与通达路交叉口东20米,113.026619,34.445774,,8：00——22：00
登封市,50117,火锅店,畅响牛排火锅,盛世嘉园,113.155607,34.456585,,8：00——22：00
登封市,50117,火锅店,牛小子地摊火锅(秦味源面馆),汉武路与汉阙路口往南50米路西,113.087058,34.450287,,8：00——22：00
登封市,50117,火锅店,胖哥地摊火锅,颍河路与谷路街交叉口西北60米,113.037415,34.447415,,8：00——22：00
登封市,50117,火锅店,马家寨清真糟粕醋火锅,大禹路与滨河路交叉口河西向北50米,113.039354,34.46887,,8：00——22：00
登封市,50117,火锅店,姜红红火锅,嵩阳街道颍河路1031号嵩玉花园,113.024444,34.446715,,8：00——22：00
登封市,50117,火锅店,乐开心28元自助小火锅(颍阳商厦店),颍阳商厦,112.76096,34.411508,,8：00——22：00
登封市,50117,火锅店,锅圈食汇火锅烧烤食材超市(嵩阳路店),嵩阳路200号,113.031783,34.463286,13303861933,8：00——22：00
登封市,50117,火锅店,熊家无二·韩式炸鸡&部队火锅(登封店),嵩阳街道东关街620号,113.034898,34.457241,13283712256,8：00——22：00
登封市,50117,火锅店,鼎盛火锅烧烤食材,中岳办玉带路新店小区正路口东10米,113.087739,34.457758,13783582636,8：00——22：00
登封市,50117,火锅店,袁老帽冒菜2号店(原冒菜叔叔1号店),崇高路与崇福路交叉口东10米路北302号,113.048215,34.462237,15803899558,8：00——22：00
登封市,50117,火锅店,红星卤坊,德融花园东门北20米,113.009205,34.460772,15838268007;18738129996,8：00——22：00
登封市,50117,火锅店,阿生哥螺蛳粉(大禹城店),中岳大街151号大禹城F1层,113.043178,34.456518,15803866659,8：00——22：00
登封市,50117,火锅店,河间驴肉火烧(登封店),守敬路迎仙阁,113.053035,34.456342,18931765476,8：00——22：00
登封市,50117,火锅店,澜禧锅,南一环,113.023658,34.446874,17513153123,8：00——22：00
登封市,50117,火锅店,喜娘毛血旺,东关街与望箕路交叉口东140米,113.041003,34.456552,,8：00——22：00
登封市,50117,火锅店,驭八方砂锅涮牛肚地摊牛排锅,嵩阳街道爱莎少儿英语白坪新区,113.036624,34.442102,17513181781,8：00——22：00
登封市,50117,火锅店,牛呱呱牛肉一锅香,南环路与菜园路交叉口向南100米路东,113.041241,34.445131,15803883682,8：00——22：00
登封市,50117,火锅店,牧香谣川味牛排,大金店镇镇区十字口路北4号,112.978526,34.37103,,8：00——22：00
登封市,50117,火锅店,社友自助大骨头,振兴路,113.156644,34.456793,13213034089,8：00——22：00
登封市,50117,火锅店,登封市市区稻万家麻辣兔锅,和平雅居西门南90米,113.046354,34.452547,0371-62861858;15538708166,8：00——22：00
登封市,50118,特色/地方风味餐厅,粗粮菜馆(登封大禹路总店),大禹路崇福路口西南角,113.046329,34.468132,19903860416,8：00——22：00
登封市,50118,特色/地方风味餐厅,老洛阳驴肉汤馆,颖阳镇客车站对面,112.754875,34.414749,,8：00——22：00
登封市,50118,特色/地方风味餐厅,第一部落烤串(颍阳镇店),颍阳镇南街167号,112.75968,34.414655,17740403696,8：00——22：00
登封市,50118,特色/地方风味餐厅,大胡子烧烤,迎君大道与君召大街交叉口北140米,112.816376,34.412716,,8：00——22：00
登封市,50118,特色/地方风味餐厅,艾小七烧烤涮锅,南洼村服务站南侧200米,112.815302,34.407269,15093295789,8：00——22：00
登封市,50118,特色/地方风味餐厅,醉初烧烤,嵩阳少林武术学校西侧150米,112.960544,34.515294,13949048616,8：00——22：00
登封市,50118,特色/地方风味餐厅,李氏特色烧烤,少林景区西郭店,112.960549,34.515304,13203861505;13949048616,8：00——22：00
登封市,50118,特色/地方风味餐厅,小桥烧烤,016乡道与少林大道交叉口北80米,112.991953,34.461293,17724823777,8：00——22：00
登封市,50118,特色/地方风味餐厅,乐至烧烤(大金店上站),大金店镇市场监督管理所东南侧50米,112.980042,34.375622,13619843000,8：00——22：00
登封市,50118,特色/地方风味餐厅,东北一家人饺子馆(少林小区店),少林街道少林小区,113.009524,34.462184,18860387115,8：00——22：00
登封市,50118,特色/地方风味餐厅,武林泉烧烤美食广场(中国嵩山少林旅游武术购物城店),大禹路西段武术购物城院内,113.017754,34.468524,13383820723,8：00——22：00
登封市,50118,特色/地方风味餐厅,家常菜,,113.024343,34.479155,15290895450,8：00——22：00
登封市,50118,特色/地方风味餐厅,皮皮虾烧烤,崇高路与少室路向西10米路南,113.025795,34.464273,15638825988,8：00——22：00
登封市,50118,特色/地方风味餐厅,九九香饺子馆,崇高路与少室路交叉口向东五十米路北,113.028288,34.464357,18695807579,8：00——22：00
登封市,50118,特色/地方风味餐厅,淳味饺子(嵩玉店),嵩玉花园西门旁,113.024025,34.448215,0371-62766666;0371-62869696;17513302822,8：00——22：00
登封市,50118,特色/地方风味餐厅,郑喜旺烧烤(登封店),少室路与南二环交叉口东南角8-108,113.022937,34.444012,0371-55388567,8：00——22：00
登封市,50118,特色/地方风味餐厅,小贝贝烧烤(嵩博花园店),南一环与少室路路口南路东,113.023331,34.444839,0371-55388866,8：00——22：00
登封市,50118,特色/地方风味餐厅,功夫烤翅,崇高路与禾香街交叉口西100米,113.029338,34.463954,13838057312,8：00——22：00
登封市,50118,特色/地方风味餐厅,登封马老四清真烧烤涮锅城,大禹路与嵩阳路交叉口,113.032717,34.468568,13103858566,8：00——22：00
登封市,50118,特色/地方风味餐厅,东北雷子锦州烧烤(登封总店),东方富田西2门西南70米,113.026706,34.447364,13164330517;16696054666,8：00——22：00
登封市,50118,特色/地方风味餐厅,旺家坊烧烤,嵩阳街道嵩阳假日市场,113.027495,34.436369,17788117579,8：00——22：00
登封市,50118,特色/地方风味餐厅,井下凉皮(颖上路店),嵩阳街道南一环嵩阳路交叉口千惠超市正对面,113.030081,34.445072,13333858389;13603982392,8：00——22：00
登封市,50118,特色/地方风味餐厅,疯狂烤翅(爱民路店),爱民路中段518号,113.035056,34.461808,13623834768;15346566886,8：00——22：00
登封市,50118,特色/地方风味餐厅,张亮麻辣烫(登封东关街店),东关街695号,113.03409,34.457094,15136212123,8：00——22：00
登封市,50118,特色/地方风味餐厅,老城饺子馆(东关街店),西关街13号,113.035078,34.456979,13653850818;13838385436,8：00——22：00
登封市,50118,特色/地方风味餐厅,品口香蒸饺馄饨馆,嵩阳街道登封邮政对面,113.036606,34.460905,15565076383,8：00——22：00
登封市,50118,特色/地方风味餐厅,贵州老祁砂锅(崇高路店),#NAME?,113.037948,34.463649,15036027878,8：00——22：00
登封市,50118,特色/地方风味餐厅,陈记金贝烤串,登封市商埠街小学东门旁,113.035806,34.455507,15093372590,8：00——22：00
登封市,50118,特色/地方风味餐厅,福建鱼丸蒸饺王(白龙小区店),嵩山南路1595号,113.03515,34.451388,15890193779,8：00——22：00
登封市,50118,特色/地方风味餐厅,响当当马坡烧烤(裕兴国际花园店),嵩阳街道南二环与嵩山路交叉口路东裕兴国际363号,113.034991,34.44162,13027500522;15890670898,8：00——22：00
登封市,50118,特色/地方风味餐厅,义兴张世家道口烧鸡(崇高路总店),崇高路与崇福路交叉口西40米,113.045308,34.46249,15936253286,8：00——22：00
登封市,50118,特色/地方风味餐厅,功夫烧烤,中岳大街151号大禹城,113.043658,34.456394,,8：00——22：00
登封市,50118,特色/地方风味餐厅,麻辣香锅(大禹城店),中岳大街151号大禹城F1层,113.044321,34.456656,15738385881,8：00——22：00
登封市,50118,特色/地方风味餐厅,仙霞饺子店,崇福路329号靠近登封市农业机械管理局,113.046039,34.458501,15138907776,8：00——22：00
登封市,50118,特色/地方风味餐厅,马家烧烤炒虾尾,五星居家属院北门旁,113.046075,34.457025,,8：00——22：00
登封市,50118,特色/地方风味餐厅,淳味饺子(滨河路店),少林路与滨河路交叉口向南50米,113.046354,34.452547,15538708166;18239910166,8：00——22：00
登封市,50118,特色/地方风味餐厅,乔家刀削面,颍河路292号,113.045179,34.446417,0371-62880505,8：00——22：00
登封市,50118,特色/地方风味餐厅,疯狂烤翅(守敬路店),守敬路255号,113.05319,34.455467,13838522496,8：00——22：00
登封市,50118,特色/地方风味餐厅,功夫贝贝烧烤·烤面筋,嵩山新天地3楼,113.054181,34.451966,0371-62711118;16696032567,8：00——22：00
登封市,50118,特色/地方风味餐厅,木子烧烤(龙玺湾店),阳城路与颍河路交叉口西南180米,113.054318,34.443399,13298185566,8：00——22：00
登封市,50118,特色/地方风味餐厅,掌上鲜烧烤(尚城名都店),汉阙路尚城名都北门门牌号2-108,113.089067,34.45088,17136075666,8：00——22：00
登封市,50118,特色/地方风味餐厅,家门口烧烤,中岳街道办事处韩村南新庄,113.098577,34.468755,13849051444,8：00——22：00
登封市,50118,特色/地方风味餐厅,琪琪烧烤,登徐线与胜利路交叉口东北80米,113.079038,34.326578,13027774232,8：00——22：00
登封市,50118,特色/地方风味餐厅,兄弟半份菜(二店),卢店镇文化路,113.149945,34.460992,,8：00——22：00
登封市,50118,特色/地方风味餐厅,振兴饺子馆,316省道s号,113.155566,34.458228,13938542282,8：00——22：00
登封市,50118,特色/地方风味餐厅,小妹儿家饺子馆,文颖线,112.771489,34.410407,,8：00——22：00
登封市,50118,特色/地方风味餐厅,相遇烧烤吧,君召乡雨露小区3期211号,112.813264,34.412962,15188377878,8：00——22：00
登封市,50118,特色/地方风味餐厅,石道艾尚麻辣烫,石道中心市场178号,112.884773,34.365354,18749409315,8：00——22：00
登封市,50118,特色/地方风味餐厅,老兵之家特味饺子馆,石道乡东区小学西南侧130米,112.903143,34.370865,15036099769,8：00——22：00
登封市,50118,特色/地方风味餐厅,伴山烧烤夜市,少室路12号,113.028509,34.480834,16638171888,8：00——22：00
登封市,50118,特色/地方风味餐厅,代付记郏县饸饹面,嵩阳中学东南门南60米,113.029539,34.475708,13598875656,8：00——22：00
登封市,50118,特色/地方风味餐厅,夜摊烤场,少室路66号,113.029403,34.474754,13783517399,8：00——22：00
登封市,50118,特色/地方风味餐厅,家之味手工水饺,嵩阳街道通达路金街32号,113.026394,34.447169,,8：00——22：00
登封市,50118,特色/地方风味餐厅,东北那旮瘩老式黏糊麻辣烫,东关街与光明路交叉口东40米,113.038275,34.456855,18145671472,8：00——22：00
登封市,50118,特色/地方风味餐厅,老高烧烤,颖上路与嵩山路交叉口东160米,113.035539,34.444484,,8：00——22：00
登封市,50118,特色/地方风味餐厅,馄饨阁,银河小区西门旁,113.037925,34.445475,,8：00——22：00
登封市,50118,特色/地方风味餐厅,精品手工饺子,嵩阳街道中岳大道11号迎仙家属院,113.052713,34.454729,,8：00——22：00
登封市,50118,特色/地方风味餐厅,老李烧烤,阳城路与新北线交叉口西460米,113.078625,34.435475,,8：00——22：00
登封市,50118,特色/地方风味餐厅,仟里香馄饨王,新店栖凤园西区东1门南50米,113.087006,34.459356,,8：00——22：00
登封市,50118,特色/地方风味餐厅,福记饺子馆,汉武路与汉阙路交叉口北40米,113.087152,34.451316,,8：00——22：00
登封市,50118,特色/地方风味餐厅,深夜烤吧,011乡道与胜利路交叉口西20米,113.07742,34.327427,,8：00——22：00
登封市,50118,特色/地方风味餐厅,热度烧烤,少林大道与237省道辅路交叉口西南140米,113.154455,34.459063,,8：00——22：00
登封市,50118,特色/地方风味餐厅,王记海鲜烧烤,237省道与民族路交叉口北220米,113.155817,34.456862,,8：00——22：00
登封市,50118,特色/地方风味餐厅,海记烧烤,237省道辅路与民族路交叉口南80米,113.155896,34.454174,,8：00——22：00
登封市,50118,特色/地方风味餐厅,烧烤美食城,鸿泰家属院西门旁,113.144025,34.396525,,8：00——22：00
登封市,50118,特色/地方风味餐厅,红朝饺子店,禹都路与石淙街交叉口南120米,113.144025,34.396125,15039090701,8：00——22：00
登封市,50118,特色/地方风味餐厅,脔香饺子店,237省道与石淙街交叉口东80米,113.150356,34.396753,15738320206,8：00——22：00
登封市,50118,特色/地方风味餐厅,胡同里·烧烤,阳城路与新北线交叉口西480米,113.078188,34.433637,,8：00——22：00
登封市,50118,特色/地方风味餐厅,烧烤夜市,嵩山路与滨河路交叉口东60米,113.038005,34.472701,,8：00——22：00
登封市,50118,特色/地方风味餐厅,御品轩烧烤,237省道与民族路交叉口北180米,113.155894,34.456484,,8：00——22：00
登封市,50118,特色/地方风味餐厅,手工饺子馆,乌海线与南朱线交叉口西20米,112.999593,34.415699,,8：00——22：00
登封市,50118,特色/地方风味餐厅,不凡烧烤,栖凤园西院,113.08674,34.457734,,8：00——22：00
登封市,50118,特色/地方风味餐厅,家的味道手工饺子馆,嵩阳街道南环一路18号登封市经济适用房,113.032453,34.444773,,8：00——22：00
登封市,50118,特色/地方风味餐厅,音乐烧烤,登封李新丽口腔诊所南侧60米,112.978712,34.373454,,8：00——22：00
登封市,50118,特色/地方风味餐厅,烧烤状元,044县道与兴阳线交叉口南180米,113.262946,34.365809,,8：00——22：00
登封市,50118,特色/地方风味餐厅,超杰烧烤,农业局家属院西门旁,113.037994,34.457655,13103855877,8：00——22：00
登封市,50118,特色/地方风味餐厅,新密夜市烧烤(汉风苑店),唐庄镇237省道西150米汉风苑,113.145475,34.48827,,8：00——22：00
登封市,50118,特色/地方风味餐厅,鲜香饺子(太和路店),太和路天和花园门口右侧,113.099446,34.460657,,8：00——22：00
登封市,50118,特色/地方风味餐厅,香香烧饼(鑫地华府南区店),鑫地华府南区东北门东70米,113.035608,34.444479,15639796191,8：00——22：00
登封市,50118,特色/地方风味餐厅,兄弟疯狂烤翅,东关街与光明路交叉口西北20米,113.037612,34.456887,13837199241,8：00——22：00
登封市,50118,特色/地方风味餐厅,帅哥虾尾烧烤(大厦豪邸店),农业局家属院西门旁,113.038044,34.457716,15238302839,8：00——22：00
登封市,50118,特色/地方风味餐厅,芳芳饺子馆(东关街店),嵩阳街道西商埠街中段春天服饰对面,113.03527,34.456972,,8：00——22：00
登封市,50119,海鲜酒楼,登封市市区蒸蒸日上蒸汽海鲜馆(大禹路店),大禹路208号(长春园居委会),113.042739,34.468667,0371-62986668,8：00——22：00
登封市,50119,海鲜酒楼,蒸尚鲜(文化城店),颍河路文化城北门二楼,113.019251,34.449551,0371-62828866,8：00——22：00
登封市,50119,海鲜酒楼,盱眙小龙虾,颖河路与谷路街交叉口向北30米,113.038163,34.447911,,8：00——22：00
登封市,50119,海鲜酒楼,品色海鲜酒馆,圆通速递(滨河路东),113.040953,34.467164,13393717200;13783504184,8：00——22：00
登封市,50119,海鲜酒楼,店小二海鲜炒鸡(大冶塔庙店),,113.225346,34.408732,17324813666,8：00——22：00
登封市,50119,海鲜酒楼,蒸尚鲜旗舰店(少室路店),嵩阳街道南一环581嵩博花园,113.023691,34.446238,,8：00——22：00
登封市,50119,海鲜酒楼,海味知己(泊心湾店),嵩阳路306号,113.031963,34.466339,18937452100,8：00——22：00
登封市,50119,海鲜酒楼,无敌传麻辣小龙虾,滨河路与大禹路交叉口东南160米,113.040973,34.467125,13783504184,8：00——22：00
登封市,50119,海鲜酒楼,主烤官海鲜大咖·烧烤(登封店),嵩阳街道崇高路892号,113.038775,34.463575,,8：00——22：00
登封市,50119,海鲜酒楼,店小二海鲜炒鸡(唐庄店),归恩路与民生路交叉口西220米,113.141175,34.494775,,8：00——22：00
登封市,50119,海鲜酒楼,生蚝扇贝王(大禹城店),中岳大街151号大禹城F1层,113.04364,34.456399,,8：00——22：00
登封市,50119,海鲜酒楼,海鲜烧烤简餐吧,031县道与024乡道交叉口东20米,112.760135,34.416512,18703802325,8：00——22：00
登封市,50119,海鲜酒楼,苏禾简餐吧(中岳庙馨园店),福佑路北段路西,113.082139,34.459616,13213061889;18838012922,8：00——22：00
登封市,50119,海鲜酒楼,久品龙虾·烧烤·大闸蟹(腾龙小区店),颖河路与谷路街交叉口向北358号,113.037498,34.444651,13523414159;15670357065,8：00——22：00
登封市,50119,海鲜酒楼,俏芳寿司(嵩山广场夜市店),嵩山广场夜市,113.039194,34.455439,15617856555,8：00——22：00
登封市,50119,海鲜酒楼,孙先生披萨餐厅,守敬路嵩山新天地一楼东南交叉口,113.054543,34.451737,13137125673;15538049168,8：00——22：00
登封市,50119,海鲜酒楼,小鱼馆饭庄,禅武大街与少林大道交叉口西北340米,113.0059,34.462657,13721415006,8：00——22：00
登封市,50119,海鲜酒楼,小東家现炒鸡爆虾(大禹城店),嵩阳办事处菜园路以东大禹城,113.044119,34.456952,,8：00——22：00
登封市,50119,海鲜酒楼,王鲜生三文鱼,东关街206号,113.04102,34.456577,16638159888,8：00——22：00
登封市,50119,海鲜酒楼,胡铁麻辣烫酸菜鱼,告城镇告城大街告城村118号,113.143369,34.398751,13213826680,8：00——22：00
登封市,50119,海鲜酒楼,茶亭人家石锅鱼,告成镇茶亭沟水库大坝旁,113.107782,34.41526,,8：00——22：00
登封市,50119,海鲜酒楼,欣龙霸小龙虾啤酒广场(中国嵩山少林旅游武术购物城店),大禹路与207国道交叉口西北角武术购物城广场,113.017415,34.468646,13838110855,8：00——22：00
登封市,50119,海鲜酒楼,鱼七纸包鱼,207国道,112.973571,34.369698,15981868560,8：00——22：00
登封市,50119,海鲜酒楼,靓虾蟹老板虾客行(登封店),嵩阳街道嵩山路与南环一路鑫地华府北院东门向西152号,113.035752,34.444668,16650891693,8：00——22：00
登封市,50119,海鲜酒楼,大尚龙虾(嵩山路店),嵩阳街道南关街21号,113.03603,34.452448,19138099538,8：00——22：00
登封市,50119,海鲜酒楼,东华镇炫夜烧烤,东华大道108号,113.048251,34.378718,15537133270,8：00——22：00
登封市,50119,海鲜酒楼,小郭金椒鱼,嵩阳街道颍河路与阳城路交叉口向东200米路南嵩颖院1-102号,113.059039,34.444007,,8：00——22：00
登封市,50119,海鲜酒楼,鱼小庆酸菜鱼米饭,市嵩阳街道少室路中段391号,113.027834,34.466565,17788131887,8：00——22：00
登封市,50119,海鲜酒楼,鱼七纸包鱼(登封店),文颖线与343国道交叉口北140米,112.771774,34.411087,15738812993,8：00——22：00
登封市,50119,海鲜酒楼,阿苏爆炒鸡碳锅鱼(暂停营业),颍河路实验高中斜对面御园15号楼下,113.060322,34.443929,15037126987,8：00——22：00
登封市,50121,清真菜馆,麦当劳(登封中天广场餐厅),中岳大街与嵩阳路交叉口东100米中天广场1楼,113.032926,34.459691,0371-55520835,8：00——22：00
登封市,50121,清真菜馆,华莱士·全鸡汉堡(嵩山店),少室路北段盛世美音隔壁,113.029575,34.474275,4008226004,8：00——22：00
登封市,50121,清真菜馆,第一刀削面,中岳大街与菜园路交叉口北150米,113.043261,34.458687,13783616322,8：00——22：00
登封市,50121,清真菜馆,中州华鼎饭店,中岳街道地中路与福佑路交汇处北50米,113.080326,34.462356,0371-56555999;15981827716,8：00——22：00
登封市,50121,清真菜馆,肯德基(少林大道店),少林大道231号尚城国际二期东北角,113.034368,34.454339,0371-55858689,8：00——22：00
登封市,50121,清真菜馆,马遂林烩面馆,崇高路与少室路交叉口,113.027033,34.464143,13373954111;15039056888,8：00——22：00
登封市,50121,清真菜馆,少林禅武大酒店,大禹路西段鹅坡岭,113.017065,34.470826,0371-62808888,8：00——22：00
登封市,50121,清真菜馆,高玮削面馆,爱民路231号,113.037723,34.461275,15093282806;19036917213,8：00——22：00
登封市,50121,清真菜馆,锦鹏生态酒店,卢涯瀑布景区附近,113.090375,34.472999,,8：00——22：00
登封市,50121,清真菜馆,小木屋烧饼,老北街小木屋烧饼店,113.036321,34.458145,13523000045,8：00——22：00
登封市,50121,清真菜馆,品品味削面馆,爱民路235号,113.038515,34.461086,15537197375,8：00——22：00
登封市,50121,清真菜馆,名优羊肉馆,朝阳路与316省道交叉口南20米,113.161601,34.459996,13526531326,8：00——22：00
登封市,50121,清真菜馆,雾与山茶(大禹城店),中岳大街151号大禹城F1层,113.045048,34.456735,15838098850,8：00——22：00
登封市,50121,清真菜馆,好来の利(白坪新区店),豫鑫苑北区东门旁,113.037683,34.445441,0371-62868123;16696003995,8：00——22：00
登封市,50121,清真菜馆,解馋坊(登封大厦总店),夜市街光明路北段,113.0381,34.458436,15290898051,8：00——22：00
登封市,50121,清真菜馆,高记烧饼,中岳大街少室路交叉口西南角,113.026272,34.459998,15036081318;15515982918,8：00——22：00
登封市,50121,清真菜馆,雾与山茶(嵩山路店),商埠街002号,113.035918,34.456341,13213127008,8：00——22：00
登封市,50121,清真菜馆,霸王茶姬(登封大禹城店),中岳大街151号大禹城B1层东南角下沉广场从南到北第一家,113.045029,34.456474,15738853735,8：00——22：00
登封市,50121,清真菜馆,谷状元莲子八宝粥(崇高路店),崇高路与崇福路交叉口向东路北,113.046216,34.46252,0371-62800887;13503116386,8：00——22：00
登封市,50121,清真菜馆,嵩山高记烧饼卤肉,菜园路与洧河路交叉口,113.042002,34.449433,13783569238,8：00——22：00
登封市,50121,清真菜馆,付家羊肉馆(嵩阳路店),市区嵩阳路中段(民族路居委会),113.031212,34.4558,13203866225,8：00——22：00
登封市,50121,清真菜馆,嘉年华KTV(爱民路),爱民路151号,113.04164,34.46018,0371-55850678;0371-55850789,8：00——22：00
登封市,50121,清真菜馆,卤肉烧饼星期八,东关街与嵩山路交叉口西20米,113.035545,34.456938,15136292669;15225071678,8：00——22：00
登封市,50121,清真菜馆,茶百道(登封大禹城店),嵩阳街道东关街万佳中心城南门对面95号,113.043275,34.457235,13015516395,8：00——22：00
登封市,50121,清真菜馆,西施猪蹄(大禹路店),大禹路与嵩山路交叉口东南角,113.037317,34.468437,13676925666,8：00——22：00
登封市,50121,清真菜馆,功夫怪兽·烧烤工场(登封店),嵩基·鸿润城北1门旁,113.042612,34.446193,13783161717;18569932888,8：00——22：00
登封市,50121,清真菜馆,赵记正宗兰州牛肉拉面,守敬路339号,113.052824,34.453597,13592517166;13603987733,8：00——22：00
登封市,50121,清真菜馆,正新鸡排(崇高路店),嵩阳办事处嵩山路以东崇高路与崇福路交叉口西北角508号,113.035756,34.455279,,8：00——22：00
登封市,50121,清真菜馆,禾居民宿,少林办事处玄天庙村11组音乐大典北350米,112.977346,34.484245,13683810558;13783400832,8：00——22：00
登封市,50121,清真菜馆,永泰寺素食馆(永泰寺景区店),少林寺东两公里(近永泰寺南院),112.978812,34.519921,13703980565,8：00——22：00
登封市,50121,清真菜馆,水浒烤肉(阳光美景店),阳光美景西门旁,113.041089,34.443088,13526608879;15538023658,8：00——22：00
登封市,50121,清真菜馆,一口钟热卤.手撕烧鸡,嵩阳街道守敬路南段(汉庭优佳酒店对面),113.051201,34.447233,,8：00——22：00
登封市,50121,清真菜馆,红昌特味刀削面(崇福路店),崇福路与大禹路交叉口南150米路东,113.046638,34.466703,15093138820,8：00——22：00
登封市,50121,清真菜馆,柳州肥姨妈大骨螺蛳粉(中天广场店),"中岳大街以北,嵩山路以西,鸡鸣街以东,中天广场10号BC幢1单元1层145号铺",113.03487,34.459412,18538053858,8：00——22：00
登封市,50121,清真菜馆,肯德基(登封万佳店),中岳大街151号大禹城F1层,113.04326,34.456619,0371-55855896,8：00——22：00
登封市,50121,清真菜馆,茉莉奶白(郑州登封大禹城店),中岳大街549号大禹城西门,113.043055,34.456605,15538037967,8：00——22：00
登封市,50121,清真菜馆,喜茶(登封大禹城店),嵩阳街道中岳大街大禹城1号门1-1号(望箕路社区),113.043278,34.457284,19339966858,8：00——22：00
登封市,50121,清真菜馆,德克士(少林寺店),少林寺景区9号商铺,112.952647,34.514639,0371-62749555;15238267733,8：00——22：00
登封市,50121,清真菜馆,茶百道(登封中天广场店),中岳大街与嵩阳路交叉口中天广场一号楼1层104,113.034159,34.459879,13017693697,8：00——22：00
登封市,50121,清真菜馆,绝味鸭脖(登封中岳大街店),嵩山百货大楼北门旁,113.03924,34.458212,15617794123,8：00——22：00
登封市,50121,清真菜馆,绝味鸭脖(东关街店),东关街与嵩山路交叉口西40米,113.035515,34.456947,18603835233,8：00——22：00
登封市,50121,清真菜馆,德克士(大禹城店),东北门南90米,113.045011,34.456295,0371-55850868,8：00——22：00
登封市,50121,清真菜馆,天中大酒店(暂停营业),中岳大街东段22号,113.05434,34.457258,0371-62898888;0371-62898999,8：00——22：00
登封市,50121,清真菜馆,朴大叔拌饭(登封大禹城店),东关街113号,113.043201,34.456116,18839793799,8：00——22：00
登封市,50121,清真菜馆,塔斯汀中国汉堡(中天广场店),嵩阳街道嵩山路65号中天广场,113.03591,34.459157,13460231110,8：00——22：00
登封市,50121,清真菜馆,麦克思汉堡(登封万佳店),南一环与通达路交叉口万佳超市1层,113.026014,34.446387,0371-62966665,8：00——22：00
登封市,50121,清真菜馆,王河民宿农家院,王河村王河农家院,113.060006,34.53723,17503820789,8：00——22：00
登封市,50121,清真菜馆,瑞幸咖啡(登封大禹城店),中岳大街151号大禹城一层中庭,113.043278,34.457049,4000100100,8：00——22：00
登封市,50121,清真菜馆,阿福幸食(嵩湖花园店),嵩阳街道南一环505嵩湖花园,113.029212,34.445051,,8：00——22：00
登封市,50121,清真菜馆,俊巧热干面,书院河路与崇高路交叉口南60米,113.04215,34.462472,13838213769,8：00——22：00
登封市,50121,清真菜馆,马老三烩面,中岳大街399号,113.046,34.456817,16638200435,8：00——22：00
登封市,50121,清真菜馆,锅阿锅铁锅炖登封店,福佑路与地中路交叉口路西192号,113.082147,34.459652,18638719338,8：00——22：00
登封市,50121,清真菜馆,DQ(登封万佳中心城店),中岳大街151大禹城,113.044073,34.456787,0371-56771618,8：00——22：00
登封市,50121,清真菜馆,大师傅蛋糕(嵩山路店),嵩山路与东关街交叉口东南20米,113.036021,34.456742,0371-62896757;13598057158,8：00——22：00
登封市,50121,清真菜馆,三味居刘厨大碗面(德融花园店),禅武大街与少林路交叉口二十米路东,113.007483,34.460236,15837160789,8：00——22：00
登封市,50121,清真菜馆,正新鸡排(郑州中岳店),登封大厦北门旁,113.037872,34.458314,13715143111;18211811704;4008218566,8：00——22：00
登封市,50121,清真菜馆,塔斯汀中国汉堡(登封市汉武路店),中岳街道栖凤园小区西门26号商铺,113.086957,34.459043,18225163480,8：00——22：00
登封市,50121,清真菜馆,清真马遂林烩面,颍上路与常青街交叉口东120米,113.018774,34.44835,18638699059,8：00——22：00
登封市,50121,清真菜馆,麦加美汉堡(卢店镇店),卢店镇小吃街1-号,113.158791,34.460254,13803831559,8：00——22：00
登封市,50121,清真菜馆,拙醒咖啡馆,嵩山路1071号,113.037073,34.470658,13526572188,8：00——22：00
登封市,50121,清真菜馆,听渔轩渔具店,嵩颍小区北门旁,113.032335,34.447563,13343836000,8：00——22：00
登封市,50121,清真菜馆,戴妃·麦客蛋糕专家,望箕路与东关街交叉口东北40米,113.039625,34.456913,0371-62868333;15238056565,8：00——22：00
登封市,50121,清真菜馆,七若滋·蛋糕面包(中岳大街店),中岳大街72号秀丽王府花园门口,113.037548,34.458801,,8：00——22：00
登封市,50121,清真菜馆,午后阳光,崇高路与滨河路交汇处向南170米路东,113.04455,34.461233,18538517387,8：00——22：00
登封市,50121,清真菜馆,蜜雪冰城(大禹城负一楼店),嵩阳办事处大禹城负一楼B1020号,113.04491,34.456944,17724780797;18037503866,8：00——22：00
登封市,50121,清真菜馆,刘家饸饹面,谷路街渭河路交叉口西边20米,113.037835,34.449142,15136162589,8：00——22：00
登封市,50121,清真菜馆,蜜雪冰城(卢店市场店),卢店镇少林大道71-2,113.157892,34.459529,13253376851,8：00——22：00
登封市,50121,清真菜馆,宋家登封第一刀削面,洧河路969号,113.034765,34.450523,15093011037;15093101037,8：00——22：00
登封市,50121,清真菜馆,正宗小鸡快跑(嵩山路店),中天广场5号院东门旁,113.036446,34.460001,13592637301,8：00——22：00
登封市,50121,清真菜馆,台湾奶香脆皮麻花(郑州登封市),少林大道市百货楼对面,113.035799,34.455681,18530807790;18937151735,8：00——22：00
登封市,50121,清真菜馆,胡记面馆(尚城名都店),尚城名都西门旁,113.087541,34.449943,13607682518,8：00——22：00
登封市,50121,清真菜馆,永兴烩面(中岳大街店),中岳大街153号,113.052088,34.456079,,8：00——22：00
登封市,50121,清真菜馆,陌上咖啡(泊心湾店),嵩阳路北段泊心湾小区南巷子里100米,113.031515,34.466061,15938716992,8：00——22：00
登封市,50121,清真菜馆,擀面皮大王(登封总店),嵩山路与商埠街交叉口东20米,113.036109,34.456887,15238015996;18638656790,8：00——22：00
登封市,50121,清真菜馆,一碗香热干面(嵩基·鸿润城店),嵩基·鸿润城东门北70米,113.045626,34.445266,15039068050,8：00——22：00
登封市,50121,清真菜馆,登封第一刀削面,君召街教育组东隔壁东30米路南,112.818441,34.416481,13503845345,8：00——22：00
登封市,50121,清真菜馆,十三棍烩羊肉,少林大道与守敬路交叉口向北80米路东,113.052917,34.453888,,8：00——22：00
登封市,50121,清真菜馆,桂客来甜品烤肉自助,嵩阳街道中岳大街与书院河西路交叉口向北100米路西临街商铺,113.045086,34.458588,13253321987,8：00——22：00
登封市,50121,清真菜馆,幸运咖(嵩山路店),嵩阳街道嵩山路与东关街交叉口,113.035701,34.456927,15378775577,8：00——22：00
登封市,50122,台湾菜,大大台湾饭团(登封商埠街店),嵩山路商埠街小学正对面,113.035776,34.455644,15036068446;18737114623,8：00——22：00
登封市,50122,台湾菜,台湾风味手撕鸭(中岳大街),嵩阳街道中岳大街东段千惠超市,113.051829,34.456477,13333824839;17752506229,8：00——22：00
登封市,50200,外国餐厅,赫里融乐音乐餐厅,嵩阳办事处嵩山路以东崇福路东三十一巷16号,113.046608,34.466459,,8：00——22：00
登封市,50200,外国餐厅,拉勾勾烧肉酒馆,,113.041505,34.460644,,8：00——22：00
登封市,50200,外国餐厅,喜民韩式料理(大禹城店),嵩阳办事处中岳大街与滨河路大禹城商场东广场,113.044959,34.456592,16638143123,8：00——22：00
登封市,50200,外国餐厅,樱花渔渥(嵩博花园店),南环一路104铺(嵩博花园北门口),113.024707,34.446047,15617769588,8：00——22：00
登封市,50200,外国餐厅,焱东家首尔韩国烤肉(登封店),阳光家园北门西120米,113.023679,34.443767,0371-62781771;13213139577,8：00——22：00
登封市,50200,外国餐厅,头一家韩式料理,少室路北段书院三巷,113.030045,34.476088,18738181930,8：00——22：00
登封市,50200,外国餐厅,范特西音乐餐吧(登封大润发商场店),南二环与嵩山路交叉口北行20米(大润发一楼西侧),113.033927,34.442647,15515977789,8：00——22：00
登封市,50200,外国餐厅,锦鲤居酒屋,,113.040813,34.465109,15938771076,8：00——22：00
登封市,50200,外国餐厅,登封闺蜜轻食融合料理,崇高路与守敬路交叉口西40米,113.053741,34.461155,18203999213,8：00——22：00
登封市,50200,外国餐厅,鲜握寿司,盛世嘉园,113.153594,34.457268,,8：00——22：00
登封市,50200,外国餐厅,红人馆,343国道与偃杨线交叉口南240米,112.884869,34.363773,15093301333,8：00——22：00
登封市,50300,快餐厅,油麻港辣子鸡手擀面(登封店),东关街62号,113.041779,34.456467,15617570205,8：00——22：00
登封市,50300,快餐厅,苏家牛肉汤馆,崇高路与崇福路交叉口向北150米路东,113.046152,34.464839,13526676205;17337599097,8：00——22：00
登封市,50300,快餐厅,小木屋烧饼2店双面芝麻烧饼,嵩阳办事处嵩山路爱民路329号,113.036647,34.461637,,8：00——22：00
登封市,50300,快餐厅,一家亲土豆粉(东关街店),中岳大街151号大禹城F1层,113.04323,34.456127,13213136988,8：00——22：00
登封市,50300,快餐厅,地道洛阳李记豆腐汤,嵩阳路与崇高路交叉口向北150米路东地道洛阳李记豆腐汤,113.032423,34.465339,13460398006;15713863863;18137102811,8：00——22：00
登封市,50300,快餐厅,门师傅香辣土豆片夹馍(嵩山路店),嵩山路与东关街交叉口南60米,113.035963,34.456394,17752513412,8：00——22：00
登封市,50300,快餐厅,一品味刀削面,古城新村北60米,113.032801,34.467564,13783435548,8：00——22：00
登封市,50300,快餐厅,第一刀削面崇高路店,崇高路桥头向西50米路南,113.041548,34.462935,13783616322,8：00——22：00
登封市,50300,快餐厅,登封当地特色小吃锅盔,崇福路与大禹路交叉口南180米,113.046291,34.466748,,8：00——22：00
登封市,50300,快餐厅,甄味道,崇高路观石街交叉口,113.039596,34.46358,13526441133,8：00——22：00
登封市,50300,快餐厅,高家烧饼,南一环与嵩山路交叉路向西100米,113.03373,34.44495,,8：00——22：00
登封市,50300,快餐厅,刘一手擀面皮,西商埠街刘一手擀面皮,113.035889,34.456923,0371-55388884;18037118884,8：00——22：00
登封市,50300,快餐厅,洛阳老城牛肉汤(登封店),滨河路15号靠近亿家亲午托部,113.045738,34.448306,13592489111;13783555585,8：00——22：00
登封市,50300,快餐厅,九厘九.夜包子豆腐脑,崇高路与嵩阳路交叉口向南20米路东,113.032203,34.463578,15237131733,8：00——22：00
登封市,50300,快餐厅,塔斯汀中国汉堡(嵩景花园店),嵩阳路与南环一路交叉口西北角嵩景花园18号楼1单元1层106铺,113.027029,34.445943,18638710330,8：00——22：00
登封市,50300,快餐厅,沙县小吃(东关街店),嵩阳街道东关街与嵩山路交叉口西80米路北,113.034897,34.457204,13523017444;13523596444,8：00——22：00
登封市,50300,快餐厅,华莱士·全鸡汉堡(东关街店),东关街651号,113.034931,34.456982,0371-62738885,8：00——22：00
登封市,50300,快餐厅,小蚂蚁牛肉糊辣汤,中岳大街与观石街交叉口向北20米路东,113.038609,34.458819,13783538789;15890133909,8：00——22：00
登封市,50300,快餐厅,有滋优面(光明路店),光明路112号,113.037554,34.456055,13643805789;15981972781,8：00——22：00
登封市,50300,快餐厅,堡爷纯手工美式牛肉汉堡(少林大道店),少林大道东桥头路西侧71号,113.045063,34.453556,15038021645,8：00——22：00
登封市,50300,快餐厅,映湖路夜包子登封一店,嵩阳街道谷路街382号,113.037824,34.446802,13383867776,8：00——22：00
登封市,50300,快餐厅,何记刀削面(福佑路店),中岳庙馨园东门旁,113.082215,34.458903,13592537005;15639936808,8：00——22：00
登封市,50300,快餐厅,中国兰州牛肉拉面(少林小区店),登封白建敏诊所西侧,113.010524,34.462735,15120478726;15512881287,8：00——22：00
登封市,50300,快餐厅,李记蒸碗豆腐脑(教育局店),崇高路教育局斜对面,113.033661,34.463735,13783580073,8：00——22：00
登封市,50300,快餐厅,高记削面馆,和平雅居西门南50米,113.046275,34.452825,13683815053,8：00——22：00
登封市,50300,快餐厅,华莱士·全鸡汉堡(嵩景花园店),嵩景花园南门17号楼107商铺,113.02795,34.445686,0371-62756667;15003866754;18838213392,8：00——22：00
登封市,50300,快餐厅,王五烙馍,大金店镇南环路与207国道交叉口向东200路南,112.977088,34.368815,15036086952,8：00——22：00
登封市,50300,快餐厅,好欢螺柳州螺蛳粉,南二环与谷路街交叉口向北60米,113.037679,34.442909,13203866335,8：00——22：00
登封市,50300,快餐厅,千里香馄饨(光明路夜市店),光明路55号,113.038027,34.457763,18530855928,8：00——22：00
登封市,50300,快餐厅,告成第一刀削面,告成大街与禹都路交叉口西120米,113.142946,34.398654,13525555116,8：00——22：00
登封市,50300,快餐厅,华莱士·全鸡汉堡(栖凤园店),新店栖凤园小区东院西2门旁,113.08735,34.459496,15516957001,8：00——22：00
登封市,50300,快餐厅,五谷粥屋(登封店),市区爱民路中段(鸡鸣街居委会)嵩山路与爱民路交叉口向东50米路南,113.037229,34.461358,13673399225;13838213186,8：00——22：00
登封市,50300,快餐厅,跃杰幸福小吃(谷路街店),洧苑小区西门旁,113.038134,34.449401,13213152883,8：00——22：00
登封市,50300,快餐厅,张敏刀削面,嵩阳路登封市经济适用房小区,113.029937,34.444951,13783400548,8：00——22：00
登封市,50300,快餐厅,刘家烧饼小吃店,中岳大街185号,113.051606,34.456212,13838315855;15838391444,8：00——22：00
登封市,50300,快餐厅,老街削面馆,东关街光明路交叉口南20米路西,113.037663,34.456316,15238085222,8：00——22：00
登封市,50300,快餐厅,姐弟俩土豆粉(大禹城店),中岳大街151号大禹城B1层,113.043112,34.456573,13526870222,8：00——22：00
登封市,50300,快餐厅,祥和刀削面(玉带路),中岳街道嵩山温泉隔壁,113.095734,34.457756,15890189498,8：00——22：00
登封市,50300,快餐厅,李记煨道瓦罐(登封店),嵩阳街道爱民路与嵩山路交叉口向东20米路北,113.037102,34.461506,0371-62871113;15981925481,8：00——22：00
登封市,50300,快餐厅,华莱士·全鸡汉堡(登封新天地店),少林大道与守敬路交叉口南50米(嵩山新天地),113.052705,34.451857,15003866754,8：00——22：00
登封市,50300,快餐厅,正宗郝记刀削面,唐庄镇十字路口北20米105号,113.144849,34.493544,18203685988,8：00——22：00
登封市,50300,快餐厅,517花甲(登封分店),豫鑫苑商贸城东南门北60米,113.037479,34.443916,15515595389;15538148567,8：00——22：00
登封市,50300,快餐厅,登小鲜.薄皮馄饨小笼包,东关街与嵩山路交叉口西40米,113.03536,34.456946,18037388271,8：00——22：00
登封市,50300,快餐厅,郑记正宗逍遥镇胡辣汤(嵩阳路店),嵩阳路洧河路交叉口向南250米路东,113.030899,34.451027,15538008818;18236909727,8：00——22：00
登封市,50300,快餐厅,顾县肉合(少室路店),少室路与崇高路交叉口北240米,113.027603,34.466356,19139978704,8：00——22：00
登封市,50300,快餐厅,街口锅盔,昆仑乐居酒店西门旁,113.0414,34.447393,19838021362,8：00——22：00
登封市,50300,快餐厅,九多肉多(大金店),大金店镇S323海尔专卖店旁,112.976211,34.370449,18639575567;4008050958,8：00——22：00
登封市,50300,快餐厅,五妮小吃店,唐庄中心社区B区南门西150米,113.141285,34.493381,15038086580,8：00——22：00
登封市,50300,快餐厅,素琴麻辣兔(登封直营店),园艺场加油站对面,113.000635,34.416039,13849053088,8：00——22：00
登封市,50300,快餐厅,郏县经一路豆腐粉条菜(福佑路店),锦鹏·观山悦北门旁,113.08082,34.457077,13838211118;15981816350,8：00——22：00
登封市,50300,快餐厅,绝味鸭脖(登封白坪小区店),南一环与谷路街交叉口向西50米,113.036825,34.444325,15617794123,8：00——22：00
登封市,50300,快餐厅,咱家特味刀削面,嵩阳街道嵩山路,113.034404,34.448308,15393715388,8：00——22：00
登封市,50300,快餐厅,耀兴隆热干面(登封总店),东关街与西南街交叉口东50米路南,113.034416,34.457036,13598832838,8：00——22：00
登封市,50300,快餐厅,润仟祥黄焖鸡米饭,登封市东关街626号,113.034436,34.457274,18538203110,8：00——22：00
登封市,50300,快餐厅,煎小白水煎包(少室路店),嵩阳街道少室路无崇高路交叉口北200米路西268号,113.027544,34.46587,15037197018,8：00——22：00
登封市,50300,快餐厅,煎小白水煎包(崇高路店),嵩阳街道崇高路290号崇高路小学,113.048218,34.462345,18860275595,8：00——22：00
登封市,50300,快餐厅,麻婆豆腐(嵩玉花园店),南一环与少室路交叉口向东100路北,113.024609,34.44668,18239997833,8：00——22：00
登封市,50300,快餐厅,米分堂(新疆米粉),东关街362号,113.03812,34.456785,13592666305,8：00——22：00
登封市,50300,快餐厅,五谷渔粉(郑州登封市),迎仙家属院东南门旁,113.052852,34.455225,15639028123;18738189183,8：00——22：00
登封市,50300,快餐厅,汤王早餐总店,守敬路迎仙阁,113.052594,34.454284,13849051333;15093456939,8：00——22：00
登封市,50300,快餐厅,御锦汤,少室路北段84号(嵩山村居委会),113.027452,34.465417,15036095417;18239977009,8：00——22：00
登封市,50300,快餐厅,华乐士汉堡炸鸡(大金店),323省道大金店中心卫生院东北方向40米,112.976709,34.37072,13213178002,8：00——22：00
登封市,50300,快餐厅,董记热干面,嵩山路334号,113.035928,34.45831,13213023823;15237106629,8：00——22：00
登封市,50300,快餐厅,麻辣诱惑刀削面,石道乡343石道派出所东侧,112.895399,34.370955,13525515519,8：00——22：00
登封市,50300,快餐厅,麦加美汉堡(东华店),东华大街108号,113.049052,34.377035,0371-62845993,8：00——22：00
登封市,50300,快餐厅,小青家手擀面,少室路北段183号,113.029917,34.475508,15837152254,8：00——22：00
登封市,50300,快餐厅,毛记酸汤酥肉刀削面,太和路天和花园,113.099468,34.460919,15838117789,8：00——22：00
登封市,50300,快餐厅,九多肉多(登封颖河路店),颍河路谷路交叉口,113.03791,34.446641,15617793568;4008050958,8：00——22：00
登封市,50300,快餐厅,螺专甲螺蛳粉(大禹城店),中岳大街151号大禹城B1层,113.043032,34.456541,15637177000,8：00——22：00
登封市,50300,快餐厅,正新鸡排(告成大街店),告成镇告成大街西牌坊向东30米螺蛳粉对面新鸡排,113.144862,34.398526,13592658901,8：00——22：00
登封市,50300,快餐厅,兰州拉面(告成店),告成镇禹都路66号,113.144171,34.398133,18193079246,8：00——22：00
登封市,50300,快餐厅,李豁子臭豆腐米线(登封店),中岳大街与滨河路交叉口向北100米路东,113.045962,34.457865,15936291048,8：00——22：00
登封市,50300,快餐厅,御品羊肉饸烙面(少林小区店),德融花园,113.007503,34.460997,0371-62760188,8：00——22：00
登封市,50300,快餐厅,华莱士·全鸡汉堡(登封日昣街店),中岳大街东桥头东100米路北华莱士(好来利蛋糕隔壁),113.047302,34.457246,18339927127,8：00——22：00
登封市,50300,快餐厅,蜀蜀的粉(登封大禹城店),东关街53号,113.04455,34.45603,15225161122,8：00——22：00
登封市,50300,快餐厅,兰州正宗牛肉拉面(登封市三院东南),爱民路320号,113.036998,34.461531,15514383006,8：00——22：00
登封市,50300,快餐厅,金溪牛肉汤,市区崇高路1136号(双溪园居委会),113.027789,34.464356,16696028866,8：00——22：00
登封市,50300,快餐厅,登封特产芝麻焦盖烧饼,崇高路与书院河路交叉口西南北朝北,113.042375,34.462425,13783508417,8：00——22：00
登封市,50300,快餐厅,绝味刀削面,唐庄乡康家超市斜对面沈福路109号,113.144817,34.490899,18300706345,8：00——22：00
登封市,50300,快餐厅,天赐福健康小吃,崇高路359号,113.046407,34.46227,15343823231,8：00——22：00
登封市,50300,快餐厅,麦加美汉堡(颖阳餐厅),343国道颍阳南街市场,112.759413,34.413709,0371-62796196,8：00——22：00
登封市,50300,快餐厅,煎小白水煎包菜园路店,洧河路和菜园路口向东50米路南,113.042253,34.44947,15037197018,8：00——22：00
登封市,50300,快餐厅,王歌胡辣汤,红领巾示范学校守敬路小学西门旁,113.051916,34.449148,15225118811,8：00——22：00
登封市,50300,快餐厅,华乐士(Y024店),031县道与343国道交叉口北40米,112.759425,34.413148,4000798186;4008899096,8：00——22：00
登封市,50300,快餐厅,五谷菌菇粉(嵩山路店),理发一条街北段,113.036445,34.457958,15838078992,8：00——22：00
登封市,50300,快餐厅,白氏正宗逍遥镇优质胡辣汤(登封总店),银河小区西门北80米,113.03772,34.446244,15093063689;15137158852,8：00——22：00
登封市,50300,快餐厅,飞虎水煎包,卢店街道办事处市场中街15-2,113.159227,34.457652,13643865500,8：00——22：00
登封市,50300,快餐厅,清真马记刀削面,谷路街与洧河路交叉口向南200米路西清真马记刀削面,113.037907,34.448788,,8：00——22：00
登封市,50300,快餐厅,老尹家滋补优质胡辣汤(登封总店),颍河路与滨河路交叉口东北角,113.046659,34.446481,15890161722;18530866507,8：00——22：00
登封市,50300,快餐厅,兰州牛肉拉面(崇高路店),崇高路与少室路交叉口东40米,113.027654,34.464099,18699962239,8：00——22：00
登封市,50300,快餐厅,滋补鸡血汤(菜园路店),滨河路2号,113.043261,34.461301,13523070766;15981830768,8：00——22：00
登封市,50300,快餐厅,重庆邓煲煲鸡公煲,中天广场嵩阳街道108号,113.033939,34.460062,13733818986,8：00——22：00
登封市,50300,快餐厅,乔锋鲜炒鸡,卢店街道少林大道70-1号,113.15331,34.459713,13733151789;13783696456,8：00——22：00
登封市,50300,快餐厅,宴牛张牛肉汤(栖凤园东院店),栖凤园东院西南门南80米,113.087249,34.457645,,8：00——22：00
登封市,50300,快餐厅,登封特味刀削面(坤田名邸西区店),菜园路洧河路交叉口西南角农业银行南隔壁,113.041572,34.449316,15093060060,8：00——22：00
登封市,50300,快餐厅,大唐香酥鸭(唐庄店),唐庄镇大唐路与民生路交叉口中国邮政西隔壁,113.143488,34.492945,18137339608,8：00——22：00
登封市,50300,快餐厅,周口邓城猪蹄(鑫鑫花园店),市区少室路南段1186号,113.024133,34.449173,15838123409;18239999692,8：00——22：00
登封市,50300,快餐厅,沙县小吃(登封嵩祥快捷酒店店),少室路北段六巷22号嵩溪园居委会,113.029567,34.4742,13799949599,8：00——22：00
登封市,50300,快餐厅,裹味享登封第一裹凉皮(鸿祥芙蓉苑店),鸿祥芙蓉苑东北门东90米,113.086682,34.450811,15036137951,8：00——22：00
登封市,50300,快餐厅,乔锋刀削面,少林大道与文化路交叉口东80米,113.153449,34.459717,13298401567;13783696456,8：00——22：00
登封市,50300,快餐厅,老洛阳牛肉汤,少室路与崇高路交叉口北519号,113.027765,34.465781,18768855796,8：00——22：00
登封市,50300,快餐厅,擀面皮大王(告成店),告成农贸市场东门旁,113.144069,34.397582,,8：00——22：00
登封市,50300,快餐厅,君召锅盔,文颖线与022乡道交叉口东40米,112.819315,34.419556,18860398162,8：00——22：00
登封市,50300,快餐厅,登封市市区清宴胡辣汤洧河路店,守敬路洧河路东500米路南,113.054008,34.448504,,8：00——22：00
登封市,50300,快餐厅,方中山胡辣汤(登封店),嵩高路192号,113.030896,34.4639,13213027229,8：00——22：00
登封市,50300,快餐厅,胡闯渔粉(东关街店),嵩阳街道东关街与望箕路交叉口胡闯渔粉,113.039126,34.456765,13523596455,8：00——22：00
登封市,50300,快餐厅,沐紫记螺蛳粉(嵩景花园店),通达路与南一环交叉口向北30米路东,113.026656,34.446379,15290427789,8：00——22：00
登封市,50300,快餐厅,晓兵鸡汤热干面,中学街道汉武路地中路南100米,113.087302,34.45974,15936273678,8：00——22：00
登封市,50300,快餐厅,雷哥勾魂拌面,中岳大街日珍街北20米路东,113.048166,34.457391,15936269897,8：00——22：00
登封市,50300,快餐厅,马记黑鸭(清真),卢店镇振兴路32-57,113.155604,34.457235,,8：00——22：00
登封市,50300,快餐厅,刘婉婉生炸妙龄鸡(东城花园店),玉带路东城花园南门向东100米路北,113.084966,34.457629,15515661399,8：00——22：00
登封市,50300,快餐厅,九多肉多(卢店镇店),少林大道与朝阳路交叉口西240米,113.159012,34.459613,4008050958,8：00——22：00
登封市,50300,快餐厅,根涛餐馆,告成农贸市场东门旁,113.144404,34.397703,18638148193,8：00——22：00
登封市,50300,快餐厅,八零半份菜(嵩基·鸿润城店),书院河路与颍河路交叉口向南200米,113.045672,34.444649,15003831380,8：00——22：00
登封市,50300,快餐厅,爊膳堂汤品店,嵩基润堂12号楼一单元601,113.093384,34.461847,19949198811,8：00——22：00
登封市,50300,快餐厅,瑞福祥粥馆,嵩阳路与大禹路交叉口南60米,113.032494,34.4682,18339225567,8：00——22：00
登封市,50300,快餐厅,527小香厨,嵩阳路与崇高路向西150米路北1052号527小香厨,113.030381,34.464224,15938700952;18703890557,8：00——22：00
登封市,50300,快餐厅,安记早餐店(嵩福苑店),少室路北段,113.030595,34.478504,17838754111,8：00——22：00
登封市,50300,快餐厅,大众饭店(天中大道店),告成镇政府大道税务局斜对面,113.138284,34.403282,15903675216,8：00——22：00
登封市,50300,快餐厅,武状元老式烩面,嵩阳街道洧河路西段1323号,113.028814,34.452108,13937151255,8：00——22：00
登封市,50305,茶餐厅,珊乐糊辣汤茶餐厅(正商城·瑞园店),正商城·瑞园,113.085173,34.451237,13592660658,8：00——22：00
登封市,50305,茶餐厅,北角秀味港式茶餐厅登封店,中岳大街151号大禹城,113.044067,34.456892,17729782258,8：00——22：00
登封市,50305,茶餐厅,夜色酒餐厅,禹都路与告成大街交叉口北40米,113.144278,34.399038,,8：00——22：00
登封市,50305,茶餐厅,梧桐树中西餐(大禹路),嵩阳街道大禹路173号嵩阳里街正对面,113.034923,34.468495,0371-62737518,8：00——22：00
登封市,50305,茶餐厅,美食一佳,少林路公安局西隔壁文庙街25号,113.032581,34.454658,,8：00——22：00
登封市,50400,休闲餐饮场所,登封山村农家院,少林街道西十里铺村住宿民餐饮美食附近好的宾馆,112.994248,34.488714,15838237268,8：00——22：00
登封市,50400,休闲餐饮场所,嗨吧味食酒馆(鸿润城店),书院河路与颍河路交叉口西南60米,113.045581,34.445396,,8：00——22：00
登封市,50400,休闲餐饮场所,惠鑫农庄,东华镇南店村工业园区登电科诚新材有限公司正对面,113.052612,34.367075,15638823336;18703878345,8：00——22：00
登封市,50400,休闲餐饮场所,冰淳茶饮(告成镇店),告城镇告城大街观星台向西一百米,113.145984,34.398374,15939011692,8：00——22：00
登封市,50400,休闲餐饮场所,不晚(崇高路店),崇高路与崇福路交叉口西60米,113.044951,34.462446,,8：00——22：00
登封市,50400,休闲餐饮场所,再回首酒餐吧,天中花园东门东南70米,113.137489,34.401974,,8：00——22：00
登封市,50400,休闲餐饮场所,龙山庄园,嵩阳书院售票处向西1-5公里,113.014629,34.48278,,8：00——22：00
登封市,50400,休闲餐饮场所,颍水春耕景区印象李爻农家院,石道乡李窑村村民委员会对面,112.912039,34.349564,18236912555,8：00——22：00
登封市,50400,休闲餐饮场所,凤凰山庄,颖河路与天中路交叉口向东二十米路口向南五十米,113.094454,34.44352,15093301967;15225105551,8：00——22：00
登封市,50400,休闲餐饮场所,百味轩山庄,少林街道办事处玄天庙村耿家门6号,112.985641,34.499001,16637127789,8：00——22：00
登封市,50400,休闲餐饮场所,小鸡快跑(爱民路店)(建设中),爱民路28号靠近中国邮政储蓄银行,113.0361,34.461475,15937189096,8：00——22：00
登封市,50500,咖啡厅,库迪咖啡(登封嵩景花园南门店),南一环566号,113.027519,34.445677,15136021519,8：00——22：00
登封市,50500,咖啡厅,巷子里的纯咖啡,大禹路桥头向南100米路西17巷5号,113.039608,34.467666,18603825033,8：00——22：00
登封市,50500,咖啡厅,瑞幸咖啡(登封中天广场店),中岳大街鸡鸣街中天广场一层105号,113.03326,34.459802,4000100100,8：00——22：00
登封市,50500,咖啡厅,拾壹咖啡,南一环兰欧酒店东侧胡同向南约40米,113.020561,34.44702,17760732521,8：00——22：00
登封市,50500,咖啡厅,RotiDaddy现烤咖啡面包水果茶(嵩阳苑店),国家开放大学登封分校东门旁,113.03709,34.46808,13203871973;17839965976,8：00——22：00
登封市,50500,咖啡厅,库迪咖啡(大禹城店),中岳大街151号大禹城F1层,113.04321,34.457019,,8：00——22：00
登封市,50500,咖啡厅,有幸咖啡店,嵩基鸿润城东门南侧二楼,113.045674,34.444056,15638197666,8：00——22：00
登封市,50500,咖啡厅,瑞幸咖啡(登封新天地店),守敬路与少林大道交叉口东南120米,113.053021,34.451966,4000100100,8：00——22：00
登封市,50500,咖啡厅,喵先生撸猫咖啡馆,少室路与大禹路十字路口向南路西90米,113.027839,34.467533,18538281055,8：00——22：00
登封市,50500,咖啡厅,汐·咖啡,滨河路283号,113.045109,34.458857,,8：00——22：00
登封市,50500,咖啡厅,幸运咖(白坪新区店),谷路街与颖上路交叉口北20米,113.037629,34.444764,15378775577,8：00——22：00
登封市,50500,咖啡厅,库迪咖啡(嵩阳景区店),少室路243号,113.030859,34.481056,16638117688,8：00——22：00
登封市,50500,咖啡厅,咖啡说咖啡馆(积翠园小区店),积翠园小区南门旁,113.04106,34.46869,18736088960,8：00——22：00
登封市,50500,咖啡厅,幸运咖(汉武路店),玉带路与汉武路交叉口北60米,113.087021,34.457895,15378775577,8：00——22：00
登封市,50500,咖啡厅,库迪咖啡(嵩山少林寺功夫市集店),G207嵩山风景区少林景区功夫市集A2商铺英雄表演舞台东侧,112.949392,34.511346,16638117688,8：00——22：00
登封市,50500,咖啡厅,22号咖啡馆-twenty two coffee,中岳大街西段ABC幼儿园斜对面巷子里,113.028052,34.459444,,8：00——22：00
登封市,50500,咖啡厅,NOWWA挪瓦咖啡(美宜佳郑州登封嵩山广场店),运河北路90号105辉达美宜佳27429店,113.039369,34.456653,13623801694,8：00——22：00
登封市,50500,咖啡厅,幸运咖(体育学院店),少林大道西段郑州体育职业学院北校区餐厅1层,113.004783,34.457384,18939262019,8：00——22：00
登封市,50500,咖啡厅,小马达Coffee Bar,兰欧酒店东隔壁锦绣华庭商业街3-201,113.020491,34.446675,,8：00——22：00
登封市,50500,咖啡厅,one day coffee,嵩阳路218号,113.032413,34.465181,15890018610,8：00——22：00
登封市,50500,咖啡厅,望山咖啡,东郭店村嵩岳商务大酒店后200米,112.971788,34.515971,15736756596,8：00——22：00
登封市,50500,咖啡厅,锦Coffee,崇高路与崇福路交叉口西100米,113.044525,34.462775,,8：00——22：00
登封市,50500,咖啡厅,一九四三咖啡厅(嵩博花园店),嵩阳街道南一环581嵩博花园,113.025741,34.44441,,8：00——22：00
登封市,50500,咖啡厅,1943Back to old days(嵩博花园店),南二环与通达路交叉口向北10米路西,113.025987,34.444353,15515610128,8：00——22：00
登封市,50500,咖啡厅,喵小姐的蛋糕,守敬路崇高路东20米北,113.055088,34.461409,13838004876;18530874289,8：00——22：00
登封市,50500,咖啡厅,橘Bread,中天广场三号院门口向右10米,113.034837,34.459979,,8：00——22：00
登封市,50500,咖啡厅,茶屿-韩式炸鸡,高庄南街中段,113.049353,34.449212,,8：00——22：00
登封市,50500,咖啡厅,啡同凡享,玉带路与汉武路交叉口西180米,113.085308,34.456887,,8：00——22：00
登封市,50500,咖啡厅,问崧小院,唐庄镇王河社7组,113.059103,34.5349,15890166959,8：00——22：00
登封市,50600,茶艺馆,长香韵品茶简餐(登封直营店),崇福路101号,113.046764,34.467093,0371-60168008,8：00——22：00
登封市,50600,茶艺馆,禅心居北茗老茶滩,少林街道办事处玄天庙村杨家门禅心居6号,112.980483,34.505879,18695806669,8：00——22：00
登封市,50600,茶艺馆,御茶楼(崇高路),崇高路阳城路与交叉口向西110米路北,113.056106,34.461274,13103838777,8：00——22：00
登封市,50600,茶艺馆,何红的茶馆(中岳庙馨园店),玉带路210号,113.078938,34.457593,13525513691,8：00——22：00
登封市,50600,茶艺馆,木茗轩.茶舍,颍河路文化城二层5号,113.019713,34.448714,17737700655,8：00——22：00
登封市,50600,茶艺馆,如藝茶坊(嵩景花园店),嵩景花园北门旁,113.028116,34.448052,13203735123,8：00——22：00
登封市,50600,茶艺馆,婧婧茶坊,守敬路与洧河路交叉口西70米路南,113.050712,34.448902,15036191188,8：00——22：00
登封市,50600,茶艺馆,靖正茶舍(嘉凯城中凯龙城店),阳城路288号中凯龙城东门东104,113.055539,34.44957,13223031333,8：00——22：00
登封市,50600,茶艺馆,何红的茶馆,玉带路210号和悦居,113.078961,34.457577,13525513691,8：00——22：00
登封市,50600,茶艺馆,尘舍茶室,中岳庙馨园,113.080475,34.458854,18903748357,8：00——22：00
登封市,50600,茶艺馆,五福茶楼(守敬路店),守敬路与崇高路交叉口环保局对面,113.053914,34.460628,,8：00——22：00
登封市,50600,茶艺馆,登峰茶隐,嵩阳路北段市直二幼分校对面,113.032895,34.47437,,8：00——22：00
登封市,50600,茶艺馆,百年老马帮偶然间微茶舍,嵩阳公寓西门旁,113.030255,34.477115,,8：00——22：00
登封市,50600,茶艺馆,静心居,武林路与大禹路交叉口西480米,112.988078,34.469848,15225090888,8：00——22：00
登封市,50600,茶艺馆,喜樂茶局,"通达路10,11号",113.02645,34.447654,13253384252,8：00——22：00
登封市,50600,茶艺馆,嵩阳茶馆,嵩溪园西七巷,113.03585,34.474481,13027762111,8：00——22：00
登封市,50600,茶艺馆,福茗轩茶楼,崇高路与少室路交叉口西500米1209号,113.024273,34.464319,18339275305,8：00——22：00
登封市,50600,茶艺馆,水峪老茶馆(阳光家园店),通达路阳光小区9-103,113.024397,34.443502,18317759999,8：00——22：00
登封市,50600,茶艺馆,澄心茶舍,嵩华路西十三巷10号,113.02202,34.484064,0371-58571788,8：00——22：00
登封市,50600,茶艺馆,叶子共享空间(小李茶馆),少林大道桥头东北角,113.047053,34.453824,,8：00——22：00
登封市,50600,茶艺馆,静茶坊,守敬路619号,113.052189,34.448951,,8：00——22：00
登封市,50600,茶艺馆,清禾茶空间,守敬路与中岳大街交叉口北180米,113.053381,34.457723,,8：00——22：00
登封市,50600,茶艺馆,茶牌空间,少室路与洧河路交叉口南160米,113.024248,34.451179,,8：00——22：00
登封市,50600,茶艺馆,本草茶栈,崇高路与嵩阳路交叉口西200米,113.029925,34.464325,,8：00——22：00
登封市,50600,茶艺馆,金聚福来茶楼,嵩山路与书院河路交叉口西南300米,113.034867,34.470607,,8：00——22：00
登封市,50600,茶艺馆,茶空间,爱民路与菜园路交叉口西160米,113.041389,34.460415,,8：00——22：00
登封市,50600,茶艺馆,二三茶馆,嵩阳街道阳城路288号嘉凯城中凯龙城,113.055566,34.449663,,8：00——22：00
登封市,50600,茶艺馆,中怡轩茶业(嵩基园店),大禹路180号,113.044449,34.46864,,8：00——22：00
登封市,50600,茶艺馆,雨林古树茶,祟福路西三十四巷一号,113.047174,34.469796,,8：00——22：00
登封市,50600,茶艺馆,云岫茶语罐罐茶,玉溪路东五巷一号院,113.04221,34.452567,15238078581,8：00——22：00
登封市,50600,茶艺馆,知正苑,嵩阳街道少室路小学北停车场对面,113.027121,34.46277,,8：00——22：00
登封市,50700,冷饮店,书亦烧仙草(郑州登封紫薇城店),颍河路与汉武路交叉口西100米,113.086142,34.4483,18638593666,8：00——22：00
登封市,50700,冷饮店,眷茶(登封少林小区店),少林街道少林小区明月街E5区8号明月街与广惠路交叉口南20米路北,113.009526,34.459048,17513111298,8：00——22：00
登封市,50700,冷饮店,铭铭奶茶店,东关街大禹城新感觉KTV对面巷子里5米,113.043461,34.456064,18538018539,8：00——22：00
登封市,50700,冷饮店,沪上阿姨·精选茶饮(郑州登封少林寺景区店),少林办事处少林寺景区售票处东隔壁18号商铺,112.941363,34.506982,15639907733,8：00——22：00
登封市,50700,冷饮店,蜜雪冰城(东关街店),中天广场,113.032377,34.459845,18437123485,8：00——22：00
登封市,50700,冷饮店,眷茶(少林寺店),少林寺景区出口,112.952267,34.514484,15038306541,8：00——22：00
登封市,50700,冷饮店,益禾堂(登封中天广场店),中天广场东门南70米,113.036017,34.459338,19337856118,8：00——22：00
登封市,50700,冷饮店,蜜雪冰城(汉武路店),中岳办汉武路822号(玉带路与汉武路交叉口向北10米路西),113.087029,34.457772,15093372567;15538062699,8：00——22：00
登封市,50700,冷饮店,沪上阿姨鲜果茶(郑州登封少林寺景区店),少林寺景区售票处隔壁,112.953354,34.514141,15238267733,8：00——22：00
登封市,50700,冷饮店,书亦烧仙草(登封少室路店),少室路与崇高路东南角,113.027302,34.464009,16650272369,8：00——22：00
登封市,50700,冷饮店,蜜雪冰城(嵩湖花园店),嵩阳街道南一环505嵩湖花园,113.026942,34.445355,0371-62866163;18538020677,8：00——22：00
登封市,50700,冷饮店,吕小哥(登封大禹城店),中岳大街151号大禹城底商F1,113.044073,34.456787,18703863792,8：00——22：00
登封市,50700,冷饮店,沪上阿姨·精选茶饮(郑州登封嵩山路店),嵩山路与中岳大街交叉口往南20米路西沪上阿姨,113.035873,34.458273,13938793985,8：00——22：00
登封市,50700,冷饮店,蜜雪冰城(颍阳店),颍阳镇南街4号院6号农行北20米,112.759604,34.414577,18839563333,8：00——22：00
登封市,50700,冷饮店,一只酸奶牛(登封大禹城店),嵩阳街道东关街11号,113.0446,34.455991,,8：00——22：00
登封市,50700,冷饮店,Yes Lemon就是柠·手打柠檬茶(登封永辉超市店),嵩阳街道中岳大街与鸡鸣街交叉口西北角登封永辉超市HN95F3102,113.033188,34.459731,18538577812,8：00——22：00
登封市,50700,冷饮店,优果(嵩山路店),东关街嵩山路交叉口擀面皮大王对面,113.036174,34.456863,15890133732,8：00——22：00
登封市,50700,冷饮店,酷冰客(洧河路),嵩阳街道嵩阳路与洧河路交叉口东北角,113.031267,34.452208,17335752575,8：00——22：00
登封市,50700,冷饮店,蜜雪冰城(守敬路店),守敬路与高庄南街交叉口西南20米,113.051447,34.448597,15038327277,8：00——22：00
登封市,50700,冷饮店,呦呦熊酸奶紫米露,嵩阳办事处东关街与光明路交叉口1层,113.037681,34.456909,13838564520,8：00——22：00
登封市,50700,冷饮店,立夏炒酸奶(少室路店),少室路大禹路交叉口向南五十米路西,113.027921,34.467865,13164358065,8：00——22：00
登封市,50700,冷饮店,上上喜·希腊酸奶碗,中天广场香樟街112号,113.034523,34.46051,18538211805,8：00——22：00
登封市,50700,冷饮店,蜜雪冰城(中天广场店),,113.036051,34.459035,13607691705;18339828728,8：00——22：00
登封市,50700,冷饮店,蜜玉烧仙草(东华镇店),东华大道东华小区向东二十米路北,113.049566,34.37728,15137175139,8：00——22：00
登封市,50700,冷饮店,王吃吃手工奶皮子酸奶酪,嵩阳街道嵩景花园17号楼102商铺,113.02753,34.445598,17630038195,8：00——22：00
登封市,50700,冷饮店,冰界茶饮(大禹城店),中岳大街151号大禹城F3层,113.043223,34.456987,15756505807,8：00——22：00
登封市,50700,冷饮店,吕小哥(登封卢店镇店),卢店镇市场西路1-1号,113.159081,34.461592,18848838418,8：00——22：00
登封市,50700,冷饮店,蜜雪冰城(洧河路店),嵩山路OYO迎君快捷酒店(城南庄社区嵩山路店),113.03482,34.451051,15738819285;18037277006,8：00——22：00
登封市,50700,冷饮店,喂庄鲜奶吧(登封市市直一幼店),卧龙小区东院西1门北190米,113.03555,34.453376,,8：00——22：00
登封市,50700,冷饮店,蜜雪冰城(洧河路店),阳光小区,113.024416,34.45248,13783452417,8：00——22：00
登封市,50700,冷饮店,茶小生(中天广场店),中天广场,113.033888,34.459853,,8：00——22：00
登封市,50700,冷饮店,蜜雪冰城(大金店),乌海线东南40米,112.975809,34.370542,4000608888,8：00——22：00
登封市,50700,冷饮店,凉凉慕水果捞,东关街5号,113.0444,34.456007,,8：00——22：00
登封市,50700,冷饮店,栀茶(嵩山广场店),嵩山广场夜市42号,113.037486,34.455217,18203652590,8：00——22：00
登封市,50700,冷饮店,悟茶山(少林大道店),少林大道与237省道辅路交叉口东200米,113.158221,34.459183,16696692787,8：00——22：00
登封市,50700,冷饮店,金辉现磨豆浆,少室路中段与中岳大街交叉口向北200米路东,113.027138,34.462907,18939265567,8：00——22：00
登封市,50700,冷饮店,蜜雪冰城(嵩山路店),嵩山路1259号(文庙街居委会),113.035985,34.457049,,8：00——22：00
登封市,50700,冷饮店,益禾堂(登封嵩山少林寺店),少林寺景区游客中心15号店铺,112.95354,34.514203,18595896733,8：00——22：00
登封市,50700,冷饮店,甜啦啦鲜果茶(老东关街店),嵩山路与东关街路交叉口向东10米,113.037524,34.457848,15137103308,8：00——22：00
登封市,50700,冷饮店,蜜雪冰城,少室路与中岳大街交叉口东南20米,113.026475,34.460325,,8：00——22：00
登封市,50700,冷饮店,蜜雪冰城(守敬路店),守敬路与高庄北街交叉口东北100米,113.052848,34.4518,13938429135,8：00——22：00
登封市,50700,冷饮店,蜜雪冰城(东华大道店),东华大道与登唐线交叉口东60米,113.050903,34.3772,13592616377,8：00——22：00
登封市,50700,冷饮店,蜜雪冰城(夜市街店),登封大厦北门旁,113.037893,34.458112,15037832152,8：00——22：00
登封市,50700,冷饮店,蜜雪冰城(谷路街店),豫鑫苑小区南区北门东140米,113.037771,34.444549,15039078588;15137125699,8：00——22：00
登封市,50700,冷饮店,蜜雪冰城(少林景区店),少林寺武术学院东侧150米,112.949248,34.511,,8：00——22：00
登封市,50700,冷饮店,蜜雪冰城,237省道辅路与少林大道交叉口南240米,113.155655,34.45751,,8：00——22：00
登封市,50700,冷饮店,蜜雪冰城(鸿祥芙蓉苑店),鸿祥芙蓉苑,113.086955,34.45078,,8：00——22：00
登封市,50700,冷饮店,蜜雪冰城(爱民路店),爱民路与嵩山路交叉口东北20米,113.036746,34.461614,19937160367,8：00——22：00
登封市,50700,冷饮店,蜜玉烧仙草,君召乡迎君大道488号,112.818237,34.416705,,8：00——22：00
登封市,50700,冷饮店,五谷豆浆,大金店商场,112.977061,34.370344,,8：00——22：00
登封市,50700,冷饮店,往事若茶(嵩山路店),嵩山路与爱民路交叉口南40米,113.03669,34.461136,13603865375;15093332789,8：00——22：00
登封市,50700,冷饮店,柠檬工坊,少室路与崇高路交叉路口向北200米路西,113.027565,34.466442,18203677034,8：00——22：00
登封市,50700,冷饮店,渴了吧酸奶奶茶(东关街店),直一初中正对面,113.033483,34.457173,15515746172;15515829313,8：00——22：00
登封市,50700,冷饮店,呦呦饮品,015乡道与乌海线交叉口西180米,112.89788,34.312315,15890057267,8：00——22：00
登封市,50700,冷饮店,栀茶(少林小区店),少林小区望月市集夜市66号,113.007625,34.462475,13939021747,8：00——22：00
登封市,50700,冷饮店,栀茶(少林小区店),少林办事处少林小区望月市集夜市66号,113.007327,34.46271,13939021747,8：00——22：00
登封市,50700,冷饮店,甜啦啦鲜果茶(登封市直一初中店),市区东关街802号,113.033095,34.457382,17796666302,8：00——22：00
登封市,50700,冷饮店,冰界茶饮(大禹路店),河南体育学院对面,113.026705,34.468773,,8：00——22：00
登封市,50700,冷饮店,元胜老茶铺(华峰小区A区店),嵩山路华峰小区-A区,113.034002,34.446213,,8：00——22：00
登封市,50700,冷饮店,书亦烧仙草(少林服务区店),G1516盐洛高速与少林服务区交叉口西260米,112.929923,34.429311,18790886188,8：00——22：00
登封市,50700,冷饮店,悟茶山(唐庄镇店),唐庄镇唐东村村民委员会南侧140米,113.142043,34.493314,15515732669,8：00——22：00
登封市,50700,冷饮店,往事若茶(少林小区店),永泰路与明月街交叉口北60米,113.010585,34.462443,13837192500,8：00——22：00
登封市,50700,冷饮店,蜜雪冰城(少林景区店),少林景区警务亭西侧200米,112.953199,34.514089,,8：00——22：00
登封市,50700,冷饮店,郜先生 专注手打柠檬茶,少林小区望月市集78号,113.007575,34.463075,15617565321,8：00——22：00
登封市,50700,冷饮店,冰淋城夏(名优小吃街店),卢店镇广场冰淋城夏,113.158046,34.459227,18236401022,8：00——22：00
登封市,50700,冷饮店,冰漫步奶茶店,大金店转盘东50米,112.976411,34.370602,,8：00——22：00
登封市,50700,冷饮店,金伟冷饮批发,太和路与云叶线交叉口北180米,113.267082,34.437012,13592586864;13592586949,8：00——22：00
登封市,50700,冷饮店,遇见水果茶,西南街与文明巷交叉口南180米,113.033234,34.454245,,8：00——22：00
登封市,50700,冷饮店,茶屿水果茶(咖啡·奶茶·韩式炸鸡),少室路与大禹路交叉口南180米,113.027811,34.467443,,8：00——22：00
登封市,50700,冷饮店,南极圈冷饮批发(白坪新区店),白坪新区B区东区北门西北160米,113.03807,34.44207,15036105062,8：00——22：00
登封市,50700,冷饮店,芭贝乐金香园蛋糕坊,告成农贸市场北门旁,113.143605,34.398754,13592438260;13849097798,8：00——22：00
登封市,50700,冷饮店,天冰三好冰淇淋,平安小区西北门西南90米,113.034525,34.448275,,8：00——22：00
登封市,50700,冷饮店,网红冰淇淋,嵩山路与南庄三街交叉口东南20米,113.034593,34.448234,,8：00——22：00
登封市,50700,冷饮店,雪糕批发(崇高路店),崇高路与崇福路交叉口东120米,113.046938,34.462187,,8：00——22：00
登封市,50700,冷饮店,语嫣美甲工作室,百货大楼/中天广场西商埠街中段向东100米世晓内衣正对面Y✖️2,113.036633,34.457028,13838342279;15003881840,8：00——22：00
登封市,50700,冷饮店,天中茶叶茶具店-白大师福鼎白茶,颍河路与守敬路交叉向西100米路北,113.049841,34.445823,13663806065,8：00——22：00
登封市,50800,糕饼店,W·法式蛋糕(登封店),嵩阳街道中天广场8号楼122号,113.034975,34.460425,13781575342,8：00——22：00
登封市,50800,糕饼店,好来の利(东桥店),市区中岳大街东段(东关浴池对面),113.04735,34.457251,16696003991,8：00——22：00
登封市,50800,糕饼店,爱尚嘉蛋糕坊(卧龙小区店),嵩山路与洧河路交叉口西60米路北,113.034293,34.451477,15838272983,8：00——22：00
登封市,50800,糕饼店,匠子面包店,嵩玉花园北门110号,113.025702,34.448241,15038184417,8：00——22：00
登封市,50800,糕饼店,三甜屿品质千层(登封店),嵩阳街道嵩山路西商埠街路东三甜屿门店,113.035867,34.456471,15038059480,8：00——22：00
登封市,50800,糕饼店,安妮贝可生日蛋糕(滨河路小学店),滨河路359号第三间,113.045981,34.456724,13523598028,8：00——22：00
登封市,50800,糕饼店,七若滋·蛋糕面包(嵩景店),嵩阳街道嵩景花园17号楼102-103,113.027876,34.445696,,8：00——22：00
登封市,50800,糕饼店,娜娜烘焙,少林路与嵩阳路交叉口向南150米路西,113.030796,34.453255,15565076192,8：00——22：00
登封市,50800,糕饼店,西麦新语(嵩山路店),嵩山路登封市水务局,113.036627,34.460917,,8：00——22：00
登封市,50800,糕饼店,86度C蛋糕·面包(S316店),卢店镇卢西S316百乐小区,113.158799,34.460329,15737106828,8：00——22：00
登封市,50800,糕饼店,西麦新语(崇高路店),崇高路与崇福路交叉口南50米路东,113.045865,34.461999,18838213288,8：00——22：00
登封市,50800,糕饼店,莫柒蛋糕店,阳城路御景东方北门西侧莫柒,113.053183,34.448525,18538186557,8：00——22：00
登封市,50800,糕饼店,爱客蛋糕坊(苹果园居委会店),洧河路与谷路街交叉口西20米路南百特生活广场西隔壁18号,113.037138,34.450193,0371-62862567;15038326404,8：00——22：00
登封市,50800,糕饼店,七若滋(卢店商城路店),卢店镇商城路29-4号,113.153373,34.457211,0371-62877277,8：00——22：00
登封市,50800,糕饼店,维尔纳斯意大利手工艺生日蛋糕(登封店),嵩阳路交通银行往南20m第一个巷子里雪艾巷6号近中天广场,113.033959,34.460178,15238957867,8：00——22：00
登封市,50800,糕饼店,豪利糕手,崇高路600号(崇高路与滨河路交叉口东北角),113.042827,34.46316,0371-62828958;15890066956,8：00——22：00
登封市,50800,糕饼店,芈艺合糕点,少室路与少林大道交叉口东北40米,113.025607,34.455658,15083652381,8：00——22：00
登封市,50800,糕饼店,酥铺糕点,嵩阳路与洧河路交叉口,113.031343,34.451886,18858123176,8：00——22：00
登封市,50800,糕饼店,好滋味蛋糕,中岳大街少室路农贸市场对面,113.025938,34.460697,15038187763,8：00——22：00
登封市,50800,糕饼店,西麦新语(御景东方店),阳城路御景东方,113.053926,34.448513,,8：00——22：00
登封市,50800,糕饼店,好运来蛋糕,登封市直属第六初级中学西门旁,113.037742,34.44334,13838522185,8：00——22：00
登封市,50800,糕饼店,口口香蛋糕房,银河小区西门北60米,113.038032,34.446083,13938542637,8：00——22：00
登封市,50800,糕饼店,味爱蛋糕(坤田名邸西区店),洧河路坤田名邸西区门口,113.040403,34.449586,13298117806,8：00——22：00
登封市,50800,糕饼店,芈艺合糕点(和平雅居店),,113.046297,34.453468,18770802853,8：00——22：00
登封市,50800,糕饼店,王家蜜食,告成镇北烟庄村文化大院南20米,113.152831,34.385246,18703684261,8：00——22：00
登封市,50800,糕饼店,三也蛋糕融合店,观石十三巷蜀香园隔壁,113.040626,34.466226,15225121052,8：00——22：00
登封市,50800,糕饼店,乐焙蛋糕DIY体验店,中岳办事处玉带路与福佑路交叉口向东300米路北,113.087781,34.457753,15890081161;18538576768,8：00——22：00
登封市,50800,糕饼店,法式脆皮生日蛋糕,中岳大街325号,113.04743,34.456789,13333866278,8：00——22：00
登封市,50800,糕饼店,三毛蛋糕(嵩山路店),嵩山路与颖河交叉口向北20米路西,113.034343,34.448062,18848860886,8：00——22：00
登封市,50800,糕饼店,心意达面包屋(名优小吃街店),卢店镇新市场娜丽水果商行北10米,113.158564,34.460589,13838078193;15516977806,8：00——22：00
登封市,50800,糕饼店,芈艺合糕点,嵩阳街道西商埠街北段路西2号楼64号,113.035822,34.457848,,8：00——22：00
登封市,50800,糕饼店,ai可馨烘焙,洧河路与嵩阳路交叉口东60米,113.031428,34.451862,13673378968;15838367600,8：00——22：00
登封市,50800,糕饼店,燚林蛋糕,嵩山路与大禹路交叉口南160米,113.037282,34.467174,13700881799,8：00——22：00
登封市,50800,糕饼店,三也蛋糕店,汉武路,113.087093,34.458526,15225121052,8：00——22：00
登封市,50800,糕饼店,榴不二榴莲千层东关街,东关街49号,113.040092,34.456583,15638502688,8：00——22：00
登封市,50800,糕饼店,CHIROSE七若滋烘焙(尚城名都店),尚城名都北门西60米,113.087851,34.450734,,8：00——22：00
登封市,50800,糕饼店,西麦新语(新店小区店),汉武路与玉带路交叉口北120米,113.087353,34.458521,19337896666,8：00——22：00
登封市,50800,糕饼店,觅甜蛋糕店,城南庄东四街32号,113.033427,34.449113,13503855676,8：00——22：00
登封市,50800,糕饼店,西麦新语(悦城华府店),悦城华府东2门旁,113.086998,34.45119,,8：00——22：00
登封市,50800,糕饼店,百香林西点(嵩山路店),嵩山路与东关街交叉口东北40米,113.036056,34.457186,,8：00——22：00
登封市,50800,糕饼店,小泡芙烘焙,,113.265091,34.36695,13525575942,8：00——22：00
登封市,50800,糕饼店,七若滋·蛋糕面包(西商埠街店),嵩山路与少林大道交叉口北40米,113.035443,34.455018,,8：00——22：00
登封市,50800,糕饼店,吉利来蛋糕城,中天广场香樟路八号楼110店铺,113.034357,34.460527,15903670788,8：00——22：00
登封市,50800,糕饼店,吉百式蛋糕(东华店),东华大道中段,113.049388,34.377316,15617622148,8：00——22：00
登封市,50800,糕饼店,满口香蛋糕(卢店店),卢店商城路29-35,113.154305,34.457283,15036081626;15093138252,8：00——22：00
登封市,50800,糕饼店,蛋糕日记,观星台西南100米(告成大街),113.145305,34.398432,13849052200,8：00——22：00
登封市,50800,糕饼店,焙思香蛋糕(登封店),嵩阳商场西二街22号,113.034408,34.462816,,8：00——22：00
登封市,50800,糕饼店,宋记蜜食,告成镇观星台广场西300米路南B1层,113.141732,34.398667,13783556570;15238373522,8：00——22：00
登封市,50800,糕饼店,开心私房蛋糕,玉溪路十一巷五号,113.042612,34.451507,15617565969,8：00——22：00
登封市,50800,糕饼店,金福利蛋糕房,大金店镇转盘南200米路南侧金福利蛋糕房,112.976209,34.368389,15736776636,8：00——22：00
登封市,50800,糕饼店,天赋蛋糕,东华大道与登唐线交叉口东100米,113.051345,34.37722,15890133567;18037772295,8：00——22：00
登封市,50800,糕饼店,吉百式蛋糕(颖阳店),登封市颍阳镇正街东排2号,112.759585,34.412945,15838018876,8：00——22：00
登封市,50800,糕饼店,登封市市区酷客蛋糕房,市区崇福路330号(日昣街居委会),113.045564,34.460874,18236995198,8：00——22：00
登封市,50800,糕饼店,金福利蛋糕坊,送表矿区初级中学门口,112.89802,34.312332,15136235732,8：00——22：00
登封市,50800,糕饼店,红沙龙蛋糕(爱民路店),嵩阳街道嵩山路与爱民路交叉口东北角,113.036884,34.46169,0371-62882346,8：00——22：00
登封市,50800,糕饼店,叁陆玖绿豆饼,滨河路小学对面桥西,113.045458,34.455581,19138131215,8：00——22：00
登封市,50800,糕饼店,暖暖烘培(白龙小区店),南关街310号,113.036014,34.452735,15838295512,8：00——22：00
登封市,50800,糕饼店,开心蛋糕房,偃杨线石道乡中心学校(万达生活广场北),112.884738,34.365822,15324958512,8：00——22：00
登封市,50800,糕饼店,亚米蛋糕(中岳庙馨园店),中岳庙馨园南门东150米,113.081899,34.457639,15138457571,8：00——22：00
登封市,50800,糕饼店,甜蜜时光蛋糕,迎君大道与022乡道交叉口北200米,112.814393,34.397762,15981992647,8：00——22：00
登封市,50800,糕饼店,不二小姐烘焙工坊,中天广场9号楼121,113.035074,34.460115,15617637579,8：00——22：00
登封市,50800,糕饼店,好来的利蛋糕,崇高路与崇福路交叉口东140米,113.04719,34.462239,,8：00——22：00
登封市,50800,糕饼店,陈子安饼屋(登封店),市区嵩山路1233号(文庙街居委会),113.035831,34.455864,15039076660,8：00——22：00
登封市,50800,糕饼店,初味糕点,卧龙小区东门南120米,113.03482,34.451054,,8：00——22：00
登封市,50800,糕饼店,幸福味蛋糕,坤田名邸西区东北门旁,113.040392,34.449582,18530008167,8：00——22：00
登封市,50800,糕饼店,红炉磨坊(登封店),崇高路与崇福路交叉口向东150米路南,113.047139,34.462241,,8：00——22：00
登封市,50800,糕饼店,静怡无水南瓜蛋糕,告成镇禹都路88号,113.144082,34.397643,18339985063;18595905063,8：00——22：00
登封市,50800,糕饼店,好佳利食品烘焙工作室(锦绣华庭店),少室路与颍上路西南角锦绣华庭8号楼2单元208,113.022349,34.445502,0371-62887987;13253302568,8：00——22：00
登封市,50800,糕饼店,U梦西饼动物奶油生日蛋糕(登封店),崇阳街道中岳大街99号东关第一浴池,113.047508,34.456742,,8：00——22：00
登封市,50800,糕饼店,秘境鹿屿CAKE生日蛋糕·冰淇淋·动物奶油(登封店),东关街282号,113.039717,34.456738,13653976288,8：00——22：00
登封市,50800,糕饼店,登封市小方块蛋糕,少室路小学向北180米路东639号,113.027057,34.46294,13303819610,8：00——22：00
登封市,50800,糕饼店,咔咔米斯·生日蛋糕,031村道与先锋路交叉口东南20米,113.02585,34.479012,,8：00——22：00
登封市,50800,糕饼店,苏恬蛋糕布雷格(登封店),中天广场,113.032604,34.460449,,8：00——22：00
登封市,50800,糕饼店,半日闲手作面包,爱民路东段北侧,113.044081,34.46034,,8：00——22：00
登封市,50800,糕饼店,陶老大月饼登封总代理,嵩阳商场西二街南头10号,113.034206,34.462307,15638888913,8：00——22：00
登封市,50800,糕饼店,七公主私房蛋糕,告成大街与嵩颍路交叉口东140米,113.139381,34.399006,15639789861,8：00——22：00
登封市,50800,糕饼店,米兰西饼生日蛋糕(登封店),嵩阳路与少林路交叉口西北角,113.03063,34.455189,13525531191,8：00——22：00
登封市,50800,糕饼店,麦琪烘焙坊,嵩阳办事处少室路中段二十九巷1号,113.027932,34.467059,19037151118,8：00——22：00
登封市,50800,糕饼店,一焙思甜动物奶油生日蛋糕,少室路与中岳大街交叉口南60米,113.02642,34.459867,13949006856,8：00——22：00
登封市,50800,糕饼店,面对一切·蛋糕,嵩阳街道北庄村85号六路公交车终点站,113.022123,34.479346,13838356173,8：00——22：00
登封市,50800,糕饼店,甜时烘焙店(君召店),君召乡雨露小区D区35,112.814422,34.412639,13938276141;18638024250,8：00——22：00
登封市,50800,糕饼店,吉百式蛋糕(徐庄镇),徐庄镇百业街66号,113.171366,34.319012,13623826169,8：00——22：00
登封市,50800,糕饼店,优麦名坊,日珍街东二巷,113.048239,34.457646,18203992760,8：00——22：00
登封市,50800,糕饼店,多米诺蛋糕烘焙,卢店镇市场西街78-2,113.157896,34.457667,17516468644,8：00——22：00
登封市,50800,糕饼店,遇见蛋糕房,大冶镇塔庙,113.224426,34.41394,13140085528,8：00——22：00
登封市,50800,糕饼店,糯叽叽芋泥店(大禹路店),武林园小区东100米,113.021485,34.468814,17335770078,8：00——22：00
登封市,50800,糕饼店,咔滋韵cake手工蛋糕(登封店),登封市妇幼保健院后门向南150米,113.043362,34.451996,18838982118,8：00——22：00
登封市,50800,糕饼店,阿强饼屋,嵩山路与东关街交叉口南60米,113.035675,34.456475,,8：00——22：00
登封市,50800,糕饼店,乐美尚品(中岳庙馨园店),中岳庙馨园南门东140米,113.081752,34.45764,13164366911,8：00——22：00
登封市,50800,糕饼店,蛋糕·鲜花·麦窝,卢店镇月河花园南,113.151427,34.457103,15936252521;15936292521,8：00——22：00
登封市,50800,糕饼店,爱慕西点(泊心湾东门店),泊心湾东门,113.031964,34.466644,15093267360;15237115000,8：00——22：00
登封市,50800,糕饼店,肯德蛋糕,031县道与024乡道交叉口东南40米,112.760104,34.416312,13525595286;15038006002,8：00——22：00
登封市,50800,糕饼店,爱坞蛋糕,汉武路与玉带路交叉口东南100米,113.088051,34.456972,15538320111,8：00——22：00
登封市,50800,糕饼店,糖潮烘焙,兴华街北一巷,113.027482,34.451479,13213136122,8：00——22：00
登封市,50800,糕饼店,登封市微安的甜品铺,南一环与启秀街交叉口向南30米路东,113.020329,34.446712,15890645111,8：00——22：00
登封市,50800,糕饼店,香雪儿(嵩山路店),嵩山路与中岳大街交叉口向南60米路东1115号香雪儿,113.036115,34.457854,,8：00——22：00
登封市,50800,糕饼店,雪贝蛋糕坊,唐东村大唐路,113.143349,34.493018,13603713582,8：00——22：00
登封市,50800,糕饼店,酥皮蛋糕(登封店),东关街与光明路交叉口东20米,113.037858,34.456819,13592465401;13838535683,8：00——22：00
登封市,50800,糕饼店,段记南瓜无水蛋糕(登封总店),少室路小学向南10米,113.026722,34.461319,15139968168,8：00——22：00
登封市,50800,糕饼店,小胖妮儿南瓜无水蛋糕,妃彩美甲东门旁,113.03682,34.462654,,8：00——22：00
登封市,50800,糕饼店,香满屋蛋糕房,告成镇石淙街中段,113.146124,34.39714,,8：00——22：00
登封市,50800,糕饼店,纯真烘焙,207国道战国第一小锅卤面炒麻辣刀削面旁,112.978685,34.370827,15737703655;17320193178,8：00——22：00
登封市,50800,糕饼店,蜂蜜蛋糕西饼屋,024乡道与031县道交叉口北40米,112.759958,34.416909,15617541288,8：00——22：00
登封市,50800,糕饼店,甜蜜私语烘焙坊,东华大道与登唐线交叉口西240米,113.047987,34.377866,,8：00——22：00
登封市,50800,糕饼店,味美特(爱民路店),爱民路与嵩山路交叉口西40米,113.036194,34.461425,15713686099,8：00——22：00
登封市,50800,糕饼店,小宝贝蛋糕店,石淙街与237省道交叉口西20米,113.149077,34.396847,18625557212,8：00——22：00
登封市,50800,糕饼店,酥铺,登封大厦北门旁,113.037977,34.458353,,8：00——22：00
