区域,餐饮类型编码,餐饮类型名称,POI名称,详细地址,经度(lon),纬度(lat),联系电话,营业时段
管城回族区,50100,中餐厅,裕丰源豫食雅宴,心怡路278号3层301,113.773269,34.750441,0371-88885958;0371-88885968,8：00——22：00
管城回族区,50100,中餐厅,老罗家·非遗砂锅大鱼头(老罗家·经南三路店),经南三路与第二大街交叉口向东50米,113.74417,34.71615,0371-69150666,8：00——22：00
管城回族区,50100,中餐厅,特味村•家之宴,中州大道南段与南三环交叉口,113.704944,34.705234,15838333005,8：00——22：00
管城回族区,50100,中餐厅,阿庄新豫菜(航海东路店),经开区航海东路与八大街交汇处富田财富广场1号楼2层,113.763954,34.721426,0371-55016888;18903715385,8：00——22：00
管城回族区,50100,中餐厅,满天星肉丝带底(康宁街店),七里河南路与康宁街交叉口,113.750324,34.752879,0371-61007222,8：00——22：00
管城回族区,50100,中餐厅,湘遇湘知·湖南菜(康平路店),商都路办事处康平路38号5号楼东1单元1-4层附10-1号,113.761978,34.753007,0371-55951727,8：00——22：00
管城回族区,50100,中餐厅,城墙根戏缘老茶馆·新豫菜(天筑店),东风南路与康宁街交叉路口向西200米建业天筑15号楼6号,113.763913,34.751557,0371-55081122,8：00——22：00
管城回族区,50100,中餐厅,豫晟季,河南自贸试验区郑州片区(郑东)商鼎路112号华润新时代广场4号,113.790488,34.755447,0371-63678888;0371-63817777;18838139969,8：00——22：00
管城回族区,50100,中餐厅,解家河南菜(商鼎路店),商鼎路与七里河路交叉口东南角,113.753247,34.754699,0371-67515000,8：00——22：00
管城回族区,50100,中餐厅,半闲斋羊肉铺(顺城街店),商城路北顺城街交叉口向南200米路西,113.671675,34.753525,0371-55697555,8：00——22：00
管城回族区,50100,中餐厅,湘遇湘知·江浙菜(海赋国际店),福禄路98号海赋国际F2层,113.775307,34.749144,0371-65175555;0371-66399998,8：00——22：00
管城回族区,50100,中餐厅,张老炝方城炝锅烩面(升龙广场店),东风南路与东站南街交汇处路南升龙广场1楼,113.770626,34.757441,0371-60986626;19913886883,8：00——22：00
管城回族区,50100,中餐厅,天堂鸟水煮鱼·烟火川菜(凤凰路店),城东路43号(郑州文庙地铁站D口步行460米),113.691678,34.743555,0371-66355834,8：00——22：00
管城回族区,50100,中餐厅,解家河南菜恒泰店(恒泰国际店),郑汴路60号恒泰国际,113.699908,34.747143,0371-67546000,8：00——22：00
管城回族区,50100,中餐厅,葭荷.粗粮小厨(农业南路店),农业南路与福禄街交叉口,113.756154,34.74911,18595841777,8：00——22：00
管城回族区,50100,中餐厅,东府饭店(高铁东站店),商鼎路与心怡路交叉口东南角永和宇宙星一楼北门,113.774968,34.754206,0371-55556818;0371-55558198,8：00——22：00
管城回族区,50100,中餐厅,黑土风情铁锅炖(城东路135号院店),城东路135号院287号(天伦医院北),113.691061,34.750208,0371-55553879;19139963579,8：00——22：00
管城回族区,50100,中餐厅,鹅娘地锅(经开区店),经北三路与第四大街交叉口,113.749799,34.728174,15617939858,8：00——22：00
管城回族区,50100,中餐厅,旬羊砂锅涮羊肉(滨河新城店),金祥路与明理南路康桥悦城1号院1层商户,113.801567,34.690177,0371-55683333;19059977177,8：00——22：00
管城回族区,50100,中餐厅,胡庆一重庆火锅(富田太阳城店),明月路64号,113.716146,34.724869,0371-55888552,8：00——22：00
管城回族区,50100,中餐厅,稻咱家(管城区紫辰路店),紫东路121-4号,113.693159,34.707976,0371-55156399;18039286282,8：00——22：00
管城回族区,50100,中餐厅,杨记小炒老店,清真寺街3号院东门南60米,113.678341,34.752108,13938562622,8：00——22：00
管城回族区,50100,中餐厅,百草滩羊泉水涮羊肉(农业南路店),农业南路榆林南路1-66,113.75778,34.753129,0371-66505666;19036950657,8：00——22：00
管城回族区,50100,中餐厅,枫厨南湾鱼信阳菜(航海路店),航海东路第六大街东南角八马茶业上二楼,113.757759,34.720744,0371-63271177,8：00——22：00
管城回族区,50100,中餐厅,阿平小馆(郑州东站东广场店),新发展楷林广场10号楼1楼,113.787062,34.754045,17760773786,8：00——22：00
管城回族区,50100,中餐厅,甄玉川宴会中心,城东路与郑汴路交叉口北100米,113.691761,34.74776,0371-66086688;13083669002;13283889635,8：00——22：00
管城回族区,50100,中餐厅,解家河南菜(商都路店),万科福晟万科誉西门北60米,113.770574,34.744168,0371-67538000,8：00——22：00
管城回族区,50100,中餐厅,萧记三鲜烩面(商城路店),商城路231-10号,113.672503,34.754583,0371-66215554,8：00——22：00
管城回族区,50100,中餐厅,清真·静水瓦屋茶餐厅(商鼎路店),农业南路商鼎路西南角停车场,113.756604,34.754442,15939014244,8：00——22：00
管城回族区,50100,中餐厅,阿嫲·粗粮人家(紫东路豫英路店),紫东路127号正商华祥国际大厦1号楼,113.696796,34.707477,13183005908,8：00——22：00
管城回族区,50100,中餐厅,知青老食堂(南关街店),陇海东路301号,113.675539,34.739314,15838242855,8：00——22：00
管城回族区,50100,中餐厅,胡庆一重庆火锅(农业南路店),农业南路与万通街交叉口向南一百米路东,113.756595,34.742818,0371-69365918;18103843235,8：00——22：00
管城回族区,50100,中餐厅,烙馍小院(商城路店),商城东路与玉凤路交叉口西220米,113.708602,34.752044,0371-55622132,8：00——22：00
管城回族区,50100,中餐厅,西子家宴高级餐厅,心怡路与榆林南路交叉口西南角海汇港二期1号楼2层2-号,113.773445,34.752898,0371-55911199;19339595599,8：00——22：00
管城回族区,50100,中餐厅,吾浮四海Bistro·贵州创意菜(路劲·东方陆港店),商鼎路56-2号,113.758641,34.756114,13100155598;17335726999,8：00——22：00
管城回族区,50100,中餐厅,荆九爷桥头三嫩(升龙广场店),郑州东站升龙广场3号楼B座北侧107商铺,113.770496,34.756524,13073700979,8：00——22：00
管城回族区,50100,中餐厅,同胜祥(航海路店),十八里河镇航海路与中州大道交叉口美林河畔3号,113.716626,34.720399,0371-63595588;0371-63595599,8：00——22：00
管城回族区,50100,中餐厅,咨言乳鸽烩面(清真)(心怡路店),管城回族区郑州东商鼎路与心怡路交叉口向南150米路西,113.773429,34.753363,0371-55685177,8：00——22：00
管城回族区,50100,中餐厅,合记烩面(南大街店),南大街88号院-1号,113.676309,34.748067,0371-66228027,8：00——22：00
管城回族区,50100,中餐厅,乡村大盘鸡(商城路总店),商城东路151号,113.702334,34.750827,0371-88885615,8：00——22：00
管城回族区,50100,中餐厅,川渝一家亲豆花饭川菜馆(郑东商业中心店),农业南路与万通街交叉口东北角,113.75659,34.744089,18595524677,8：00——22：00
管城回族区,50100,中餐厅,粗粮小厨(总店),城东南路42号(二里岗东地铁站C口步行210米),113.690758,34.726864,0371-69162131,8：00——22：00
管城回族区,50100,中餐厅,汕之味潮州菜(富田店),明月路72-2号,113.717629,34.724642,13700883776;15678733779,8：00——22：00
管城回族区,50100,中餐厅,味派菜园子原味湘菜(郑东新区店),榆林北路6号,113.759346,34.756286,0371-55028287;19036938638,8：00——22：00
管城回族区,50100,中餐厅,首艺名厨小馆,中州大道1899号60号楼1-2层122号门面房,113.711709,34.710069,17737159768,8：00——22：00
管城回族区,50100,中餐厅,杨掌柜辣椒炒肉(升龙广场店),升龙广场3号楼负一楼,113.770886,34.756312,0371-53388995;19337151669,8：00——22：00
管城回族区,50100,中餐厅,东府饭店(郑州经开区思想台汉服酒店店),经开第五大街与经南二路交叉口向东10米路南,113.756193,34.717455,0371-55050004;0371-55051114;0371-66787010,8：00——22：00
管城回族区,50100,中餐厅,阿勇渔歌(国安大厦B座店),郑州经济技术开发区航海东路与第五大街国安大厦B座2层,113.756045,34.721291,0371-60609666;0371-60609777,8：00——22：00
管城回族区,50100,中餐厅,土房子怪味鱼(商城路店),商城路8号附18号,113.707893,34.751941,0371-65369339,8：00——22：00
管城回族区,50100,中餐厅,宴天下·新豫菜(榆林北路店),榆林北路运动场东路龙宇国际5层,113.767498,34.75616,19103717852;19137154673,8：00——22：00
管城回族区,50100,中餐厅,龙门巷火锅(商城路店),商城东路,113.707542,34.751879,0371-66310649;18569979755,8：00——22：00
管城回族区,50100,中餐厅,蓉姐好川菜(康平苑店),康平苑东南2门旁,113.762055,34.758607,17698603777,8：00——22：00
管城回族区,50100,中餐厅,渔常来·新派淮扬菜,经南八路腾达路交叉口下祥和居2号院11栋,113.787283,34.693354,19396455777,8：00——22：00
管城回族区,50100,中餐厅,小食候湘(郑州经开店),管城回族区经开区航海东路与第八大街交叉口宏光合园11号楼113号,113.762514,34.720402,0371-58618266;18937622028,8：00——22：00
管城回族区,50100,中餐厅,豫秀鸽厨(美景天城店),航海东路街道石化路69号美景天城,113.719887,34.726556,0371-69755555,8：00——22：00
管城回族区,50100,中餐厅,徽州小镇(海汇港店),心怡路与榆林南路交叉口西南角海汇港1号楼3层,113.773405,34.75288,0371-60985181;0371-60986181,8：00——22：00
管城回族区,50100,中餐厅,黑土风情铁锅炖(富田太阳城店),东方国际商务中心北50米,113.716525,34.725016,0371-65019888,8：00——22：00
管城回族区,50100,中餐厅,刘东家老碗(紫荆店),紫荆山南路街道新郑路3号工商银行旁,113.681912,34.724167,0371-53396973;0371-86113166,8：00——22：00
管城回族区,50100,中餐厅,鲜与铜.京味涮肉(路路通万喜名家店),二里岗街道陇海东路4号路路通万喜名家,113.703595,34.740317,0371-58618588;17737786899,8：00——22：00
管城回族区,50100,中餐厅,廣順興(康宁街店),东方鼎盛时代三期西南1门东80米,113.760284,34.751746,15238362583,8：00——22：00
管城回族区,50100,中餐厅,阿润传统打边炉(郑东商业中心C区2栋店),商都路办事处康平路郑东商业中心c区2栋1层,113.762347,34.742217,18939510451,8：00——22：00
管城回族区,50100,中餐厅,齐齐哈尔家庭烤肉(郑州旗舰店),管城回族区郑东新区农业南路与万通街交叉口(商都新城)小区临街商业房12-13号,113.756609,34.744067,18538264888,8：00——22：00
管城回族区,50100,中餐厅,山婉婉·云南酸菜牛肉火锅(郑州首店),商鼎路77号汇艺银河里F2层,113.770353,34.754372,0371-58586652,8：00——22：00
管城回族区,50100,中餐厅,京小凤鲜炒大盘鸡(郑东商业中心店),康平路万通街交叉口西100米路南,113.759402,34.743507,13523010015;17703839658,8：00——22：00
管城回族区,50100,中餐厅,萧记三鲜烩面(五州玻璃一条街店),黄河南路与商都路交汇处南50米路东,113.747363,34.746099,0371-68087822;0371-68969995;18749480018,8：00——22：00
管城回族区,50100,中餐厅,华豫川酒家(双子塔店),绿地天空之城南门3楼301,113.768273,34.756993,0371-65651984,8：00——22：00
管城回族区,50100,中餐厅,土房子怪味鱼(未来路店)(杜师傅),未来路815号院凤凰苑小区21号楼,113.705671,34.730355,0371-55179339,8：00——22：00
管城回族区,50100,中餐厅,珍珠Pearl·云南菜(海汇港店),郑东新区东风南路康宁街海汇港7号楼一层,113.769525,34.752298,17737162366,8：00——22：00
管城回族区,50100,中餐厅,杨掌柜辣椒炒肉(农业南路店),商都路与农业南路交汇南200米路西,113.755909,34.744566,0371-55959161;19937151361,8：00——22：00
管城回族区,50100,中餐厅,新和记信阳菜,心怡路康宁街交叉口基运大厦一楼2号,113.773289,34.750054,0371-65968688,8：00——22：00
管城回族区,50100,中餐厅,小大董(绿地天空之城店),东风南路与榆林北路交叉口绿地天空之城5楼,113.767388,34.757289,19138033766,8：00——22：00
管城回族区,50100,中餐厅,湘庭雅院,航海路经开第二大街兴和汽车城三区3-11号3-12号,113.744462,34.718425,0371-67716888;15515625777,8：00——22：00
管城回族区,50100,中餐厅,渔珺石锅鱼(商英街店),商英街38号-1号楼附3号,113.735468,34.721813,0371-86560196;13783492126,8：00——22：00
管城回族区,50100,中餐厅,半天妖烤鱼(海邻茂店),康宁街海邻茂4楼半天妖,113.773104,34.749167,0371-60908387;15137774122,8：00——22：00
管城回族区,50100,中餐厅,大脸儿地锅炖,万通街郑东商业中心b区1号楼,113.758059,34.74357,13273021132;18538051132,8：00——22：00
管城回族区,50100,中餐厅,六八六粗粮小厨,城东路与航海路向西100米路北,113.68909,34.721305,0371-63299856;18103718105,8：00——22：00
管城回族区,50100,中餐厅,大草原羊架子馆(东明路店),东明路南49号,113.70003,34.749406,13598006172;15565072360,8：00——22：00
管城回族区,50100,中餐厅,张老炝方城炝锅烩面(凯利中心店),中兴南路与商都路交口向北300米凯利国际中心一楼113号,113.777659,34.746936,0371-58576082,8：00——22：00
管城回族区,50100,中餐厅,泮金大塘(海汇港店),东风南路与榆林南路口海汇港9号楼2楼(星巴克楼上),113.769813,34.753269,0371-80962199;19137902929,8：00——22：00
管城回族区,50100,中餐厅,枫厨南湾鱼(恒天国际大厦店),恒天国际大厦八马茶业二楼,113.763364,34.756298,0371-67866663;18595673696,8：00——22：00
管城回族区,50100,中餐厅,柴师兄鱼头泡饼(商城路店),商城东路152号院1-3层,113.702821,34.750854,0371-63379796,8：00——22：00
管城回族区,50100,中餐厅,蔡都宴融合餐厅,紫东路与紫辰路交叉口向北20米路东,113.692228,34.709217,0371-60943800,8：00——22：00
管城回族区,50100,中餐厅,虎丫炒鸡(河南郑州管城汇艺银河里店),郑东新区商鼎路77号汇艺银河里B座二楼204,113.771195,34.754408,18538227977,8：00——22：00
管城回族区,50100,中餐厅,廣順興(融侨雅筑店),管城回族区经济开发区第十九大街与司赵路交叉口东北角,113.809244,34.683585,0371-67787888;18638616668,8：00——22：00
管城回族区,50100,中餐厅,小城外品质民间菜(航海东路店),富田·财富广场南门东80米,113.764005,34.721296,0371-55015068,8：00——22：00
管城回族区,50100,中餐厅,马路边边串串香(太康路店),东太康路光彩市场北门向西20米,113.66889,34.755474,18539900628,8：00——22：00
管城回族区,50100,中餐厅,锅大侠火锅(鸿成光彩店),东太康路大上海城2F,113.668812,34.756121,0371-66209993;0371-66209996;18703718991,8：00——22：00
管城回族区,50100,中餐厅,我的小板凳街坊火锅(云鹤路店),航海东路24号一层3至4号,113.707977,34.722974,19034160777,8：00——22：00
管城回族区,50100,中餐厅,杨掌柜辣椒炒肉(凯利店),凯利国际中心A座,113.777045,34.746827,0371-55959192;17329326615,8：00——22：00
管城回族区,50100,中餐厅,琼林宴·融合餐厅,经南八路与腾达路交叉口向东20米路南,113.788699,34.694179,0371-61775656;13523073326;17638576796,8：00——22：00
管城回族区,50100,中餐厅,萧记三鲜烩面(货站北街店),货站北街27号,113.69652,34.747396,0371-66340208,8：00——22：00
管城回族区,50100,中餐厅,五顺斋清真烤鸭(北顺城街老店),北顺城街49号(近西大街),113.671324,34.752081,0371-66207069;0371-88887599;18537130261,8：00——22：00
管城回族区,50100,中餐厅,粤萃家宴(经开店),管城回族区经济技术开发区经开第八大街106号内部,113.7639,34.719256,0371-55329999,8：00——22：00
管城回族区,50100,中餐厅,58度品质川菜(商鼎路店),郑东新区商鼎路25号路劲河畔明珠苑22号楼1号商铺,113.754707,34.754605,18638123608,8：00——22：00
管城回族区,50100,中餐厅,廣順興(长江东路店),长江东路阳光城3号院1层商铺322-13号,113.717097,34.712775,0371-53309809;13653813188,8：00——22：00
管城回族区,50100,中餐厅,厨老怪民俗菜馆(城东路店),陇海路城东路向南100米路西,113.690754,34.738225,13193456306;18637188370,8：00——22：00
管城回族区,50100,中餐厅,宋老三苏肉羊肉汤老店,管城街与法院东街交叉口东南角9-1,113.677244,34.751635,13629844078;13673664446;18790565888,8：00——22：00
管城回族区,50100,中餐厅,苏园餐饮·苏荟(绿地天空之城店),东风南路与榆林北路交叉口西北100米绿地天空之城7楼,113.767411,34.757953,0371-63366777;0371-65366777,8：00——22：00
管城回族区,50100,中餐厅,张老炝方城炝锅烩面(易元国际店),心怡路与寿丰街交汇东南角易元国际酒店1层,113.775288,34.746217,0371-63719909;17719805709,8：00——22：00
管城回族区,50100,中餐厅,食欲老院子泥炉涮肚(阜民里店),前阜民里37号,113.670901,34.745915,19069619906,8：00——22：00
管城回族区,50100,中餐厅,土房子怪味鱼(经开第一大街丹尼斯店),经北一路与第一大街向东20米路南门面房,113.740893,34.72321,0371-53399339,8：00——22：00
管城回族区,50100,中餐厅,啫食家(海汇港店),心怡路榆林南路交叉口海汇港二期五层,113.773396,34.752971,0371-60558806;0371-60558808;13253503321,8：00——22：00
管城回族区,50100,中餐厅,宋厨融菜园(云尚店),商都路与康平路交叉口云尚ME购物中心二楼2007-2008宋厨融菜园,113.760448,34.74536,0371-53315225;19939969311,8：00——22：00
管城回族区,50100,中餐厅,杨府·宴(金城街店),紫荆山路仟那·绿城酒店1层,113.682135,34.725668,0371-55957891;13607641794;18937195183,8：00——22：00
管城回族区,50100,中餐厅,张老炝方城炝锅烩面(文博酒城店),文博酒城南5门西北50米,113.762274,34.733705,0371-88967698;18738150636,8：00——22：00
管城回族区,50100,中餐厅,京馆涮(商城路店),商城路252号附8号,113.678142,34.753303,0371-66258689,8：00——22：00
管城回族区,50100,中餐厅,幸福港湾礼宴中心,南三环与金岱路交叉口向北200米,113.722513,34.702969,0371-58613000;0371-58613111,8：00——22：00
管城回族区,50100,中餐厅,煜丰汴京烤鸭(经开区店),乐尚天地生活广场北门旁,113.754518,34.714523,0371-65681611,8：00——22：00
管城回族区,50100,中餐厅,阿平小馆(郑东商业中心店),郑东商业中心A区南门东南90米,113.759622,34.743481,15137008592,8：00——22：00
管城回族区,50100,中餐厅,百乐川烤鱼(远大理想城店),经北二路66号远大理想城4号楼1层1号房,113.739608,34.726577,18503812321,8：00——22：00
管城回族区,50100,中餐厅,蓉亭食贝(盛华里店),航海东路与经开第五大街交叉口万锦盛华里2号门对面2层,113.752651,34.722264,0371-55053338,8：00——22：00
管城回族区,50100,中餐厅,苏氏豆花牛肉,经济技术开发区第三大街113-6号(航海路向北100米路东),113.747261,34.722458,0371-58561819,8：00——22：00
管城回族区,50100,中餐厅,小赖毛龙虾川菜馆,农业南路与商都路交叉口向南100米路西,113.755876,34.745644,19949297608,8：00——22：00
管城回族区,50100,中餐厅,九道·俏江南酒文化主题餐厅,河南自贸试验区郑州片区(郑东)和光街10号G栋1-2层2号,113.760846,34.755472,15565089393,8：00——22：00
管城回族区,50100,中餐厅,渝味市井美蛙鱼头(城东路店),城东路106-2号,113.691696,34.753884,18238087020,8：00——22：00
管城回族区,50100,中餐厅,杨记灌汤包(商城路店),商城路218号中亚招待所旁(市体育场东),113.676494,34.753982,13526856184,8：00——22：00
管城回族区,50100,中餐厅,岩哥土鲫鱼·平价湘菜(郑东商业中心店),郑东商业中心C区,113.762285,34.742076,17335751903,8：00——22：00
管城回族区,50100,中餐厅,玖湘大厨.辣椒炒肉(佳林国际店),经开第十五大街与腾达路交叉口向东10米路北,113.796507,34.695923,15649077979,8：00——22：00
管城回族区,50100,中餐厅,味厨新味·北京涮肉火锅·烧烤(郑东商业中心店),商都路便民中心1楼瑞莱熙酒店隔壁,113.76382,34.74513,18300681116,8：00——22：00
管城回族区,50100,中餐厅,清真·拙夫重庆老火锅(城东路店),城东路263号,113.690227,34.735227,13673993099,8：00——22：00
管城回族区,50100,中餐厅,鱼你在一起(绿地双子塔店),东风南路绿地双子塔今市印巷03-01号(北塔N1门对面),113.767446,34.75884,13027750517,8：00——22：00
管城回族区,50100,中餐厅,山间晓厨·爆炒下饭菜(海邻茂店),海邻茂(康宁街地铁站C口步行130米),113.773369,34.749057,19059517210,8：00——22：00
管城回族区,50100,中餐厅,杨掌柜辣椒炒肉(滨河新城店),经南十路39号,113.798154,34.685774,0371-87771992,8：00——22：00
管城回族区,50100,中餐厅,飨赫驾瓦罐烤鸡(总店),货站北街33号一3,113.696231,34.747765,13015543128,8：00——22：00
管城回族区,50100,中餐厅,粤色·老广州茶餐厅,福禄路108号河南商会大厦F1层,113.77718,34.749483,0371-88817900;13015502504,8：00——22：00
管城回族区,50100,中餐厅,阿勇·新信菜(嘉亿东方大厦店),中兴南路与福禄路交叉口嘉怡东方大厦1层东北角,113.777645,34.748235,0371-53387888,8：00——22：00
管城回族区,50100,中餐厅,二十四川地道川菜(航海路店),航海路与城东南路交叉西100米路北,113.688671,34.721273,0371-67885688;15938781065,8：00——22：00
管城回族区,50100,中餐厅,喜胜季·印象河南,郑汴路39号18号楼1-2层,113.696175,34.746525,19037155576,8：00——22：00
管城回族区,50100,中餐厅,陈老嘎碳锅牛肉(郑东商业中心店),农业南路与万通街交叉口南50米小店商业22.23号,113.756555,34.743084,18638535117,8：00——22：00
管城回族区,50100,中餐厅,云晓仙腊味汤煲(海汇店),郑东新区康宁街与东风南路交叉口海汇港7号楼4楼4-2号,113.769794,34.752755,13027707722,8：00——22：00
管城回族区,50100,中餐厅,锦珍锦顺德开煲(天空之城店),东风东路西榆林北路绿地·中央广场南地块2号楼天空之城购物中心5层504号商铺,113.767969,34.75706,0371-65328081;0371-65328082,8：00——22：00
管城回族区,50100,中餐厅,豫江南信阳菜(亚太时代广场店),管城回族区经开区航海东路1210号亚太时代广场A座二楼,113.732623,34.721522,0371-67197778;19900976769,8：00——22：00
管城回族区,50100,中餐厅,土房子怪味鱼(经南五路店),经南五路,113.743874,34.713591,0371-55189192,8：00——22：00
管城回族区,50100,中餐厅,胡桃里(航海东路店),航海东路正商国际广场B座一层,113.698993,34.720451,0371-89988889;17700667271,8：00——22：00
管城回族区,50100,中餐厅,五顺斋清真烤鸭(西大街总店),西大街91号(二七广场地铁站B口步行380米),113.671105,34.751653,0371-88887599,8：00——22：00
管城回族区,50100,中餐厅,合记烩面航海东路福塔东站店,航海东路1058号(福塔东地铁站D口步行80米),113.748391,34.721491,0371-65091617,8：00——22：00
管城回族区,50100,中餐厅,江西烧菜馆(农业南路店),农业南路与永平路向北10米路西5号楼一层附号商铺,113.755837,34.742004,13807033979;18579158979,8：00——22：00
管城回族区,50100,中餐厅,老罗家·非遗石磨手擀面(商英街店),商英街38-9号(中原福塔地铁站D口步行410米),113.735472,34.72232,13733851788;17613153008,8：00——22：00
管城回族区,50100,中餐厅,唐河王记·南阳民间菜(六大街店),航海路第六大街向北50米路西,113.757433,34.722036,0371-66882888,8：00——22：00
管城回族区,50100,中餐厅,黔小焱贵州豆豉火锅,商城东路8号附19号商铺(商城东路与玉凤路向西200米),113.708341,34.751902,18037510880,8：00——22：00
管城回族区,50100,中餐厅,杨掌柜辣椒炒肉(福都广场店),航海东路71号福都广场3层,113.700649,34.719796,15303717350,8：00——22：00
管城回族区,50100,中餐厅,齐祺渔锅(宏光合园店),宏光合园西南门南60米,113.76136,34.717935,0371-68880789;17737500978,8：00——22：00
管城回族区,50100,中餐厅,老长沙罐子楼(旗舰店),榆林北路东风南路交叉口西南角20米,113.768389,34.756948,0371-65651718;16692300625,8：00——22：00
管城回族区,50100,中餐厅,西关味(航海天地丹尼斯店),经济技术开发区航海东路与第一大街交叉口西北角丹尼斯2层,113.739344,34.722258,0371-63399522,8：00——22：00
管城回族区,50100,中餐厅,花千代秘制烤鱼(丹尼斯C区店),航海东路与第一大街丹尼斯航海店2层,113.739339,34.722115,0371-67112358,8：00——22：00
管城回族区,50100,中餐厅,杨掌柜辣椒炒肉(盛华里购物中心店),航海东路与第五大街交叉口万锦盛华里购物中心外场三楼,113.753209,34.721532,18637102321,8：00——22：00
管城回族区,50100,中餐厅,胖娃川菜馆(路南店),商城东路151号,113.70143,34.750819,19139990035,8：00——22：00
管城回族区,50100,中餐厅,简朴寨(金色港湾店),未来路航海路交叉口南500米路东,113.706536,34.716789,0371-63300666,8：00——22：00
管城回族区,50100,中餐厅,仲记手擀面(农业南路店),郑东建材家具城D区北门东70米,113.756044,34.74923,0371-66686666;15003880110,8：00——22：00
管城回族区,50100,中餐厅,东府饭店(中原福塔店),航海东路1206号中原福塔一楼262号,113.729617,34.723407,15729366736;17335795288;19949286551,8：00——22：00
管城回族区,50100,中餐厅,食里八湘(商业中心店),永平路与康平路交叉口东120米,113.761897,34.741468,0371-63297891,8：00——22：00
管城回族区,50100,中餐厅,乡村大食堂(郑州管城回族区),经北六路与第四大街交汇处路北,113.751307,34.733515,0371-65811114,8：00——22：00
管城回族区,50100,中餐厅,米村拌饭(绿地天空之城店),东风南路与榆林北路交叉口向西100米天空之城5F-503号商铺,113.767468,34.757522,13019803747,8：00——22：00
管城回族区,50100,中餐厅,马四辈哒哒老烩面,航海路与城东南路交叉口东20米路南,113.691502,34.720402,17630011046,8：00——22：00
管城回族区,50100,中餐厅,起源食府(人民路),商城路与北顺城街交叉口南30米路东(百盛购物广场东门正对面),113.672051,34.753905,0371-66258822,8：00——22：00
管城回族区,50100,中餐厅,味美思酒楼,城东路258号(货栈街口西南角),113.690597,34.737038,0371-66979666,8：00——22：00
管城回族区,50100,中餐厅,喜家德虾仁水饺(云尚店),商都路63号云尚购物中心B1层B1040-1号商铺,113.759965,34.745213,15539038671,8：00——22：00
管城回族区,50100,中餐厅,米村拌饭(富田新天地店),航海东路2号60号楼富田新天地L3-10号商铺,113.713159,34.721411,18646766012,8：00——22：00
管城回族区,50100,中餐厅,喜家德虾仁水饺(人民路丹尼斯店),人民路2号丹尼斯百货2号馆1F层,113.675423,34.756751,15738835070,8：00——22：00
管城回族区,50100,中餐厅,李柱柘城垛子羊肉(二里岗店),紫荆山路二里岗南街交叉口向东20米(二里岗地铁口D口),113.682979,34.729286,19513332999,8：00——22：00
管城回族区,50100,中餐厅,阿勇茶瘾食刻(郑州东站店),东风南路6号,113.768287,34.758459,0371-60582111,8：00——22：00
管城回族区,50100,中餐厅,李一笼牛羊肉烧麦,康平路80-32号,113.76115,34.741445,18039212508,8：00——22：00
管城回族区,50100,中餐厅,天赐小馆(东大街店),东大街119号名鞋大厦1楼,113.679523,34.749867,0371-66386362;13676973010,8：00——22：00
管城回族区,50100,中餐厅,虎丫炒鸡(河南郑州管城福都店),航海东路71号福都广场三层3-29号,113.700959,34.719693,19339980373,8：00——22：00
管城回族区,50100,中餐厅,大地烙馍村(商城路店),商城东路28号聚丰商务餐饮文化广场,113.693942,34.750789,0371-66357758;0371-66357768;18638505515,8：00——22：00
管城回族区,50100,中餐厅,起龙香辣鸡(金城街店),紫荆山南路街道陇海南里14号康普新巷,113.677837,34.726489,13803821513;15713816139,8：00——22：00
管城回族区,50100,中餐厅,京溪鲜切涮肉(郑东新区店),恒天国际大厦北门西90米,113.762596,34.756233,0371-65996660,8：00——22：00
管城回族区,50100,中餐厅,西兰轩菜馆(清真),北顺城街49号,113.671383,34.752323,0371-66257841;18838952257,8：00——22：00
管城回族区,50100,中餐厅,王北北潮汕牛肉店(河南首店),滨河国际中心B座底商,113.797578,34.686816,19036501196,8：00——22：00
管城回族区,50100,中餐厅,半亩江南(经开区店),管城回族区经济开发区航海路商英街64号,113.736563,34.723412,0371-88861188;17724814567,8：00——22：00
管城回族区,50100,中餐厅,火盆景麻辣鱼(城东路二店),城东路商城路向北500米路东,113.691681,34.753902,0371-67846666;13939041444,8：00——22：00
管城回族区,50100,中餐厅,福状元(滨河新城店),康桥悦城7号院南门东70米,113.797619,34.690211,0371-55680112;19937882566,8：00——22：00
管城回族区,50100,中餐厅,武记碳锅鱼碳锅鸡(东明路总店),郑卞路东明口向北一百米,113.700494,34.748036,15638234666;18538093108,8：00——22：00
管城回族区,50100,中餐厅,同源膳味,城南路与后阜民里交叉口西100米,113.673156,34.74608,17203875130,8：00——22：00
管城回族区,50100,中餐厅,扳倒海水产-鲍鱼捞饭(尚书苑店),东瑞园社区西北门西北90米,113.756536,34.750586,13303856029,8：00——22：00
管城回族区,50100,中餐厅,有点湘辣椒炒肉(郑东商业中心B区店),商都路街道郑东商业中心b区七栋,113.760331,34.743443,15981837190,8：00——22：00
管城回族区,50100,中餐厅,西舍蒸鲜馆(路劲·东方陆港店),农业南路商鼎路中央特区四期商业项目D栋一层D10-1,113.759443,34.755831,0371-68683688,8：00——22：00
管城回族区,50100,中餐厅,彼酷哩活鱼现烤(美景龙堂万科店),航海东路美景龙堂·欢乐广场3层,113.718163,34.721496,0371-61172588;17320172289,8：00——22：00
管城回族区,50100,中餐厅,米村拌饭(云尚me店),商都路63号郑东商业中心2F-2013&2F-01号商铺,113.760528,34.74561,13050370700,8：00——22：00
管城回族区,50100,中餐厅,米村拌饭(乐尚天地生活广场店),第五大街经南三路交叉口乐尚天地生活广场3F-03016号铺,113.75477,34.713756,13224203883,8：00——22：00
管城回族区,50100,中餐厅,疆游记,经开第一大街与经南五路交叉口北100米,113.739054,34.716093,16603879099,8：00——22：00
管城回族区,50100,中餐厅,老北京炙子烤肉·炙热居(郑安花园小区店),郑安花园小区东门南170米,113.737544,34.71236,15737116856,8：00——22：00
管城回族区,50101,综合酒楼,泰宏文森特国际酒店金粤轩酒楼,郑东新区商鼎路69号泰宏文森特国际酒店2层,113.766097,34.754604,0371-61737688,8：00——22：00
管城回族区,50101,综合酒楼,豪享来(商城店),商城路256号,113.679656,34.752896,0371-66217450,8：00——22：00
管城回族区,50101,综合酒楼,乡合乡村大食堂(黄河南路店),黄河南路与商都路交叉口丽东国际酒店一楼二楼,113.747612,34.749792,0371-66811114,8：00——22：00
管城回族区,50101,综合酒楼,古越舫精品杭帮菜(高铁东站店),中兴南路与寿丰街交叉口向北50米路西,113.777673,34.74706,0371-80953988,8：00——22：00
管城回族区,50101,综合酒楼,豪享来(城东店),城东路59-12号,113.691983,34.746712,0371-66361969,8：00——22：00
管城回族区,50101,综合酒楼,豪享来(富田店),航海东路2号富田太阳城56号楼1-2层109、209号商业房,113.71631,34.724566,0371-86022989,8：00——22：00
管城回族区,50101,综合酒楼,信阳食府(城东路店),远征都市港湾西门南50米,113.691682,34.754531,0371-66370382;15890772134,8：00——22：00
管城回族区,50101,综合酒楼,李军力烧烤美食羊肉,陇海路318号,113.692903,34.738936,0371-55622956;13014610681,8：00——22：00
管城回族区,50101,综合酒楼,聚义楼(南关街5号院店),南关街5号,113.675934,34.737355,13938234623;18695823395,8：00——22：00
管城回族区,50101,综合酒楼,(赟厨艺)信阳品牌菜郑东旗舰店,豫武花园西南门旁(西周地铁站G口步行370米),113.749176,34.751856,0371-65151569;17516226369,8：00——22：00
管城回族区,50101,综合酒楼,泰宏文森特国际酒店金粤轩中餐厅,东风南路与商鼎路交叉口西南角,113.765221,34.754491,18838928110,8：00——22：00
管城回族区,50101,综合酒楼,杨国福麻辣烫(鸿成广场店),东太康路鸿成广场52-8,113.669586,34.755291,17719887656,8：00——22：00
管城回族区,50101,综合酒楼,渝膳府南湾鱼三吃小宝信阳菜(正商·经开广场店),管城回族区郑州市经济技术开发区经开广场4号楼111,113.769567,34.718411,17629376668;18595506816,8：00——22：00
管城回族区,50101,综合酒楼,莫莫与瀚西餐·甜品·生日派对,郑东商业中心B区5栋2楼201-1,113.759315,34.743317,19937798331,8：00——22：00
管城回族区,50101,综合酒楼,鑫食汇家常土菜馆,榆林北路与康平路交汇处西北角,113.761694,34.756665,0371-86505588;0371-86507766,8：00——22：00
管城回族区,50101,综合酒楼,信阳私房菜(东方鼎盛时代一期店),农业南路商鼎路交叉口向东50米路南,113.758827,34.754631,0371-63282882;17320187290,8：00——22：00
管城回族区,50101,综合酒楼,家宴城食府,五州新村1号院东门旁(西周地铁站A口步行370米),113.749356,34.745766,15838311399,8：00——22：00
管城回族区,50101,综合酒楼,无二夜肆虾尾烧烤,七里河路美鸿商业01-05号11号档口,113.721636,34.718582,0371-66880826;15237191633,8：00——22：00
管城回族区,50101,综合酒楼,地锅鸡(航海路分店美林河畔),中州大道与航海路交叉口东南角美林河畔小区西门,113.71597,34.719699,13938090279;15538396428,8：00——22：00
管城回族区,50101,综合酒楼,兄弟爆炒鸡(石化路店),未来路与石化路交叉口,113.704715,34.732928,0371-55971196,8：00——22：00
管城回族区,50101,综合酒楼,方勇烧烤(城东路旗舰店),商城路与城东路向北100米路东,113.691775,34.751925,13781236123,8：00——22：00
管城回族区,50101,综合酒楼,高锦烤羊腿羊排店,北顺城街与西大街交叉口西北角,113.671245,34.751676,17639729700,8：00——22：00
管城回族区,50101,综合酒楼,上井精致料理(绿地天空之城店),东风南路西榆林北路郑东绿地中心天空之城5楼511号,113.767484,34.756969,0371-55357886,8：00——22：00
管城回族区,50101,综合酒楼,曼玉外卖(郑东商业中心店),郑东新区商都路与康平路交叉口西50米路北综合楼一层附9号,113.759729,34.746874,19138199393,8：00——22：00
管城回族区,50101,综合酒楼,二毛杂面条卤肉烧烤,康平路18号,113.762583,34.759354,18868781715,8：00——22：00
管城回族区,50101,综合酒楼,老三烧烤烩面,金辉滨河云著北门旁,113.800609,34.673444,13283885343,8：00——22：00
管城回族区,50101,综合酒楼,千口香虾仁水饺(正商·经开广场2号楼店),郑州经济技术开发区处第九大街东经南二路北经开正商广场2号楼1层107号,113.770542,34.719719,19137416455,8：00——22：00
管城回族区,50101,综合酒楼,浆小白·豆浆夜市(南学街店),南学街36号院1号楼1层3号,113.674068,34.747828,19513327929,8：00——22：00
管城回族区,50101,综合酒楼,土鸡炒馍是招牌(大卫城),北下街西昌小区6号楼一层2号,113.668105,34.757917,15638226522,8：00——22：00
管城回族区,50101,综合酒楼,杞县砂锅.烧烤(商业中心店),小店村居住区北区南门东60米,113.755273,34.74133,18339996759,8：00——22：00
管城回族区,50101,综合酒楼,凯凡信阳土菜园.(商英街店),商英街38号-15,113.735474,34.722393,0371-66780038,8：00——22：00
管城回族区,50101,综合酒楼,信阳土肉馆(阳光城店),长江东路与南台路交叉口,113.712442,34.71182,17398993663,8：00——22：00
管城回族区,50101,综合酒楼,胖子炒鸡桥头夜市,紫金山南路与十八里河的大桥北头西侧,113.692272,34.646719,13623828983;15515618928,8：00——22：00
管城回族区,50101,综合酒楼,豫饺皇现包水饺(恒大绿洲四期店),经开七大街59-17,113.761364,34.71109,15993665961,8：00——22：00
管城回族区,50101,综合酒楼,卢记驴香苑(康桥悦蓉园店),经开第十九大街与经南十一路交叉口东南角,113.809506,34.68078,13838238782,8：00——22：00
管城回族区,50101,综合酒楼,爱米娅西餐牛排自助(富田·新天地店),航海东路2号富田新天地F3层,113.712737,34.72158,17797750770,8：00——22：00
管城回族区,50101,综合酒楼,牛肉面(青海),文德路光之谷商业中心2号楼青海牛肉面,113.729625,34.690257,15349308135,8：00——22：00
管城回族区,50101,综合酒楼,豪爽来中西餐厅(农业南路店),中央特区东门南160米,113.757717,34.752789,0371-55980976,8：00——22：00
管城回族区,50101,综合酒楼,汇鑫家常菜,管城李进才中医(综合)诊所北侧,113.752898,34.664902,15981870357,8：00——22：00
管城回族区,50101,综合酒楼,食尚餐厅(肥牛饭),经开广场美食街B1层D15号,113.770208,34.718823,18638273798,8：00——22：00
管城回族区,50101,综合酒楼,开封杜家全羊鲜汤,第十三大街19号,113.788317,34.71785,13253663759,8：00——22：00
管城回族区,50101,综合酒楼,大盘鸡家常菜,南二街与和谐大道交叉口东南20米,113.786222,34.649868,15639911938,8：00——22：00
管城回族区,50101,综合酒楼,郑优尚烧烤(浩创优尚店),郑州市经开区经南八路与第十八大街交叉口浩创优尚西广场,113.806003,34.688324,19913318190,8：00——22：00
管城回族区,50101,综合酒楼,小龙虾海鲜烧烤,管城回族区经济技术开发区第七大街与经北四路民乐集长盛农贸中心临街商铺w27-28号,113.762453,34.729387,13633843298,8：00——22：00
管城回族区,50101,综合酒楼,合丰马坡烧烤(1110店),郑州市经济技术开发区明湖办事处第八大街以西经北六路以南长盛广场1号楼110号,113.763031,34.731562,15138455663,8：00——22：00
管城回族区,50101,综合酒楼,谢家饺子馆(康城·棕榈泉店),五里堡西街与金城街交叉口东南20米,113.67869,34.726226,13676976613,8：00——22：00
管城回族区,50101,综合酒楼,腊味旗舰店,百荣世贸商城C座8层C8-3-055,113.662116,34.661624,15538398260;16696635577,8：00——22：00
管城回族区,50101,综合酒楼,东北大馅手工水饺(富春综合楼店),北乾元街汉庭酒店西20米,113.669152,34.748105,15838639073,8：00——22：00
管城回族区,50101,综合酒楼,明月路豫饺皇现包水饺,航海东路街道航海东路12号永丰心座,113.710533,34.72462,15939945112,8：00——22：00
管城回族区,50101,综合酒楼,坤妈萌食记,霞飞路与长青路路交叉口,113.688158,34.676011,13503710217,8：00——22：00
管城回族区,50101,综合酒楼,沪上肥猫三文鱼郑州一店,人民南路8号(二七广场地铁站A口步行230米),113.668448,34.75326,18236991609,8：00——22：00
管城回族区,50101,综合酒楼,老城根龙虾烧烤,商城路一号商城花园1号院1-8,113.689734,34.751264,15838378706,8：00——22：00
管城回族区,50101,综合酒楼,1982吉林烧烤(锦华园店),南仓街11号4门面房,113.686672,34.737277,18638689000,8：00——22：00
管城回族区,50101,综合酒楼,商城路碳锅羊肉,商城东路28号院5号楼南楼1楼宴会大厅,113.693802,34.75032,13290907448,8：00——22：00
管城回族区,50101,综合酒楼,骨缘香手撕大排骨(福都广场店),芦邢庄花苑北门旁,113.699608,34.718669,13639641933;19939298021,8：00——22：00
管城回族区,50101,综合酒楼,大茶缸麻辣烫(郑州总店),紫荆山路61号裕鸿国际C座美食街,113.683017,34.753374,18539969496,8：00——22：00
管城回族区,50101,综合酒楼,丁记饸饹面(中岳新天地店),新天地商业广场C区63号,113.671529,34.742347,13513805275;15890027121,8：00——22：00
管城回族区,50101,综合酒楼,美食探鲜街区(银座时代广场店),华盛街65号,113.669675,34.757425,17320113539;18595921913,8：00——22：00
管城回族区,50101,综合酒楼,沙县小吃(中周路商都路店),郑东新区商都路与中周路交叉口综合楼19号,113.749744,34.746801,15773953332;18558636676,8：00——22：00
管城回族区,50101,综合酒楼,东北老式麻辣烫,经北二路162-22号,113.771887,34.727051,19522371076,8：00——22：00
管城回族区,50101,综合酒楼,Helens海伦司小酒馆(二七广场店),西大街街道15号21世纪大厦二楼海伦司小酒馆,113.668611,34.751928,19139897538,8：00——22：00
管城回族区,50101,综合酒楼,满芳兰庭羊肉汤烩面(经开第八大街店)(暂停营业),虹图幼儿园南门旁,113.7679,34.712957,0371-65338862;17335583110,8：00——22：00
管城回族区,50101,综合酒楼,海斯小酒馆(暂停营业),人民路75号鸿成光彩东门2楼,113.669797,34.754854,19939547033,8：00——22：00
管城回族区,50102,四川菜(川菜),烹厨酸菜鱼(八大街店),第八大街与经南三路交叉路向南100米金盾商务大厦1楼,113.765204,34.71383,17335737892,8：00——22：00
管城回族区,50102,四川菜(川菜),段记川菜扣碗老店(紫荆·阳光地带店),紫荆·阳光地带南3门旁,113.684246,34.729183,15538189711;18737107246,8：00——22：00
管城回族区,50102,四川菜(川菜),渝风阁老川菜(紫南花园店),紫东路与紫辰路交叉口向南50米路东,113.694063,34.706592,13213193809;15188348369,8：00——22：00
管城回族区,50102,四川菜(川菜),蜀味坊私房菜馆(正商·建正东方中心店),商都路与中兴南路交叉口建正东方中心C座1楼2-101,113.776293,34.746159,0371-55621806;13883723209,8：00——22：00
管城回族区,50102,四川菜(川菜),正宗川味小炒,商城东路28-8号,113.693291,34.750837,0371-66355768;13693719813,8：00——22：00
管城回族区,50102,四川菜(川菜),江湖川菜饭店(莲湖路店),莲湖路辅路与圃田西路交叉口东300米,113.787241,34.75232,13372687658;17737153592,8：00——22：00
管城回族区,50102,四川菜(川菜),段记川菜扣碗老店(总店),紫荆山南路街道(二里岗地铁站C口步行230米),113.679988,34.729949,15093380659;15981845173;18337122492,8：00——22：00
管城回族区,50102,四川菜(川菜),四川王姐饭店(西周路店),西周路42号靠近中国民生银行(郑州商都路支行),113.749326,34.745928,0371-60923368;13523569136;13568803617,8：00——22：00
管城回族区,50102,四川菜(川菜),老成都家常菜(未来路店),未来路与青年路交叉路口南5米路西,113.703721,34.741551,18538060593,8：00——22：00
管城回族区,50102,四川菜(川菜),蜀湘秦私房菜(橡树玫瑰城东区店),南三环中州大道橡树玫瑰城三期66号楼7号商铺,113.712381,34.70436,15838026881,8：00——22：00
管城回族区,50102,四川菜(川菜),碗美川说老式扣碗,商城东路151号院1号楼1层4号,113.702125,34.7508,15517179683,8：00——22：00
管城回族区,50102,四川菜(川菜),豫见川菜,管城回族区福晟万科誉1-11,113.770794,34.744155,18790291162,8：00——22：00
管城回族区,50102,四川菜(川菜),川味小店(食品工业机械厂家属院店),凌云路与商城东路交叉口向东100米路南,113.695325,34.750867,13285071385,8：00——22：00
管城回族区,50102,四川菜(川菜),天赐小馆(富田太阳城店),一站广场购物中心北1门旁,113.716099,34.724497,15194503370;19339913138,8：00——22：00
管城回族区,50102,四川菜(川菜),鑫亚酒店(南关街社区33号院店),烟厂西街与烟厂后街交叉口,113.676264,34.741672,0371-66268333,8：00——22：00
管城回族区,50102,四川菜(川菜),老式川菜馆(宜居苑店),郑东新区黄河南路与陇海高架东北角宜居苑小区门面房11号院,113.747485,34.73679,18695855578,8：00——22：00
管城回族区,50102,四川菜(川菜),西川巷子市井火锅(黄河南路店),黄河南路与列里路交叉口,113.7475,34.738172,19937179630,8：00——22：00
管城回族区,50102,四川菜(川菜),幺妹川菜馆(金成国贸),金成国贸大厦一楼西侧,113.680881,34.752163,13523588682,8：00——22：00
管城回族区,50102,四川菜(川菜),重庆老巷口火锅,陇海路南关街交叉口向西200米路南,113.673125,34.740018,19937188557,8：00——22：00
管城回族区,50102,四川菜(川菜),西川巷子市井火锅(中岳·七里香堤店),紫东路156-65号,113.700892,34.71198,13203855825,8：00——22：00
管城回族区,50102,四川菜(川菜),许面匠四川担担面(纺织厂家属院店),城东路217-1号,113.691158,34.74525,13783541937,8：00——22：00
管城回族区,50102,四川菜(川菜),金满源川湘菜(金天地大厦1号楼店),城北路东5号金天地大厦F1层,113.693572,34.755266,15638128098;18300706691,8：00——22：00
管城回族区,50102,四川菜(川菜),小合川·精品川菜,鼎尚街5-8号,113.728132,34.693257,13298166288,8：00——22：00
管城回族区,50102,四川菜(川菜),老地方川菜馆(同庆里第三分店),布厂街惠工小区11号楼对面,113.668876,34.737587,19937629305;19939373685,8：00——22：00
管城回族区,50102,四川菜(川菜),重庆家常菜(凤凰路店),凤凰路36号,113.695643,34.743284,0371-60398007;0371-63337101;15939037198,8：00——22：00
管城回族区,50102,四川菜(川菜),李胜利爆炒川味三绝,管城回族区经开区朝凤路78至57,113.733524,34.729616,15188580297,8：00——22：00
管城回族区,50102,四川菜(川菜),川渝人家家常菜(绿城汉风产业园店),贾陈街绿城汉风产业园汉风路64号,113.804243,34.743362,18223865324,8：00——22：00
管城回族区,50102,四川菜(川菜),蜀七哥川味小炒·砂锅菜(冯庄店),紫云路39号院1号楼1层附7号,113.677502,34.712103,13427788076,8：00——22：00
管城回族区,50102,四川菜(川菜),成都老川菜(金色港湾店),未来路金色港湾1号楼商铺13号,113.705971,34.718297,18728855476,8：00——22：00
管城回族区,50102,四川菜(川菜),天府川菜(新世界百货店),商城路267-3号,113.68259,34.752308,18580952609,8：00——22：00
管城回族区,50102,四川菜(川菜),重庆海哥川菜面馆,郑州市管城区城东南路107号,113.690225,34.727765,18530920877,8：00——22：00
管城回族区,50102,四川菜(川菜),重庆家常菜(永丰心座店),永丰心座东2门西南80米,113.710746,34.724621,15515979936,8：00——22：00
管城回族区,50102,四川菜(川菜),老四川家常菜,圃田乡圃田嘉园南院北门后屯里路,113.824197,34.743323,18512336783,8：00——22：00
管城回族区,50102,四川菜(川菜),老成都市井小火锅(郑州首店),富田美食街107号,113.715975,34.724925,13203744777,8：00——22：00
管城回族区,50102,四川菜(川菜),川湘汇家常菜,航海东路建海国际中心,113.763237,34.719975,18203681816,8：00——22：00
管城回族区,50102,四川菜(川菜),酸菜鱼川菜馆,紫荆山南路辅路与豫一路交叉口东240米,113.68871,34.65638,15237172995,8：00——22：00
管城回族区,50102,四川菜(川菜),重庆幺妹私房菜,启航路与经开第二十三大街交叉口西南80米,113.8366,34.709446,15334571089,8：00——22：00
管城回族区,50102,四川菜(川菜),老成都川菜(郑州金岱产业园云时代广场瑟文酒店店),文兴路9号一楼6号商铺,113.718355,34.690636,17698648985,8：00——22：00
管城回族区,50102,四川菜(川菜),川渝美食(正商滨河铭筑店),经南十路十四大街正商滨河铭筑2-109号,113.793813,34.684645,19942251620,8：00——22：00
管城回族区,50102,四川菜(川菜),重庆家常菜(鑫苑城市之家店),航海东路街道豫英路10-9鑫苑城市之家,113.696669,34.722293,13949087447,8：00——22：00
管城回族区,50102,四川菜(川菜),丁记壹品鱼庄家常菜,南曹乡席村,113.74273,34.636244,18336377104,8：00——22：00
管城回族区,50102,四川菜(川菜),崔记秘制炒鸡(商城锦苑店),豫豪路商城锦苑门口崔记秘制炒鸡,113.694057,34.711196,13939483939,8：00——22：00
管城回族区,50102,四川菜(川菜),重庆家常菜(远大理想城店),郑州经济技术开发区经北二路66号远大理想城东门N5-19号,113.739248,34.727805,13526613544,8：00——22：00
管城回族区,50102,四川菜(川菜),蜀香园川味馆(鑫苑城市之家店),豫英路10号1号楼,113.696707,34.721743,13643714395;15937119022,8：00——22：00
管城回族区,50102,四川菜(川菜),四川担担面(法院东街店),法院东街与北大街交叉口西40米,113.6803,34.751607,13525561329;18037500386,8：00——22：00
管城回族区,50102,四川菜(川菜),侯小厨粗粮烙馍村川豫菜,商都路33号五洲新村小区列里路临街商业门面房11号楼11-1,113.7506,34.738293,15333878302,8：00——22：00
管城回族区,50102,四川菜(川菜),四川担担面(美景天城店),美景天城东1门西北50米,113.719514,34.727905,15903608385,8：00——22：00
管城回族区,50102,四川菜(川菜),川渝家常菜(圃田嘉园南院店),圃田乡列子大街201号圃田嘉园南院,113.824298,34.743392,18512336783,8：00——22：00
管城回族区,50102,四川菜(川菜),川豫小厨(十八里河批发市场店),十八里河农产品配送中心餐饮区19号,113.69657,34.665888,13949066887,8：00——22：00
管城回族区,50102,四川菜(川菜),罗家川菜酸菜鱼爆炒鸡(经南六路),经南六路郑州爱玛金酒店,113.765663,34.707259,15238070286,8：00——22：00
管城回族区,50102,四川菜(川菜),重庆川菜馆,金岱路豫一路交叉口东南角,113.765354,34.667648,15683192888,8：00——22：00
管城回族区,50102,四川菜(川菜),川菜馆(郑州管城回族区紫辰路),紫东路57号2号楼1层附10号商业,113.693821,34.705775,15238320968,8：00——22：00
管城回族区,50102,四川菜(川菜),川豫家常菜(瑞源商务店),东明路南12号附3号,113.700827,34.739045,13674978929;15638123438,8：00——22：00
管城回族区,50102,四川菜(川菜),巴蜀川菜(经开第二大街店),郑州市经济开发区郑州经济技术开发区航海路与第二大街交汇处向南50米路西,113.743274,34.720074,13027615810;15801577394,8：00——22：00
管城回族区,50102,四川菜(川菜),重庆川菜馆(梁湖社区),朝凤路与博才路交叉口北20米,113.742971,34.706294,15136200190,8：00——22：00
管城回族区,50102,四川菜(川菜),重庆家常菜,金岱园农贸市场西门西北50米,113.728514,34.691542,15870558417,8：00——22：00
管城回族区,50102,四川菜(川菜),四川鲜面条(万通街店),万通街五洲小区四号院11号楼,113.748097,34.743591,13073705672,8：00——22：00
管城回族区,50102,四川菜(川菜),川渝小厨(郑州中兴产业园店),二十二大街中兴新业港28幢(金柳南路营业厅)旁,113.83271,34.724888,15870477703,8：00——22：00
管城回族区,50102,四川菜(川菜),蜀厨娘妈妈菜(长盛广场店),长盛广场,113.762207,34.731523,13526520782;18806563911,8：00——22：00
管城回族区,50102,四川菜(川菜),四川天府菜馆(东美家园店),郑州市经济技术开发区第五大街45号附41号,113.756084,34.710781,18539926479,8：00——22：00
管城回族区,50102,四川菜(川菜),大西昌川菜馆(大上海城东太康路店),西昌小区1号楼1层11号,113.668864,34.757024,13849076971,8：00——22：00
管城回族区,50102,四川菜(川菜),四川家常菜(宝景花园店),德信路宝景花园东侧,113.711228,34.722603,13140079559,8：00——22：00
管城回族区,50102,四川菜(川菜),四川牛肉面,银莺路74号靠近福都百货(航海路店),113.701389,34.718906,15837190577,8：00——22：00
管城回族区,50102,四川菜(川菜),蓉亭食贝(郑东商业中心店)(暂停营业),商都路卓越广场3楼(东周地铁站A口步行450米),113.763079,34.745008,0371-63795558;19339928201,8：00——22：00
管城回族区,50102,四川菜(川菜),四川担担面(永平路店),国龙绿城·怡园2期西2门西北190米,113.773565,34.741749,17855538768;18423328964,8：00——22：00
管城回族区,50102,四川菜(川菜),巴适的小板凳鲜切老火锅,紫荆山南路街道城东南路105号城东南路105号院,113.690255,34.728228,0371-66837555,8：00——22：00
管城回族区,50102,四川菜(川菜),天赐小馆(郑东商业中心),郑东新区永平路和康平路交叉口商业中心B区13号楼一层110,113.760025,34.74145,13523010015;19339913098,8：00——22：00
管城回族区,50102,四川菜(川菜),粗粮香厨(橡树玫瑰城北区店),橡树玫瑰城北区南门东120米,113.711373,34.710072,13526694857,8：00——22：00
管城回族区,50102,四川菜(川菜),蜀香川菜馆(阳光城8号院店),阳光城八号院东门十四号楼,113.715528,34.71425,13700888150,8：00——22：00
管城回族区,50102,四川菜(川菜),渝家小馆,未来城东1门旁,113.703639,34.752988,0371-65051199,8：00——22：00
管城回族区,50102,四川菜(川菜),蜀味麻辣鱼火锅(紫东路店),紫辰路与紫东路交叉口向南30米路西,113.693346,34.706461,18638605081,8：00——22：00
管城回族区,50102,四川菜(川菜),重庆酸菜鱼大盘鸡(第六大街店),管城回族区经济技术开发区航海路与第六大街交叉口南30米路东,113.757746,34.720183,17737136018;17737779938,8：00——22：00
管城回族区,50102,四川菜(川菜),巴奴毛肚火锅(商城路店),东明路商城路交叉口东北角10-5,113.700688,34.751131,0371-66352288;4000232577;19913807288,8：00——22：00
管城回族区,50102,四川菜(川菜),川家媳毛血旺(富田太阳城店),富田太阳城56号楼一楼,113.71629,34.724583,0371-66820088;13027749939;13949118787,8：00——22：00
管城回族区,50102,四川菜(川菜),四川面馆(江与亮),九鼎新天地东门,113.753759,34.718131,15639023388,8：00——22：00
管城回族区,50102,四川菜(川菜),老成都地摊鱼(芦邢庄花苑店),豫英路71号,113.69763,34.716712,19103856100,8：00——22：00
管城回族区,50102,四川菜(川菜),幺妹川菜馆,金岱街道金岱路阳光城6号院16-40,113.717606,34.708092,13668433583,8：00——22：00
管城回族区,50102,四川菜(川菜),桔贝川菜馆(万盟电商园店),万盟电商园西南门旁,113.717972,34.690946,15136256585;17737615685,8：00——22：00
管城回族区,50102,四川菜(川菜),西川巷子市井火锅(经南五路店),经南五路61号,113.743672,34.713626,13598778878;19036988592,8：00——22：00
管城回族区,50102,四川菜(川菜),老地方川菜馆,紫荆山南路辅路与豫一路交叉口东180米,113.688125,34.657325,18330074969,8：00——22：00
管城回族区,50102,四川菜(川菜),幺妹川菜馆(恒兴嘉苑店),莲湖路二七研究所门面房1-12号,113.790571,34.752323,17784206378,8：00——22：00
管城回族区,50102,四川菜(川菜),王记鲜炒鸡酸菜鱼烩面,郑东新区圃田乡卫生院门面房2号,113.819417,34.739321,15093327768;18239963655,8：00——22：00
管城回族区,50102,四川菜(川菜),林久永久炒鸡酸菜鱼(珠宝园店),南曹乡鼎盛街6号中原黄金珠宝产业园,113.730257,34.685799,0371-55120929;13137110929,8：00——22：00
管城回族区,50102,四川菜(川菜),伍记四川担担面,陇海东路66-34号,113.684136,34.74066,18530892905,8：00——22：00
管城回族区,50102,四川菜(川菜),任厨酸菜鱼,第九大街与经南四路交叉口向西50米南,113.768388,34.712415,13014678611,8：00——22：00
管城回族区,50102,四川菜(川菜),新概念鱼库秘制烤鱼(颐和家园店),德风街与云鹤路交口南50米路西,113.70655,34.724716,13383859697;18039292004,8：00——22：00
管城回族区,50102,四川菜(川菜),黄幺姑牛杂火锅,管城回族区经开区二十三街豪翔电商产业园东门进门右拐100米,113.836815,34.726317,15981848081,8：00——22：00
管城回族区,50102,四川菜(川菜),蜀味居毛血旺(五州汇富社区东区店),榆林社区12号院北门旁,113.754925,34.738294,15039086321;18695834068,8：00——22：00
管城回族区,50102,四川菜(川菜),金婆婆重庆小面重庆火锅(光彩店),人民路75号鸿成光彩,113.670175,34.755122,15515516109;18580951888,8：00——22：00
管城回族区,50102,四川菜(川菜),川家媳毛血旺(远大理想城店),远大理想城南区西2门北490米,113.733879,34.730364,13949118787,8：00——22：00
管城回族区,50102,四川菜(川菜),重庆鸡公煲(金城街店),管城回族区金城街25号蓝海港湾1号楼1层附5号西户,113.682985,34.726124,15638871290;15713899383,8：00——22：00
管城回族区,50102,四川菜(川菜),川奇麻辣香锅(郑东商业中心店),管城回族区郑东商业中心C区7-104,113.76131,34.742794,18651877235,8：00——22：00
管城回族区,50102,四川菜(川菜),川豫人家,豫一路紫晨路交叉口,113.735456,34.669076,15138939677,8：00——22：00
管城回族区,50102,四川菜(川菜),丰元小馆,经开第八大街与经北六路交叉口向东五百米路北五州人才社区西楼19号楼,113.769469,34.733459,18237187319,8：00——22：00
管城回族区,50102,四川菜(川菜),重庆小虎香辣鸡煲,陇海快速路河南省隆庆祥制衣有限公司,113.671978,34.740196,13663006782;13849198505,8：00——22：00
管城回族区,50102,四川菜(川菜),盐厨小馆,航海东路1369号格林山庄37号楼04号门面房,113.757767,34.71996,19515534683,8：00——22：00
管城回族区,50102,四川菜(川菜),川湘小厨(宏光合园店),经南二路42-19号,113.762612,34.717835,18703668556;18838930198,8：00——22：00
管城回族区,50102,四川菜(川菜),重庆菜馆,凤凰路20-5号,113.691696,34.743484,15803030906,8：00——22：00
管城回族区,50102,四川菜(川菜),川湘人家菜馆,A区四排118,113.744992,34.749565,15981849776,8：00——22：00
管城回族区,50102,四川菜(川菜),张小厨川香小厨,商都路街道永平路86号郑东商业中心C区六号楼104川香小厨小厨,113.761219,34.742172,17365990085,8：00——22：00
管城回族区,50102,四川菜(川菜),醉半坡川菜馆,虹彩路与延庆路交叉口西南460米,113.727875,34.660004,13323879093,8：00——22：00
管城回族区,50102,四川菜(川菜),川湘居(东三马路18号院店),东三马路熊耳河以西18号2号楼西单元1层18号,113.672692,34.744221,13673635249;13803815249,8：00——22：00
管城回族区,50102,四川菜(川菜),胖娃川菜馆(路北店),未来城南1门西60米,113.701794,34.751162,0371-55915987,8：00——22：00
管城回族区,50102,四川菜(川菜),曹记重庆小面,管城回族区嵩阳中学家属院北1号门面房,113.720127,34.702257,15690882518,8：00——22：00
管城回族区,50102,四川菜(川菜),高掌柜烩面王川味炒菜全羊鲜汤大盘鸡,南曹乡南曹街道梦想路与祥和路足球公园006-008号,113.74753,34.67278,13903995669;18538155938,8：00——22：00
管城回族区,50102,四川菜(川菜),重庆小吃串串香(逸泉小区店),南曹乡逸泉小区十七号楼二单元一楼门面房,113.712562,34.706838,18530937903,8：00——22：00
管城回族区,50102,四川菜(川菜),成渝市井火锅,毛庄村138号,113.740812,34.696347,13323821276,8：00——22：00
管城回族区,50102,四川菜(川菜),张记川湘口水鸡,郑东新区万通街与普惠路交叉口向东五十米,113.770531,34.742706,15893659017;18348360871,8：00——22：00
管城回族区,50102,四川菜(川菜),襄县焖面麻辣兔鲜炒鸡,德风街北德路,113.711295,34.728246,13523038393,8：00——22：00
管城回族区,50102,四川菜(川菜),胃知味特色酸菜鱼,南关街道布厂街53号陇兴花园小区,113.668534,34.739405,18339827982,8：00——22：00
管城回族区,50102,四川菜(川菜),路记辣子鸡,大孙庄工业园区北侧50米,113.829176,34.730042,13838575626,8：00——22：00
管城回族区,50102,四川菜(川菜),港湾烧烤大盘鸡,城东南路37号幸福港湾A区5栋1层,113.693088,34.725075,15903698429,8：00——22：00
管城回族区,50102,四川菜(川菜),豫熹厨碳锅鸡碳锅鱼,管城回族区管城回族区经济技术开发区第三大街与博才路交叉口向西300米路北38号,113.741941,34.706436,15903606337,8：00——22：00
管城回族区,50102,四川菜(川菜),川香小厨(百鸿机电店),方润路百鸿五金机电市场,113.675949,34.637138,13633825270,8：00——22：00
管城回族区,50102,四川菜(川菜),湖南辣子鸡(富康商业步行街店),郑东新区经北六路与第八大街交叉岔口东600米富康步行街6号楼,113.770901,34.734024,18677192415,8：00——22：00
管城回族区,50102,四川菜(川菜),川香小厨(瑞源商务店),瑞源商务(凤凰台南地铁站C口步行360米),113.700348,34.739025,15238312381,8：00——22：00
管城回族区,50102,四川菜(川菜),御健阿康炒鸡,南曹乡宜和路132号,113.752873,34.661845,15515976830,8：00——22：00
管城回族区,50102,四川菜(川菜),京慧园麻辣香锅(云尚店),康平路与商都路辅路交叉口西南100米,113.760641,34.745228,18909208329,8：00——22：00
管城回族区,50102,四川菜(川菜),王祥军四川担担面(东大街店),东大街街道东大街名鞋大厦119号1层,113.679402,34.749864,13525561329;13996521919,8：00——22：00
管城回族区,50102,四川菜(川菜),重庆云阳鲜面条,经北四路与经开第二十大街交叉口东北380米,113.829807,34.731656,13653856232,8：00——22：00
管城回族区,50102,四川菜(川菜),川豫小馆(拓丰·祥和居西苑店),经南八路与腾达路交叉口向东300米路南,113.788922,34.69424,18790267857;19937531518,8：00——22：00
管城回族区,50102,四川菜(川菜),香锅里辣·麻辣香锅(郑州东明路博览中心地铁站宜必思酒店店),茂祥大厦北门旁,113.700619,34.750637,13683822253,8：00——22：00
管城回族区,50102,四川菜(川菜),登登牌牛肉冒菜(裕鸿国际店),紫荆山路63号裕鸿国际D座F1层,113.6832,34.752882,13623807578,8：00——22：00
管城回族区,50102,四川菜(川菜),太渝毛肚火锅(富田新天地店),管城回族区富田新天地三楼,113.713525,34.721525,0371-88187775;15890156886,8：00——22：00
管城回族区,50102,四川菜(川菜),川肴团餐,商都路112号(圃田西地铁站C口步行270米),113.791959,34.743038,13373912332,8：00——22：00
管城回族区,50102,四川菜(川菜),川奇麻辣香锅(知了公寓店),霞飞路与求知路交叉口西120米,113.686675,34.677925,16696617543,8：00——22：00
管城回族区,50102,四川菜(川菜),李大毛老重庆地摊火锅,经南二路李大毛老重庆地摊火锅,113.763035,34.717836,15981946428,8：00——22：00
管城回族区,50102,四川菜(川菜),辛辛燃-砂锅(朝凤路店),管城回族区经开区朝凤路78-57(亚太明珠东1门),113.733514,34.72951,18037498056,8：00——22：00
管城回族区,50103,广东菜(粤菜),豫如意粤浙菜(路劲·东方陆港店),商鼎路56-5号路劲·东方陆港,113.758994,34.756293,15538336236,8：00——22：00
管城回族区,50103,广东菜(粤菜),澜溪湾粤菜融合菜(正商·经开广场店),第九大街经南二路交叉口东200米,113.771227,34.717984,15736780796,8：00——22：00
管城回族区,50103,广东菜(粤菜),广东客家白宫饭店,上元街与弓背街交叉口西北20米,113.667584,34.747031,18625527236,8：00——22：00
管城回族区,50103,广东菜(粤菜),广东斌姐猪肚鸡(未来路店),二里岗街道陇海东路4号路路通万喜名家,113.70359,34.740114,13137707599,8：00——22：00
管城回族区,50103,广东菜(粤菜),朋记广东烧腊(逸泉小区店),逸泉小区西门旁,113.712552,34.706137,15981872988,8：00——22：00
管城回族区,50103,广东菜(粤菜),广东潮汕马记老鹅店,西大街街道管城区上元街7号附8-9号,113.667916,34.747015,13838100338,8：00——22：00
管城回族区,50103,广东菜(粤菜),吉狮潮粥粤点(阜民里店),前阜民里34号,113.671075,34.745994,17700662989,8：00——22：00
管城回族区,50103,广东菜(粤菜),八粤食午,经开第一大街与经南三路交叉口西南120米,113.73917,34.716351,19137904122,8：00——22：00
管城回族区,50103,广东菜(粤菜),粤私房,商都路与康平路西北100米,113.759738,34.746896,13526809495;13534819228,8：00——22：00
管城回族区,50103,广东菜(粤菜),汇美茂三楼粤仔记,汇美茂三楼粤仔记c036,113.700215,34.703964,15670379215,8：00——22：00
管城回族区,50103,广东菜(粤菜),六合苑融合私房菜(经开区店),经南三路三大街交叉口向西50米路南六合苑融合私房菜,113.745316,34.71593,0371-88012888;19139776123,8：00——22：00
管城回族区,50103,广东菜(粤菜),锦盛园·豫粤珍味(建业天筑店),东风南路康宁街交叉口向西二百米,113.764472,34.751526,18039118655,8：00——22：00
管城回族区,50103,广东菜(粤菜),拾广巷广式烧腊饭(郑东商业中心店),郑东新区郑东商业中心C区6号楼118号,113.760957,34.74207,15738860495,8：00——22：00
管城回族区,50103,广东菜(粤菜),拾广巷广式烧腊饭文兴路店(万盟电商园店),文兴路7-9,113.717871,34.69112,13027766385,8：00——22：00
管城回族区,50103,广东菜(粤菜),粤聚兴猪肚鸡(富田新天地店),富田新天地三楼,113.713281,34.721559,16696008015;18595693638,8：00——22：00
管城回族区,50103,广东菜(粤菜),粤式餐厅(通利·紫荆尚都店),紫荆山路通利·紫荆尚都,113.68377,34.735677,0371-55681655,8：00——22：00
管城回族区,50103,广东菜(粤菜),任记广粤烧腊(远大理想城店),远大理想城南区西2门北190米,113.733857,34.72817,15515842729,8：00——22：00
管城回族区,50103,广东菜(粤菜),福笙记粤式牛杂煲(盛华里购物中心店),管城回族区经济技术开发区盛华里购物中心室外美食街二楼F2028,113.752866,34.7224,15638811381,8：00——22：00
管城回族区,50103,广东菜(粤菜),朴园茶餐厅(南三环店),凯宾世家酒店西南门旁,113.670859,34.700652,0371-65708889;15138917770,8：00——22：00
管城回族区,50103,广东菜(粤菜),鲜纪元宁波海鲜(心怡路店)(暂停营业),,113.774364,34.740362,0371-88881926,8：00——22：00
管城回族区,50103,广东菜(粤菜),蓉亭锦粤(郑东商业中心店)(暂停营业),商都路卓越广场1楼2楼,113.762801,34.745156,0371-88825888;0371-88826888,8：00——22：00
管城回族区,50104,山东菜(鲁菜),鲁山揽锅菜(郑州东明店),郑汴路与东明路交叉口向北100米,113.699866,34.749261,15617639168;15617639169,8：00——22：00
管城回族区,50104,山东菜(鲁菜),康小胖山东炒鸡,通站路12号,113.677677,34.712346,18337174735,8：00——22：00
管城回族区,50104,山东菜(鲁菜),山东杠子馍,管城回族区杨真真馒头坊,113.847025,34.728325,13838587982,8：00——22：00
管城回族区,50104,山东菜(鲁菜),正宗鲁山揽锅菜(二大街店),航海路与第二大街交叉口向南500米路东1291号商铺,113.743551,34.71814,17320109392,8：00——22：00
管城回族区,50104,山东菜(鲁菜),鲁山揽锅菜(正商华钻店),正商华钻湾景1号院南门西100米,113.697457,34.706717,13683825737;15093277504,8：00——22：00
管城回族区,50104,山东菜(鲁菜),鸣升鲜炒鸡(玉城街店),金锣湾鸿福园1-110,113.689032,34.723044,18339209320,8：00——22：00
管城回族区,50104,山东菜(鲁菜),味滋尚黄焖鸡米饭溢香沅过桥米线(美景鸿城店),尚义路4-20(美景鸿城三期东门),113.721695,34.71769,18937883668,8：00——22：00
管城回族区,50105,江苏菜,扬州药膳鸡(管城总店),紫荆山路与航海东路交叉口西南角航海东路491号永恒·理想名苑,113.678625,34.719975,15161265271,8：00——22：00
管城回族区,50106,浙江菜,名人·名家国际精品酒店(商鼎路店),东风南路与商鼎路交汇处向西200米路北,113.764934,34.755695,0371-63760000;0371-66225678,8：00——22：00
管城回族区,50106,浙江菜,衢味楼,万通街棠颂别院16幢101,113.7579,34.744221,0371-67769118,8：00——22：00
管城回族区,50106,浙江菜,宴秋杭州菜(燕园店),榆林北路8号院南门旁,113.76054,34.756283,0371-66999169;17630008277,8：00——22：00
管城回族区,50106,浙江菜,满堂印象(富田太阳城店)新浙菜四季鲜,航海东路与中州大道交叉口向北400米路西明月路口,113.718065,34.724665,0371-88881115;0371-88881266,8：00——22：00
管城回族区,50106,浙江菜,浙江人快餐,郑东摇篮国际幼儿园西南门东北140米,113.744975,34.749658,18337110576,8：00——22：00
管城回族区,50106,浙江菜,叙茶.茶餐厅.江浙菜.海鲜.商务茶馆(经开福塔店),管城回族区郑州市经开区经北五路传媒路华润凯旋门东门叙茶茶餐厅,113.730841,34.73191,13384035686,8：00——22：00
管城回族区,50106,浙江菜,醉江南中餐厅,商都路与七里河南路交叉口向南500米路东,113.739078,34.743304,0371-55179666;13526865180,8：00——22：00
管城回族区,50106,浙江菜,钱塘人家(尚书苑店)(暂停营业),东瑞园社区西北门西北150米,113.75662,34.751186,0371-88905885,8：00——22：00
管城回族区,50107,上海菜,七贤渔夫老上海酥鱼(南关街店),南关街道南关街288号南关街288号院,113.675421,34.743568,18237186085,8：00——22：00
管城回族区,50107,上海菜,七贤渔夫老上海酥鱼(明月路店),明月路19号1号楼9号,113.708906,34.724256,15137157575,8：00——22：00
管城回族区,50107,上海菜,上海大众(众和4S店),十八里河镇大王庄村文治路与鼎尚街交叉口西南角,113.722772,34.690648,0371-53720999;0371-55555563,8：00——22：00
管城回族区,50107,上海菜,王婆大虾(二七广场总店),人民路鸿成光彩二楼75-5号,113.670142,34.755061,0371-63687287;15565515097,8：00——22：00
管城回族区,50108,湖南菜(湘菜),山下院子(湖南菜),陇海东路306-3号,113.68898,34.738911,13007515066,8：00——22：00
管城回族区,50108,湖南菜(湘菜),阿湘小碗菜,百草园,113.695906,34.723855,15134803721,8：00——22：00
管城回族区,50108,湖南菜(湘菜),小食候湘.优选湘菜(郑州东区店),和顺街6号广地和顺中心B座F1层,113.763886,34.755281,0371-58618566;15378762028,8：00——22：00
管城回族区,50108,湖南菜(湘菜),碗碗湘湘菜小炒,港湾路1号院金色港湾东门路西往南20米,113.706077,34.718417,13393728578,8：00——22：00
管城回族区,50108,湖南菜(湘菜),长沙大碗菜,未来路和陇海路交叉口往北路西100米,113.703657,34.739758,0371-60988711;15690873333,8：00——22：00
管城回族区,50108,湖南菜(湘菜),七里湘菜馆(西周路店),郑东新区商都路办事处五洲陶瓷城A1区7号一层,113.749726,34.746546,17737712598,8：00——22：00
管城回族区,50108,湖南菜(湘菜),雲栖湘湖南菜馆,康平路与万通街交叉口,113.759976,34.743934,0371-61034361;15303848461,8：00——22：00
管城回族区,50108,湖南菜(湘菜),老长沙湘菜馆,华润新时代广场商业中心2号楼108号,113.790919,34.756415,15726651923,8：00——22：00
管城回族区,50108,湖南菜(湘菜),湘菜馆(财富天阶店),财富天阶南门西170米,113.770508,34.727228,18236764119,8：00——22：00
管城回族区,50108,湖南菜(湘菜),宴十五湘菜馆,永平路康平路交叉口西南角92-3,113.759746,34.740719,17836967185,8：00——22：00
管城回族区,50108,湖南菜(湘菜),憨老板儿湘菜馆,恒兴嘉苑北1门旁,113.79107,34.752293,19903862768,8：00——22：00
管城回族区,50108,湖南菜(湘菜),仝湘子湘菜馆,宏光合园西南门北70米,113.761346,34.718968,13383861987;15936809566,8：00——22：00
管城回族区,50108,湖南菜(湘菜),荷庭湘厨(总店),紫东路与紫辰路交叉口东南角,113.693776,34.707222,15038217821,8：00——22：00
管城回族区,50108,湖南菜(湘菜),毛氏湘菜馆(金盾商务大厦店),经开第八大街77-2号,113.765204,34.714053,13839195137,8：00——22：00
管城回族区,50108,湖南菜(湘菜),湘遇一家(湘菜馆),安平路与东周路交叉口向东300米路北,113.75638,34.736702,17700663288,8：00——22：00
管城回族区,50108,湖南菜(湘菜),湖南米粉牛肉面(商城东路27号院店),商城东路27号(郑州文庙地铁站C口步行410米),113.692075,34.750825,15903677377,8：00——22：00
管城回族区,50108,湖南菜(湘菜),湖南米粉牛肉面(农行家属院店),城东路街道商城东路150号农行家属院,113.70106,34.750805,15038338268,8：00——22：00
管城回族区,50108,湖南菜(湘菜),那家湘(城东路店),城东路572号1号楼185-4,113.691181,34.748019,18638700261,8：00——22：00
管城回族区,50108,湖南菜(湘菜),湘菜快餐(豫武花园店),豫武花园西南门旁(西周地铁站G口步行370米),113.749168,34.751865,18075865979,8：00——22：00
管城回族区,50108,湖南菜(湘菜),湖南米粉牛肉面(绿地新里花园二期店),普惠路2号8号楼1层附6号(列里路与东风南路交叉口向东200米路南),113.768071,34.738278,17737196135,8：00——22：00
管城回族区,50108,湖南菜(湘菜),湘悦府(拓丰·祥和居店),经济开发区潮河街道腾达路21号祥和居西苑,113.787623,34.693723,0371-88821838;17638545999,8：00——22：00
管城回族区,50108,湖南菜(湘菜),七碗湘辣椒炒肉(盛华里店),管城回族区经开区经北一路以南经开第四大街以东G-1号楼111,113.752097,34.722316,13140168109,8：00——22：00
管城回族区,50108,湖南菜(湘菜),湖南米粉牛肉面(城东路店),城东路与南仓街交叉口西南60米,113.690541,34.736821,13733846321;13939071510;15602564089,8：00——22：00
管城回族区,50108,湖南菜(湘菜),湖南米粉牛肉面(紫南花园东院店),紫东路121号永恒紫南花园旁,113.694043,34.707402,15238030526,8：00——22：00
管城回族区,50108,湖南菜(湘菜),黑婶·一家湘菜馆(升龙店),郑东新区普惠路68号1-2层附9号,113.771123,34.757395,15038353275,8：00——22：00
管城回族区,50108,湖南菜(湘菜),湘溪老街(紫荆山店),紫荆山路与法院东街西北角金成国贸1层,113.681316,34.751785,0371-66263388;0371-66283366,8：00——22：00
管城回族区,50108,湖南菜(湘菜),湖南米粉牛肉面(人保公司家属院店),管城街66号(西大街地铁站D口步行240米),113.676868,34.751748,17319755676;18339212252,8：00——22：00
管城回族区,50108,湖南菜(湘菜),湖湘悦,经北四路七大街,113.76268,34.729402,15093078988,8：00——22：00
管城回族区,50108,湖南菜(湘菜),晋里面山西刀削面川湘菜,华润置地新时代广场,113.792184,34.755504,15238384676,8：00——22：00
管城回族区,50108,湖南菜(湘菜),岩哥土鲫鱼·平价湘菜(紫东路店),紫东路与紫辰路交叉口向东100米路北,113.693946,34.70786,17337115488,8：00——22：00
管城回族区,50108,湖南菜(湘菜),潇湘美食(经开区总店),第六大街134号,113.757407,34.72307,15238314188,8：00——22：00
管城回族区,50108,湖南菜(湘菜),湘辣食客(正商·经开广场店),正商经开广场1号楼109号湘辣食客,113.77095,34.719904,15973756768,8：00——22：00
管城回族区,50108,湖南菜(湘菜),酒点半烧烤龙虾·川湘菜,第九大街与经南四路交叉口西南角小过道美食街,113.768756,34.711992,15978406751,8：00——22：00
管城回族区,50108,湖南菜(湘菜),岩哥土鲫鱼·平价湘菜(郑汴路店),郑汴路与东明路交叉口绿都锦苑1号楼102-1号商铺,113.700873,34.747395,15981969588,8：00——22：00
管城回族区,50108,湖南菜(湘菜),岩哥土鲫鱼·平价湘菜(第五大街店),航海东路与经开第五大街交叉口向南100米路西,113.753824,34.719845,13849173513,8：00——22：00
管城回族区,50108,湖南菜(湘菜),川湘风味快餐,莲湖路3号,113.808315,34.750655,13223093598,8：00——22：00
管城回族区,50108,湖南菜(湘菜),湘竹小灶(凤凰城店),未来路与陇海路交叉口向北100米路西,113.703677,34.741068,15639942267,8：00——22：00
管城回族区,50108,湖南菜(湘菜),湘辣食客(双子塔店),绿地双子塔北塔云尚美食城一楼,113.767426,34.759657,18907377990,8：00——22：00
管城回族区,50108,湖南菜(湘菜),LP私房菜(台商大厦店),心怡路台商大厦(康宁街地铁站E口步行460米),113.773337,34.754154,0371-53380777;0371-55357999,8：00——22：00
管城回族区,50108,湖南菜(湘菜),湘辣食客(绿都广场店),郑汴路76号绿都广场A座1层76-6号,113.703041,34.747766,18627374066,8：00——22：00
管城回族区,50108,湖南菜(湘菜),湘情小炒(粮食局家属院店),城东路街道商城东路119号粮食局家属院(食盐小区东),113.696282,34.750803,15290177981,8：00——22：00
管城回族区,50108,湖南菜(湘菜),老孙头泡馍馆(长城康桥花园店),货栈北街12号,113.696267,34.745281,18638605255,8：00——22：00
管城回族区,50108,湖南菜(湘菜),猪冠湘西红烧肉(橡树玫瑰城店),中州大道1899号59号楼1-2层商号,113.710148,34.709358,15890675281,8：00——22：00
管城回族区,50108,湖南菜(湘菜),兰袖厨川湘联盟(空管花园店),西刘街与七里河南路交叉口东100米,113.7388,34.741741,15378751053,8：00——22：00
管城回族区,50108,湖南菜(湘菜),偶遇湘川(美景鸿城店),腾飞路西七里河路北商业7号商铺1-2层105,113.719837,34.719595,18638117396,8：00——22：00
管城回族区,50108,湖南菜(湘菜),新仲记手擀面卤肉(远大理想城店),经北五路9-52,113.738346,34.730722,18300663705,8：00——22：00
管城回族区,50109,安徽菜(徽菜),知耕记徽州菜(升龙广场店),榆林北路与普惠路交叉口西南60米,113.77088,34.756422,0371-67723666,8：00——22：00
管城回族区,50109,安徽菜(徽菜),容大餐饮·徽小馆·臭鳜鱼(凯利国际中心店),凯利国际中心A座,113.777664,34.74686,0371-80953966,8：00——22：00
管城回族区,50110,福建菜,白水三川闽南茶食(生活美学体验馆),城南路阜民里白水三川闽南文化体验馆(清真女寺东20米),113.672638,34.745494,18538939288,8：00——22：00
管城回族区,50110,福建菜,厦门小厨(世纪家苑店),经济开发区明湖街道经开第二大街33号世纪家苑,113.744261,34.716129,13164334149,8：00——22：00
管城回族区,50110,福建菜,厦门小厨(永丰心座店),永丰心座东2门旁,113.711206,34.724878,13623804098,8：00——22：00
管城回族区,50110,福建菜,闽豫中餐厅(金多银多珠宝店),紫荆山路72号裙楼4楼C区01号,113.68163,34.748684,0371-63328633,8：00——22：00
管城回族区,50110,福建菜,厦门小厨(正商新蓝钻F区店),港湾路3-3号(航海广场地铁站B口步行460米),113.705913,34.716984,16692191389,8：00——22：00
管城回族区,50110,福建菜,海圣娘海鲜楼(西单公寓店),管城区西大街21号1-2层202楼,113.674376,34.751015,18203993699,8：00——22：00
管城回族区,50110,福建菜,福建洪濑鸡爪,航海东路街道航海东路12号永丰心座,113.711212,34.724703,17729763954,8：00——22：00
管城回族区,50110,福建菜,沙县小吃黄焖鸡米饭,经开第一大街经南五路交叉口,113.738138,34.715399,13223802008;18613655506,8：00——22：00
管城回族区,50110,福建菜,沙县小吃(重庆家常菜),法院东街113号,113.68053,34.751643,15638597692;17398990723,8：00——22：00
管城回族区,50110,福建菜,沙县小吃(康桥菜市场店),腾达路与明理南路交叉口东60米,113.803023,34.695386,18259737611,8：00——22：00
管城回族区,50111,北京菜,五顺斋清真烤鸭(北顺城街老店),西大街85号富春公寓,113.671027,34.751616,0371-66207069,8：00——22：00
管城回族区,50111,北京菜,老北京涮锅·清真(滨河店),康桥悦城7号院商铺109,113.797814,34.690137,0371-60160619;18039275903,8：00——22：00
管城回族区,50111,北京菜,赵记北京烤鸭店(布厂街店),,113.668436,34.737957,15138915879;18236436398,8：00——22：00
管城回族区,50111,北京菜,五顺斋烤鸭(城东路店),商城东路27号院南(管城回族区政府附近),113.691676,34.75,0371-86085559;13838041050,8：00——22：00
管城回族区,50111,北京菜,聚德老北京烤鸭(经南二路店),经南二路与第六大街交叉口东府饭店门口,113.756443,34.717555,17752509508,8：00——22：00
管城回族区,50111,北京菜,北京全德果木烤鸭店(福都广场店),航海东路芦邢庄花苑沿街门面房53号附1号,113.700963,34.717979,15290876778,8：00——22：00
管城回族区,50111,北京菜,品意德北京烤鸭(航海路店),航海路39-8号,113.703336,34.720689,15838362939,8：00——22：00
管城回族区,50111,北京菜,北京烤鸭店(荷塘月色店),紫东路紫宸路交叉口西北角,113.692443,34.707546,13674962606;17303762177,8：00——22：00
管城回族区,50111,北京菜,五顺斋清真烤鸭(郑东商业中心店),农业南路与万通街交叉口东北角,113.756596,34.744066,0371-58588885,8：00——22：00
管城回族区,50111,北京菜,御尚德北京烤鸭(城东路店),城东南路豫筑路交叉口向南五十米路西,113.690197,34.729983,15713692022;18530852242,8：00——22：00
管城回族区,50111,北京菜,枣木牌烤鸭(航海路店),航海路东路32号4号楼一层18号,113.705821,34.721248,18737111012,8：00——22：00
管城回族区,50111,北京菜,品意德北京烤鸭(列里路店),鑫苑·世纪东城东苑北1门西70米,113.761308,34.738264,19937082211,8：00——22：00
管城回族区,50111,北京菜,北京果木烤鸭(玫瑰城店),中州大道南三环橡树玫瑰城南台路5-11号,113.712222,34.705706,15515687345,8：00——22：00
管城回族区,50111,北京菜,惠福德北京烤鸭(凤仪佳苑店),城东路街道凤凰路18号凤仪佳苑,113.693092,34.743543,18737125726,8：00——22：00
管城回族区,50111,北京菜,杨记久品香北京烤鸭(小店村居住区店),小店村居住区东区12幢(永平路北),113.754248,34.741333,15136200225;17752536972,8：00——22：00
管城回族区,50111,北京菜,一品京城烤鸭(紫航广场店),金锣湾赵堡新村5号楼一楼附7号,113.686575,34.721275,15639774566,8：00——22：00
管城回族区,50111,北京菜,京城一只鸭北京烤鸭(国联农贸市场店),郑州经开区育人学校南门旁,113.755609,34.71755,15565079828,8：00——22：00
管城回族区,50111,北京菜,冯记手撕烤鸭,郑汴路凌云路交叉口向北10米,113.694221,34.747568,13032193031,8：00——22：00
管城回族区,50111,北京菜,京味北京烤鸭(美景鸿城店),航海路腾飞路交叉口向南300米路西,113.721625,34.717519,18736089446,8：00——22：00
管城回族区,50111,北京菜,北京烤鸭(紫南花园店),紫南花园1期东北1门东南50米,113.693756,34.70587,13673832110,8：00——22：00
管城回族区,50111,北京菜,赵一福北京烤鸭,,113.691154,34.710694,15617787690,8：00——22：00
管城回族区,50111,北京菜,小迷糊北京烤鸭周黑鸭,陇海东路191豫泰商厦一层东24号,113.668216,34.738932,18117422101,8：00——22：00
管城回族区,50111,北京菜,京宴北京烤鸭(七里河店),七里河农贸市场东南门旁,113.716576,34.716687,15538257327;17324823428,8：00——22：00
管城回族区,50111,北京菜,聚来轩烤鸭店,北下街街道清真寺街60号清真寺街60号院,113.680833,34.754435,13283852182;17513289132,8：00——22：00
管城回族区,50111,北京菜,有家北京烤鸭,城东路与航海东路交叉口东南40米,113.690761,34.720508,17760794103,8：00——22：00
管城回族区,50111,北京菜,北京烤鸭(富康商业步行街店),经北六路第八大街交叉口东600米富康步行街1号楼2号商铺,113.771974,34.733608,13149000026;18258822321,8：00——22：00
管城回族区,50111,北京菜,御品手撕烤鸭(永平路店),永平路五州菜市场小吃一条街东侧4号,113.756161,34.740752,15138909961,8：00——22：00
管城回族区,50111,北京菜,全德烤鸭(商城路直营店),东关小学南门旁,113.693714,34.750846,15324965323,8：00——22：00
管城回族区,50111,北京菜,味好鸭北京烤鸭(金星啤酒厂小区店),新郑路196号金星啤酒厂小区,113.678969,34.731328,17513143299;18749871396,8：00——22：00
管城回族区,50111,北京菜,京城一只鸭北京烤鸭(卢浮公馆店),永平路19-19号,113.769449,34.73953,18338009897,8：00——22：00
管城回族区,50111,北京菜,忆口香手撕烤鸭,金岱街道鼎尚街1-3A,113.730104,34.694061,19139965332,8：00——22：00
管城回族区,50111,北京菜,老北京烤鸭(鑫苑店),紫云路39号永丰新都3期27号楼1层39号附1号商铺,113.677182,34.711759,13303860985,8：00——22：00
管城回族区,50111,北京菜,一家很哇塞的片皮北京烤鸭,紫云路72号院3号楼1层附6号,113.67656,34.701109,18137180985;18701273432,8：00——22：00
管城回族区,50111,北京菜,京典北京烤鸭,管城回族区紫荆华庭润园西门商铺115号,113.687917,34.697503,18039220861,8：00——22：00
管城回族区,50111,北京菜,炉味酥·北京烤鸭,东周路与列里路交叉口五洲小区九号院门面房65-31号,113.754058,34.738496,16639041753;18143993869,8：00——22：00
管城回族区,50111,北京菜,老北京炸酱面(供电局家属院30号院店),供电局家属院30号院北门西180米,113.700407,34.746534,15236371632,8：00——22：00
管城回族区,50111,北京菜,杨氏干拌烤鸭,康平路92号附1号3号楼五洲菜市场一楼玻璃房4号,113.756542,34.740221,13246666180,8：00——22：00
管城回族区,50111,北京菜,正宗黄记手撕烤鸭,管城回族区富康商业步行街11号楼正宗黄记手撕烤鸭,113.771384,34.733642,13783459030,8：00——22：00
管城回族区,50111,北京菜,馋嘴手撕烤鸭(远大理想城店),管城回族区经开区经北五路,113.738698,34.730689,13598383700,8：00——22：00
管城回族区,50111,北京菜,京师名炉手撕烤鸭,,113.668001,34.747442,13366252599,8：00——22：00
管城回族区,50111,北京菜,老京都烤鸭坊(经北六路店),郑东新区经北六路第五大街万通公寓1号,113.75459,34.734095,15981917701,8：00——22：00
管城回族区,50111,北京菜,顶尖中国红皮烤鸭,德济路12号中原美博城,113.67424,34.743823,13526621707,8：00——22：00
管城回族区,50111,北京菜,老北京炸酱面航海路总店,航海东路1269-6号航海东路交叉口向西50米,113.742648,34.720549,15638411394,8：00——22：00
管城回族区,50111,北京菜,百年一豫丹江鱼,中兴南路与福禄街108号河南商会大厦一楼101号,113.777614,34.748975,0371-89998666;18236917369,8：00——22：00
管城回族区,50111,北京菜,清真·老北京铜锅涮(豫一路店),十八里河街道浔江中路与裕国路交叉口东北角往北30米路东一楼,113.72372,34.664528,0371-63335548,8：00——22：00
管城回族区,50111,北京菜,小甫涮锅(新郑路店),二里岗街道新郑路206号七号楼,113.680248,34.729144,13849183071,8：00——22：00
管城回族区,50111,北京菜,老北京串串香(陇兴花园小区店),布厂街,113.668496,34.739127,18037770755,8：00——22：00
管城回族区,50111,北京菜,御锅苑涮锅(管城街民族小区店),管城街与商城路向南100米路东,113.677243,34.751623,0371-63337375;15903691651,8：00——22：00
管城回族区,50111,北京菜,金汤爆肚(南关街店),南关街与民乐北里交叉口北80米,113.675562,34.742876,13598098036,8：00——22：00
管城回族区,50111,北京菜,麦香汉堡(花都港湾店),花寨路16号院花都港湾(南三环地铁站C口旁),113.681877,34.699925,13523550718;13526793208,8：00——22：00
管城回族区,50111,北京菜,御李记五香酱牛肉(清真),联运家属院南门东30米(陇海东路地铁站A口步行200米),113.684828,34.737405,18538006011,8：00——22：00
管城回族区,50111,北京菜,老北京炸酱面·酸菜鱼(远大理想城店),经北五路与经开第一大街向西20米路南,113.739276,34.730705,13223081261,8：00——22：00
管城回族区,50112,湖北菜(鄂菜),武汉热干面砂锅(紫楠花园店),紫辰路31号院紫楠花园临街商铺18-1号,113.689955,34.711165,18303867328,8：00——22：00
管城回族区,50112,湖北菜(鄂菜),九头鸟热干面(百盛店),商城路北顺城街36号(百盛东门),113.671991,34.753953,15890166298;18569922297,8：00——22：00
管城回族区,50112,湖北菜(鄂菜),九头鸟热干面(东盛四大街农贸市场店),郑州市经济技术开发区航海路与第四大街交叉口向南两百米路西,113.750253,34.718847,15036151278,8：00——22：00
管城回族区,50112,湖北菜(鄂菜),九头鸟热干面(货站街店),货站街162-12号,113.706232,34.737417,17760771236,8：00——22：00
管城回族区,50112,湖北菜(鄂菜),九头鸟热干面,航海东路与银莺路交叉口东180米,113.70337,34.720689,13783618499,8：00——22：00
管城回族区,50112,湖北菜(鄂菜),武汉热干面馋嘴饼(瑞豪·上林苑店),郑东新区西刘街20号1号商铺西第一间,113.740362,34.742042,13333858726,8：00——22：00
管城回族区,50112,湖北菜(鄂菜),九头鸟热干面(城东路店),城东路131号附1号,113.691251,34.751233,13939077260,8：00——22：00
管城回族区,50112,湖北菜(鄂菜),九头鸟热干面,货栈北街46号1号楼1层,113.696223,34.746021,13043714828;13849113975;18838155451,8：00——22：00
管城回族区,50112,湖北菜(鄂菜),九头鸟热干面(新郑路店),南关街陇海市场饮食区南排13号,113.677864,34.738508,13592480101,8：00——22：00
管城回族区,50112,湖北菜(鄂菜),九头鸟热干面(陇海路店),东安嘉苑东苑北门西北100米,113.757612,34.73677,18137886067;18257560979,8：00——22：00
管城回族区,50112,湖北菜(鄂菜),九头鸟热干面店,城东路街道郑汴路5号东单元1层门面房,113.698386,34.747076,13949006809,8：00——22：00
管城回族区,50112,湖北菜(鄂菜),九头鸟热干面(商城路店),商城东路121号1号楼底层(商城东路电子技术学院家属院对面),113.696281,34.750803,13523476758;15638407759,8：00——22：00
管城回族区,50112,湖北菜(鄂菜),九头鸟热干面,二里岗南街475号18楼101商铺,113.68482,34.729175,18638581160,8：00——22：00
管城回族区,50113,东北菜,贤鹅庄(航海东路店),航海东路1327号(福塔东地铁站D口步行340米),113.751551,34.720718,13700886134,8：00——22：00
管城回族区,50113,东北菜,咱佳屯铁锅炖,商城东路159号(博览中心地铁站F口步行480米),113.702373,34.75103,15138603527,8：00——22：00
管城回族区,50113,东北菜,何福记东北饺子酱大骨(康宁街店),农业南路与康宁街交汇处向东,113.759149,34.75187,0371-86255708;18838906993,8：00——22：00
管城回族区,50113,东北菜,黄老百农家铁锅炖(商城东路店),玉凤路与商城东路交叉口往西20米路北,113.708256,34.75199,0371-88816890;18624973536,8：00——22：00
管城回族区,50113,东北菜,乡村大锅台地锅鸡(二里岗店),紫荆山路与二里岗南街东北角,113.68257,34.72942,15617602866,8：00——22：00
管城回族区,50113,东北菜,豫姥家大锅台,未来路货站北街,113.696999,34.738772,15238652658,8：00——22：00
管城回族区,50113,东北菜,东北烧烤铁锅炖饺子城,经开第五大街航海东路108-13号,113.753729,34.720495,13694556988;19937411879,8：00——22：00
管城回族区,50113,东北菜,东北饺子酱大骨(阳光城店),金岱路与岗东路交叉路口向南100米,113.715326,34.708161,13838341015,8：00——22：00
管城回族区,50113,东北菜,(好望饺)哈尔滨饺子家常菜,汉星路15号,113.808033,34.752454,15946047333,8：00——22：00
管城回族区,50113,东北菜,姥家大锅台(紫荆山路店),紫荆山路112号芙蓉湾1号楼102,113.682451,34.729642,17538711234,8：00——22：00
管城回族区,50113,东北菜,杨泽福东北饺子酱大骨(众城街店),紫辰路与众城街交叉口向北200米,113.68594,34.716147,16638011233,8：00——22：00
管城回族区,50113,东北菜,鑫扬自助大骨头(经北六路店),郑东新区第八大街与经北六路交叉口向东600米富康步行街7号楼7号,113.770895,34.734243,15036111630,8：00——22：00
管城回族区,50113,东北菜,艺隆砂锅(橡树玫瑰城店),橡树玫瑰城北区南门东150米,113.711625,34.71007,13783645435;13938190991,8：00——22：00
管城回族区,50113,东北菜,东北饺子手擀面(蓝海港湾芙蓉湾店),紫荆山路二里岗南街蓝海港湾芙蓉湾112-21,113.682614,34.730203,13104342636;15844443624,8：00——22：00
管城回族区,50113,东北菜,东北饺子锅包肉地锅炖(农业南路店),万通路与农业南路交叉口西北角,113.755904,34.744119,13838537488,8：00——22：00
管城回族区,50113,东北菜,姥家大锅台(郑州总店),未来路与石化路交口东南角(石化路东南角),113.704729,34.732422,0371-55050563;13676990158,8：00——22：00
管城回族区,50113,东北菜,老东北铁锅炖私房菜(万科福晟万科誉店),万科福晟万科誉南门西70米,113.77073,34.74308,13836335272;15945499007,8：00——22：00
管城回族区,50113,东北菜,印象东北大馅饺子(亚太明珠店),经济开发区明湖街道朝凤路78号亚太明珠,113.733509,34.730673,15038136540,8：00——22：00
管城回族区,50113,东北菜,东北私房菜饺子,商城东路151号院1号楼1层2号附,113.701768,34.750814,13253598000,8：00——22：00
管城回族区,50113,东北菜,东北饺子家乡菜,经南五路59号,113.743276,34.713768,17303712058,8：00——22：00
管城回族区,50113,东北菜,秘制地锅柴鸡(瑞豪·上林苑店),瑞豪·上林苑南2门旁,113.740027,34.742115,13461301668;15639073297,8：00——22：00
管城回族区,50113,东北菜,知味小厨东北饺子酱大骨(恒大绿洲一期店),恒大绿洲一期南门东70米,113.76389,34.713049,15776228880,8：00——22：00
管城回族区,50113,东北菜,东北饺子手擀面酱大骨(七里河店),尚义路3-16(七里河地铁站D口步行490米),113.722365,34.717132,15130235150,8：00——22：00
管城回族区,50113,东北菜,东北大饭包(凌云路店),凌云路联华商贸市场东21号,113.694413,34.750201,19517276029,8：00——22：00
管城回族区,50113,东北菜,东北老式锅包肉朝鲜大冷面(航海花园店),航海路与未来路交叉口西北角,113.705775,34.721248,13653700161,8：00——22：00
管城回族区,50113,东北菜,东北食屋(郑州管城回族区),大宇颐园小区南门东100米,113.739118,34.724291,13949088505;15837196830,8：00——22：00
管城回族区,50113,东北菜,东北小院(五里堡店),紫荆山南路街道南五里堡街源升金锣湾赐福园,113.683623,34.722073,15237168922;17538137775,8：00——22：00
管城回族区,50113,东北菜,东北饺子酱大骨(未来路店),正商新蓝钻F区南门东110米,113.705993,34.716203,0371-63432868;19137169878,8：00——22：00
管城回族区,50113,东北菜,东北地锅炖(郑州文博城店),郑州文博城,113.760954,34.733573,13525287552;17797739711,8：00——22：00
管城回族区,50113,东北菜,一分利瓦罐,紫荆山南路街道客技路动车运用所向南50米,113.677531,34.719199,13526788726;18237100591,8：00——22：00
管城回族区,50113,东北菜,嘎嘎香东北老饭盒(二七店),南学街34号,113.672325,34.748075,19900977691,8：00——22：00
管城回族区,50113,东北菜,整点烧烤东北爆汁大油边,未来路正商新蓝钻F区,113.706002,34.716665,13007616558,8：00——22：00
管城回族区,50113,东北菜,东北烧烤饺子馆(智慧城邦双创中心店),鼎尚街与文兴路交叉路口往西南约150米饭店小吃,113.717593,34.68873,15704416039,8：00——22：00
管城回族区,50113,东北菜,花姐砂锅,北一街与新村南桥街中交叉口北80米,113.704417,34.661993,15939049286,8：00——22：00
管城回族区,50113,东北菜,北方餐厅(京港线店),京广快速路入口与107国道辅路交叉口南300米,113.677275,34.635482,13783695911,8：00——22：00
管城回族区,50113,东北菜,从前小院地锅炖,经济技术开发区(司赵地铁站C口步行120米),113.794221,34.678111,13015509990;19939273163,8：00——22：00
管城回族区,50113,东北菜,老仁义·清真菜(郑州店),蝶湖东三街16号,113.78417,34.691791,16638120808,8：00——22：00
管城回族区,50113,东北菜,杨掌柜辣椒炒肉(双子塔店),郑东绿地中心西门东北80米,113.767384,34.759616,0371-58683786,8：00——22：00
管城回族区,50113,东北菜,厨匠博炮崩鸡(七里河店),金岱街道腾飞路4号1号商业一钢三层105号,113.721306,34.718658,13393710099;13592533099,8：00——22：00
管城回族区,50113,东北菜,东北第1大油边烧烤炒菜地锅炖,管城美景鸿城三期2号,113.720537,34.71902,15561856567,8：00——22：00
管城回族区,50113,东北菜,广运来猪肚鸡(正商蓝钻店),未来路果园路交叉口东北角,113.706534,34.71632,13083602572,8：00——22：00
管城回族区,50113,东北菜,小满轻食饮品健康菜,康平路与永平路交叉口东北100米,113.761507,34.741717,15981828992,8：00——22：00
管城回族区,50113,东北菜,郏县风味豆腐菜烩羊肉(经南一路分店),烟草公司卷烟配送中心北门东北50米,113.749495,34.718605,13939055526;15513626811,8：00——22：00
管城回族区,50113,东北菜,豫姥家大锅台(美景鸿城店),美景鸿城三期商铺4-114,113.72162,34.717222,16697771380,8：00——22：00
管城回族区,50113,东北菜,信阳固始菜(郑州店),司家庄街与城北路交叉口东北20米,113.697809,34.755478,13383861711;13417864744,8：00——22：00
管城回族区,50113,东北菜,姥家大锅台(陇海东路店),南关街道金誉良苑德豫商务宾馆,113.673088,34.740036,0371-55038579;15093113392,8：00——22：00
管城回族区,50113,东北菜,赵帅老店,星光小区东北1门旁,113.671736,34.752581,13783562272,8：00——22：00
管城回族区,50113,东北菜,博爱买超酥肉丸子汤,烟厂西街与陇海东路交叉口西北60米,113.677303,34.740358,13203858487;13298374032;15136140865,8：00——22：00
管城回族区,50113,东北菜,本穆牦牛原汤拉面(中原金融产业园店),郑东新区百佛南路与潭南街交叉口东北侧中原金融产业园10号楼1楼101号,113.799791,34.749156,13673652887,8：00——22：00
管城回族区,50113,东北菜,澜亭叙茶餐厅,榆林南路与心怡路东北角中国银行入口向东30米永和宇宙星南门澜亭叙二楼,113.774832,34.753801,19337893530,8：00——22：00
管城回族区,50113,东北菜,伊利敖包牧歌涮羊肉烧烤(郑东新区店),农业南路与永平路交叉口东北角,113.756752,34.741544,16696151626,8：00——22：00
管城回族区,50113,东北菜,厨匠博炮崩鸡(橡树玫瑰城店),金岱街道南台路5-23,113.712365,34.706315,15038369490,8：00——22：00
管城回族区,50113,东北菜,豫姥家大锅台(橡树玫瑰城店),中州大道金岱路向东100米路北,113.710954,34.710075,18703879629,8：00——22：00
管城回族区,50113,东北菜,鑫农夫鲜炒小公鸡·砂锅鸡,郑汴路东明路交叉口东北角,113.700649,34.747389,15036034522,8：00——22：00
管城回族区,50113,东北菜,鹅掌柜地锅炖(南仓街店),二里岗街道城东路263号,113.686948,34.737266,18503888859,8：00——22：00
管城回族区,50113,东北菜,弟兄大排档,博瑞·盛和苑东北门东50米,113.678099,34.714751,18860397739,8：00——22：00
管城回族区,50113,东北菜,豫膳门·河南炒公鸡·开封麻辣兔(紫云路店),紫云路与红云路交叉口东北120米,113.676703,34.713277,13203729995,8：00——22：00
管城回族区,50113,东北菜,西部哈伦兰州牛肉面(紫荆华庭店),贺江路与青翠路交叉口东北角20米路东,113.688054,34.697062,19903719956,8：00——22：00
管城回族区,50113,东北菜,信阳私房菜(紫楠花园店),紫楠花园东北门西北120米,113.68876,34.711831,16603977712,8：00——22：00
管城回族区,50113,东北菜,菌汤大烩菜(南关街60号院店),烟厂后街与烟厂西街交叉口东北100米,113.676822,34.74253,17337159925;18860393929,8：00——22：00
管城回族区,50113,东北菜,法记大胡子烧鸡牛肉(南关街28号院店),陇海东路与南关街东北角28-1,113.675782,34.7401,13253538804,8：00——22：00
管城回族区,50113,东北菜,郏县饸饹面豆腐菜(文德路店),德采幼儿园东北门东南60米,113.72594,34.694621,15890054296,8：00——22：00
管城回族区,50113,东北菜,吉隆饺子手擀面(商英街店),商英街38-3号(中原福塔地铁站A口步行310米),113.735407,34.721529,18738117910,8：00——22：00
管城回族区,50113,东北菜,兰州牛肉拉面(商都嘉园店),商都嘉园穆庄小区东苑东北(商鼎路徐庄街穆庄小区东苑),113.811928,34.760213,16696012581,8：00——22：00
管城回族区,50113,东北菜,王记山野菜杂面条,耿庄南路与豫英路东北角正商华钻湾景1号院007号商铺,113.69674,34.706975,13603867578;15939027093,8：00——22：00
管城回族区,50113,东北菜,原阳烧饼(美景天城店),美景天城东北4门西北60米,113.71941,34.727954,13233840138,8：00——22：00
管城回族区,50113,东北菜,福满楼豫厨农家菜(贺江路店),贺江路青翠路交叉口东北角,113.688177,34.696892,15136485975,8：00——22：00
管城回族区,50113,东北菜,孙记扣碗大锅菜,德采幼儿园东北门旁,113.725834,34.694779,13783451953,8：00——22：00
管城回族区,50113,东北菜,温州家常菜(中岳新天地A区店),龙湖镇清风路与阳关大道交叉口东北角师苑小区三期创业中心3层2梯4号商铺,113.671368,34.743558,19937021766,8：00——22：00
管城回族区,50113,东北菜,刘记全羊肉鲜汤烩面泡馍(郑大市场街分店),南关街兴商公寓,113.675549,34.73884,13213119717;19900970607,8：00——22：00
管城回族区,50113,东北菜,云南过桥米线(大理寺店),东大街街道南关街173号南关街173号院,113.676213,34.745017,13253695050,8：00——22：00
管城回族区,50113,东北菜,焖面王大锅菜,紫东路与豫英路交叉口东北120米,113.698072,34.709413,18338356999,8：00——22：00
管城回族区,50113,东北菜,刘记碳锅鱼烧烤家常菜(远大理想城店),朝凤路远大理想城西门人行道17-12商铺,113.734386,34.727349,18838033443;19949292442,8：00——22：00
管城回族区,50114,云贵菜,贵州老店花江狗肉,新郑路172号,113.677937,34.738085,18838008894,8：00——22：00
管城回族区,50114,云贵菜,傣味鲜米线,盛华里负一楼,113.752834,34.722625,18137165516,8：00——22：00
管城回族区,50114,云贵菜,海底捞火锅(二七广场大观国贸店),乔家门路1号大观国贸B座11层,113.66699,34.744308,0371-55336161;0371-55336363,8：00——22：00
管城回族区,50114,云贵菜,米皮记清真餐厅(西大街店),西大街119号鸿鑫佳苑,113.673507,34.751298,15638538855,8：00——22：00
管城回族区,50114,云贵菜,云妹比那多特色火锅(荷塘月色东区店),荷塘月色东区,113.693074,34.708088,19059601927,8：00——22：00
管城回族区,50114,云贵菜,海底捞火锅(富田·新天地生日主题店),航海东路2号富田太阳城1期60号楼3楼,113.71256,34.721589,0371-55325566;0371-55325588,8：00——22：00
管城回族区,50114,云贵菜,鱼吉祥云南石锅鱼,富田太阳城东方美食街,113.716612,34.724845,18639497933,8：00——22：00
管城回族区,50114,云贵菜,西舍品茗(路劲·东方陆港店),路劲·东方陆港南门东90米,113.75942,34.755442,0371-68686388;17365982666,8：00——22：00
管城回族区,50114,云贵菜,瓦库(海汇港店),康宁街与普惠路交叉口西北140米,113.769913,34.753224,0371-53622111,8：00——22：00
管城回族区,50114,云贵菜,米皮记清真餐厅 (云尚店),云尚艾特米购物中心一层1017-1018,113.760153,34.745125,17703864428,8：00——22：00
管城回族区,50114,云贵菜,海底捞火锅(郑东商业中心店),商都路63号云尚购物中心三层3004-3008号,113.760173,34.745735,0371-58617688;0371-58617699,8：00——22：00
管城回族区,50114,云贵菜,重庆小面(光彩店),金运大厦西南门旁(二七广场地铁站A口步行270米),113.667469,34.754195,15038205899;18737106578,8：00——22：00
管城回族区,50114,云贵菜,海底捞火锅(新世界百货店),紫荆山路57号新世界百货3层L03F101号,113.682863,34.753872,0371-58682388;0371-58682399,8：00——22：00
管城回族区,50114,云贵菜,海底捞火锅(恒大广场店),河南自贸试验区郑州片区(经开)经南三路郑州恒大都市广场3层05号商铺,113.760691,34.714067,0371-88958399;0371-88958699,8：00——22：00
管城回族区,50115,西北菜,杨府宴(城北路店),紫荆山路与城北路交叉口,113.68292,34.75609,0371-66348999,8：00——22：00
管城回族区,50115,西北菜,虎记饭店(货站北街店),货栈北街46号,113.696225,34.745799,15515791707,8：00——22：00
管城回族区,50115,西北菜,猫姑娘大盘鸡(阳光城店),金岱路与岗东路交叉口向南100米路西,113.715329,34.708131,17629377873,8：00——22：00
管城回族区,50115,西北菜,西部来客鲜炒大盘鸡(陇海东路店),陇海东路257号附4-5号,113.67227,34.740151,0371-61311899;17596566206,8：00——22：00
管城回族区,50115,西北菜,老狼大盘鸡(金城街店),城东路金城街交叉口向西一百米路北,113.688829,34.726396,18638111469,8：00——22：00
管城回族区,50115,西北菜,疆小肆新疆餐厅(铭汇广场店),蓝珮路56号铭汇广场商业区2楼,113.684861,34.695845,19937757398,8：00——22：00
管城回族区,50115,西北菜,聚味美鲜炒大盘鸡(富田太阳城店),灵隐路与明月路交叉口西北140米,113.71607,34.72531,18203637868,8：00——22：00
管城回族区,50115,西北菜,乡村大盘鸡(二十二大街店),京航办事处航海东路与二十二大街交叉口向东100米路北,113.83521,34.723188,0371-55332777,8：00——22：00
管城回族区,50115,西北菜,买买提新疆大盘鸡,十八里河站马屯知了公寓107店,113.686221,34.678196,18062371612,8：00——22：00
管城回族区,50115,西北菜,伊香苑(经开区店),航海东路街道航海东路商英街38号,113.735468,34.721837,0371-66785918;13592619267;18703831811,8：00——22：00
管城回族区,50115,西北菜,老狼大盘鸡(第八大街店),第八大街与经南二路交叉口向西50米,113.763257,34.717795,13213095417;13353807380;18538556982,8：00——22：00
管城回族区,50115,西北菜,疆久久新疆椒麻鸡,东明路43-4号,113.700329,34.755842,18337131713,8：00——22：00
管城回族区,50115,西北菜,西部来客鲜炒大盘鸡(经南五路店),第五大街与经南五路交叉口向东100米路北,113.755064,34.711038,15903688645;15937163668,8：00——22：00
管城回族区,50115,西北菜,西部大盘鸡(豫英街店),正商新蓝钻E区西2门旁,113.697165,34.715141,13938207930;13938207931,8：00——22：00
管城回族区,50115,西北菜,兄弟大盘鸡(新郑路店),新郑路146号(陇海东路地铁站B口步行470米),113.677987,34.737767,13203727883,8：00——22：00
管城回族区,50115,西北菜,尕平子新疆椒麻鸡(凤凰路店),二里岗街道凤凰路9-13,113.695296,34.743545,15890696611,8：00——22：00
管城回族区,50115,西北菜,福运大盘鸡(总店),二里岗南街80号(二里岗地铁站F口步行160米),113.685286,34.72892,13007501086,8：00——22：00
管城回族区,50115,西北菜,西部来客鲜炒大盘鸡,经南四路经开第八大街63号,113.766485,34.712855,15617902308,8：00——22：00
管城回族区,50115,西北菜,西部大盘鸡(总店),豫英路航海路10号,113.696687,34.72337,13523515233,8：00——22：00
管城回族区,50115,西北菜,云姐大盘鸡,管城回族区经济技术开发区明湖办事处第二大街72号一层7户,113.743288,34.720171,15238138766,8：00——22：00
管城回族区,50115,西北菜,李记大盘鸡炒鸡,博才路与第三大街交叉口路北门面房,113.741589,34.706509,15893608048,8：00——22：00
管城回族区,50115,西北菜,天山大盘鸡 总店,南关街60号院平房,113.67685,34.742835,15138916692,8：00——22：00
管城回族区,50115,西北菜,家味大馅饺子大盘鸡,西周路22-4号(西周地铁站A口步行260米),113.74936,34.746721,15160989956;18530966874,8：00——22：00
管城回族区,50115,西北菜,西部来客鲜炒大盘鸡(远大理想城店),朝凤路99-80号远大理想城西门往北30米路东,113.733956,34.729016,13213062226,8：00——22：00
管城回族区,50115,西北菜,西部大盘鸡(花都港湾店),紫荆山南路花都港湾东门388-12号,113.681863,34.700831,15565059936;15981893368,8：00——22：00
管城回族区,50115,西北菜,豫厨鲜炒大盘鸡(鼎文街店),鼎文街与文德路交叉口东40米,113.735212,34.682092,13373910078,8：00——22：00
管城回族区,50115,西北菜,九香大盘鸡,圃田乡大孙庄南一街,113.829481,34.731027,13733187317;15565050821,8：00——22：00
管城回族区,50115,西北菜,御香大盘鸡(鑫苑城二号院店),鑫苑城三号院南门西200米,113.675759,34.706416,18937653876,8：00——22：00
管城回族区,50115,西北菜,大美青海,,113.711701,34.721638,18697208780,8：00——22：00
管城回族区,50115,西北菜,西部大盘鸡(原柴郭老店),南四环十八里河镇王垌村381号西部大盘鸡,113.687007,34.658092,13949015392;15838156162,8：00——22：00
管城回族区,50115,西北菜,川香大盘鸡(布厂街店),花园村北院,113.669347,34.739166,13014517225,8：00——22：00
管城回族区,50115,西北菜,新疆热提萨尔羊肉串(郑东商业中心店),郑东新区商都路办事处永平路63-27号,113.758366,34.740877,13140253555;15538095938,8：00——22：00
管城回族区,50115,西北菜,陕西油泼面肉夹馍,华润新时代广场商业中心2号楼一楼109铺,113.791113,34.756398,16238599777,8：00——22：00
管城回族区,50115,西北菜,武记碳锅鱼大盘鸡货站北街店,货站北街46-1号,113.696227,34.746301,13298199994;13676930412,8：00——22：00
管城回族区,50115,西北菜,焖面大盘鸡(普济路店),德威广场西门南110米,113.775959,34.749479,13253567753,8：00——22：00
管城回族区,50115,西北菜,西部大盘鸡(阳光城店),阳光城九号院西门旁,113.711753,34.710947,15617799361,8：00——22：00
管城回族区,50115,西北菜,新疆美味羊肉串,十八里河街道文兴路6号紫东河一期,113.717749,34.689298,15292818184,8：00——22：00
管城回族区,50115,西北菜,陈记西部大盘鸡(康居·东瑞佳苑店),城东南路16-4号,113.690663,34.718555,15136491353,8：00——22：00
管城回族区,50115,西北菜,西部大盘鸡(虹彩农贸市场店),虹彩路与延庆路交叉口北120米虹彩农贸市场南门,113.73033,34.663988,18236767674;18697302748,8：00——22：00
管城回族区,50115,西北菜,大盘鸡·家常菜,圃田乡大孙庄列子小学向南150米,113.832517,34.729336,18317878468,8：00——22：00
管城回族区,50115,西北菜,老三大盘鸡(鑫苑城店),鑫苑城一号院南门旁,113.67838,34.708475,15237589568,8：00——22：00
管城回族区,50115,西北菜,西部大盘鸡(鼎尚街店),南曹乡南三环鼎上街与郑尉路路口向西500米路西,113.730243,34.694128,13938409121,8：00——22：00
管城回族区,50115,西北菜,饸烙面大盘鸡(鑫苑城店),鑫苑城三号院西门旁,113.676997,34.707295,15516922562,8：00——22：00
管城回族区,50115,西北菜,疆来盘鸡,郑东新区惠普路68号,113.770398,34.757111,17737855292,8：00——22：00
管城回族区,50115,西北菜,好多饭,紫荆山南路街道长江东路126号春天花园,113.680383,34.710425,18836683998,8：00——22：00
管城回族区,50115,西北菜,阿辉西部大盘鸡(丽莎商务宾馆店),五大街经北六路交口蓝楼5号,113.754545,34.733805,15333863838,8：00——22：00
管城回族区,50115,西北菜,傻子张大盘鸡(金岱路店),南曹乡金岱路南台路交叉口向东200米路南,113.76588,34.66721,15729399216,8：00——22：00
管城回族区,50115,西北菜,西部大盘鸡(二里岗店),金城街15号15号楼1单元1层2号,113.685571,34.728939,18336396612,8：00——22：00
管城回族区,50115,西北菜,西部秘制大盘鸡,大孙庄南二街三九鞋业旁,113.82971,34.732164,13653839872,8：00——22：00
管城回族区,50115,西北菜,秘制大盘鸡啤酒鸭,团结路与双湖大道交叉口西北260米,113.755488,34.613816,15393711756,8：00——22：00
管城回族区,50115,西北菜,疆湖·新疆炒米粉(百草园店),百草园东门北100米,113.696684,34.723671,18768878180,8：00——22：00
管城回族区,50115,西北菜,清真新疆伊犁美食餐,西大街街道西大街76号金鼎华府,113.670693,34.751274,18848820082,8：00——22：00
管城回族区,50115,西北菜,西部大盘鸡(北一街店),北一街与新村南桥街中交叉口北180米,113.704504,34.662896,13083717779,8：00——22：00
管城回族区,50115,西北菜,长垣大盘鸡(管城店),南三环东路272号7号楼一层附6号金岱街道金杯路永恒·尚东,113.720323,34.703491,13703921589,8：00——22：00
管城回族区,50115,西北菜,大盘鸡手擀面店(海馨苑店),经济技术开发区第七大街与经北四路海馨苑小区709号,113.762626,34.729583,13014538488,8：00——22：00
管城回族区,50115,西北菜,新疆特色椒麻土鸡(百草园店),百草园东门北90米,113.696668,34.723653,18768878180,8：00——22：00
管城回族区,50115,西北菜,瓦库32号店(盛华里),航海东路与第五大街交汇处西北角盛华里2栋街区三楼,113.752714,34.721668,0371-65051000;0371-65051555,8：00——22：00
管城回族区,50115,西北菜,西部大盘鸡(卢浮宫分店)(暂停营业),郑东新区永平路19号4号楼附4号,113.769411,34.74035,13783522549,8：00——22：00
管城回族区,50115,西北菜,五谷杂粮地道家常菜(农业南路店),商都新城西北门西90米,113.755885,34.745317,0371-63373868,8：00——22：00
管城回族区,50115,西北菜,蓝塔(海邻茂店),心怡路与福禄街交叉口西北角海邻茂1层15、16号商铺,113.773218,34.748741,0371-60337646;13343823176;13643271360,8：00——22：00
管城回族区,50115,西北菜,亮哥大锅菜,015县道与016乡道交叉口西北220米,113.770332,34.664448,13253538013,8：00——22：00
管城回族区,50115,西北菜,益融膳养邻里食堂,十八里河路与中州大道交叉口向东二百米路南阳光城8号院西北门,113.712187,34.714449,18530881285,8：00——22：00
管城回族区,50115,西北菜,西雅苏新疆炒米粉(盛华里店),第四大街与经南一路交叉口西北角86号民乐集春兴农贸中心小吃3号商铺,113.749625,34.718928,17639407273,8：00——22：00
管城回族区,50115,西北菜,西北楼牛肉面,旭日龙园南门西北楼牛肉面,113.760119,34.745472,13709707652,8：00——22：00
管城回族区,50115,西北菜,三鲜爆炒鸡酸菜鱼烧烤(金城街店),康城·棕榈泉北门西北50米,113.679542,34.72643,13213209003,8：00——22：00
管城回族区,50115,西北菜,老烩面(农业南路店),商都新城西北门西南110米,113.755899,34.744903,15136250070,8：00——22：00
管城回族区,50115,西北菜,方勇烧烤(豫英街店),航海路豫英街交叉口西北角,113.69679,34.721137,13213040373,8：00——22：00
管城回族区,50115,西北菜,山西油泼面鲜炒鸡,十九大街与经南十三路交叉口西北角门面房1号楼103,113.808654,34.674416,13253339592,8：00——22：00
管城回族区,50115,西北菜,金城小院烧烤大排挡,金城街与新郑路交叉口西北角,113.68073,34.726538,17539577588;18839523318,8：00——22：00
管城回族区,50115,西北菜,西北楼牛肉拉面(盛华里店),经北一路经开万锦城,113.75244,34.722471,13716778713;15609719673,8：00——22：00
管城回族区,50115,西北菜,西北穆兰州牛肉面(万和花园店),万和花园东2门旁,113.768859,34.714471,18009701154,8：00——22：00
管城回族区,50115,西北菜,肖记卤肉饺子面食馆(大孙庄村店),驰扬之爱图书馆西北侧110米,113.831883,34.731431,13373928201,8：00——22：00
管城回族区,50115,西北菜,酸汤水饺(正商华钻店),正商华钻澜庭1号院东门西北90米,113.700273,34.702834,15803836003,8：00——22：00
管城回族区,50115,西北菜,岐俏俏肉夹馍(十五大街店),潮河办事处曹古寺村梅花苑12号楼,113.792805,34.71282,18203718629;19939411527,8：00——22：00
管城回族区,50115,西北菜,兰州牛肉拉面(正商华钻澜庭1号院店),正商华钻澜庭1号院东门西北80米,113.70033,34.702789,13361464837,8：00——22：00
管城回族区,50115,西北菜,大别山信阳菜馆,绿都锦苑西北门南70米,113.700491,34.748155,13526555383,8：00——22：00
管城回族区,50115,西北菜,西北穆兰州牛肉面(经南六路店),经开区第八大街南三环爱玛金酒店楼下,113.76613,34.707224,18009727899,8：00——22：00
管城回族区,50115,西北菜,沙县小吃,商都路与中兴南路交叉口西北角建正东方中心负一楼2-117号,113.777523,34.742166,18750851601,8：00——22：00
管城回族区,50115,西北菜,陕西米皮(南关街店),南关街384号6号楼1层一单元南户,113.675708,34.735915,18838285590,8：00——22：00
管城回族区,50115,西北菜,丹记手工水饺,法院东街与北大街交叉口西北20米,113.680353,34.751797,15038004403,8：00——22：00
管城回族区,50115,西北菜,正宗逍遥镇王娜胡辣汤豆沫馆,兴达国贸西南门西北60米,113.680673,34.75126,13598837749;15890073620,8：00——22：00
管城回族区,50115,西北菜,平安饺子馆(星月小区店),星月小区西北门旁,113.679709,34.756007,13653837960,8：00——22：00
管城回族区,50115,西北菜,斌姐顺德干蒸菜·猪肚鸡,陇海路未来路西北角(未来路669-7号),113.703568,34.73999,13137707599,8：00——22：00
管城回族区,50115,西北菜,苏园雅厨(绿地天空之城店)(装修中),东风南路与榆林北路交叉口西北100米绿地天空之城7层,113.767435,34.757925,0371-63366777,8：00——22：00
管城回族区,50115,西北菜,臧师傅铜锅涮烤羊腿烧烤大排档,十八里河街道中州大道与花溪东路交叉口西北角02号,113.694317,34.681066,19143719588,8：00——22：00
管城回族区,50115,西北菜,西北牛肉面(DATA公寓店),DATA公寓,113.809443,34.700373,18651094123,8：00——22：00
管城回族区,50115,西北菜,家常菜馆,团结路与双湖大道交叉口西北260米,113.755903,34.613822,18530985196,8：00——22：00
管城回族区,50116,老字号,西三烩面(南关街店),南关街130号,113.676264,34.743409,0371-60915872;13903866811,8：00——22：00
管城回族区,50116,老字号,沙记酥饼(星月小区店),星月小区西门旁,113.679602,34.755375,15237123134;15838134607,8：00——22：00
管城回族区,50116,老字号,京豫马四涮锅(总店),管城街10-1号(西大街地铁站D口步行300米),113.67734,34.752219,0371-66242352;18539451121,8：00——22：00
管城回族区,50116,老字号,宝蓉和肥肠粉,管城西街25号号楼西单元9号,113.676806,34.756669,13526493808;13674919595,8：00——22：00
管城回族区,50116,老字号,鸡蛋汉堡二十年老店(郑州光彩店),光彩市场D区5号(二七广场地铁站A口步行280米),113.667101,34.755035,13523504317;13783572087,8：00——22：00
管城回族区,50116,老字号,老闪(康城·棕榈泉店),新郑路218-17号,113.678588,34.725124,13298366726,8：00——22：00
管城回族区,50116,老字号,京都老蔡记,商城路1-号,113.689645,34.75128,15890108055,8：00——22：00
管城回族区,50116,老字号,方中山胡辣汤(朝凤路店),朝凤路与经北二路交叉口,113.73346,34.723345,15038208329,8：00——22：00
管城回族区,50116,老字号,方中山胡辣汤(未来路店),港湾路2号7号楼1-2层,113.706556,34.717389,15225097118,8：00——22：00
管城回族区,50116,老字号,杨家油茶馆(星月小区店),清真寺街1号星月小区商铺,113.679568,34.755189,13949086098;15903602887,8：00——22：00
管城回族区,50116,老字号,二力涮锅(管城街店),管城街65-5号(西大街地铁站D口向北步行300米路西),113.676967,34.752296,13939067790;18838168889,8：00——22：00
管城回族区,50116,老字号,西三烩面(新郑路店),新郑路111-4号,113.67936,34.731352,13903866707,8：00——22：00
管城回族区,50116,老字号,巴飞金牌灌汤包,北顺城街28号,113.671773,34.752764,0371-66214167;15738312345,8：00——22：00
管城回族区,50116,老字号,郑味缘,商城东路21号胖子炒凉粉,113.692453,34.751105,13939056623,8：00——22：00
管城回族区,50116,老字号,赵记糕点(北顺城街店),星光小区东北1门旁,113.671467,34.752746,13838317626,8：00——22：00
管城回族区,50116,老字号,老张记羊肉汤(星光小区店),北下街街道北顺城街49号星光小区北邻,113.671467,34.752548,13253597826,8：00——22：00
管城回族区,50116,老字号,老字号五湖烩面泡馍,通站路160-12,113.680076,34.712622,13838340028,8：00——22：00
管城回族区,50116,老字号,李二力涮锅,城东路街道货站街129号,113.694844,34.737192,0371-66333757,8：00——22：00
管城回族区,50116,老字号,丹记元宵(北顺城街老店),北顺城街29号商铺,113.671521,34.751929,18237109274,8：00——22：00
管城回族区,50116,老字号,开封老一楼(玻璃厂家属院店),货站北街46-3号,113.696225,34.746185,13673678339,8：00——22：00
管城回族区,50116,老字号,柘城垛子羊肉(鼎尚街店),南曹乡姚庄国产汽配城南门,113.730356,34.694182,18703823689,8：00——22：00
管城回族区,50116,老字号,清真闪记老字号博爱牛肉丸子汤,正商华钻湾景1号院南门西90米,113.697548,34.706597,15938773834,8：00——22：00
管城回族区,50116,老字号,闪记老字号博爱牛肉丸子汤(航海路未来路店),航海东路街道航海东路32号航海花园4号楼1层7号门面,113.705368,34.721172,13838089462,8：00——22：00
管城回族区,50116,老字号,吕老大羊肉汤(南关街店),南关街205-14号,113.67592,34.745219,13253669953,8：00——22：00
管城回族区,50116,老字号,老字号山西刀削面(同馨苑小区店),经济开发区明湖街道经南二路56号同馨苑小区,113.763636,34.71781,17735999188;18239970995,8：00——22：00
管城回族区,50116,老字号,润仟祥黄焖鸡米饭(货栈街店),货栈北街46号一14,113.696223,34.745447,15893532760,8：00——22：00
管城回族区,50116,老字号,段记鱼馆,鑫苑国际新城2号院4号楼110号,113.67652,34.70761,13592443759,8：00——22：00
管城回族区,50116,老字号,粮稻米皮手工蒸坊,凤凰路15号,113.695274,34.743574,13526423866;15637132502,8：00——22：00
管城回族区,50116,老字号,稻香村(百荣世贸商城店),百荣世贸商城D座三层D3-7-113号,113.660686,34.661915,15036041311,8：00——22：00
管城回族区,50116,老字号,福面郎热干面(明月路店),明月路与云河路交叉口向南50米,113.708341,34.723999,13383847896,8：00——22：00
管城回族区,50116,老字号,德丰炸鸡,凤凰路与城东路交叉口向东100米路北,113.692758,34.743556,15138688687,8：00——22：00
管城回族区,50116,老字号,刘家老铺酱牛肉(宝景花园店),航海东路20号宝景花园,113.70883,34.721199,15537151221;18639576625,8：00——22：00
管城回族区,50116,老字号,老字号羊杂可,十八里河街道文兴路6号院紫东河小区1号楼1层108号商铺,113.717484,34.689195,19903803805,8：00——22：00
管城回族区,50116,老字号,老字号蛋糕房(凌云路店),凌云路与商城路交叉口西南40米,113.694086,34.750669,13526731868,8：00——22：00
管城回族区,50116,老字号,台湾六合包(陇兴花园小区店),南关街道布厂街53号陇兴花园小区,113.668634,34.740035,13164302866,8：00——22：00
管城回族区,50116,老字号,老八烧鸡牛肉老店(星光小区店),北顺城街49号(二七广场地铁站B口步行490米),113.671339,34.752162,0371-66281997,8：00——22：00
管城回族区,50116,老字号,杨记烧烤老店(未来路),港湾路1号院金色港湾1号楼1层南4号,113.705977,34.717578,15937142777,8：00——22：00
管城回族区,50116,老字号,四季发(锦荣商贸城店),乔家门路30号锦荣商贸城西八街1290号,113.668111,34.741541,13526762987,8：00——22：00
管城回族区,50116,老字号,卡吉诺(郑汴路店),郑汴路东明路交叉口西50米路北,113.698981,34.747087,0371-67729507,8：00——22：00
管城回族区,50116,老字号,卡吉诺(未来路店),航海东路街道航海东路32号院航海花园,113.705611,34.721205,0371-88811823,8：00——22：00
管城回族区,50116,老字号,卡吉诺(三大街店),航海东路1300号天鑫大厦B1层,113.747226,34.721382,0371-60620001,8：00——22：00
管城回族区,50116,老字号,橘婆婆地锅柴鸡(第七大街店),七大街与经南二路交叉口西50米路南29-30,113.760663,34.717535,0371-65327366;19900976318,8：00——22：00
管城回族区,50116,老字号,老街坊清真李记传统扣碗(华亿鑫居店),南顺城街与城南路交叉口路西,113.670106,34.746908,18638679993,8：00——22：00
管城回族区,50116,老字号,曹记洛阳牛肉汤(荷塘月色东区店),荷塘月色-东区东南3门旁,113.694163,34.707985,18625530889,8：00——22：00
管城回族区,50116,老字号,卡吉诺(华祥国际店),耿庄南路与魏庄西街交叉口西北角,113.696888,34.706401,0371-55503080,8：00——22：00
管城回族区,50116,老字号,卡吉诺(阳光城店),阳光城东门东北100米,113.715648,34.713978,0371-89832168,8：00——22：00
管城回族区,50116,老字号,老查记酒酿馒头,经南二路与经开第六大街北30米路南,113.757456,34.717981,15617623782,8：00——22：00
管城回族区,50116,老字号,羊杂可(郑州总店),经南五路96-34-1,113.756794,34.710566,15993590011,8：00——22：00
管城回族区,50116,老字号,烩堂里老家烩面,滨河国际新城十三大街与经南八路交叉口西100米,113.787955,34.690151,15093076165,8：00——22：00
管城回族区,50116,老字号,申记升级版鸡蛋灌饼,蜜蜂张121号,113.676255,34.745243,18749181552,8：00——22：00
管城回族区,50116,老字号,关哥宋记全牛宴,金城西街与新郑路交叉口向北一号,113.680702,34.727662,15565326779,8：00——22：00
管城回族区,50116,老字号,老蔡记粗粮小厨(紫荆华庭店),十八里河镇贺江路南刘庄新区一号院西门6号门面房,113.685548,34.694945,19903866100,8：00——22：00
管城回族区,50116,老字号,老陈鸭肠王(福都广场店),航海路银莺路向南200米路东,113.701435,34.719125,15265082288,8：00——22：00
管城回族区,50116,老字号,卡吉诺(橡树玫瑰城店),金岱路南台路交叉口橡树玫瑰城东门,113.711874,34.706976,0371-89832198,8：00——22：00
管城回族区,50116,老字号,郏县豆腐菜(阳光城8号院店),南曹乡七里河路阳光城8号院北门西侧22-105,113.71498,34.715505,18103860181,8：00——22：00
管城回族区,50116,老字号,鲁山羊杂可(远大理想城店),朝凤路99-92号,113.73413,34.729494,17719876160,8：00——22：00
管城回族区,50116,老字号,明星御谷老碗面(西刘街店),七里河南路29-23,113.739096,34.742121,15093297506,8：00——22：00
管城回族区,50116,老字号,关虎屯老味米线万众大厦店,郑东新区商都路办事处普济路与福禄街20号-2号,113.775996,34.749619,17319732721,8：00——22：00
管城回族区,50116,老字号,御兴斋老杜烧烤,北下街街道北顺城街49号星光小区,113.671508,34.752945,13938410016;17620764710,8：00——22：00
管城回族区,50116,老字号,三鑫·三鲜烩面,南关街5号院西门旁,113.675861,34.737683,13526434031,8：00——22：00
管城回族区,50116,老字号,王老五烧鸡豆皮(理想城店),航海路与朝凤路交叉口北行500米路东理想城西门99-20,113.733894,34.726748,13783687938,8：00——22：00
管城回族区,50116,老字号,九头鸟热干面,管城回族区经济技术开发区经北二路远大理想城商铺6-12号,113.739336,34.726074,13849182866;15981953883,8：00——22：00
管城回族区,50116,老字号,茶叙,郑东新区经开第八大街经北六路交叉口文博茶城13号楼1层11号,113.765397,34.733879,18037109993,8：00——22：00
管城回族区,50117,火锅店,半闲斋羊肉铺(总店),黄河南路168号,113.746606,34.739577,0371-55610855,8：00——22：00
管城回族区,50117,火锅店,巴奴毛肚火锅(郑州商鼎路店),郑东新区和光街2号东方鼎盛时代1号楼附1-1,113.758338,34.754654,13267100361,8：00——22：00
管城回族区,50117,火锅店,大芊金火锅串串(新世界百货店),商城路与紫荆山路交叉口向东50米,113.683372,34.752568,0371-65352382;13592656825,8：00——22：00
管城回族区,50117,火锅店,老来涮(商鼎路店),和光街2号1号楼东1单元1-2层附9号,113.759094,34.754632,0371-68086513;0371-86629892;13526828913,8：00——22：00
管城回族区,50117,火锅店,胡庆一重庆火锅(经开广场店),航海路1394号富田·财富广场,113.764307,34.722073,0371-65668189,8：00——22：00
管城回族区,50117,火锅店,一天一头牛·鲜牛肉火锅(经开第一大街店),郑州博赛生物技术股份有限公司东南门旁,113.739175,34.716207,0371-55057656,8：00——22：00
管城回族区,50117,火锅店,巴奴毛肚火锅(盛华里店),河南自贸试验区郑州片区(经开)航海路经开万锦城三层F3034号店面,113.752716,34.721742,0371-55651577,8：00——22：00
管城回族区,50117,火锅店,涛哥鱼火锅(商城路总店),商城路一层101号(市体育场旁),113.673736,34.754706,0371-56621122;0371-66262696,8：00——22：00
管城回族区,50117,火锅店,大四喜·鲜牛肉火锅(郑州郑东商业中心店),商都路办事处万通街临街商铺9-13号,113.757135,34.743601,13569900766,8：00——22：00
管城回族区,50117,火锅店,海底捞火锅(海汇中心.海汇港店),东风南路与榆林南路交叉口海汇港7号楼3层,113.769795,34.752697,0371-53369299;0371-53369399,8：00——22：00
管城回族区,50117,火锅店,肉小胖地摊烤肉(港湾路店),港湾路3号院4号楼1-2层附8号,113.706035,34.716639,18637538659;19503883833,8：00——22：00
管城回族区,50117,火锅店,廣順興(金地铂悦店),航海路城东路交叉口向东500米路北,113.693908,34.721292,0371-58586885,8：00——22：00
管城回族区,50117,火锅店,小背篓菌汤火锅(商鼎路店),商鼎路77号,113.771228,34.753884,0371-55289777;0371-86551907,8：00——22：00
管城回族区,50117,火锅店,大四喜·鲜牛肉火锅(郑州富田金街店),中州大道与明月路交叉口向西富田幸福里PARK55号楼,113.716254,34.723701,0371-66533231,8：00——22：00
管城回族区,50117,火锅店,锅大侠市集火锅(郑东商业中心店),万通街与康平路交叉口郑东商业中心B区8号楼二楼,113.760546,34.743185,0371-65018198,8：00——22：00
管城回族区,50117,火锅店,豆捞坊·鲜牛肉火锅(海汇港臻选店),管城回族区海汇港8号楼2层(星巴克楼上),113.769395,34.753205,18037690289,8：00——22：00
管城回族区,50117,火锅店,牛梦原真不同涮牛肚(总店),东四环与汉星路交叉口西50路南1号商铺,113.81388,34.754823,18037379005,8：00——22：00
管城回族区,50117,火锅店,翠榕港式松茸火锅(建业天筑店),榆林南路与和顺街交叉口东北角,113.765164,34.753737,0371-67970888,8：00——22：00
管城回族区,50117,火锅店,驭羊大爷烤羊腿·羊蝎子火锅(农业南路店),五洲精品陶瓷城东门西南70米,113.755875,34.745734,19043878555,8：00——22：00
管城回族区,50117,火锅店,秀英烧烤时光·清真火锅烧烤,菜市街1号院西南门旁,113.671136,34.750132,13223714131,8：00——22：00
管城回族区,50117,火锅店,天府火锅(商鼎店),和光街与榆林南路交叉口,113.759469,34.753662,0371-66336966;19937409891,8：00——22：00
管城回族区,50117,火锅店,重庆德庄火锅(郑州滨河新城店),金祥路7号商业楼1号,113.794425,34.688585,0371-61088666,8：00——22：00
管城回族区,50117,火锅店,豆捞坊·鲜牛肉火锅(航海天地丹尼斯店),航海东路商英街交叉口丹尼斯(航海天地店)C区2楼豆捞坊,113.739365,34.72186,0371-63246098;18903854346,8：00——22：00
管城回族区,50117,火锅店,我的小板凳街坊火锅(凤凰路店),二里岗街道凤凰路29号附,113.693736,34.743251,17788118007,8：00——22：00
管城回族区,50117,火锅店,羊福纪涮肉烧烤(橡树玫瑰城店),中洲大道与金岱路交叉口东南角,113.709908,34.709383,0371-63439311,8：00——22：00
管城回族区,50117,火锅店,渝老四鲜切牛肉火锅(永威城店),黄玉路红珊路交叉口向南200米路东,113.697409,34.690051,13393712113,8：00——22：00
管城回族区,50117,火锅店,呷哺呷哺(郑州万锦城),航海东路与第五大街交叉口万锦城盛华里购物中心美食街二楼,113.752348,34.722308,13333618696,8：00——22：00
管城回族区,50117,火锅店,锅大侠市集火锅(富田新天地店),中州大道与航海路交叉口富田新天地4楼,113.713241,34.721572,0371-55331101;18300667619,8：00——22：00
管城回族区,50117,火锅店,黔有财贵州地摊火锅(郑州总店),康平路与永平路交叉口西北角,113.759978,34.741779,18337151766,8：00——22：00
管城回族区,50117,火锅店,重庆赖火锅(城东路总店),城东南路16-8号,113.690709,34.718035,0371-66812308;13071023669;15803814760,8：00——22：00
管城回族区,50117,火锅店,乡下人·菜市火锅,航海东路与第五大街交叉口向南100米路西乡下人·菜市火锅,113.753886,34.719675,15290876069,8：00——22：00
管城回族区,50117,火锅店,樽舞和牛海鲜火锅(海汇港店),榆林南路与心怡路交叉口西南角海汇港2期1号楼1层,113.773292,34.753274,0371-55610296;19903975298,8：00——22：00
管城回族区,50117,火锅店,齐祺渔锅(郑东商业中心店),郑东新区康平路与万通街交叉口郑东商业中心B区7栋201号,113.760423,34.743446,0371-58535339,8：00——22：00
管城回族区,50117,火锅店,周小食火锅烤肉(金城街店),蓝海港湾百合湾北2门旁,113.683319,34.726123,19939365936,8：00——22：00
管城回族区,50117,火锅店,我的小板凳街坊火锅(远大理想城店),经北五路9-48号,113.736866,34.730697,18039280625,8：00——22：00
管城回族区,50117,火锅店,菌芸季·野生菌火锅,玉凤路410号,113.737112,34.723641,13333857367,8：00——22：00
管城回族区,50117,火锅店,悦汕坊潮汕牛肉火锅(汇艺银河里店),商鼎路77号汇艺银河里2楼西电梯口,113.770269,34.75415,0371-57100419;15039415979,8：00——22：00
管城回族区,50117,火锅店,潮汕鼎记生鲜牛肉火锅(郑州总店),硝滩街与紫荆山路交叉口,113.682353,34.754816,0371-53371569;0371-55032822,8：00——22：00
管城回族区,50117,火锅店,渝老四鲜切牛肉火锅(汇美茂店),航海东路街道汇美茂三楼,113.700122,34.704187,18638789214,8：00——22：00
管城回族区,50117,火锅店,涛哥鱼火锅(西大街店),管城街9-3号(西大街地铁站D口步行240米),113.67725,34.751687,0371-66251292,8：00——22：00
管城回族区,50117,火锅店,重庆晶福源火锅(城东南路店),城东南路17号1-2层附1号,113.690658,34.71818,13721439808,8：00——22：00
管城回族区,50117,火锅店,拾岁火锅和牛臻选(海邻茂店),郑东新区心怡路与福禄街交叉口西北角海邻茂12号楼4层8号,113.773137,34.748851,0371-55098808,8：00——22：00
管城回族区,50117,火锅店,火盆景麻辣鱼(城东南路店),城东南路110号(二里岗东地铁站C口步行90米),113.690158,34.727527,0371-66736888,8：00——22：00
管城回族区,50117,火锅店,蒙巴图草原涮肉(建海国际中心店),建海国际中心(经开中心广场地铁站B口步行170米),113.763845,34.720222,15538017789,8：00——22：00
管城回族区,50117,火锅店,潮之牛潮汕牛肉火锅(云尚店),康平街与万通路交叉口西北角云尚艾特米购物中心二楼,113.760357,34.743876,15238319793,8：00——22：00
管城回族区,50117,火锅店,尤记鱼火锅(金色港湾店),港湾路1-16(航海广场地铁站B口步行370米),113.705976,34.717891,0371-69162197;15981951697,8：00——22：00
管城回族区,50117,火锅店,锦鸡坊·竹笙王猪肚鸡(农业南路店),农业南路与商都路交叉口向南100米路西,113.755903,34.745474,0371-55555729;18137115609;18538577195,8：00——22：00
管城回族区,50117,火锅店,爱尚小锅·自助火锅(海邻茂店),管城回族区海邻茂3楼新尚小锅,113.773254,34.749193,15736785777,8：00——22：00
管城回族区,50117,火锅店,我的小板凳街坊火锅(豫英路店),正商华祥国际大厦5A楼下,113.696625,34.707575,18625555793,8：00——22：00
管城回族区,50117,火锅店,蒙兴斋铜锅涮肉(智库大厦店),智库大厦,113.739522,34.723734,18613710599,8：00——22：00
管城回族区,50117,火锅店,许府牛火锅(河南郑州管城绿地天空之城店),榆林北路19号5层,113.767738,34.757294,15038034144,8：00——22：00
管城回族区,50117,火锅店,豫签签串串火锅(北顺城街店),北下街街道北顺城街50号附3号,113.671248,34.751865,18538718526,8：00——22：00
管城回族区,50117,火锅店,农小锅(丹尼斯百货人民店),人民路2号丹尼斯百货人民店1F层,113.675618,34.756699,13939003102,8：00——22：00
管城回族区,50117,火锅店,赏渔·重庆鱼火锅,农业南路与永平路交叉口向北220米路西,113.755879,34.743111,0371-65366665;18790505787,8：00——22：00
管城回族区,50117,火锅店,王婆大虾(郑州总店),航海路与未来路交叉往南450米路西,113.706003,34.716752,17719879201,8：00——22：00
管城回族区,50117,火锅店,张公馆·海鲜和牛火锅·铁板烧(路劲·东方陆港店),榆林北路与和光街交叉口东南角10号E栋3层,113.760032,34.756085,0371-65333666;18937171879,8：00——22：00
管城回族区,50117,火锅店,我的小板凳街坊火锅(众城街店),管城回族区北刘庄新村东门南50米,113.686031,34.717115,19059579977,8：00——22：00
管城回族区,50117,火锅店,小V家秘制火锅鸡(富田太阳城店),航海东路2号富田太阳城56号楼104.204,113.716258,34.724731,15978437883,8：00——22：00
管城回族区,50117,火锅店,蒙涮草原涮肉,郑东建材家具城D区东南门旁,113.756124,34.748214,0371-65811666,8：00——22：00
管城回族区,50117,火锅店,御味王婆大虾(橡树玫瑰城北区店),中州大道与金岱路交叉口东行130米路北,113.711248,34.710073,13592255387,8：00——22：00
管城回族区,50117,火锅店,火盆景麻辣鱼火锅(新郑路店),新郑路196号(二里岗地铁站C口步行470米),113.679062,34.731165,0371-55313868;15803823752,8：00——22：00
管城回族区,50117,火锅店,我的小板凳街坊火锅(尚义路店),尚义路尚庄路交叉口西北角,113.721675,34.716825,19059578877,8：00——22：00
管城回族区,50117,火锅店,醉巴鲜烤鱼(福都华豫百佳店),福都商场负一楼华豫百佳超市,113.700613,34.720062,19339913110,8：00——22：00
管城回族区,50117,火锅店,周小食火锅烤肉(金色港湾店),港湾路2号5号楼1-2层,113.706507,34.718144,17638538756,8：00——22：00
管城回族区,50117,火锅店,囍鲜切牛肉火锅(阜民里店),城南路菜市街阜民里,113.671308,34.745796,13140188668,8：00——22：00
管城回族区,50117,火锅店,西拉沐伦草原铜锅涮(商都路店),商都路黄河路交叉口西北角维里中心2楼,113.746224,34.749266,0371-67005656,8：00——22：00
管城回族区,50117,火锅店,铁路牙排档铜锅涮肉,陇海马路街道新郑路201号院路东巷子里180米,113.681077,34.73084,15639038877,8：00——22：00
管城回族区,50117,火锅店,齐祺渔锅(滨河新城店),绿地澜庭三期北门旁,113.807749,34.680804,0371-63392468;19937371633,8：00——22：00
管城回族区,50117,火锅店,牛十八潮汕生鲜牛肉馆(福都店),航海东路与银莺路交叉口福都广场3楼,113.700718,34.720076,0371-61779288;16696013878,8：00——22：00
管城回族区,50117,火锅店,喜虾客·大虾火锅(新世界百货店),新世界百货4楼(东大街地铁站G2口步行480米),113.682535,34.753395,15093272819,8：00——22：00
管城回族区,50117,火锅店,陈实在豆花鱼火锅(东大街店),东大街119号1层20,113.679806,34.749828,18103832090,8：00——22：00
管城回族区,50117,火锅店,王婆大虾旗舰店(乐城·祥锐广场店),乐城·祥锐广场五楼东南电梯口,113.670915,34.754083,0371-55313100;13803712478,8：00——22：00
管城回族区,50117,火锅店,齐祺渔锅(布厂街店),陇海东路231号2号楼附6号,113.670776,34.740339,17329333728,8：00——22：00
管城回族区,50117,火锅店,重庆赖火锅(凤凰台南花园店),凤凰台南花园北门旁,113.705455,34.7328,0371-55616926,8：00——22：00
管城回族区,50117,火锅店,垭芈汤锅(东站东广场店),莲湖路北新发展楷林广场5号楼北面,113.787825,34.753325,0371-65099879,8：00——22：00
管城回族区,50117,火锅店,醉巴鲜烤鱼(大上海店),太康路28号大上海A区一层,113.668743,34.755902,19303715188,8：00——22：00
管城回族区,50117,火锅店,胡羊排香辣虾(绿都紫荆华庭朗园店),十八里河街道贺江路66号绿都紫荆华庭·朗园,113.676562,34.697842,15617792925,8：00——22：00
管城回族区,50117,火锅店,正宗老北京麻辣串(金色港湾店),港湾路1号院金色港湾37号楼1层15号,113.701431,34.719041,19937147098,8：00——22：00
管城回族区,50117,火锅店,臻牛客牛肉馆,郑东新区榆林南路1号楼14号楼1-2层附48号一层,113.757706,34.752706,0371-60902508,8：00——22：00
管城回族区,50117,火锅店,潮汕鼎记生鲜牛肉火锅(紫辰路店),紫南花园1期东北1门西北70米,113.693009,34.706681,0371-55665332,8：00——22：00
管城回族区,50117,火锅店,西川巷子市井火锅(城东路店),城东路106号附3号,113.691586,34.753709,18638617277,8：00——22：00
管城回族区,50117,火锅店,二力涮锅(经开店),经北六路与经开第五大街交叉口西120米,113.752602,34.733575,0371-86629090,8：00——22：00
管城回族区,50117,火锅店,潮汕记生鲜牛肉火锅(朝凤路店),航海路与朝凤路交叉口向北300米路西,113.733498,34.725018,0371-86581166,8：00——22：00
管城回族区,50117,火锅店,我的小板凳街坊火锅(紫云路店),紫云路与红云路交叉口向北五十米路东,113.676551,34.713226,15893929278;19036939896,8：00——22：00
管城回族区,50117,火锅店,李吃吃火锅烧烤食材(蝶湖露营基地),东三环路西蝶湖森林公园,113.770324,34.684729,19337121169,8：00——22：00
管城回族区,50117,火锅店,许府牛火锅(乐尚天地生活广场店),乐尚天地生活广场3层,113.754736,34.713636,15038316887,8：00——22：00
管城回族区,50117,火锅店,佰人王串串香(正商蓝钻小区店),港湾路2号7号楼(航海广场地铁站B口步行440米),113.706406,34.717098,19037118185,8：00——22：00
管城回族区,50117,火锅店,佰人王串串香(农业南路店),农业南路72号,113.755852,34.742574,15099093186,8：00——22：00
管城回族区,50117,火锅店,哈喽小锅侠自助火锅(富田幸福里店),航海东路2号53号楼富田幸福里PARK一楼L1-27/28/29号,113.716297,34.723888,17337107651,8：00——22：00
管城回族区,50117,火锅店,西川巷子市井火锅(站马屯店),站马屯翰苑东大门,113.677304,34.678924,18595926767,8：00——22：00
管城回族区,50117,火锅店,牛梦原真不同涮牛肚(城东路店),城东南路16号院康居东瑞佳苑9号楼,113.690699,34.717624,13526508099,8：00——22：00
管城回族区,50117,火锅店,一川火锅鲜鱼馆(下海吃鱼),华亿鑫居南区,113.670098,34.746865,13103865675,8：00——22：00
管城回族区,50117,火锅店,辣炮泡鱼蛙火锅馆(航海东路店),航海东路70-21号,113.701506,34.721221,13460006655,8：00——22：00
管城回族区,50117,火锅店,麻辣鱼热盆景火锅鱼(新郑路店),新郑路202号(二里岗地铁站C口步行210米),113.679826,34.729751,0371-85512838;13213111858;18137111695,8：00——22：00
管城回族区,50117,火锅店,老北京铜锅涮(恒大绿洲四期店),恒大绿洲四期西门北90米,113.76134,34.712139,0371-53610559;0371-55380005;17737158906,8：00——22：00
管城回族区,50117,火锅店,鸡隆·广式鸡煲,管城回族区郑东商业中心b区1号楼103-104-105,113.758291,34.743258,17515145801,8：00——22：00
管城回族区,50117,火锅店,小V家火锅鸡(第三大街店),管城回族区经济技术开发区明湖办事处经开第三大街28-6,113.743305,34.707387,17603851583,8：00——22：00
管城回族区,50117,火锅店,渝卤舍重庆火锅(硝滩街店),硝滩社区南院18栋3单元1楼东(门面房),113.684211,34.754387,13949013301,8：00——22：00
管城回族区,50117,火锅店,六位先生串串火锅(紫荆山路店),阳光铭座西门南90米,113.682338,34.754929,15617797431,8：00——22：00
管城回族区,50117,火锅店,添客转转锅小火锅,商城路往西三百米路南,113.680009,34.752915,17737195529,8：00——22：00
管城回族区,50117,火锅店,清真·老北京铜锅涮(总店),紫辰路36-8号,113.691025,34.709377,0371-64444118;13598402785,8：00——22：00
管城回族区,50117,火锅店,九鼎门社区重庆火锅,经南八路与春潮街交叉口向北200米康桥领仕馆户外电梯上二楼,113.803889,34.688959,13592521595;16668112377,8：00——22：00
管城回族区,50117,火锅店,椰椰榴,经北一路与经开第二大街交叉口东120米,113.744761,34.723588,19900900986,8：00——22：00
管城回族区,50117,火锅店,阿雯家回转小火锅,南学街35-5号,113.671827,34.748196,13733841727,8：00——22：00
管城回族区,50117,火锅店,麻小旋自助回转小火锅(汇美茂购物中心店),银莺路76号汇美茂购物中心F3层,113.700223,34.70434,15838256046,8：00——22：00
管城回族区,50117,火锅店,诚实人豆花鱼火锅(橡树玫瑰城店),橡树玫瑰城西区东3门南110米,113.711902,34.704022,13376891476,8：00——22：00
管城回族区,50117,火锅店,酙中涮牛肚,经南八路,113.750043,34.696358,13213123293,8：00——22：00
管城回族区,50117,火锅店,醉大东涮羊肉,管城回族区经开区第二大街与航海东路交叉口向西三十米路南,113.742749,34.720606,0371-55321313,8：00——22：00
管城回族区,50117,火锅店,螺专甲螺蛳粉·火锅(未来路店),商城东路9号院商业裙房1层062号,113.704592,34.753976,13015517950,8：00——22：00
管城回族区,50117,火锅店,牛梦原真不同涮牛肚(直营形象店),拓丰祥和居2号院102-103,113.788073,34.69393,18739942003,8：00——22：00
管城回族区,50117,火锅店,老重庆地摊火锅,金色港湾(航海广场地铁站B口步行340米),113.70597,34.718384,15324835616,8：00——22：00
管城回族区,50117,火锅店,于记骨汤串串香,商城东路28号,113.693319,34.750832,13613814082;19937877123,8：00——22：00
管城回族区,50117,火锅店,老八涮锅(总店),西大街顺城街交叉口向南100米路西,113.670909,34.7504,13838627198,8：00——22：00
管城回族区,50117,火锅店,佬城下美蛙鱼火锅,紫辰路与城东南路交叉口东200米,113.692709,34.710551,15093316973,8：00——22：00
管城回族区,50117,火锅店,郑飞牛火锅,管城回族区经济技术开发区第十三大街19-5,113.788276,34.717546,19036523418,8：00——22：00
管城回族区,50118,特色/地方风味餐厅,李记烧烤美食城(经北六路),赵庄社区东南1门东50米,113.741944,34.733622,15938729079,8：00——22：00
管城回族区,50118,特色/地方风味餐厅,临颍黄家烩面(郑州店),经开第二大街3号(福塔东地铁站B口步行290米),113.743341,34.720228,0371-55139187;18137161087,8：00——22：00
管城回族区,50118,特色/地方风味餐厅,汴梁豫兴斋(货站街店),货站街33号附3号紫薇小区门口西边汴梁豫兴斋,113.705233,34.737819,14783196688;15037111242,8：00——22：00
管城回族区,50118,特色/地方风味餐厅,诚之缘.信阳印象酒店,博学路莲湖路交叉口南150米路西,113.793053,34.75057,0371-61271008;13283849390,8：00——22：00
管城回族区,50118,特色/地方风味餐厅,固始鹅块(强民老鹅),七里河路4-34号(七里河地铁站D口步行400米),113.720264,34.718803,13938249790,8：00——22：00
管城回族区,50118,特色/地方风味餐厅,味得斋老地方烧烤总店(总店),紫辰路24号,113.683758,34.716218,15538668786,8：00——22：00
管城回族区,50118,特色/地方风味餐厅,魏家金汤胡辣汤店,豫一路与虹彩路虹彩农贸市场魏家金汤胡辣汤店w002-003,113.729665,34.665319,13290909094;18638189769,8：00——22：00
管城回族区,50118,特色/地方风味餐厅,彼酷哩活鱼现烤(新世界百货店),紫荆山路与商城路交叉口新世界百货四楼,113.682871,34.753434,0371-86150399,8：00——22：00
管城回族区,50118,特色/地方风味餐厅,袁记云饺(管城区新世界百货新店),紫荆山路57号新世界百货1层L01F026号,113.682926,34.753097,19139884818,8：00——22：00
管城回族区,50118,特色/地方风味餐厅,袁记云饺(郑州市管城区金城街店),金城街36号,113.687117,34.726122,18903717564,8：00——22：00
管城回族区,50118,特色/地方风味餐厅,袁记云饺(郑州市管城回族区郑汴路新店),郑汴路与东明路交叉口西100米路北,113.699947,34.747983,17303716538,8：00——22：00
管城回族区,50118,特色/地方风味餐厅,薛记巫山烤全鱼,橡树玫瑰城西区东3门南140米,113.711902,34.703831,13311086559;13633862617,8：00——22：00
管城回族区,50118,特色/地方风味餐厅,醉若鱼烤鱼(农业南路店),农业南路商都路交叉口向南100米路西,113.755821,34.745175,18037182379,8：00——22：00
管城回族区,50118,特色/地方风味餐厅,木屋烧烤(郑州-郑东商业中心店),康平路79号(郑东商业中心)5号楼1层108,113.761171,34.741467,18638129306,8：00——22：00
管城回族区,50118,特色/地方风味餐厅,黑胖子碳锅鱼烧烤(金城街店),新郑路218-88号,113.679779,34.726202,15238685506;15838296959,8：00——22：00
管城回族区,50118,特色/地方风味餐厅,方建营烧烤旗舰店,紫荆山路237号金城街东北角往北10米门面房附19号,113.682212,34.726755,19937778868;19939995252,8：00——22：00
管城回族区,50118,特色/地方风味餐厅,方建营烧烤美食城(石化路店),航海东路街道未来路813号凤凰台南花园,113.705037,34.732799,13838313101,8：00——22：00
管城回族区,50118,特色/地方风味餐厅,固始菜馆(栖霞寺街店),汇美茶城F区01(西门明月路),113.711574,34.724605,0371-57138823;13653717961;15544092687,8：00——22：00
管城回族区,50118,特色/地方风味餐厅,老渔伯烤全鱼(七里河店),美景鸿城3期·鸿福北门西60米,113.720614,34.718713,15803848695,8：00——22：00
管城回族区,50118,特色/地方风味餐厅,六和聚信阳一味(美景鸿城鸿图店),尚义路与航海东路交叉口向南50米路西,113.721647,34.719452,0371-55986677;13203719195,8：00——22：00
管城回族区,50118,特色/地方风味餐厅,巅味烤吧(远大理想城店),明湖办事处经北二路66号30号楼1层9号,113.739616,34.727564,15537118786,8：00——22：00
管城回族区,50118,特色/地方风味餐厅,宴之御信阳特色菜·南湾鱼(黄河南路店),黄河南路96号,113.746691,34.739232,0371-55335590;15890655296,8：00——22：00
管城回族区,50118,特色/地方风味餐厅,玖局徐州烧烤龙虾,经北一路20号,113.743591,34.7238,13949013325;19337107664,8：00——22：00
管城回族区,50118,特色/地方风味餐厅,正宗崔记北京麻辣爆肚(永平路店),永平路与农业南路交叉口向西10米路南,113.754373,34.740879,15515797097,8：00——22：00
管城回族区,50118,特色/地方风味餐厅,很久以前羊肉串(郑东商业中心店),万通街郑东商业中心A区2层(康平路与交汇处),113.760592,34.744038,15903625797,8：00——22：00
管城回族区,50118,特色/地方风味餐厅,宴曲老烩面小李烧烤(恒兴嘉苑店),恒兴嘉苑北门东60米,113.789875,34.752426,15136129833,8：00——22：00
管城回族区,50118,特色/地方风味餐厅,功夫怪兽·烧烤(大卫城店),东太康路52-5号,113.669355,34.755362,19838037007,8：00——22：00
管城回族区,50118,特色/地方风味餐厅,蜀蜀的粉(丹尼斯百货店),人民路2号丹尼斯百货2号馆1F层,113.675569,34.756696,15138677159;18736088488,8：00——22：00
管城回族区,50118,特色/地方风味餐厅,鱼库秘制烤鱼(南关街店),陇海路南关街交叉口向南100米路西,113.675543,34.738697,13607691801;18100329083,8：00——22：00
管城回族区,50118,特色/地方风味餐厅,丁记砂锅烧烤,东明路与东沈街交叉口南200米,113.70036,34.75564,17703820505,8：00——22：00
管城回族区,50118,特色/地方风味餐厅,张老大羊肉汤烧烤,城东路与航海东路交叉口东南40米,113.690675,34.720321,15517521818;15538335818,8：00——22：00
管城回族区,50118,特色/地方风味餐厅,子贡烤鲜鱼,货站北街7-2号,113.696743,34.739795,18236953999,8：00——22：00
管城回族区,50118,特色/地方风味餐厅,老田炒鸡家常菜,十八里河办事处南刘庄新区门面5号,113.685532,34.694848,13523438818,8：00——22：00
管城回族区,50118,特色/地方风味餐厅,北京炸酱面(商英街),管城回族区经济技术开发区商英街大宇颐园23号楼18-19号一、二层商铺,113.738653,34.724285,15378756809,8：00——22：00
管城回族区,50118,特色/地方风味餐厅,仟企红厨荟信阳私房菜馆,经南五路与商英街交叉口东140米,113.736446,34.716819,0371-61355666;18039557696,8：00——22：00
管城回族区,50118,特色/地方风味餐厅,大脸儿烧烤(农业南路店),农业南路68号商都路与农业南路交叉口向南20米路东,113.75659,34.744709,13383834235;17303861555,8：00——22：00
管城回族区,50118,特色/地方风味餐厅,郑喜旺烧烤(商鼎路店),商鼎路和光街Z01号,113.760134,34.755938,15638283911;15638286311,8：00——22：00
管城回族区,50118,特色/地方风味餐厅,李记烧烤美食城(经开第五大街总店),管城回族区经开区经开第五大街与经北五路交叉口向南50米路西,113.753804,34.730109,13781967098;15103737557,8：00——22：00
管城回族区,50118,特色/地方风味餐厅,犇嚓嚓·酸汤牛肉,万通街123号(福状元隔壁),113.758779,34.743512,13175971888;16696220188,8：00——22：00
管城回族区,50118,特色/地方风味餐厅,锦州烧烤(郑东商业中心B区店),万通街与康平路交叉口西180米,113.758924,34.743548,15738305509;17710508191,8：00——22：00
管城回族区,50118,特色/地方风味餐厅,河间驴肉馆,永平路与康平路交口1栋110号一层,113.759834,34.740755,13453985270;15835920622,8：00——22：00
管城回族区,50118,特色/地方风味餐厅,喜老胖新密虾尾烧烤砂锅菜(经开五大街店),经济开发区明湖办事处航海东路五大街西南角108-10号,113.753932,34.720356,15238792102,8：00——22：00
管城回族区,50118,特色/地方风味餐厅,贾记地锅汇(经开区第六大街店),航海路第六大街向南150米路东,113.757767,34.719543,18638263760,8：00——22：00
管城回族区,50118,特色/地方风味餐厅,肆佰度麻辣烤鱼(经开中心广场店),经济开发区明湖街道第七大街99号宏光合园,113.762086,34.7204,19712911575,8：00——22：00
管城回族区,50118,特色/地方风味餐厅,好客信阳食府(第八大街店),第八大街77-1,113.765097,34.714106,13503457858;15093127208,8：00——22：00
管城回族区,50118,特色/地方风味餐厅,四川回锅肉,经南五路与经开第十四大街交叉口西100米,113.790395,34.709939,15093299422,8：00——22：00
管城回族区,50118,特色/地方风味餐厅,韩磊东北大碗麻辣烫,东三马路东段路北熊耳河以西18号2号楼中单元1层15号,113.672689,34.744209,18539533858,8：00——22：00
管城回族区,50118,特色/地方风味餐厅,"李三烧烤(大锅菜,鲜炒鸡)",东大街街道城东路233号院北楼附1号,113.691079,34.743388,15038192345,8：00——22：00
管城回族区,50118,特色/地方风味餐厅,淄博烧烤,未来路街道城北路18号一层,113.698922,34.755216,17739790562,8：00——22：00
管城回族区,50118,特色/地方风味餐厅,杨国福麻辣烫(金岱路店),金岱路阳光城6号院6号楼1期1层16-38号商铺,113.717443,34.708153,16696116862,8：00——22：00
管城回族区,50118,特色/地方风味餐厅,袁记云饺(绿地双子塔店),绿地双子塔中间地块中间一排西第三户,113.767625,34.758375,18703676894,8：00——22：00
管城回族区,50118,特色/地方风味餐厅,袁记云饺(新发展·楷林广场店),新发展楷林广场负一楼食集入口,113.788207,34.753565,15238640873,8：00——22：00
管城回族区,50118,特色/地方风味餐厅,洛阳马坡烧烤(金城街店),紫荆山南路街道新郑路金城街向西100米,113.679443,34.726454,13526710014,8：00——22：00
管城回族区,50118,特色/地方风味餐厅,张亮麻辣烫(新世界店),紫荆山路63号裕鸿国际D座F1层,113.683239,34.752856,13103859402,8：00——22：00
管城回族区,50118,特色/地方风味餐厅,一串之约(南关街店),烟厂西街2号(越人大药房隔壁),113.676984,34.741072,17719999166;18137772527,8：00——22：00
管城回族区,50118,特色/地方风味餐厅,德福饺子馆(经开第一大街店),经开第一大街22附近,113.737991,34.713431,13213165919;13592562112,8：00——22：00
管城回族区,50118,特色/地方风味餐厅,沙县小吃(加州第一城店),郑州经济技术开发区第一城1号楼519,113.754313,34.711693,15136249669,8：00——22：00
管城回族区,50118,特色/地方风味餐厅,小伟烧烤(南关街社区33号院店),烟厂后街33-5号,113.676024,34.741842,13783537632,8：00——22：00
管城回族区,50118,特色/地方风味餐厅,方建营烧烤(商城路店),商城路119-2号,113.696273,34.750751,15736728108,8：00——22：00
管城回族区,50118,特色/地方风味餐厅,杨国福麻辣烫(鑫苑城店),赣江路39号鑫苑城六号院东北角2-112一楼底商杨国福麻辣烫,113.679076,34.703307,13598857765,8：00——22：00
管城回族区,50118,特色/地方风味餐厅,袁记云饺(阳光城店),袁记云饺南台路店,113.715257,34.711722,18595807073,8：00——22：00
管城回族区,50118,特色/地方风味餐厅,谢饺鲜手工饺子,光之谷3号楼104,113.730563,34.690011,18503866558,8：00——22：00
管城回族区,50118,特色/地方风味餐厅,杨国福麻辣烫(富田幸福里店),航海东路2号53号楼富田幸福里PARK一层L1-36号铺位,113.716645,34.723928,16668103291,8：00——22：00
管城回族区,50118,特色/地方风味餐厅,独一味烧烤,腾飞路2号商业一层101,113.720013,34.718762,19513350813,8：00——22：00
管城回族区,50118,特色/地方风味餐厅,京慧园麻辣香锅(汇美茂购物中心店),银莺路76号汇美茂购物中心F3层,113.700466,34.703852,13027781028,8：00——22：00
管城回族区,50118,特色/地方风味餐厅,第一部落烤串(永威城店),黄玉路与红珊路交叉口南180米,113.696754,34.689832,17630083888,8：00——22：00
管城回族区,50118,特色/地方风味餐厅,吉祥馄饨(河南郑州建正东方中心店),建正东方中心负1层商业街2-116号,113.776864,34.745371,4001818818,8：00——22：00
管城回族区,50118,特色/地方风味餐厅,屯门烧烤,花溪南路与文和路交叉口西20米,113.678322,34.680902,15838023550,8：00——22：00
管城回族区,50118,特色/地方风味餐厅,沙县小吃(理想城二店),郑州市经济技术开发区朝凤路远大理想城小区南门B10-4号,113.73888,34.726099,15538102510;17337106279,8：00——22：00
管城回族区,50118,特色/地方风味餐厅,古丽罕巴依新疆烧烤(远大理想城店),远大理想城北1门西60米,113.735457,34.730527,15999135807,8：00——22：00
管城回族区,50118,特色/地方风味餐厅,豫饺皇现包水饺(康居·东瑞佳苑店),城东南路16号康居·东瑞佳苑,113.69067,34.718659,15736776918;15737116918,8：00——22：00
管城回族区,50118,特色/地方风味餐厅,李记德功烧烤店,中岳·七里香堤西门旁,113.700836,34.710155,17839952177;18625530640,8：00——22：00
管城回族区,50118,特色/地方风味餐厅,烧烤部落(南仓街店),南仓街8号紫竹小区(陇海东路地铁站A口步行60米),113.683371,34.737182,15516936356,8：00——22：00
管城回族区,50118,特色/地方风味餐厅,杨国福麻辣烫(紫荆山南路店),陇海东路68-1号,113.683524,34.739869,17630911166,8：00——22：00
管城回族区,50118,特色/地方风味餐厅,豫阿甘铁板烧(恒大绿洲店),恒大绿洲四期西门旁,113.761386,34.711322,15515806100,8：00——22：00
管城回族区,50118,特色/地方风味餐厅,云南上品过桥米线·凉皮(航海路店),银莺路金色港湾37号楼1层15号,113.701412,34.719186,18339219298;18937109171,8：00——22：00
管城回族区,50118,特色/地方风味餐厅,张亮麻辣烫(郑州金城街店),紫荆山路金城街路北100米,113.682696,34.726457,15639025770,8：00——22：00
管城回族区,50118,特色/地方风味餐厅,扬光烧烤(银莺路分店),银莺路58号,113.700939,34.717525,13939600620,8：00——22：00
管城回族区,50118,特色/地方风味餐厅,沙县小吃·黄焖鸡(恒兴嘉苑店),商都路街道博学路38号恒兴嘉苑,113.788303,34.752304,15638183489,8：00——22：00
管城回族区,50118,特色/地方风味餐厅,沙县小吃黄焖鸡(金沙湖店),郑州经济技术开发区第五大街与经南九路金沙湖商业街110号商铺,113.743164,34.720424,15738364535,8：00——22：00
管城回族区,50118,特色/地方风味餐厅,沙县小吃(美景鸿城2期店),南曹乡腾飞路西、七里河路北商业1号1层103,113.720282,34.718854,17329312602,8：00——22：00
管城回族区,50118,特色/地方风味餐厅,王记逍遥镇牛肉胡辣汤(通站路店),紫荆山南路街道通站路(往南走)168-3号商铺绿色招牌王记逍遥镇牛肉胡辣汤旁边是民族事务服务中心,113.682276,34.711023,13513809108,8：00——22：00
管城回族区,50118,特色/地方风味餐厅,迷尚驴驴肉火烧(航海路店),郑州经济技术开发区航海东路汉风大厦B座C座之间东第二间,113.734461,34.721357,13373236171,8：00——22：00
管城回族区,50118,特色/地方风味餐厅,湖南米粉牛肉面(天然商厦店),西大街与延陵街交叉口向北二十米,113.668199,34.75224,13073747198,8：00——22：00
管城回族区,50118,特色/地方风味餐厅,鲜味鲜百味饺子城,经南二路29号,113.759987,34.717549,15378783272,8：00——22：00
管城回族区,50118,特色/地方风味餐厅,福塔下江湖烤场,管城回族区经开区传媒路岔河路口,113.730664,34.726241,18939626848,8：00——22：00
管城回族区,50118,特色/地方风味餐厅,阿古多水饺(知了店),绿都澜湾知了公寓5栋北侧207商铺,113.686181,34.678194,18638166083,8：00——22：00
管城回族区,50118,特色/地方风味餐厅,俏三姐小院烧烤(站马屯店),花溪南路和文和路交叉口西南20米,113.678213,34.6806,13633716162,8：00——22：00
管城回族区,50118,特色/地方风味餐厅,百味饺子鲜炒鸡,霞飞路与求知路交叉口西南120米,113.68676,34.677591,15791870621;18039226788,8：00——22：00
管城回族区,50118,特色/地方风味餐厅,福星麻辣烫,经北四路与经开第七大街交叉口东140米,113.762725,34.729275,18317643020,8：00——22：00
管城回族区,50118,特色/地方风味餐厅,撸个串烧烤,豫一路与南曹路交叉口南100米,113.759689,34.665636,17703848348,8：00——22：00
管城回族区,50118,特色/地方风味餐厅,荣记碳锅烧烤,站马屯鸿园东门口向南100米路西,113.678267,34.681453,15688112233,8：00——22：00
管城回族区,50118,特色/地方风味餐厅,老关东炒馅水饺馆,航海东路20号1号车库17号,113.711274,34.721844,18037314268,8：00——22：00
管城回族区,50118,特色/地方风味餐厅,百福胖孩海鲜烧烤(福绿街),郑东新区福禄街,113.766732,34.748599,19905588777,8：00——22：00
管城回族区,50118,特色/地方风味餐厅,东湖烧烤,东三马路,113.672302,34.74385,15890693338,8：00——22：00
管城回族区,50118,特色/地方风味餐厅,老八烧烤,未来丽景苑西2门旁,113.706547,34.725434,13213139310,8：00——22：00
管城回族区,50118,特色/地方风味餐厅,沙县小吃郑州(布厂街店),布厂街陇兴花园第二栋一层一号,113.66853,34.739216,13838100721,8：00——22：00
管城回族区,50118,特色/地方风味餐厅,杨记四季烧烤,管城回族区紫晨路与耿庄后街交叉口西,113.693928,34.705613,18738111091,8：00——22：00
管城回族区,50118,特色/地方风味餐厅,杨国福麻辣烫(康平路店),康平路郑东商业中心C区118号,113.760875,34.742725,13674512466,8：00——22：00
管城回族区,50118,特色/地方风味餐厅,古荥巴记烧烤尚庄店,尚庄南路️八号,113.717085,34.709774,19137615371,8：00——22：00
管城回族区,50118,特色/地方风味餐厅,一锅鲜饺,郑州经济技术开发区第五大街45号附35-2号,113.756603,34.710429,18137376097,8：00——22：00
管城回族区,50119,海鲜酒楼,小螺号海鲜(榆林北路店),农业南路与榆林北路店,113.758615,34.756272,0371-66269777;13526630856,8：00——22：00
管城回族区,50119,海鲜酒楼,东城十里饭店,东四环汉星路附1号,113.813629,34.755201,0371-55075501;19137160365,8：00——22：00
管城回族区,50119,海鲜酒楼,破店肥哈·海鲜·烧烤(郑东商业中心店),郑东商业中心S2号楼1层102号,113.758669,34.743895,0371-53387771;13140188657,8：00——22：00
管城回族区,50119,海鲜酒楼,潮汕海鲜小馆,郑汴路与城东路交叉口向北200米(城东路78-3号),113.691655,34.749399,13825828050,8：00——22：00
管城回族区,50119,海鲜酒楼,几许民谣烧烤馆(郑州光彩店),万达天香金街S6栋201、284号,113.669676,34.755287,15038173926;18937909923,8：00——22：00
管城回族区,50119,海鲜酒楼,夜小红炒虾尾(富田太阳城店),明月路56-66号,113.716085,34.724922,0371-53693892,8：00——22：00
管城回族区,50119,海鲜酒楼,兄弟俩肉蟹煲(富田新天地店),航海东路富田新天地三楼,113.712847,34.721427,15738500459,8：00——22：00
管城回族区,50119,海鲜酒楼,浙商小海鲜(富田店),明月路与灵隐路交叉口,113.717329,34.724681,13525569063,8：00——22：00
管城回族区,50119,海鲜酒楼,王婆大虾·信阳人家(紫荆山路店),紫荆山路二里岗南街交叉口向北20米路东,113.682642,34.729856,0371-55529668,8：00——22：00
管城回族区,50119,海鲜酒楼,东北烧烤海鲜铁锅炖饺子城(同馨苑小区店),经济技术开发区经南二路56号同馨苑小区2号楼11,113.76423,34.718168,18246505789,8：00——22：00
管城回族区,50119,海鲜酒楼,海鲜捕快,管城回族区豆腐砦216号,113.675074,34.737361,17839972665,8：00——22：00
管城回族区,50119,海鲜酒楼,郑战立徒手海鲜汇烧烤,明湖办事处五大街45号附2-1号,113.754273,34.711236,15791857517,8：00——22：00
管城回族区,50119,海鲜酒楼,厨匠博炮崩鸡货站北街店,货站北街21号院7号,113.696522,34.745665,18539269799,8：00——22：00
管城回族区,50119,海鲜酒楼,大尚龙虾(城东路店),城东路78-5,113.69168,34.749493,13213187368;18624968587,8：00——22：00
管城回族区,50119,海鲜酒楼,胖丁小龙虾(康城·棕榈泉店),康城·棕榈泉北门西80米,113.679253,34.726237,15981810066;18638553343,8：00——22：00
管城回族区,50119,海鲜酒楼,四季砂锅鲜炒小公鸡·老式扣碗,航海东路2号富田太阳城29号楼1楼108号商铺,113.716144,34.72499,15994157123,8：00——22：00
管城回族区,50119,海鲜酒楼,三合裕宴(正商·建正东方中心店),寿丰街建正东方中心C座北侧,113.776332,34.746114,19339929218,8：00——22：00
管城回族区,50119,海鲜酒楼,胖孩海鲜烧烤大盘鸡(和光街店),郑东新区和光街1号10号楼东一单元,113.760624,34.753622,15136216642;19303880260,8：00——22：00
管城回族区,50119,海鲜酒楼,宋五花鲜烧五花地摊火锅(郑州总店),十八里河街道绿都澜湾知了公寓5号楼一层117室,113.686173,34.678061,18538201258,8：00——22：00
管城回族区,50119,海鲜酒楼,富豫轩海鲜融合餐厅,商鼎路110号牧原大厦F4层,113.79001,34.756247,15838333454,8：00——22：00
管城回族区,50119,海鲜酒楼,黑马海鲜烧烤(源升金锣湾赐福园店),航海路与众城街交叉口向西10米路北,113.685555,34.721213,15890061168,8：00——22：00
管城回族区,50119,海鲜酒楼,新密海鲜烧烤大排档(北乾元街9号院店),南顺城街179号,113.670248,34.74824,15937877009,8：00——22：00
管城回族区,50119,海鲜酒楼,东田食坊(升龙广场店),榆林南路普惠路交叉口升龙广场3号楼负一,113.771185,34.756327,18137669016,8：00——22：00
管城回族区,50119,海鲜酒楼,老二海鲜烧烤麻辣龙虾尾疯狂炒鸡,管城回族区银莺路与长江东路交叉口北100米,113.700854,34.713209,13213027999,8：00——22：00
管城回族区,50119,海鲜酒楼,金樽小海鲜(郑东新区店),双子塔北塔群楼金樽小海鲜(二楼)云尚美食汇东门口北入口,113.767633,34.759613,19939271867,8：00——22：00
管城回族区,50119,海鲜酒楼,金樽小海鲜,南学街商铺1-6(西大街地铁站B口步行420米),113.67454,34.747639,17596529883,8：00——22：00
管城回族区,50119,海鲜酒楼,李记虾尾烧烤,金穗小区北门东侧第一家门面,113.71118,34.711324,13838361756,8：00——22：00
管城回族区,50119,海鲜酒楼,嗨派小龙虾海鲜,紫辰路315号19号楼1层商7号,113.696494,34.712583,18003717387,8：00——22：00
管城回族区,50119,海鲜酒楼,海鲜烧烤,城东路郑汴路交叉口向北50米路东,113.691626,34.748148,15515898865,8：00——22：00
管城回族区,50119,海鲜酒楼,天生蚝吃(南关街丽水人家店),管城区南关街138号,113.675982,34.743492,15137137859,8：00——22：00
管城回族区,50119,海鲜酒楼,蚝友虾馆,文兴路与鼎尚街交叉口向南50米路西,113.719025,34.688621,15617588761,8：00——22：00
管城回族区,50119,海鲜酒楼,乐乐海鲜烧烤(天然商厦店),人民南路1号天然商厦F1层(二七广场地铁站B口旁),113.668189,34.752194,15093307828,8：00——22：00
管城回族区,50119,海鲜酒楼,奥晨海鲜烧烤(金领寓商业街店),,113.674818,34.743677,13592422805;15538066595,8：00——22：00
管城回族区,50119,海鲜酒楼,喜子海鲜烧烤(恒兴嘉苑店),恒兴嘉苑北门西60米,113.788705,34.75237,13071078186,8：00——22：00
管城回族区,50119,海鲜酒楼,郑州油边王总店,十八里河南路河路与尚武路丁字口西南角,113.717525,34.716786,15893665808;18438017026,8：00——22：00
管城回族区,50119,海鲜酒楼,江湖有串,十八里河街道便民生活广场,113.678242,34.680596,15938747184,8：00——22：00
管城回族区,50119,海鲜酒楼,蓝沛三文鱼(芦邢庄花苑店),航海东路街道银莺路12号院53号(芦邢庄花苑店),113.700907,34.717905,18695850530,8：00——22：00
管城回族区,50119,海鲜酒楼,李记香辣虾,十八里河镇刘湾新村东一街中段,113.704749,34.663009,15093385352,8：00——22：00
管城回族区,50119,海鲜酒楼,深海捞汁小海鲜(远大理想城店),管城回族区经济开发区明湖街道经北二路66号远大理想城,113.735477,34.730494,15686010570,8：00——22：00
管城回族区,50119,海鲜酒楼,温州海鲜快餐(管城花园店),菜市街8附近,113.667685,34.746303,18037138628;18736292599,8：00——22：00
管城回族区,50119,海鲜酒楼,小肥蚝海鲜烧烤(美景鸿城2期·鸿图店),美景鸿城2期·鸿图南门东北190米,113.720537,34.71902,18569994612,8：00——22：00
管城回族区,50119,海鲜酒楼,盱眙十三香龙虾,银莺路与果园路交叉口南240米,113.701814,34.714377,17600125163,8：00——22：00
管城回族区,50119,海鲜酒楼,王玲海鲜鱼,南关菜场与德济路交叉口南60米,113.674298,34.743362,17839923227,8：00——22：00
管城回族区,50119,海鲜酒楼,赵记地摊烧烤,紫云路与红云路交叉口东北角,113.676352,34.712816,17319748111,8：00——22：00
管城回族区,50119,海鲜酒楼,浚县炸鱼,紫荆创意园西南门旁,113.691313,34.710612,13719837637,8：00——22：00
管城回族区,50119,海鲜酒楼,格瑞欧海鲜自助烤肉(乐城·祥锐广场店)(装修中),人民路与东太康路交叉口乐城·祥锐广场5楼,113.671051,34.754375,15515851555,8：00——22：00
管城回族区,50119,海鲜酒楼,冬锅夏烤(光之谷店),文德路与鼎瑞街交叉口北100米,113.730419,34.689801,17752520884,8：00——22：00
管城回族区,50119,海鲜酒楼,四厂烩面大盘鸡碳锅鱼海鲜烧烤美食城,河南省公安厅第一工程公安局东北门西80米,113.676803,34.720073,13283885855,8：00——22：00
管城回族区,50119,海鲜酒楼,谭记烧烤海鲜砂锅(银莺路店),银莺路75号院2号楼4-2商铺,113.701313,34.70313,15515685688,8：00——22：00
管城回族区,50119,海鲜酒楼,极味功坊炸货铺(盛华里店),盛华里,113.752672,34.722344,13383835577,8：00——22：00
管城回族区,50119,海鲜酒楼,小猪查理火盆自助烤肉(美景龙堂·欢乐广场店),航海东路866号万科美景龙堂3楼306号,113.719022,34.721882,17320112812,8：00——22：00
管城回族区,50119,海鲜酒楼,建党海鲜干调,凤凰路与货站北街交叉口西160米,113.694626,34.7435,13213130680,8：00——22：00
管城回族区,50119,海鲜酒楼,四海干调海鲜店(小李庄农贸批发市场店),南四环小李庄农贸批发市场,113.674269,34.666643,13938588949;13949046587,8：00——22：00
管城回族区,50119,海鲜酒楼,丽飞海鲜店,安徐庄新合作市集,113.701641,34.714617,13837818117,8：00——22：00
管城回族区,50119,海鲜酒楼,陶玉栋鲜牛羊肉海鲜烧烤店(恒大绿洲店),经开第七大街与经南四路交叉口向东一百米路南,113.762244,34.71243,15038051526,8：00——22：00
管城回族区,50119,海鲜酒楼,胖哥俩肉蟹煲(郑州航海天地店),航海东路与第一大街交叉口航海天地店,113.738617,34.721631,0371-53307958,8：00——22：00
管城回族区,50119,海鲜酒楼,必胜客(郑东云尚店),商都路生活广场西门东南200米,113.760479,34.745705,0371-60980332;4008200775,8：00——22：00
管城回族区,50119,海鲜酒楼,KAOTOWN烤堂(海汇港店),东风南路与榆林南路交叉口海汇港8号楼1楼2号,113.769403,34.753124,19036988360,8：00——22：00
管城回族区,50119,海鲜酒楼,盱眙奔跑吧小龙虾(管城区),正商新蓝钻F区南门东130米,113.70597,34.716147,0371-55206877;17737198531,8：00——22：00
管城回族区,50119,海鲜酒楼,必胜客(福都百货店),航海路与银莺路交叉口西南角福都购物广场东北角1-2层,113.700994,34.720268,4009208809;4009701890,8：00——22：00
管城回族区,50119,海鲜酒楼,土房子怪味鱼(未来路店),南路未来路与石化路的交叉口向南800m路东,113.705674,34.730358,13073754935,8：00——22：00
管城回族区,50119,海鲜酒楼,鱼你在一起(郑东商业中心店),康平路郑东商业中心A区S6-3号107-108号,113.760704,34.744492,15638476237,8：00——22：00
管城回族区,50119,海鲜酒楼,醉巴鲜烤鱼(远大理想城店),远大理想城北门旁,113.737475,34.730675,19937382211,8：00——22：00
管城回族区,50119,海鲜酒楼,杨老坛酸菜鱼(陇海北一街店),紫荆山路新合鑫紫荆之星大厦一楼,113.680578,34.735224,19937033383,8：00——22：00
管城回族区,50119,海鲜酒楼,半天妖烤鱼(盛华里店),经开第五大街郑州市万锦城盛华里购物中心2栋2楼半,113.752741,34.72185,13503895822;17630324548,8：00——22：00
管城回族区,50119,海鲜酒楼,彼酷哩活鱼现烤(云尚店),康平路与商都路交汇处云尚购物广场2层,113.760611,34.745215,15601943210,8：00——22：00
管城回族区,50119,海鲜酒楼,半天妖烤鱼(美景龙堂·欢乐广场店),中州大道和航海路交叉口美景龙堂·欢乐广场4层电影院右边,113.718825,34.72193,0371-86153878;18539233530,8：00——22：00
管城回族区,50119,海鲜酒楼,必胜客(富田新天地店),航海东路2号60号楼商业项目一层,113.712997,34.721514,15738502171;4009701890,8：00——22：00
管城回族区,50119,海鲜酒楼,匠合铁板烧(绿地天空之城店),东风南路榆林北路交叉口绿地天空之城5层508,113.768012,34.75706,0371-55020517,8：00——22：00
管城回族区,50119,海鲜酒楼,必胜客(家饰佳生活广场店),东太康路72号乐城·祥锐广场F2层,113.670591,34.754122,0371-80961360;4009701890,8：00——22：00
管城回族区,50119,海鲜酒楼,棒约翰比萨(龙堂万科店),中州大道与航海路交叉口东北角龙堂万科广场1F-20a,113.719072,34.721775,0371-66888030;13270466704;4008887272,8：00——22：00
管城回族区,50119,海鲜酒楼,醉鱼轩烤鱼(航海路福都广场三楼店),福都购物广场,113.700579,34.719812,0371-53311696,8：00——22：00
管城回族区,50119,海鲜酒楼,豪享来(陇海店),陇海东路302号,113.686636,34.73907,0371-66309802,8：00——22：00
管城回族区,50119,海鲜酒楼,岩哥土鲫鱼(经南四路),经南四路6号,113.767737,34.71252,13721441044,8：00——22：00
管城回族区,50119,海鲜酒楼,扳倒海水产·鲍鱼捞饭(航海东路店),航海东路1406号,113.761585,34.721352,18638668599,8：00——22：00
管城回族区,50119,海鲜酒楼,烹厨酸菜鱼,腾达路拓丰祥和居一号院13号八大街酸菜鱼,113.793199,34.695469,18537139568,8：00——22：00
管城回族区,50119,海鲜酒楼,掬芥三文鱼(卢浮公馆店),列里路与东风南路交叉口东160米,113.766825,34.738325,15713822247,8：00——22：00
管城回族区,50119,海鲜酒楼,鱼你在一起(汇美茂购物中心店),管城回族区航海东路街道银莺路汇美茂商场4层D015-016号,113.70052,34.70387,15136202128,8：00——22：00
管城回族区,50119,海鲜酒楼,鱼你在一起(富田新天地店),航海东路与中州大道交叉口富田新天地三楼中庭西侧,113.712756,34.721609,15617763633,8：00——22：00
管城回族区,50119,海鲜酒楼,鱼你在一起(丹尼斯百货2号馆店),人民路2号丹尼斯百货2号馆1F层,113.675686,34.756695,13290908870,8：00——22：00
管城回族区,50119,海鲜酒楼,蓝塞夫三文鱼(郑州恒泰店),郑汴路52-4(博览中心地铁站C口步行410米),113.698922,34.747073,18537132160,8：00——22：00
管城回族区,50119,海鲜酒楼,清真·鱼鱼鲜秘制烤鱼(黄河南路店),黄河南路与列里路交叉口向北100米,113.747338,34.739142,13513750183;15837555067,8：00——22：00
管城回族区,50119,海鲜酒楼,老李记铜锅鸡虾尾烧烤(金城街总店),康城·棕榈泉北门旁(二里岗地铁站B口步行410米),113.679971,34.726402,18595691175,8：00——22：00
管城回族区,50119,海鲜酒楼,豫缘虾道(盛华里店),航海东路与经开第五大街盛华里商场3楼豫缘虾道,113.752856,34.722513,0371-67113831,8：00——22：00
管城回族区,50119,海鲜酒楼,炎旭酸菜鱼焖炒鸡(紫辰路店),紫东路与紫辰路交叉口向南50米路东,113.694139,34.706414,13073752291,8：00——22：00
管城回族区,50119,海鲜酒楼,舟友新派烤全鱼(陇海路大润发店),紫荆山路与陇海路交叉口大润发1楼,113.682743,34.740089,18337106298,8：00——22：00
管城回族区,50119,海鲜酒楼,老渔翁烤全鱼(总店),"郑州经济技术开发区第七大街东,航海东路南6号楼1层104号",113.761273,34.719461,15638895543,8：00——22：00
管城回族区,50119,海鲜酒楼,麦加美汉堡(南曹店),圃生路南曹乡乡政府斜对面,113.753498,34.66783,13949121984,8：00——22：00
管城回族区,50119,海鲜酒楼,牟子李万州烤鱼(万通花园店),郑东新区商都路办事处万通街15号万通花园2号楼3至4号,113.757509,34.743559,17723277555,8：00——22：00
管城回族区,50120,中式素菜馆,张老炝方城炝锅烩面(郑东商业中心店),郑东商业中心B区15-C栋1层(永平路与康平路交汇处西50米路北),113.759528,34.741458,0371-63330977;15981927526,8：00——22：00
管城回族区,50120,中式素菜馆,优易家早中晚快餐(未来路店),未来路与青年路交叉口向南50米路西,113.703678,34.741222,15515769057,8：00——22：00
管城回族区,50121,清真菜馆,星巴克(海汇中心店),东风南路与榆林南路交汇处海汇中心8号楼1层,113.769435,34.75323,0371-63210052;0371-63211185,8：00——22：00
管城回族区,50121,清真菜馆,李军力烧烤(郑东商业中心店),商都路与康平路交叉口郑东商业中心B区15-2号楼,113.75869,34.741474,0371-88916617;18236939992,8：00——22：00
管城回族区,50121,清真菜馆,小马炸鸡(法院西街店),裴昌庙街8号楼2单元,113.67268,34.752874,18530038282;18638649293,8：00——22：00
管城回族区,50121,清真菜馆,高途科教园,管城回族区经开区经南三路8号,113.740638,34.717805,0371-88880616,8：00——22：00
管城回族区,50121,清真菜馆,南边风车格尔国际饭店,第八大街106号,113.763771,34.719274,"0371-66032299;0371-66657777;0371-66657777,0",8：00——22：00
管城回族区,50121,清真菜馆,杨记清芳牛肉拉面(朝凤路店),朝凤路亚太新宇小区1号楼1单元1楼,113.733492,34.724834,13303861611,8：00——22：00
管城回族区,50121,清真菜馆,helen's海伦司小酒馆(鸿成光彩店),人民路鸿成光彩1楼东南3门,113.668949,34.754169,0371-63392314,8：00——22：00
管城回族区,50121,清真菜馆,瑞贝卡大酒店,西大街198号(西大街地铁站B口步行120米),113.675355,34.749885,0371-66223333;0371-62001777;0371-62001166,8：00——22：00
管城回族区,50121,清真菜馆,觉醒BAKERY(海汇中心店),郑东新区东风南路海汇中心7号1-3,113.769704,34.752701,19937073188,8：00——22：00
管城回族区,50121,清真菜馆,盒马鲜生(富田新天地店),航海路与中州大道交叉口富田新天地B1,113.712626,34.721468,0371-56881009,8：00——22：00
管城回族区,50121,清真菜馆,大河国际饭店,郑州国家经济技术开发区第三大街166号,113.745886,34.730515,0371-60106666,8：00——22：00
管城回族区,50121,清真菜馆,郑州御玺中州国际饭店,郑汴路东明路御玺大厦B座,113.699805,34.748567,0371-56533555,8：00——22：00
管城回族区,50121,清真菜馆,Purr Purr扑扑烘焙(平等街店),平等街游园1-20号白色门头圆形店招,113.674688,34.748945,13071061082,8：00——22：00
管城回族区,50121,清真菜馆,功夫怪兽·烧烤(郑东商业中心店),商都新城西北门西南190米,113.755904,34.744237,19900918686,8：00——22：00
管城回族区,50121,清真菜馆,赵记米皮(南关街店),205号院1号楼199号,113.675938,34.744963,15538319426,8：00——22：00
管城回族区,50121,清真菜馆,马坡烧烤鲜炒柴鸡,港湾路1号院(航海路与未来路交汇处)正商蓝钻西门对面,113.706146,34.71756,15838319629,8：00——22：00
管城回族区,50121,清真菜馆,特味村·福园,中州大道与南三环交叉口北200米路西,113.705713,34.704892,18569992599,8：00——22：00
管城回族区,50121,清真菜馆,HUGS coffee(东区店),农业南路与商鼎路交叉口东北角乐享城创意街区Z05,113.759165,34.755932,18611106838,8：00——22：00
管城回族区,50121,清真菜馆,马坡烧烤鲜炒鸡(第二直营店),东明路与郑汴路交叉口,113.700527,34.748125,15890026057,8：00——22：00
管城回族区,50121,清真菜馆,卡吉诺(航海店),航海东路1212号(与朝凤路交叉口),113.733979,34.721453,0371-60835611,8：00——22：00
管城回族区,50121,清真菜馆,城墙里咖啡,东大街城东路交叉口商城遗址公园内,113.688232,34.746248,18838139966,8：00——22：00
管城回族区,50121,清真菜馆,二人烧(农业南路店),农业南路76号(东周地铁站B口步行490米),113.755875,34.743475,17344990050,8：00——22：00
管城回族区,50121,清真菜馆,亿佳客(龙门店),航海路尚义路美景龙门东口,113.721725,34.720375,15515848898;15516715962,8：00——22：00
管城回族区,50121,清真菜馆,DBe's大白俄俄餐烧烤西餐厅(富田新天地店),航海路中州大道富田新天地1楼西南角,113.712549,34.721373,0371-63249381,8：00——22：00
管城回族区,50121,清真菜馆,山也听风(海汇港店),普惠路海汇美术馆一楼,113.770961,34.75197,0371-55183332,8：00——22：00
管城回族区,50121,清真菜馆,麦当劳(郑州郑东新区海邻茂餐厅),福禄街86-4海邻茂,113.773159,34.748727,4009200205,8：00——22：00
管城回族区,50121,清真菜馆,池麦烤肉,经开第五大街乐尚广场3楼,113.754668,34.71414,18695858916,8：00——22：00
管城回族区,50121,清真菜馆,瓦舍茶馆(东大街店),郑汴路与城东路交叉口东北角50米,113.693089,34.747049,0371-61770222;13253602556,8：00——22：00
管城回族区,50121,清真菜馆,麦当劳(郑州新世界百货店),紫荆山路57-1号新世界百货F1层,113.682819,34.752776,0371-86129870;4008517517,8：00——22：00
管城回族区,50121,清真菜馆,必胜客(万锦城店),航海东路与经开第五大街交叉口万锦盛华里西南角1层,113.752964,34.721638,0371-55136520;4008200775,8：00——22：00
管城回族区,50121,清真菜馆,瓦库茶馆17号(海汇港店),海汇中心4层,113.769886,34.753227,0371-53622000;0371-53622111,8：00——22：00
管城回族区,50121,清真菜馆,酱Korean Bistro韩国融合料理(汇艺银河里店),商鼎路77号,113.770545,34.754087,17837129292,8：00——22：00
管城回族区,50121,清真菜馆,方中山胡辣汤(布厂街店),陇海东路237号陇海大厦底商,113.670152,34.740412,15290035269,8：00——22：00
管城回族区,50121,清真菜馆,郑喜旺烧烤(美景龙堂店),金岱街道航海东路万科·美景龙堂,113.718223,34.721467,19103854022,8：00——22：00
管城回族区,50121,清真菜馆,鸟安Robatayaki炉端酒场(建业·天筑店),建业天筑南门往西10米路北,113.764627,34.751519,13383827591,8：00——22：00
管城回族区,50121,清真菜馆,姐弟俩土豆粉(郑州金水人民路店),工一小学家属院西南门旁,113.67661,34.75687,17752513769,8：00——22：00
管城回族区,50121,清真菜馆,满芳兰庭羊肉汤烩面(经开第三大街店),经开区第三大街110号院1层11号,113.746182,34.723246,0371-58566516;0371-59566516;18239982784,8：00——22：00
管城回族区,50121,清真菜馆,达美乐比萨(郑州新世界店),紫荆山路57-1号新世界百货(郑州店),113.682372,34.753117,4001597597,8：00——22：00
管城回族区,50121,清真菜馆,昊来了寿司,海汇港7号楼1层3号商铺,113.769647,34.75259,19059516302,8：00——22：00
管城回族区,50121,清真菜馆,刘洋和烤肉(阜民里店),南学街35号,113.671693,34.748301,0371-66347108,8：00——22：00
管城回族区,50121,清真菜馆,眷茶臻选(海汇竹编主题店),普惠路56号海汇港6号楼1层3号,113.769556,34.753127,19337102959,8：00——22：00
管城回族区,50121,清真菜馆,德克士(郑州百货大楼店),北二七路49号郑百一层,113.66738,34.756341,0371-69067777;15515929291,8：00——22：00
管城回族区,50121,清真菜馆,蓝塔烘焙(郑百店),二七路49号郑州百货大楼1层西门大卫城对面,113.66718,34.756447,0371-66206200,8：00——22：00
管城回族区,50121,清真菜馆,盐烧鸟(海汇港店),东风南路与康宁街交汇处东北角海汇中心5号楼1楼,113.769353,34.75218,15517117996,8：00——22：00
管城回族区,50121,清真菜馆,霸王茶姬(郑州富田店),航海路富田一站购物中心正门1层入口处,113.715493,34.722655,18939517515,8：00——22：00
管城回族区,50121,清真菜馆,松弛山谷,菜市街100号,113.670665,34.746378,13073798338,8：00——22：00
管城回族区,50121,清真菜馆,坛子吕烤肉(商业中心店),农业南路万通街十字路口西南角,113.755841,34.743516,18638253796,8：00——22：00
管城回族区,50122,台湾菜,阿米山台湾手作大饭团丹尼斯航海店(暂停营业),航海路丹尼斯C区二楼,113.73898,34.721775,13903833544,8：00——22：00
管城回族区,50123,潮州菜,玺棠家宴国潮菜,郑汴路96号瑞喜酒店停车场,113.704765,34.747287,0371-62009999;18538217680,8：00——22：00
管城回族区,50123,潮州菜,潮源轩酒楼(建业天筑店),东风南路与康宁街向西200米路北潮源轩14-102,113.764322,34.751516,0371-65982666,8：00——22：00
管城回族区,50123,潮州菜,潮火锅(陇海东路店),陇海东路238号,113.671734,34.740243,15036031211,8：00——22：00
管城回族区,50123,潮州菜,潮汕鲜打牛肉丸(远大理想城店),经开第一大街与经北五路交叉口民乐集农贸市场,113.74009,34.730067,15617629501;19802093605,8：00——22：00
管城回族区,50123,潮州菜,潮汕记生鲜牛肉火锅(富田·新天地店),航海东路2号富田新天地F3层,113.712447,34.721372,0371-86568488,8：00——22：00
管城回族区,50200,外国餐厅,小零西餐厅(复古美式主题)清真,康平路与万通街交叉口向西10米路北郑东商业中心A区S5栋,113.759606,34.743902,0371-55980290,8：00——22：00
管城回族区,50200,外国餐厅,欧咔拉牛排自助餐厅(郑东商业中心A区店),康平路与商都路交叉口云尚购物中心3层,113.760006,34.745247,13837123373,8：00——22：00
管城回族区,50200,外国餐厅,刘洋和烤肉(第二大街店),经北一路第二大街东北角,113.743651,34.723605,13140020400,8：00——22：00
管城回族区,50200,外国餐厅,米村拌饭(管城区新世界百货店),"紫荆山路57号新世界百货L01F010,1楼北区,北区第一家,裕鸿国际A座旁",113.682545,34.754248,17645790191,8：00——22：00
管城回族区,50200,外国餐厅,菲伦斯Feelings(亚新广场B座店),康宁街96号亚新广场B座一楼103,113.774863,34.752097,0371-60192222,8：00——22：00
管城回族区,50200,外国餐厅,鸟镇碳火烧酒場(东方鼎盛时代三期店),商都路街道榆林南路1号东方鼎盛时代三期,113.757638,34.752978,17761667770,8：00——22：00
管城回族区,50200,外国餐厅,米村拌饭(航海路丹尼斯店),航海东路1228号丹尼斯二楼009号,113.737902,34.721759,19904617057,8：00——22：00
管城回族区,50200,外国餐厅,萨咯滋比萨(大宇颐园小区店),经北二路7-5号,113.736846,34.725465,13803857130,8：00——22：00
管城回族区,50200,外国餐厅,刘洋和烤肉(梧桐里店),凤凰路38号L113号铺,113.699979,34.742838,18836621610,8：00——22：00
管城回族区,50200,外国餐厅,吉の烧鸟居酒屋(商鼎路店),自贸试验区郑州片区(郑东)和光街10号A栋1层12乐享城HAPPY CITY,113.758969,34.754662,13949091421;17719876788,8：00——22：00
管城回族区,50200,外国餐厅,刘洋和烤肉(第五大街店),经济技术开发区明湖办事处航海东路1073号东门面房5号附5-1,113.753856,34.719245,19036506553,8：00——22：00
管城回族区,50200,外国餐厅,农家烙馍村(志城街店),区北刘庄南街2号,113.689316,34.71467,13073727302;13849114929,8：00——22：00
管城回族区,50200,外国餐厅,海匠居酒屋.日料(盛华里购物中心店),航海路与经开第五大街交叉口万锦盛华里3栋2层F2021,113.752768,34.721641,0371-65314499;18739507000,8：00——22：00
管城回族区,50200,外国餐厅,吉门町日式料理(郑东商业中心C区店),郑东商业中心C区一号楼116号吉门町日式料理,113.76189,34.743288,17329318630,8：00——22：00
管城回族区,50200,外国餐厅,N多寿司(郑州商都路店),商都路36号商都路生活广场F1层,113.760379,34.746788,13526638617,8：00——22：00
管城回族区,50200,外国餐厅,洁妹披萨(恒大绿洲店),经开第七大街70-15号,113.760828,34.712968,13453312976;15978591700,8：00——22：00
管城回族区,50200,外国餐厅,N多寿司(郑州盛华里店),管城回族区经济技术开发区航海东路1336号盛华里购物广场负一楼B1030号铺,113.752303,34.721612,18539980166,8：00——22：00
管城回族区,50200,外国餐厅,N多寿司(郑州经开丹尼斯店),郑州经济技术开发区航海路与第一大街丹尼斯航海店1层D2号,113.73933,34.721483,13683815473,8：00——22：00
管城回族区,50200,外国餐厅,刘洋和烤肉(东站东广场店),新发展楷林5号楼负一山前精酿旁,113.787521,34.753412,18836606560,8：00——22：00
管城回族区,50200,外国餐厅,奈石烧鸟YaKitori(阜民里),阜民里B区B3-2-110号铺位,113.673874,34.745362,18838929919,8：00——22：00
管城回族区,50200,外国餐厅,蓝塞夫三文鱼(郑州永丰店),通站路160-25,113.679326,34.71328,18539928116,8：00——22：00
管城回族区,50200,外国餐厅,N多寿司(郑州福都广场店),航海东路福都购物广场3层3-39号,113.700718,34.720076,15936257956,8：00——22：00
管城回族区,50200,外国餐厅,柳锦灿韩式自助烤肉(鸿鑫佳苑店),西大街119号鸿鑫佳苑,113.672906,34.751243,13298180085,8：00——22：00
管城回族区,50200,外国餐厅,白石的深夜食堂(大上海店),二七路丹尼斯大卫城东北6号门B1层星巴克侧门隔壁,113.669185,34.756548,0371-55900045,8：00——22：00
管城回族区,50200,外国餐厅,河南鱼哥精致寿司&皇冠三文鱼,路路通万喜名家4-8号,113.70258,34.739451,15517195522,8：00——22：00
管城回族区,50200,外国餐厅,晓渔家三文鱼和牛,朝凤路亚太花园2号楼1号商铺,113.733471,34.725299,13253607766,8：00——22：00
管城回族区,50200,外国餐厅,禾屿寿司(光之谷店),文德路13号3号楼一层106号,113.730672,34.690054,18538282720,8：00——22：00
管城回族区,50200,外国餐厅,N多寿司(郑州人民路丹尼斯店),管城西街85号丹尼斯2号馆1层2号,113.676748,34.755333,17737705971,8：00——22：00
管城回族区,50200,外国餐厅,京者三文鱼(郑东商业中心店),康平路永平路交叉口西南角门头京者三文鱼,113.760246,34.740768,18037775040,8：00——22：00
管城回族区,50200,外国餐厅,米小胖韩式拌饭,榆林北路与普惠路交叉口西南120米,113.770975,34.755775,15545587083,8：00——22：00
管城回族区,50200,外国餐厅,N多寿司(郑州富田太阳城店),航海东路2号富田太阳城55号楼一楼DJ1-13号,113.714424,34.724488,13073730770,8：00——22：00
管城回族区,50200,外国餐厅,N多寿司(光彩店),东太康路50号光彩商场东太康路B1层,113.668726,34.755516,18637167273,8：00——22：00
管城回族区,50200,外国餐厅,奈町日式咖喱蛋包饭,二七路27号光彩美食街内A1A2号商铺,113.667409,34.753998,18699148723,8：00——22：00
管城回族区,50200,外国餐厅,草帽寿司,郑州市管城回族区求知路与霞飞西路交叉口知了公寓,113.685722,34.678018,17550557828,8：00——22：00
管城回族区,50200,外国餐厅,Mm新加坡校园寿司,永平路19-70号,113.769367,34.740002,15617502557,8：00——22：00
管城回族区,50300,快餐厅,高群生逍遥胡辣汤(康宁街店),郑东新区榆林南路1号23号楼1-2层附26号第1层,113.759507,34.751789,15638460008;15836636013,8：00——22：00
管城回族区,50300,快餐厅,福状元(航海路店),东郡·蓝湾东门旁(中原福塔地铁站D口步行370米),113.735468,34.72202,0371-86506093;17803856392,8：00——22：00
管城回族区,50300,快餐厅,方大同胡辣汤(金鼎华府店),管城回族区西大街78号,113.670705,34.751293,13071027878,8：00——22：00
管城回族区,50300,快餐厅,柳州肥姨妈大骨螺蛳粉(郑东商业中心店),农业南路与万通街交叉口南50米,113.755878,34.743402,15981883129,8：00——22：00
管城回族区,50300,快餐厅,汴梁斋牛肉馅饼(管城店),北顺城街49号(老八烧鸡牛肉店北隔壁),113.671359,34.752185,18697319720,8：00——22：00
管城回族区,50300,快餐厅,方中山胡辣汤(万通街店),农业南路与万通街交叉口商都新城15号门面房,113.757181,34.744726,19139702044,8：00——22：00
管城回族区,50300,快餐厅,谷养元八宝粥(城东路店),城东路100号1号楼1层104(城东路与商城路北行200米路东),113.691879,34.753089,15638401316;18538721174,8：00——22：00
管城回族区,50300,快餐厅,醉面(郑州绿地双子塔店),商都路街道郑东绿地中心,113.767729,34.75825,18703875848,8：00——22：00
管城回族区,50300,快餐厅,疆粉客(紫荆山店),商城路与紫荆山路交叉口向东50米,113.683005,34.752225,15537113334,8：00——22：00
管城回族区,50300,快餐厅,醉面(郑州人民路丹尼斯店),人民路丹尼斯后街2号馆醉面,113.675255,34.756777,15038253092,8：00——22：00
管城回族区,50300,快餐厅,肯德基(方圆创世店),紫荆山路与陇海路交叉口东北角方圆国际广场大润发一层肯德基,113.682742,34.740147,4009200715,8：00——22：00
管城回族区,50300,快餐厅,姐弟俩土豆粉(郑州管城大润发店),陇海东路66号会所1层11号,113.684161,34.739922,18103715429,8：00——22：00
管城回族区,50300,快餐厅,福状元粥(康宁街店),康宁街1号23号楼,113.758965,34.751802,0371-86231966;17803851271,8：00——22：00
管城回族区,50300,快餐厅,膳把头·桂林米粉,商都路康平路交叉口向南10米路西郑东商业中心A区云悦公馆D座115,113.760777,34.74475,13838293423,8：00——22：00
管城回族区,50300,快餐厅,塔斯汀中国汉堡(盛华里店),航海路与第五大街万锦城2号楼1层141号,113.752714,34.722259,17319769258,8：00——22：00
管城回族区,50300,快餐厅,柳州肥姨妈大骨螺蛳粉(福都广场店),银莺路芦邢庄门面12-40号,113.700585,34.71859,17335608680,8：00——22：00
管城回族区,50300,快餐厅,渝小腩麻辣牛腩面(升龙广场2店),商鼎路78号1层125号,113.770668,34.756919,18538705360,8：00——22：00
管城回族区,50300,快餐厅,姐弟俩土豆粉(郑州管城富田新天地店),航海东路2号富田新天地3层,113.71282,34.721604,18539968495,8：00——22：00
管城回族区,50300,快餐厅,麦当劳(郑州富田幸福里PARK餐厅),中州大道灵隐路交叉口富田太阳城53号楼富田幸福里park1层,113.716432,34.723367,0371-58558813;4008517517,8：00——22：00
管城回族区,50300,快餐厅,双榆牛肉面馆(榆林北路店),恒天国际大厦北门旁,113.763092,34.756285,15093396927,8：00——22：00
管城回族区,50300,快餐厅,小秦川小炒黄牛肉拌面(双子塔店),运动场东路与创业路交向南180米今市印巷6号铺,113.767266,34.759168,18695957191,8：00——22：00
管城回族区,50300,快餐厅,汉江里炸鸡(郑州店),人民路12号,113.668706,34.75346,13188489181,8：00——22：00
管城回族区,50300,快餐厅,陈狮菌菇面(升龙天阶购物中心A区店),升龙广场2号楼西门西70米,113.771265,34.757374,17603861810,8：00——22：00
管城回族区,50300,快餐厅,醉面(郑州商业中心店),郑东商业中心B区11号楼102.103,113.760459,34.742332,19937371606,8：00——22：00
管城回族区,50300,快餐厅,绝味鸭脖(裕鸿国际店),商城路8号1号楼2单元17号,113.683377,34.75215,15138918582,8：00——22：00
管城回族区,50300,快餐厅,肯德基(汇艺银河里店),商鼎路77号河南文化产业大厦一层,113.770782,34.753897,15617827798,8：00——22：00
管城回族区,50300,快餐厅,油麻港辣子鸡手擀面(盛华里店),第四大街与航海东路交叉处万锦城商铺110号,113.752089,34.721641,13783538867,8：00——22：00
管城回族区,50300,快餐厅,麦当劳(恒大广场店),经开第七大街与经南三路交叉口南120米,113.760692,34.714172,0371-58558865,8：00——22：00
管城回族区,50300,快餐厅,袁记云饺(郑州市管城回族区第六大街店),第六大街经南二路向东20米29-3号,113.757932,34.717554,19903868671,8：00——22：00
管城回族区,50300,快餐厅,德克士(铭汇广场店),蓝珮路56号铭汇广场1层A26号商铺,113.684842,34.69591,13103822333,8：00——22：00
管城回族区,50300,快餐厅,姐弟俩土豆粉(郑州东云尚购物中心店),商都路云尚购物中心,113.759965,34.745213,19337112298,8：00——22：00
管城回族区,50300,快餐厅,方中山胡辣汤(航海路店),航海东路与第六大街向东50米路南,113.758949,34.72071,18695838351,8：00——22：00
管城回族区,50300,快餐厅,麦当劳(郑州麦当劳经开区万锦城餐厅),经开第五大街和航海东路交叉口西北角,113.753557,34.72172,0371-58651987,8：00——22：00
管城回族区,50300,快餐厅,本穆青海牛肉拉面(正商·建正东方中心店),郑东新区中兴南路寿丰街口正商建正东方中心C座1层2号,113.776501,34.74615,18625772009,8：00——22：00
管城回族区,50300,快餐厅,满芳兰庭羊肉汤烩面(经南五路店),第一大街与经南五路,113.738659,34.715371,17729776200,8：00——22：00
管城回族区,50300,快餐厅,老一楼开封灌汤包(康城·棕榈泉店),五里堡西街老一楼开封灌汤包,113.678617,34.725342,15136171394,8：00——22：00
管城回族区,50300,快餐厅,德克士(富田一站广场店),航海东路2号一站广场59号楼B1010a1层德克士餐厅,113.715142,34.721981,0371-65760000;13733811607,8：00——22：00
管城回族区,50300,快餐厅,方中山胡辣汤(二大街店),第二大街与经南三路交叉口东南角世纪家苑小区3号楼7号商铺,113.743806,34.716212,13071000606,8：00——22：00
管城回族区,50300,快餐厅,赵记米皮老店赵运运店,城南路与南关街交叉口西南角,113.676039,34.745584,13837115873,8：00——22：00
管城回族区,50300,快餐厅,本穆青海牛肉拉面(榆林北路店),商鼎路北、康平路东恒天国际大厦A幢1层105号,113.762948,34.756304,18039101056,8：00——22：00
管城回族区,50300,快餐厅,肯德基(万锦城店),航海东路与经开第五大街交叉口西北角万锦商业中心一层,113.753222,34.721519,0371-55031080;4009200715,8：00——22：00
管城回族区,50300,快餐厅,醉面(郑州正商建正东方中心店),管城建正东方中心A座100-21号,113.777591,34.745789,15238389632,8：00——22：00
管城回族区,50300,快餐厅,于谦谦生烫牛肉米线(商业中心店),商都路万通街郑东商业中心B区2栋129,113.758605,34.743512,16668173757,8：00——22：00
管城回族区,50300,快餐厅,德克士(康平路),高速·奥兰花园西门北110米,113.762473,34.75068,0371-53378289;18937648178,8：00——22：00
管城回族区,50300,快餐厅,福状元粥(第七大街店),郑州经济技术开发区第七大街99号宏光和园四号楼106号,113.761324,34.718875,0371-60957993,8：00——22：00
管城回族区,50300,快餐厅,辣子王牛肉面(凯利国际中心B座店),凯丽国际中心B座102商铺,113.776188,34.747001,17365854197,8：00——22：00
管城回族区,50300,快餐厅,塔斯汀中国汉堡(新世界百货店),紫荆山路57-1号新世界百货(郑州店)F1层,113.682994,34.752753,19545668870,8：00——22：00
管城回族区,50300,快餐厅,响记牛腩(阅山公馆店),阅山公馆西北门南50米,113.749108,34.707919,18836601062,8：00——22：00
管城回族区,50300,快餐厅,醉面(郑州富田幸福里PARK店),航海东路53号楼富田广场一层东门第一家,113.716273,34.723827,13613854246,8：00——22：00
管城回族区,50300,快餐厅,德克士(航海店),经开第一大街98号丹尼斯航海天地一层,113.739507,34.721456,0371-55075200;15981861767,8：00——22：00
管城回族区,50300,快餐厅,塔斯汀中国汉堡(郑东商业中心店),郑东商业中心C区6号楼一层80-24号塔斯汀中国汉堡,113.761006,34.74217,15378723765,8：00——22：00
管城回族区,50300,快餐厅,华莱士·全鸡汉堡(紫荆山路店),紫荆山路119-2号,113.68215,34.73703,4008226004,8：00——22：00
管城回族区,50300,快餐厅,肯德基(航海路店),,113.700808,34.720259,0371-55172916,8：00——22：00
管城回族区,50300,快餐厅,肯德基(万科龙堂店),航海路中州大道东北角美景龙堂欢乐广场1层,113.718856,34.721708,0371-55955339,8：00——22：00
管城回族区,50300,快餐厅,华莱士·全鸡汉堡(阳光城),长江东路南刘南岗路东9号楼-110,113.712438,34.711438,4008226004,8：00——22：00
管城回族区,50300,快餐厅,塔斯汀中国汉堡(橡树玫瑰城店),中州大道1899号29号楼商2,113.711877,34.707302,18860299717,8：00——22：00
管城回族区,50300,快餐厅,华莱士·全鸡汉堡(二里岗店),金城街23号金城街菜市场百佳超市北第三间(二里岗小区对面),113.687639,34.726564,4008226004,8：00——22：00
管城回族区,50300,快餐厅,德克士(绿都澜湾店),十八里河镇绿都澜湾知了公寓5号楼1层101德克士,113.685897,34.67818,0371-55120205,8：00——22：00
管城回族区,50300,快餐厅,塔斯汀中国汉堡(管城大润发店),陇海东路66号会所一层007号商铺,113.684233,34.740306,15290890519,8：00——22：00
管城回族区,50300,快餐厅,塔斯汀中国汉堡(富田新天地店),航海东路2号富田太阳城55号楼一层L1-38号,113.715777,34.724296,17760762876,8：00——22：00
管城回族区,50300,快餐厅,塔斯汀中国汉堡(阳光城三号院店),长江东路阳光城3号院1层商铺的1-12号商铺,113.715923,34.713316,13253307355,8：00——22：00
管城回族区,50300,快餐厅,肯德基(汇美店),银莺路76号汇美茂一层肯德基,113.699803,34.704232,0371-55671098,8：00——22：00
管城回族区,50300,快餐厅,阿明煲仔饭(大上海总店),东太康路52号鸿成光彩临街房52-6号,113.669501,34.75531,18503818299,8：00——22：00
管城回族区,50300,快餐厅,地盘薄比萨·厚汉堡(富田新天地店),航海东路2号60号楼三层L3-20,113.713272,34.721544,0371-67918993,8：00——22：00
管城回族区,50300,快餐厅,塔斯汀中国汉堡(升龙广场店),升龙广场3-123号商铺,113.770975,34.756335,18137136370,8：00——22：00
管城回族区,50300,快餐厅,马四辈烩面(高速·奥兰花园店),康宁街15-5号(与康平路口东50米路南),113.763305,34.750903,16696222581,8：00——22：00
管城回族区,50300,快餐厅,德克士(梧桐里店),凤凰路与东明路交叉口西南角梧桐里一楼德克士餐厅,113.700018,34.743161,15238345782,8：00——22：00
管城回族区,50300,快餐厅,塔斯汀中国汉堡(芦邢庄花苑店),航海银莺路12院-31-32号,113.700356,34.718614,18137371895,8：00——22：00
管城回族区,50300,快餐厅,姐弟俩土豆粉(郑州经开盛华里店),管城回族区经开区经开第五大街与航海路交叉口盛华里商场负一楼,113.752743,34.721615,19949279725,8：00——22：00
管城回族区,50300,快餐厅,德克士(乐尚),管城回族区经开区第五大街与经南三路交叉口乐尚生活广场一楼,113.754586,34.713682,0371-55626055,8：00——22：00
管城回族区,50300,快餐厅,赛百味(新世界百货店),紫荆山路59号新世界百货侧门,113.682588,34.753951,18638101467,8：00——22：00
管城回族区,50300,快餐厅,空心凉面,鸿成光彩步行街与人民路交叉口西40米,113.668388,34.753785,13674969886;17637109842,8：00——22：00
管城回族区,50300,快餐厅,王春光早餐工程(莲湖路店),博学路38号院,113.788925,34.75232,0371-61172700;13071078186,8：00——22：00
管城回族区,50300,快餐厅,谷婆婆八宝粥(启航大厦店),航海东路未来路交汇处启航大厦一层,113.705295,34.720512,13323857730;18838143116,8：00——22：00
管城回族区,50300,快餐厅,满芳兰庭羊肉汤烩面(鼎尚街店),鼎尚街5-1号,113.728507,34.693431,19069637895,8：00——22：00
管城回族区,50300,快餐厅,地盘薄比萨·厚汉堡(郑东云尚店),商都路63号云尚B1层东入口处,113.760455,34.745282,0371-55984677,8：00——22：00
管城回族区,50300,快餐厅,姐弟俩土豆粉(郑州管城铭汇广场店),蓝珮路56号铭汇广场1层A16号商铺,113.684774,34.695942,19138008477,8：00——22：00
管城回族区,50300,快餐厅,米村拌饭(陇海路大润发店),陇海路大润发一层20028-1089号铺,113.683287,34.739927,15670199562,8：00——22：00
管城回族区,50300,快餐厅,肯德基(郑东云尚店),康平路西商都路南郑东商业中心A区负一层,113.760743,34.745539,0371-63398380,8：00——22：00
管城回族区,50300,快餐厅,粉相会潮汕牛肉粉(农业南路店),农业南路122-52号,113.755862,34.741905,18003822018;19900976886,8：00——22：00
管城回族区,50300,快餐厅,阿三生煎(盛华里店),航海东路1074号万锦城3栋B1029号(B1层最北边),113.753326,34.721429,17724800937,8：00——22：00
管城回族区,50300,快餐厅,田孃孃贵州牛肉米粉,管城回族区经济技术开发区经北二路66号54号楼1层4号,113.733901,34.728385,15285148720,8：00——22：00
管城回族区,50300,快餐厅,塔斯汀中国汉堡(蓝海港湾百合湾店),金城街27-3号(二里岗地铁站B口步行380米),113.683173,34.726103,13213193866,8：00——22：00
管城回族区,50300,快餐厅,姐弟俩土豆粉(郑州经开滨河国际中心店),滨河国际中心(滨河新城地铁站A口步行410米),113.798086,34.686384,19339593057,8：00——22：00
管城回族区,50300,快餐厅,德克士(正商华钻店),紫东路127号3号楼一层附12号,113.696865,34.706628,0371-55055590,8：00——22：00
管城回族区,50300,快餐厅,福状元(商业中心店),万通街郑东商业中心B区3号楼116商铺,113.758939,34.743525,0371-55680122;18103719050,8：00——22：00
管城回族区,50300,快餐厅,方中山胡辣汤(十五大街店),金祥路(滨河新城地铁站D口步行300米),113.796412,34.690068,13213111651,8：00——22：00
管城回族区,50300,快餐厅,孟夫子水煎包(工二街店),工人新村46号工一小学家属院,113.676535,34.756878,15837135829;18339955569,8：00——22：00
管城回族区,50300,快餐厅,醉面(郑州盛华里店),经开区第五大街与航海路交汇盛华里B1层,113.752874,34.722107,17629389598,8：00——22：00
管城回族区,50300,快餐厅,德克士(金沙湖高尔夫观邸店),管城回族区经济技术开发区第八大街与经南八路交叉口东南角观湖美寓1楼4-118,113.764948,34.697218,19900909281,8：00——22：00
管城回族区,50300,快餐厅,马武申牛杂窝子面(郑州总店),南关街194号-2,113.675981,34.74523,15780586617,8：00——22：00
管城回族区,50300,快餐厅,塔斯汀中国汉堡(西大街店),西大街167号1-2层附3号,113.673694,34.751129,18137337578,8：00——22：00
管城回族区,50300,快餐厅,沙县小吃(通利·紫荆尚都店),紫荆山路135号2号楼1层8号,113.683077,34.735636,18596821181;18650962155,8：00——22：00
管城回族区,50300,快餐厅,老马妮爆汁牛肉水饺(管城街民族小区店),管城街民族小区八号楼二单元门面房,113.67717,34.751282,18603846500,8：00——22：00
管城回族区,50300,快餐厅,华莱士·全鸡汉堡(德济店),南关街道南关街268号金领寓公寓,113.675211,34.74388,0371-61315092,8：00——22：00
管城回族区,50300,快餐厅,任记肉合(建达·百度花园店),经济技术开发区第三大街经南五路向西100米,113.744618,34.713704,13653867371,8：00——22：00
管城回族区,50300,快餐厅,南仓街炸鸡,南仓街8号紫竹小区1号楼1-3层2号,113.684291,34.73715,13592653110,8：00——22：00
管城回族区,50300,快餐厅,杨记穆清牛肉拉面店(经开区店),郑州经济技术开发区第三大街110号1层15-16号,113.746663,34.723297,13137705889;13938518780,8：00——22：00
管城回族区,50300,快餐厅,御兰和兰州牛肉面,华亿鑫居北区,113.670293,34.747843,18638266611,8：00——22：00
管城回族区,50300,快餐厅,姐弟俩土豆粉(郑州管城新世界百货店),紫荆山路57号新世界百货二层,113.682552,34.753384,19939499056,8：00——22：00
管城回族区,50300,快餐厅,塔斯汀中国汉堡(郑州市汇美茂店),紫辰路73号正南华钻澜庭2号院5号楼1-2层116,113.699319,34.703604,17303838085,8：00——22：00
管城回族区,50300,快餐厅,李普光·羊杂可(总店),农业南路榆林北路东40米路南,113.7589,34.756266,13253449777,8：00——22：00
管城回族区,50300,快餐厅,辣子王牛肉面(郑东升龙广场3号楼A座店),升龙广场三号楼A座103商铺,113.770434,34.756478,18624997663,8：00——22：00
管城回族区,50300,快餐厅,武汉李记热干面(新郑路店),新郑路172号(近陇海路),113.677926,34.73806,13592580230;15639921599,8：00——22：00
管城回族区,50300,快餐厅,塔斯汀中国汉堡(光之谷店),金岱街道文德路13号8号楼1层附01号-02,113.733153,34.690538,15638576397,8：00——22：00
管城回族区,50300,快餐厅,耿香热干面(总店),紫荆山南路街道紫荆山路与陇海北一街西北角紫荆之星大厦北侧147号,113.681224,34.735526,17788127779,8：00——22：00
管城回族区,50300,快餐厅,沙朗阿甘鲜肉汉堡(乐城·祥锐广场店),乐城·祥锐广场1层(二七广场地铁站B口步行470米),113.67052,34.75384,19139985426,8：00——22：00
管城回族区,50300,快餐厅,融柳大铁牛螺蛳粉(福都百货店),银莺路12-47号门面,113.70095,34.718482,19137160932,8：00——22：00
管城回族区,50300,快餐厅,阿生哥柳州螺蛳粉(商都路店),商都路36号商都路生活广场F1层,113.759511,34.7469,13343763979;17719801527,8：00——22：00
管城回族区,50300,快餐厅,逍遥镇牛肉胡辣汤(华润新时代广场店),华润新时代广场2号楼101号,113.790425,34.756288,13253565056,8：00——22：00
管城回族区,50300,快餐厅,马亿发包子(格林度假山庄店),航海东路1369号格林山庄28号楼2单位1层5,113.760234,34.717821,13526439872,8：00——22：00
管城回族区,50300,快餐厅,小凯撒披萨(奥兰花园店),康平路9号16栋,113.766152,34.748663,15138938409,8：00——22：00
管城回族区,50300,快餐厅,袁记云饺(郑州市管城回族区朝凤路店),朝凤路99-7号,113.733856,34.726068,19913711766,8：00——22：00
管城回族区,50300,快餐厅,伊心斋清真西安牛羊肉泡馍,航海东路南侧40米路南,113.678846,34.719962,13676993941,8：00——22：00
管城回族区,50300,快餐厅,老乡鸡(新发展·楷林广场店),新发展楷林广场负一楼美食集01-02铺,113.78831,34.753725,18365331796,8：00——22：00
管城回族区,50300,快餐厅,本穆牦牛原汤拉面(新世界百货店),紫荆山路57号裕鸿国际A座1层,113.682592,34.754227,13213193538,8：00——22：00
管城回族区,50300,快餐厅,汉堡王(中石化郑州永平路店),郑东新区普惠路第一幼儿园北门西北100米,113.770256,34.741581,15838123756,8：00——22：00
管城回族区,50300,快餐厅,醉面(郑州滨河国际中心店),经南十路39号,113.798207,34.685892,15617668921,8：00——22：00
管城回族区,50300,快餐厅,袁记云饺(郑州市管城回族区郑汴路店),内衣厂郑汴路52号门面房一层,113.699022,34.747081,17303716538,8：00——22：00
管城回族区,50300,快餐厅,王春光营养早餐中式快餐绿地中心旗舰店,运动场路绿地中心双子塔配楼,113.767177,34.759486,18937736222,8：00——22：00
管城回族区,50300,快餐厅,开封化三驴肉汤馆高铁站店,中兴路永平路正商和谐大厦B座,113.777539,34.741786,18638128987,8：00——22：00
管城回族区,50300,快餐厅,肯德基(富田太阳城店),航海东路2号60号楼商业项目一层,113.713253,34.721433,4009200715,8：00——22：00
管城回族区,50300,快餐厅,五谷渔粉(新世界百货店),商城路新世界百货美食街1层,113.68322,34.753499,13523466100;13937190129,8：00——22：00
管城回族区,50300,快餐厅,高群生胡辣汤(列里路店),永平路19-78号,113.766592,34.738542,15836636013;19059585157,8：00——22：00
管城回族区,50300,快餐厅,周口陈记早餐回族清真(北下街店),北下街与人民路交叉口向南50米,113.669935,34.752898,13613812750,8：00——22：00
管城回族区,50300,快餐厅,洛阳马记全牛宴牛肉汤牛肉面总店,城东路106号远征都市港湾,113.691718,34.754416,13203882081,8：00——22：00
管城回族区,50300,快餐厅,方中山胡辣汤(货站街店),货栈北街与陇海路交叉口西北角,113.696375,34.73972,17319786786,8：00——22：00
管城回族区,50300,快餐厅,五谷煎饼果子渔粉(集酷小镇店),管城回族区经济技术开发区潮河办事处大健康产业园商业街34-34A,113.797719,34.697955,19286656200,8：00——22：00
管城回族区,50300,快餐厅,米村拌饭(中建七局大厦店),经开第十五大街与经南八路交汇处东南角中建七局大厦D区一楼108,113.798136,34.686117,13342547822,8：00——22：00
管城回族区,50300,快餐厅,沙朗阿甘鲜肉汉堡(未来路丹尼斯店),城东路街道丹尼斯未来路店1层1号(9-107),113.704763,34.753104,17698070550,8：00——22：00
管城回族区,50300,快餐厅,阿穆饸饹面(郑东商业中心店),郑东商业中心B区西门东100米,113.758882,34.741452,18768972007,8：00——22：00
管城回族区,50300,快餐厅,胡阿满老长沙码子粉/面(富田·新天地店),航海路与明月路福田太阳城53号楼美食金街,113.716255,34.724022,17625546008;18821351169,8：00——22：00
管城回族区,50300,快餐厅,肯德基(绿地双子塔店),东风南路绿地双子塔间,113.768344,34.759034,4009200715,8：00——22：00
管城回族区,50300,快餐厅,唐河王记炝烩面(未来路店),凤凰台南花园西南门东南70米,113.705323,34.730848,0371-66897788,8：00——22：00
管城回族区,50300,快餐厅,老家洛阳(牛肉汤),世纪家苑北门西50米,113.744046,34.716179,15036077610,8：00——22：00
管城回族区,50300,快餐厅,河南小馆子(升龙商业广场店),东站南街与普惠路交叉口向东100米路南,113.772516,34.757454,18203665215,8：00——22：00
管城回族区,50300,快餐厅,螺小乖柳州螺蛳粉(大上海城店),人民路·河南中医一附院地铁站D口步行440米,113.669875,34.755575,15038134809,8：00——22：00
管城回族区,50300,快餐厅,阿生哥(福都广场店),航海东路街道港湾路一号院金色港湾37号楼1层15号,113.701411,34.71917,18525419009,8：00——22：00
管城回族区,50300,快餐厅,方中山胡辣汤(城东路店),幸福港湾D区东1门旁,113.690155,34.722745,18803693735;19339990697,8：00——22：00
管城回族区,50300,快餐厅,阿生哥螺蛳粉火锅(西大街店),西大街121号,113.672786,34.751248,13253376617,8：00——22：00
管城回族区,50300,快餐厅,米村拌饭(管城区盛华里店),航海东路盛华里一楼F1010号商城3号门沪上阿姨对面,113.752954,34.722759,13160277689,8：00——22：00
管城回族区,50300,快餐厅,大头盖饭铺,管城回族区河南自贸试验区郑州片区(郑东)农业南路与商鼎路乐享城商业街112号,113.759016,34.756103,15638410601,8：00——22：00
管城回族区,50300,快餐厅,醉面(郑州新世界百货店),紫荆山路57-1号新世界百货(郑州店)F1层,113.682992,34.753,17629857273,8：00——22：00
管城回族区,50305,茶餐厅,北角秀味港式茶餐厅(龙堂·万科广场店),航海路与中州大道交叉口龙堂·万科广场3楼3F-28a,113.718822,34.722045,0371-65216861,8：00——22：00
管城回族区,50305,茶餐厅,润禾荟茶·餐(德威广场店),康宁街与普济路交叉口德威广场西门B座南1-2层,113.776121,34.750351,0371-55068886,8：00——22：00
管城回族区,50305,茶餐厅,慵懒角落咖啡牛排茶餐厅,省骨科医院地铁站C口步行280米,113.770746,34.744132,18637459393;19939911256,8：00——22：00
管城回族区,50305,茶餐厅,沐岚云起茶餐厅,鼎盛街文治路交叉口东北角中原黄金珠宝文化产业园第D1区2层206-209号房,113.730924,34.686238,17163639393,8：00——22：00
管城回族区,50305,茶餐厅,凡且茶馆(西大街店),平等街30号(西大街地铁站B口步行70米),113.674753,34.750033,17703853651,8：00——22：00
管城回族区,50305,茶餐厅,晋山豫水茶餐厅(正商东方港湾店),商都路街道康平路9号正商东方港湾,113.763304,34.7481,0371-55612519,8：00——22：00
管城回族区,50305,茶餐厅,陆舍清清茶餐厅,陇海东路288号(陇海东路地铁站C口步行310米),113.679424,34.739357,0371-55027709,8：00——22：00
管城回族区,50305,茶餐厅,竹里茶餐厅(兴华大厦B座店),经开第二大街与经南二路交叉口兴华大厦B座旁竹里茶餐厅,113.741775,34.717975,0371-86669866,8：00——22：00
管城回族区,50305,茶餐厅,潮粤客港式茶点,南学街36号南学街36号院,113.67352,34.747774,17836963208,8：00——22：00
管城回族区,50305,茶餐厅,茶半屋(仟企汇店),管城回族区管城回族区科技成果产业化基地2号楼1层105户,113.738161,34.717494,17303825522,8：00——22：00
管城回族区,50305,茶餐厅,豫姥家大锅台(第五大街店),郑州经济技术开发区航海东路与第五大街交叉口西南角向南18米路西,113.753746,34.720422,15638209217;16696060899,8：00——22：00
管城回族区,50305,茶餐厅,山也听风·欢咖啡(经开店),经开第一大街42号,113.73858,34.717395,0371-63397318,8：00——22：00
管城回族区,50305,茶餐厅,阿奇美式慢烤-18hours烟熏烤肉,云悦公馆东门旁(东周地铁站A口步行350米),113.760675,34.744875,17319766866,8：00——22：00
管城回族区,50305,茶餐厅,锅姐弟地锅柴鸡(美景鸿城店),七里河小区西门南50米,113.722316,34.717612,19900929077,8：00——22：00
管城回族区,50305,茶餐厅,如意茶馆(商鼎路店),商鼎路与农业南路交叉口向西100米路南,113.755986,34.754633,13526512225,8：00——22：00
管城回族区,50305,茶餐厅,茗弈轩,经北二路36号,113.743826,34.725725,0371-58605559,8：00——22：00
管城回族区,50305,茶餐厅,信阳土菜馆(中原茶城店),紫辰路中原茶城A区22号,113.681331,34.718486,18539248877;18738684152,8：00——22：00
管城回族区,50305,茶餐厅,艾沐国际酒店·东坡叙茶馆·中餐厅,艾沐国际酒店(郑州金岱智慧产业园店),113.71272,34.702051,0371-55555077,8：00——22：00
管城回族区,50305,茶餐厅,汉府春月汉宫宴,经开第一大街119号1层南侧,113.740182,34.724623,0371-55961590,8：00——22：00
管城回族区,50305,茶餐厅,汴梁大汤包(南关街店),南关街29-4号,113.67578,34.74092,0371-62593543;13613821090,8：00——22：00
管城回族区,50305,茶餐厅,张大嘴茶香猪蹄(众城街店),众城街世茂云尚城樱海园7号楼门面房五里堡地铁F口向南,113.686623,34.716827,18336391093,8：00——22：00
管城回族区,50305,茶餐厅,海底捞火锅(人民路丹尼斯店),人民路2号丹尼斯百货人民店3层3F-089商铺,113.675728,34.757072,0371-55031299;0371-55031399,8：00——22：00
管城回族区,50305,茶餐厅,汤陈一品(富田汇美茶城D区店),富田太阳城2期西门北60米,113.712262,34.726141,0371-60138548;13525581292,8：00——22：00
管城回族区,50305,茶餐厅,酒搭子铜锅涮,富田茶城M区07号,113.71191,34.72323,15136251007,8：00——22：00
管城回族区,50305,茶餐厅,冰岛印象茶业旗舰店,华润置地新时代广场三号楼109房,113.791297,34.755477,18697311809,8：00——22：00
管城回族区,50305,茶餐厅,理云山居(豫武花园店),七里河南路西周路3-8号,113.749146,34.752185,0371-63223619,8：00——22：00
管城回族区,50305,茶餐厅,云松酒店(高铁东站店),凯利国际中心东门旁,113.777675,34.746898,0371-86129888;18439861111,8：00——22：00
管城回族区,50400,休闲餐饮场所,管醉肉铺sway taproom,南顺城街城南路交叉口向东阜民里A-13,113.672313,34.746201,18639009783,8：00——22：00
管城回族区,50400,休闲餐饮场所,茶百道(郑州福都广场店),航海路福都购物广场3楼3-37,113.700641,34.719675,16650110793,8：00——22：00
管城回族区,50400,休闲餐饮场所,茶百道(郑州富田购物中心店),航海路中州大道富田新天地3层,113.712876,34.721358,15538039239,8：00——22：00
管城回族区,50400,休闲餐饮场所,喜来乐麦(美景鸿城店),七里河路与腾飞路交叉口西南角,113.721327,34.718688,0371-55050551;19949286697,8：00——22：00
管城回族区,50400,休闲餐饮场所,茶百道(郑州航海丹尼斯店),航海东路与商英街丹尼斯航海店二层C27-037,113.738878,34.721476,17760761168,8：00——22：00
管城回族区,50400,休闲餐饮场所,DQ(郑州乐尚生活广场店),管城回族区经开区经南三路南经开第五大街东2号乐尚天地生活广场一楼,113.754575,34.713625,0371-55070818,8：00——22：00
管城回族区,50400,休闲餐饮场所,流浪泡泡·破破烂烂的烤肉店(经开乐尚店),乐尚生活广场3楼017号,113.75472,34.713644,13297923072,8：00——22：00
管城回族区,50400,休闲餐饮场所,书亦烧仙草(郑州升龙广场A座店),东站南街与东风南路交汇处升龙广场3号楼A座1楼,113.770278,34.756358,15938720467,8：00——22：00
管城回族区,50400,休闲餐饮场所,猫与桃花源主题猫咖(大上海城店),大上海城进门1楼左侧里面C1-37(谷次方斜对面),113.669164,34.75658,15333710218,8：00——22：00
管城回族区,50400,休闲餐饮场所,麻上发财,美林河畔607,113.717052,34.720449,15617707382,8：00——22：00
管城回族区,50400,休闲餐饮场所,怪老一蒜香炸鸡(乐尚生活广场店),乐尚天地生活广场三楼,113.755042,34.71369,15893522366,8：00——22：00
管城回族区,50400,休闲餐饮场所,书亦烧仙草(郑州经开区乐尚天地店),郑州经济技术开发区第五大街与经南三路乐尚生活广场三层,113.754883,34.713894,17319707023,8：00——22：00
管城回族区,50400,休闲餐饮场所,溢口滋(乐尚天地生活广场店),第五大街乐尚天地生活广场3楼,113.754933,34.713941,18539285156,8：00——22：00
管城回族区,50400,休闲餐饮场所,茉沏(郑州金水区曼哈顿店),未来路交叉口,113.695073,34.737643,15638297562,8：00——22：00
管城回族区,50400,休闲餐饮场所,马上到烧烤农家院,凤凰城街道青年路博览路交叉口北10米院内,113.708542,34.742252,13027777721,8：00——22：00
管城回族区,50400,休闲餐饮场所,正新鸡排(乐尚广场店),经开第五大街与经南三路交叉口乐尚天地生活广场三楼正新鸡排,113.754849,34.713849,15896725310,8：00——22：00
管城回族区,50400,休闲餐饮场所,煌上煌酱鸭(乐尚天地生活广场店),郑州市经济技术开发区明湖办事处第五大街乐尚天地生活广场1楼01010号,113.755057,34.713831,13598807190,8：00——22：00
管城回族区,50400,休闲餐饮场所,龙禧点心(乐尚天地生活广场店),经南三路乐尚天地生活广场一楼,113.755127,34.713016,13633852627;18837005775,8：00——22：00
管城回族区,50400,休闲餐饮场所,蠡之源茶坊(郑州文博城店),郑州文博城,113.762876,34.734432,15093388405,8：00——22：00
管城回族区,50400,休闲餐饮场所,正浔茶苑,富田茶城精品馆H区007号(二楼),113.711845,34.7248,15225065566,8：00——22：00
管城回族区,50400,休闲餐饮场所,小溪哩共享茶室(富田太阳城店),航海东路869号美林河畔1号楼10层1008号,113.717025,34.720475,18003834773,8：00——22：00
管城回族区,50400,休闲餐饮场所,知胜堂茶酒馆(汉风大厦店),航海东路与第六大街南200米路西知胜堂,113.757308,34.718518,15617411108,8：00——22：00
管城回族区,50400,休闲餐饮场所,茶雨春舍(国香茶城店),文德路国香茶城2号楼307茶雨春,113.734032,34.682381,13298316253,8：00——22：00
管城回族区,50400,休闲餐饮场所,昌泰艺术茶馆(永丰心座),航海东路12号院永丰心座12-11号7号楼商铺附7号,113.7112,34.725687,0371-63516789;18538106789,8：00——22：00
管城回族区,50400,休闲餐饮场所,富贵茶社(远征大厦店),城东路街道城北路交叉口远证大厦三楼,113.691778,34.755222,0371-66318833;18538277778,8：00——22：00
管城回族区,50400,休闲餐饮场所,乐道茶社(华林新时代广场店),紫荆山路56号新时代广场F9层939,113.681588,34.754941,18624938313;19137180033,8：00——22：00
管城回族区,50400,休闲餐饮场所,半日闲茶社(石化路店),石化路69号美景天城北门东侧门面2楼,113.719064,34.728201,16638111707;18625505818,8：00——22：00
管城回族区,50400,休闲餐饮场所,Bling·布灵日咖夜酒,华荣街96-19号二楼,113.670852,34.75655,17698072147,8：00——22：00
管城回族区,50400,休闲餐饮场所,丹丘茶咖,汉月路中原金融产业园北门,113.798829,34.749167,15617677527,8：00——22：00
管城回族区,50400,休闲餐饮场所,Metoo·觅酴小酒馆(鑫苑城店),紫云路46号鑫苑国际新城2号院2号楼B1-102,113.676188,34.7064,17335599662,8：00——22：00
管城回族区,50400,休闲餐饮场所,镜中精酿&cafe,人民路9号楼二单元1层4号(二七广场地铁站A口步行200米),113.668175,34.753125,15093261000;15790228399,8：00——22：00
管城回族区,50400,休闲餐饮场所,兴朋会馆·商务公馆,西刘街29-14号,113.742106,34.74208,13596116282;4009703612;4009708102,8：00——22：00
管城回族区,50400,休闲餐饮场所,龙泉庄园酒店,020乡道与0244乡道交叉口西北150米,113.738034,34.660984,18538257986,8：00——22：00
管城回族区,50400,休闲餐饮场所,好想你(东站店),河南自贸试验区郑州片区(郑东普惠路)68号1-2层附14号,113.770481,34.757417,15036129468,8：00——22：00
管城回族区,50400,休闲餐饮场所,炙·酌Grill&Bar,平等街11号(西大街地铁站B口步行190米),113.674656,34.74885,15639293656,8：00——22：00
管城回族区,50400,休闲餐饮场所,民乐集大众洗浴,经北五路与经开第一大街交叉口东南40米,113.740103,34.730644,13676975898,8：00——22：00
管城回族区,50500,咖啡厅,瑞幸咖啡(紫荆山新世界店),紫荆山路57号新世界百货一层L01F801号,113.68299,34.753598,4000100100,8：00——22：00
管城回族区,50500,咖啡厅,星巴克(郑州绿地中心天空之城店),郑东新区东风南路与榆林北路天空之城一楼,113.768484,34.756984,0371-89926701,8：00——22：00
管城回族区,50500,咖啡厅,星巴克咖啡(郑州福都百货门店),航海东路71号福都购物广场1层的1-D-01单元,113.700499,34.719416,0371-80967207,8：00——22：00
管城回族区,50500,咖啡厅,迪欧咖啡(商鼎路店),郑东新区和光街1号7号楼1层附5号,113.760249,34.754683,0371-68086966;18530995518,8：00——22：00
管城回族区,50500,咖啡厅,Hi Five百分五咖啡(平等街店),西大街与平等街交叉口向南50米路东,113.674922,34.749635,15837155792,8：00——22：00
管城回族区,50500,咖啡厅,瑞幸咖啡(郑州正商经开广场店),管城回族区经济技术开发区航海东路第九大街1409号正商经开广场1号楼一层,113.77097,34.719901,4000100100,8：00——22：00
管城回族区,50500,咖啡厅,肯悦咖啡(绿地双子塔店),郑东新区东风南路双子塔间今市印巷1号楼一层102铺位,113.76835,34.758995,0371-66958168,8：00——22：00
管城回族区,50500,咖啡厅,星巴克(郑州万锦盛华里店),航海东路1336号万锦盛华里购物中心1楼,113.753414,34.721618,0371-89926700,8：00——22：00
管城回族区,50500,咖啡厅,MITH Cafe(建业·天筑店),东风南路与康宁街交叉口西北角,113.767525,34.751725,0371-56803211,8：00——22：00
管城回族区,50500,咖啡厅,灌溉生活(大上海城店),太康路24-28号大上海城5F层C5-03,113.668187,34.756999,0371-66288863,8：00——22：00
管城回族区,50500,咖啡厅,瑞幸咖啡(海汇新发展大厦店),东风南路新发展大厦6号楼1层,113.769276,34.75286,4000100100,8：00——22：00
管城回族区,50500,咖啡厅,市井咖啡馆(硝滩街),城东路街道商城路硝滩社区19号楼3单元2号楼,113.684615,34.754529,15537188206;15837133759,8：00——22：00
管城回族区,50500,咖啡厅,库迪咖啡(郑州升龙广场店),升龙广场3号楼B座东门(悦来悦喜南侧),113.770975,34.755575,18339203270,8：00——22：00
管城回族区,50500,咖啡厅,星巴克(郑州市郑东商业中心店),61号郑东商业中心a区,113.76069,34.745637,0371-55509079;4008206998,8：00——22：00
管城回族区,50500,咖啡厅,庭外咖啡,莲湖路2-35汉月路与贾陈街交叉口东北角,113.805431,34.749646,13353671783,8：00——22：00
管城回族区,50500,咖啡厅,瑞幸咖啡(御玺酒店店),东明路南3号御玺酒店一层115室,113.699934,34.747377,4000100100,8：00——22：00
管城回族区,50500,咖啡厅,库迪咖啡(绿地中心南塔店),东风南路与榆林北路交叉口绿地中心南塔1层大厅,113.768202,34.757783,17537165631,8：00——22：00
管城回族区,50500,咖啡厅,星巴克臻选(郑州大融城店),东太康路72号乐城·祥锐广场1层,113.670846,34.754538,0371-89926191,8：00——22：00
管城回族区,50500,咖啡厅,瑞幸咖啡(人民路丹尼斯店),人民路2号丹尼斯百货2号馆F1层,113.675542,34.756558,4000100100,8：00——22：00
管城回族区,50500,咖啡厅,幸运咖(盛华里店),盛华里负一楼,113.753262,34.721892,13253380400,8：00——22：00
管城回族区,50500,咖啡厅,库迪咖啡(万锦盛华里店),航海东路万锦盛华里购物中心4号门商场外侧底商(车库入口南侧),113.753348,34.722294,15517579883,8：00——22：00
管城回族区,50500,咖啡厅,星巴克(郑州海马66公社店),福禄街北心怡路西海马66公社1层,113.773404,34.749387,0371-89926157,8：00——22：00
管城回族区,50500,咖啡厅,luckin coffee 瑞幸咖啡(盛华里购物中心店),万锦城2号楼F1035号商铺,113.752607,34.722768,4000100100,8：00——22：00
管城回族区,50500,咖啡厅,幸运咖(凯利国际店),凯利国际105号商铺,113.776192,34.746761,17303818889,8：00——22：00
管城回族区,50500,咖啡厅,库迪咖啡(郑州银基广场店),一马路8号银基广场东北角F1层101(大观国贸B座西侧),113.666183,34.74438,17639910011,8：00——22：00
管城回族区,50500,咖啡厅,秋谷BAKERY COFFEE(绿地天空之城店),东风南路绿地中心南塔天空之城一层北门,113.767871,34.757286,19803872678,8：00——22：00
管城回族区,50500,咖啡厅,绽放BLOOM COFFEE(海马公园店),东风南路海马二期商业10号楼1层10号-1-4号铺,113.768683,34.74858,13526881231,8：00——22：00
管城回族区,50500,咖啡厅,Stellar coffee,郑东商业中心C区云钻公园中心阳光玻璃房,113.761903,34.742478,19138182508,8：00——22：00
管城回族区,50500,咖啡厅,瑞幸咖啡(云尚购物中心店),商都路郑州云尚Me郑东商业中心A区负一层B1005,113.760589,34.74444,4000100100,8：00——22：00
管城回族区,50500,咖啡厅,幸运咖(升龙广场店),商鼎路78号升龙广场3号楼负一楼18号,113.770977,34.756253,17530123149,8：00——22：00
管城回族区,50500,咖啡厅,库迪咖啡(金成国贸大厦店),紫荆山路60号金成国贸1层大厅,113.681303,34.752151,13598833076,8：00——22：00
管城回族区,50500,咖啡厅,星巴克(郑州陇海路大润发店),陇海马路街道方圆创世大润发陇海店,113.682754,34.740511,0371-55369750,8：00——22：00
管城回族区,50500,咖啡厅,享葫日常咖啡手作面包,郑州经济技术开发区航海路朝凤路交叉口向北150米路西郑品书舍后门,113.733159,34.718336,13803714799;15203711119,8：00——22：00
管城回族区,50500,咖啡厅,luckin coffee 瑞幸咖啡(佳田·国际广场店),佳田国际广场(东周地铁站A口步行430米),113.76183,34.745381,4000100100,8：00——22：00
管城回族区,50500,咖啡厅,幸运咖(郑东绿地中心店),郑东双子塔北塔绿地云尚美食汇,113.767613,34.759566,15188314972;19139898219,8：00——22：00
管城回族区,50500,咖啡厅,库迪咖啡(正商蓝海广场1栋店),紫金山路182号正商蓝海广场1栋1层大厅,113.681097,34.72944,13598001079,8：00——22：00
管城回族区,50500,咖啡厅,星巴克(郑州丹尼斯航海天地店),经济开发区明湖街道丹尼斯航海天地B区一楼,113.738361,34.721383,0371-55092708,8：00——22：00
管城回族区,50500,咖啡厅,明日再议Coffee,天籁南关8号文创园,113.67609,34.737686,15638887320,8：00——22：00
管城回族区,50500,咖啡厅,榆阅时光(美景鸿城2期·鸿图店),中州大道与航海东路交叉口东300米路南(沿河东岸南10),113.719791,34.719607,0371-86583612,8：00——22：00
管城回族区,50500,咖啡厅,瑞幸咖啡(绿地天空之城店),东风南路榆林北路绿地天空之城1层103号,113.767877,34.759413,4000100100,8：00——22：00
管城回族区,50500,咖啡厅,幸运咖(七里河地铁口店),腾飞路1号院美景鸿城1期·鸿韵,113.722321,34.719408,16650118519,8：00——22：00
管城回族区,50500,咖啡厅,库迪咖啡(富田太阳城一站广场店),航海东路富田太阳城55号楼一站广场1层DJ1-10(塔斯汀西侧),113.715902,34.724296,19503857578,8：00——22：00
管城回族区,50500,咖啡厅,1331coffee,硝滩社区南院13号楼3单元1号(临街),113.684926,34.754364,19513319898,8：00——22：00
管城回族区,50500,咖啡厅,阿财咖啡(城东南路店),城东南路35号青年公寓19号商铺,113.691749,34.724581,17320121533,8：00——22：00
管城回族区,50500,咖啡厅,MOT COFFEE,管城回族区乐享城Z08号,113.758829,34.755722,15515651220,8：00——22：00
管城回族区,50500,咖啡厅,瑞幸咖啡(富田东方广场店),航海东路2号富田新天地F1,113.712833,34.721365,4000100100,8：00——22：00
管城回族区,50500,咖啡厅,幸运咖(郑东商业中心店),康平路郑东商业中心C区6号楼1楼125号商铺,113.761021,34.742369,17737770117,8：00——22：00
管城回族区,50500,咖啡厅,库迪咖啡(牧原大厦店),郑东新区商鼎路与嘉园路110号牧原集团郑州研发中心裙房商业商铺1-106号,113.790193,34.756248,15517166013,8：00——22：00
管城回族区,50500,咖啡厅,瑞幸咖啡(亚太时代广场店),航海东路1210号亚太时代广场A座一层大堂,113.732663,34.721592,4000100100,8：00——22：00
管城回族区,50500,咖啡厅,瑞幸咖啡(郑东商业中心B区店),商都路郑东商业中心B区8号楼1层大堂,113.760392,34.743047,4000100100,8：00——22：00
管城回族区,50500,咖啡厅,瑞幸咖啡(银基广场东门店),一马路8号银基广场东门底商,113.666115,34.743168,4000100100,8：00——22：00
管城回族区,50500,咖啡厅,幸运咖(幸运咖牧原大厦店),商鼎路与嘉园路牧原大厦110号1号楼1-2层105室,113.7902,34.756405,13939002556,8：00——22：00
管城回族区,50500,咖啡厅,库迪咖啡(中原黄金珠宝产业园店),管城回族区管城回族区中原黄金珠宝产业园C区3栋二楼平台,113.730391,34.685499,17638117378,8：00——22：00
管城回族区,50500,咖啡厅,瑞幸咖啡(升龙美食广场B1店),升龙美食广场B1层,113.770625,34.755875,4000100100,8：00——22：00
管城回族区,50500,咖啡厅,瑞幸咖啡(郑州CITY大融城店),东太康路郑州大融城负一层8号门外围下沉广场,113.671029,34.754843,4000100100,8：00——22：00
管城回族区,50500,咖啡厅,瑞幸咖啡(正商国际广场店),航海东路101号正商国际广场AB座裙楼一层大堂,113.69854,34.720412,4000100100,8：00——22：00
管城回族区,50500,咖啡厅,瑞幸咖啡(滨河国际中心店),经开第十五大街144号,113.796465,34.686591,4000100100,8：00——22：00
管城回族区,50500,咖啡厅,幸运咖(光之谷店),13号一号楼一层115号,113.730529,34.690875,18737191377,8：00——22：00
管城回族区,50500,咖啡厅,库迪咖啡(正商经开广场店),航海东路与第九大街正商经开广场3号楼1单元大厅,113.770375,34.718975,15837113159,8：00——22：00
管城回族区,50500,咖啡厅,瑞幸咖啡(汇美茂店),银莺路76号汇美茂购物中心1号门底商,113.700542,34.703548,4000100100,8：00——22：00
管城回族区,50500,咖啡厅,瑞幸咖啡(方圆创世大厦B座店),陇海路68号方圆创世大厦B座一层大堂,113.683737,34.740082,4000100100,8：00——22：00
管城回族区,50500,咖啡厅,库迪咖啡(郑东商业中心A区店),商都路61号郑东商业中心A区一号电梯处,113.760419,34.744903,13733800829,8：00——22：00
管城回族区,50500,咖啡厅,幸运咖(橡树玫瑰城店),南台路与金岱路交叉口南240米5-52号,113.712239,34.707539,13523527518,8：00——22：00
管城回族区,50500,咖啡厅,瑞幸咖啡(富田财富广场2号楼店),航海东路经开第八大街西北角富田财富广场2号楼一层大堂,113.764099,34.721546,4000100100,8：00——22：00
管城回族区,50500,咖啡厅,瑞幸咖啡(商城大厦店),管城回族区商城大厦店,113.667047,34.753571,4000100100,8：00——22：00
管城回族区,50500,咖啡厅,库迪咖啡(金岱智慧产业园店),文治路17号,113.725742,34.689689,13071117193,8：00——22：00
管城回族区,50500,咖啡厅,瑞幸咖啡(新发展楷林广场5号楼店),新发展楷林广场5号楼,113.787818,34.753302,4000100100,8：00——22：00
管城回族区,50500,咖啡厅,库迪咖啡(郑州兴华大厦店),经开第二大街与经南二路交叉口兴华大厦A座1层(正门侧),113.742945,34.718224,13901399550,8：00——22：00
管城回族区,50500,咖啡厅,幸运咖(东周地铁A口店),郑东商业中心A区(东周地铁站A口旁),113.759552,34.745748,15933003705,8：00——22：00
管城回族区,50500,咖啡厅,瑞幸咖啡(郑东新区电子商务大厦B座店),电子商务大厦B座,113.810062,34.741135,4000100100,8：00——22：00
管城回族区,50500,咖啡厅,库迪咖啡(正商国际广场A座店),航海东路101号正商国际广场A座1楼,113.69825,34.720453,19059570981,8：00——22：00
管城回族区,50500,咖啡厅,瑞幸咖啡(兴华大厦店),经开第二大街58号兴华大厦A幢一层02号,113.743075,34.718175,4000100100,8：00——22：00
管城回族区,50500,咖啡厅,瑞幸咖啡(牧原大厦店),商鼎路110号牧原大厦F1层,113.789779,34.755702,4000100100,8：00——22：00
管城回族区,50500,咖啡厅,幸运咖(东周店),万通街30-124号,113.753338,34.743932,15890604376,8：00——22：00
管城回族区,50500,咖啡厅,瑞幸咖啡(金成国贸店),金成国贸大厦东门旁,113.681624,34.752223,4000100100,8：00——22：00
管城回族区,50500,咖啡厅,库迪咖啡(方圆创世大厦B座店),陇海路68号方圆创世大厦B座1层大堂,113.683691,34.740114,19803813193,8：00——22：00
管城回族区,50500,咖啡厅,瑞幸咖啡(郑州永和宇宙星广场店),榆林南路与心怡路交叉口东北100米,113.774707,34.754155,4000100100,8：00——22：00
管城回族区,50500,咖啡厅,瑞幸咖啡(建正东方中心B座店),商都路100号建正东方中心B座东南角底商,113.777275,34.744808,4000100100,8：00——22：00
管城回族区,50500,咖啡厅,库迪咖啡(航海路丹尼斯店),航海东路丹尼斯航海天地C区2层(南洋大师傅南侧),113.738637,34.721514,17337178881,8：00——22：00
管城回族区,50500,咖啡厅,瑞幸咖啡(乐尚天地生活广场店),管城回族区经开区第五大街经南三路乐尚天地生活广场一层01004号,113.754549,34.714024,4000100100,8：00——22：00
管城回族区,50500,咖啡厅,库迪咖啡(郑州亚新广场店),康宁街96号亚新广场1层大堂,113.774901,34.751908,18595891686,8：00——22：00
管城回族区,50500,咖啡厅,瑞幸咖啡(德威广场店),普济路康宁街德威广场A座一层大堂,113.776137,34.750444,4000100100,8：00——22：00
管城回族区,50500,咖啡厅,瑞幸咖啡(海赋国际店),心怡路福禄路海赋国际一层大堂,113.775225,34.748932,4000100100,8：00——22：00
管城回族区,50500,咖啡厅,氧Young Coffee(海汇港店),东风南路康宁街海汇港3号楼大堂,113.76997,34.751704,19937377468,8：00——22：00
管城回族区,50500,咖啡厅,DARKHORSECAFE黑马咖啡,航海东路与城东路交叉口西南40米,113.690013,34.720507,18639001678,8：00——22：00
管城回族区,50500,咖啡厅,瑞幸咖啡(易元国际店),心怡路319号易元国际大厦B座一层14号,113.775228,34.745883,4000100100,8：00——22：00
管城回族区,50500,咖啡厅,幸运咖(富田太阳城店),明月路52号富田太阳城29号楼一层102-4号,113.715669,34.724618,13838168860,8：00——22：00
管城回族区,50500,咖啡厅,库迪咖啡(金多银多老凤祥银楼店),紫荆山路与东大街交叉口(东大街地铁D口)老凤祥银楼,113.680946,34.749063,17836918255,8：00——22：00
管城回族区,50500,咖啡厅,幸运咖(五里堡店),玉成街与五里堡西街交叉口,113.678351,34.723522,15093159556;18638289058,8：00——22：00
管城回族区,50500,咖啡厅,库迪咖啡(滨河国际中心店),经南十路39号(滨河新城地铁站A口步行370米),113.797821,34.686148,19339987876,8：00——22：00
管城回族区,50500,咖啡厅,库迪咖啡(大观国贸A座店),大观国贸A座1号门斜对面,113.666721,34.742606,15660112873,8：00——22：00
管城回族区,50500,咖啡厅,瑞幸咖啡(兴达国贸大厦店),兴达国贸东门旁,113.68161,34.751219,4000100100,8：00——22：00
管城回族区,50500,咖啡厅,瑞幸咖啡(华美仟企汇店),华美龙大厦1号楼,113.737832,34.717554,4000100100,8：00——22：00
管城回族区,50500,咖啡厅,幸运咖(爱家店),鼎瑞街与金岱路交叉口西北角光之谷商业中心下沉广场负一层06铺,113.732767,34.690601,18737191377,8：00——22：00
管城回族区,50500,咖啡厅,wakewake醒醒咖啡,朝凤路79-13,113.733812,34.722307,18603868700,8：00——22：00
管城回族区,50500,咖啡厅,瑞幸咖啡(通讯新天地店),陇海东路126号新天地通讯大厦F区一层101号,113.671265,34.740914,4000100100,8：00——22：00
管城回族区,50500,咖啡厅,幸运咖(南三环地铁口mini店),绿都紫荆华庭脉动商业中心1号楼一单元一层04号商铺,113.683309,34.69803,13503818577,8：00——22：00
管城回族区,50500,咖啡厅,库迪咖啡(郑州泰宏国际店),商鼎路69号泰宏国际南门1层大堂,113.765575,34.754275,18539909945,8：00——22：00
管城回族区,50500,咖啡厅,瑞幸咖啡(中原数字经济产业园店),明理路白佛南路西北角中原数字经济产业园15号楼一层东01号,113.799625,34.747875,4000100100,8：00——22：00
管城回族区,50500,咖啡厅,幸运咖(阳光城店),阳光城5号院西门5-7铺幸运咖,113.715851,34.710397,15290888621,8：00——22：00
管城回族区,50500,咖啡厅,幸运咖(滨河新城店),经开第十六大街116号,113.797717,34.697457,19036957988,8：00——22：00
管城回族区,50500,咖啡厅,瑞幸咖啡(郑东商业中心C区店),康平路79号郑东商业中心C区1号楼一层105号,113.762119,34.743095,4000100100,8：00——22：00
管城回族区,50500,咖啡厅,库迪咖啡(裕鸿国际大厦D座店),裕鸿国际D座东门向北30米商城路57号,113.683409,34.753079,18837114697,8：00——22：00
管城回族区,50500,咖啡厅,遇见·五月咖啡馆(郑东商业中心店),郑东新区康平路万通街郑东商业中心B区8栋10楼1006号,113.760303,34.743116,0371-55636011,8：00——22：00
管城回族区,50500,咖啡厅,磨山咖啡,文德路鼎盛街交叉口商都双创基地E3号楼2楼右侧,113.732238,34.685585,17163660222;18623712585,8：00——22：00
管城回族区,50500,咖啡厅,幸运咖(知了公寓店),十八里河街道知了公寓1号楼1层底商101室幸运咖,113.687425,34.677675,18137684788,8：00——22：00
管城回族区,50500,咖啡厅,幸运咖(金荣花园店),经开第四大街,113.749634,34.709348,18203605725,8：00——22：00
管城回族区,50500,咖啡厅,瑞幸咖啡(锦荣商贸城店),陇海东路辅路与布厂街交叉口西北60米,113.66822,34.740538,4000100100,8：00——22：00
管城回族区,50500,咖啡厅,Tims天好咖啡(中国石化郑州农业东路加油站店),东方鼎盛时代三期西南门旁,113.757871,34.752023,4008002561,8：00——22：00
管城回族区,50500,咖啡厅,瑞幸咖啡(郑州百货大楼店),郑州百货大楼,113.667416,34.75675,4000100100,8：00——22：00
管城回族区,50500,咖啡厅,幸运咖(金色港湾店),航海路未来路向南50米路西幸运咖,113.705961,34.719914,15838003033,8：00——22：00
管城回族区,50500,咖啡厅,瑞幸咖啡(设计师大厦店),华丰中街与华丰西路交叉口西南60米,113.740139,34.743683,4000100100,8：00——22：00
管城回族区,50500,咖啡厅,幸运咖(康桥悦城店),金祥路与春潮街交叉口56-5号,113.804247,34.690138,18539268243,8：00——22：00
管城回族区,50500,咖啡厅,多度咖啡,货栈北街与陇海路交叉口向东30米路北多度咖啡,113.697592,34.739529,13598039913,8：00——22：00
管城回族区,50500,咖啡厅,库迪咖啡(御玺大厦店),东明路与郑汴路交叉口西北140米底商,113.699612,34.748227,17601365623,8：00——22：00
管城回族区,50500,咖啡厅,瑞幸咖啡(正商和谐大厦店),正商和谐大厦,113.777348,34.741886,4000100100,8：00——22：00
管城回族区,50500,咖啡厅,幸运咖(豫英路百草园店),百草园,113.696684,34.723088,13623711807,8：00——22：00
管城回族区,50500,咖啡厅,瑞幸咖啡(富田幸福里店),航海东路2号富田幸福里底商(金街口),113.716242,34.724276,4000100100,8：00——22：00
管城回族区,50500,咖啡厅,库迪咖啡(鸿城光彩市场店),东太康路50号,113.669262,34.755467,18300687621,8：00——22：00
管城回族区,50500,咖啡厅,库迪咖啡(建正东方中心店),商都路100号正商建正东方中心C座大堂1层,113.77592,34.745884,17838351009,8：00——22：00
管城回族区,50500,咖啡厅,象上咖啡(民安尚郡店),信誉路6号民安尚郡小区东2门1号楼2单元12号商铺,113.674184,34.723878,15515750606,8：00——22：00
管城回族区,50500,咖啡厅,瑞幸咖啡(凯利国际中心店),中兴南路寿丰街50号凯利国际中心A座一层大堂,113.777025,34.746596,4000100100,8：00——22：00
管城回族区,50500,咖啡厅,幸运咖(瑞锦小区店),第十四大街与经南五路交叉口西南角,113.790936,34.709973,15093134903,8：00——22：00
管城回族区,50500,咖啡厅,瑞幸咖啡(嘉亿东方大厦店),嘉亿东方大厦,113.777084,34.748197,4000100100,8：00——22：00
管城回族区,50500,咖啡厅,瑞幸咖啡(绿都广场A座店),郑汴路76号绿都广场A座一层大堂,113.703217,34.7476,4000100100,8：00——22：00
管城回族区,50500,咖啡厅,幸运咖(高途店),经南三路9-8号,113.740682,34.716944,13633837195,8：00——22：00
管城回族区,50500,咖啡厅,幸运咖(金领寓公寓店),南关街与德济路交叉口往西一百米路北,113.674931,34.743879,15515865594,8：00——22：00
管城回族区,50500,咖啡厅,幸运咖(鸿成广场店),北下街街道东太康路鸿成广场52号附8号,113.669623,34.755293,15738633760,8：00——22：00
管城回族区,50500,咖啡厅,幸运咖(富士康店),经开第八大街14号,113.765387,34.72902,17638930163,8：00——22：00
管城回族区,50500,咖啡厅,NOWWA挪瓦咖啡(美宜佳郑州南关街店),南关街8号院1号楼临街1-1号,113.675875,34.737975,13937132005,8：00——22：00
管城回族区,50500,咖啡厅,库迪咖啡(中茂新悦城店),商都路中茂新悦城北出口电梯旁,113.774445,34.744384,13253488052,8：00——22：00
管城回族区,50500,咖啡厅,幸运咖(郑州财税金融职业学院店),郑尉路18号郑州财税金融职业学院梅香苑餐厅幸运咖,113.716125,34.705625,15188314972,8：00——22：00
管城回族区,50500,咖啡厅,库迪咖啡(郑州凤凰路梧桐里店),凤凰路1-3号,113.699814,34.743502,19949130000,8：00——22：00
管城回族区,50500,咖啡厅,库迪咖啡(富田东方广场店),航海东路富田太阳城59号楼b1039c,113.714897,34.721684,18039509129,8：00——22：00
管城回族区,50500,咖啡厅,库迪咖啡(郑州凯利大厦店),寿丰街凯利国际中心写字楼1层大堂,113.776977,34.746879,15239064892,8：00——22：00
管城回族区,50500,咖啡厅,库迪咖啡(绿都广场B座店),未来路郑汴路绿都广场B座1层底商(美宜佳便利店内),113.703346,34.747889,17335792790,8：00——22：00
管城回族区,50500,咖啡厅,幸运咖(西大街店),营门街与西大街交叉口东北20米,113.673637,34.751226,17637131313,8：00——22：00
管城回族区,50500,咖啡厅,幸运咖,德化新街B1层地铁口M2056,113.666903,34.743385,13598871995,8：00——22：00
管城回族区,50500,咖啡厅,MINI-CO小咖咖啡(郑州建正东方CD座店),商都路100号建正东方中心CD座,113.776416,34.74524,18137857692,8：00——22：00
管城回族区,50500,咖啡厅,瑞幸咖啡(高途郑州中原总部店),高途郑州中原总部,113.740739,34.718217,4000100100,8：00——22：00
管城回族区,50500,咖啡厅,幸运咖(穆庄农贸市场店),徐庄街9正,113.808976,34.760204,15514467955,8：00——22：00
管城回族区,50500,咖啡厅,NOWWA挪瓦咖啡(美宜佳郑州中岳俪景湾店),文德路28号1号楼附101号,113.729794,34.686334,19937569589,8：00——22：00
管城回族区,50500,咖啡厅,幸运咖(五里堡店),玉成街与五里堡西街交叉口,113.678313,34.723567,15093159556,8：00——22：00
管城回族区,50500,咖啡厅,达乐咖啡(咖啡机维修咖啡机保养咖啡豆零售),裕丰酒店用品城A区1021号,113.699597,34.740506,13838241854;18538754813,8：00——22：00
管城回族区,50500,咖啡厅,野趣咖啡,管城回族区郑州电缆有限公司1号厂房西南角,113.754553,34.731267,17611115662;18890305636,8：00——22：00
管城回族区,50500,咖啡厅,缇里咖啡(品味生活馆店),白佛路与博学路交叉口50米东豫集团品味生活馆,113.793923,34.748001,13938530178,8：00——22：00
管城回族区,50500,咖啡厅,AM.PM全时咖啡,中原数字经济产业园7号楼西南角草坪上,113.799608,34.747494,18737127510,8：00——22：00
管城回族区,50500,咖啡厅,幸运咖(郑州交通技师学院店),经开第三大街35号,113.746057,34.706156,15803866160,8：00——22：00
管城回族区,50500,咖啡厅,佐咖,城东路货站街向南50米路东门面房第二家118号3-6,113.69101,34.736422,17516411155,8：00——22：00
管城回族区,50500,咖啡厅,MORE THAN X磨山咖啡(兴达国贸店),紫荆山路62号7层701号,113.681255,34.751241,15796656259,8：00——22：00
管城回族区,50600,茶艺馆,文新茶馆(第四大街店),航海路与三大街交叉口,113.749189,34.720639,17788167522;18738176913,8：00——22：00
管城回族区,50600,茶艺馆,小溪哩共享茶室(新世界百货店),紫荆山路商城路交叉口裕鸿国际A座25楼2508,113.682642,34.754322,19900937072,8：00——22：00
管城回族区,50600,茶艺馆,瓦舍茶馆(经开区店),经开第一大街与经北二路交叉口向北100米路东,113.740186,34.726456,0371-61026102;13073766102,8：00——22：00
管城回族区,50600,茶艺馆,燕语茶馆,郑东新区双子塔绿地中心北裙楼2幢3层01号燕语茶馆,113.768198,34.759997,0371-65311349,8：00——22：00
管城回族区,50600,茶艺馆,双陈老茶馆,建业·天筑南门旁,113.765227,34.751384,17320161666,8：00——22：00
管城回族区,50600,茶艺馆,东隅茶叙(泰宏国际广场C座店),泰宏国际广场C座,113.765962,34.753755,0371-68761199;18637159217,8：00——22：00
管城回族区,50600,茶艺馆,小溪哩共享茶室(盛华里店),经开第五大街航海路交叉口往南50米路西,113.753769,34.719706,18103714984,8：00——22：00
管城回族区,50600,茶艺馆,陈轩号茶馆(郑州东站店),福禄街108号,113.777636,34.74885,15713685991,8：00——22：00
管城回族区,50600,茶艺馆,雲兮茶舍,商都路22号香江市场C区19栋1-2号,113.751998,34.747938,17513166213;18638796855,8：00——22：00
管城回族区,50600,茶艺馆,周泽堂汝瓷名茶馆,汇美茶城A区22号,113.712269,34.723296,15920406072;17513367266;18538052505,8：00——22：00
管城回族区,50600,茶艺馆,臻字号,商鼎路25号22号楼1-2层附7号,113.754252,34.754719,17335705566,8：00——22：00
管城回族区,50600,茶艺馆,小绿茶馆(未来城店),未来城南1门东120米,113.703516,34.751142,13253335632,8：00——22：00
管城回族区,50600,茶艺馆,澜庭叙茶馆(国香茶城店),文德路32号国香茶城14号电梯上到3楼左拐324室-325室,113.732839,34.683436,15003855699,8：00——22：00
管城回族区,50600,茶艺馆,金沙湖·湖隐茶室,经南九路与第五大街交叉口商业街一直往南湖边,113.754689,34.692427,19103718719,8：00——22：00
管城回族区,50600,茶艺馆,南城小乔·共享茶室(南三环店),南三环地铁口A口绿都脉栋公寓A栋1841室,113.683383,34.697945,17538706157,8：00——22：00
管城回族区,50600,茶艺馆,三友茶社(东明路店),商城东路与东明路交叉口西南角,113.699831,34.750689,13071035025,8：00——22：00
管城回族区,50600,茶艺馆,东瑞茶空间,汇美路与明月路交叉口A区1-D区1,113.712282,34.72428,19803839789,8：00——22：00
管城回族区,50600,茶艺馆,国粹茶舍,东大街与城东路交叉口向北150米路东,113.691638,34.749595,15537182277,8：00——22：00
管城回族区,50600,茶艺馆,五邻汇(尘溪茶馆),郑东新区心怡路381号国龙绿城怡园二期4-108,113.774375,34.739039,15038273827,8：00——22：00
管城回族区,50600,茶艺馆,溯源茶社,经开第八大街与经北六路交叉口西北140米,113.763403,34.734326,18939548888,8：00——22：00
管城回族区,50600,茶艺馆,兰雅茶馆(正商东方港湾店),正商东方港湾北1门旁,113.763339,34.748233,0371-53315379,8：00——22：00
管城回族区,50600,茶艺馆,沁香园(连云路店),郑州凯宾世家酒店65-2号,113.671036,34.700779,0371-66101888;15138917770,8：00——22：00
管城回族区,50600,茶艺馆,东坡叙茶馆,艾沐国际酒店郑州东站会展中心店南门旁,113.712792,34.70204,0371-55915786,8：00——22：00
管城回族区,50600,茶艺馆,星运茶坊(鑫苑国际新城六号院店),鑫苑国际新城6号院1号楼商铺111号星运茶坊,113.677194,34.703288,13298113338,8：00——22：00
管城回族区,50600,茶艺馆,尘述茶空间,铭汇宜兰酒店一楼(南三环地铁站A口步行370米),113.684044,34.696,13253606562;17513225712;19036939986,8：00——22：00
管城回族区,50600,茶艺馆,八方茶园(富田茶城总店),富田茶城E区13号八方茶园,113.711883,34.725195,18603819077,8：00——22：00
管城回族区,50600,茶艺馆,悟言茶舍,商英街88号大宇颐园8号楼3单元1楼北,113.737252,34.724685,15225063915,8：00——22：00
管城回族区,50600,茶艺馆,茶山聚|云树·茶空间,新发展楷林广场5号楼1003,113.78772,34.753164,13598880975,8：00——22：00
管城回族区,50600,茶艺馆,茶语书苑(智慧大厦店),经北一路智慧大厦陌上酒店2层,113.758147,34.723655,18625562828,8：00——22：00
管城回族区,50600,茶艺馆,山水清音老茶,富田茶城南门向北五十米路西(M区5号),113.711717,34.722097,18603867856,8：00——22：00
管城回族区,50600,茶艺馆,积余茶馆(正商·经开广场店),第九大街正商经开广场8号楼一楼104号,113.77108,34.718716,13103821935,8：00——22：00
管城回族区,50600,茶艺馆,阿凡兔精酿烧烤小院,郑州思维物业管理有限公司家属院东门旁,113.75377,34.719785,18103714984,8：00——22：00
管城回族区,50600,茶艺馆,隅泉茶舍,文博茶城六街一楼8-9号隅泉茶舍·龙嘘白茶河南运营中心,113.76747,34.733929,18530870266,8：00——22：00
管城回族区,50600,茶艺馆,Serve Tea尚茶,文治路17号金岱智慧产业园8号楼102-2号,113.724901,34.68929,13223093610,8：00——22：00
管城回族区,50600,茶艺馆,沁美轩茶空间,文德路东、童心路南3幢7层712号房,113.730901,34.689966,19003836136,8：00——22：00
管城回族区,50600,茶艺馆,三尚24h智能共享茶空间(启航大厦店),启航大厦F座(航海广场地铁站B口步行130米),113.704752,34.720156,17518953913,8：00——22：00
管城回族区,50600,茶艺馆,曼非古茶(尚书苑店清真),农业南路90-58,113.756502,34.750334,13838142844,8：00——22：00
管城回族区,50600,茶艺馆,南城小乔共享茶室(中原福塔店),管城回族区地铁4号线或5号线七里河地铁站D口偶遇湘川二楼,113.719875,34.719672,17538706157,8：00——22：00
管城回族区,50600,茶艺馆,翠微茶社,金天地大厦3楼,113.693835,34.755167,13253337289,8：00——22：00
管城回族区,50600,茶艺馆,观澜茶社,航海东路1291号聚才楼3号楼203室,113.744958,34.718792,15038188836;17320185009,8：00——22：00
管城回族区,50600,茶艺馆,见习茶事-正山堂(经开店),经北五路与朝凤路交叉口东20米路南,113.734266,34.730721,13027623671,8：00——22：00
管城回族区,50600,茶艺馆,冰中岛,南曹乡文治路鼎盛街泓佳茶城1号楼120-121,113.730425,34.683329,0371-68012345;15660085836,8：00——22：00
管城回族区,50600,茶艺馆,九溪茶舍,豫武花园西南门南50米,113.749367,34.751471,13069584567,8：00——22：00
管城回族区,50600,茶艺馆,VX-liuyixuan728茶馆(脉动公寓店),南三环紫荆山南路绿都紫荆华庭脉动公寓,113.683649,34.697766,18137672622,8：00——22：00
管城回族区,50600,茶艺馆,吉享茶荟吉享茶业,航海东路与中州大道富田太阳城一期15号楼,113.711867,34.727134,13633829669,8：00——22：00
管城回族区,50600,茶艺馆,臻宇茶事(国香茶城店),文德路与鼎盛街交汇处国香茶城3号门3号楼154,113.733734,34.683077,13598050545,8：00——22：00
管城回族区,50600,茶艺馆,潇湘茶馆,明月路52-1号,113.712308,34.724517,15333816511,8：00——22：00
管城回族区,50600,茶艺馆,木溪茶园,航海东路富田茶城G区2号,113.711879,34.724289,15515813298,8：00——22：00
管城回族区,50600,茶艺馆,满堂茶社,文博茶城九街一楼精品楼梯间,113.76625,34.733939,18637139588,8：00——22：00
管城回族区,50600,茶艺馆,茶道(广地和顺中心B座店),和顺街6-5号广地和顺中心B座,113.764446,34.755598,18703880008,8：00——22：00
管城回族区,50600,茶艺馆,听岚茶舍(东方鼎盛时代三期店),榆林南路1-附15号,113.760619,34.753401,13592598850,8：00——22：00
管城回族区,50600,茶艺馆,筱筱茶叙,文博东城10号楼八街二楼6号,113.766558,34.733814,15638884077,8：00——22：00
管城回族区,50600,茶艺馆,大枫茶事&春晓堂,管城回族区文博东城文博东九号楼3层17-18号,113.768426,34.733956,13323719797;18538178988,8：00——22：00
管城回族区,50600,茶艺馆,见南山茶室,管城回族区文博城东13楼第十二街二层,113.765371,34.733935,18037115370,8：00——22：00
管城回族区,50600,茶艺馆,翰墨茗香(路劲河畔明珠美林苑店),郑东新区郑东新区商鼎路与农业南路交叉口西南角中央特区游泳馆对面,113.753122,34.75293,0371-86627999,8：00——22：00
管城回族区,50600,茶艺馆,哈福相声社(暂停营业),太康路柴火市街向北五米路东茶香村戏曲茶楼二楼,113.670264,34.755553,15737125987,8：00——22：00
管城回族区,50600,茶艺馆,芊芊茶学,万科美景龙门A栋(七里河地铁站D口步行60米),113.72058,34.720775,18103819131,8：00——22：00
管城回族区,50600,茶艺馆,博韵茶业(栖霞寺街店),航海东路富田茶城D区69号,113.712262,34.726701,13838058983,8：00——22：00
管城回族区,50600,茶艺馆,溪南村茶语专营店,第八大街经北六路文博茶城东城一街二楼西侧,113.769086,34.73377,15839992246,8：00——22：00
管城回族区,50600,茶艺馆,深谷茶集(郑州文博城店),郑州文博城东城一街1层3-5号,113.769178,34.733613,13849055523;13850733502,8：00——22：00
管城回族区,50600,茶艺馆,茶源信阳小馆,紫云路26号院6号楼1-2层附7号,113.676402,34.712962,18637675612,8：00——22：00
管城回族区,50600,茶艺馆,华祥苑茗茶(台商大厦店),普惠路59号商鼎路与心怡路交叉口西南角,113.772925,34.75433,13939073453,8：00——22：00
管城回族区,50600,茶艺馆,天天上饮(栖霞寺街店),明月路汇美茶城E区10号,113.71186,34.725166,15981866659,8：00——22：00
管城回族区,50600,茶艺馆,壹茶壹悟(栖霞寺街店),汇美茶城F区23号,113.711571,34.726051,13949111391,8：00——22：00
管城回族区,50600,茶艺馆,岩悟茶业(郑州总店),航海东路富田太阳城汇美茶城C区10号,113.713221,34.724576,0371-60658513,8：00——22：00
管城回族区,50600,茶艺馆,尚品香茗,鼎元街文治路交叉口大健康产业园18号楼2楼,113.722787,34.698308,17788172858,8：00——22：00
管城回族区,50700,冷饮店,东东鲜芋圆(大上海城店),东太康路28号大上海城商场内4楼电梯旁,113.669395,34.756332,13673376651;13683801113;15103713363,8：00——22：00
管城回族区,50700,冷饮店,CoCo都可茶饮(汇艺店),商鼎路77号文化产业园1号楼1层107-108号,113.771094,34.754085,15238007197,8：00——22：00
管城回族区,50700,冷饮店,爷爷不泡茶NOYEYENOTEA(郑州郑东商业中心店),商都路办事处郑东商业中心A区S6-2号楼1层102号,113.760642,34.744125,19303882726,8：00——22：00
管城回族区,50700,冷饮店,清真·猫の物语猫咖·宠咖(大上海城店),大上海城商场内2楼B2-12号,113.669071,34.755945,16697129577;18695818545,8：00——22：00
管城回族区,50700,冷饮店,茉莉奶白(郑州盛华里店),航海东路1338号盛华里1号门一楼F1019,113.75326,34.721677,13783711111;18595760239,8：00——22：00
管城回族区,50700,冷饮店,奈雪的茶(郑州汇艺银河里店),河南自贸试验区郑州片区(郑东)商鼎路77号汇艺银河里一层商铺,113.770269,34.75415,13925204068,8：00——22：00
管城回族区,50700,冷饮店,霸王茶姬(郑州绿地双子塔店),郑东新区东风南路绿地双子塔南北塔中间今市印巷一层商铺,113.768161,34.758875,16638249373,8：00——22：00
管城回族区,50700,冷饮店,爷爷不泡茶NOYEYENOTEA(郑州富田太阳城店),航海东路2号一站广场1F门口,113.715469,34.7223,13007621790,8：00——22：00
管城回族区,50700,冷饮店,CoCo都可(新世界店),紫荆山路57号郑州新世界百货一层L01F069,113.682643,34.753227,15617618092,8：00——22：00
管城回族区,50700,冷饮店,眷茶(经开丹尼斯店),郑州经济技术开发区航海路与第一大街丹尼斯航海店二层商铺C馆2层扶梯口,113.738878,34.721476,19337102892,8：00——22：00
管城回族区,50700,冷饮店,茉莉奶白(郑东商业中心店),万通街康平路西北角s108-109商铺,113.760622,34.744007,17638154734,8：00——22：00
管城回族区,50700,冷饮店,CHAGEE霸王茶姬(新世界百货店),紫荆山路新世界百货一层L01F678A号商铺,113.682607,34.753064,13601642312;19337109283,8：00——22：00
管城回族区,50700,冷饮店,喜茶(郑州新世界百货店),紫荆山路57号新世界百货项目一层L01F001,113.682608,34.753,0371-86665611,8：00——22：00
管城回族区,50700,冷饮店,霸王茶姬(郑州阜民里店),城南路阜民里招商中心隔壁,113.671652,34.746314,17719892577,8：00——22：00
管城回族区,50700,冷饮店,茉莉奶白(郑州双子塔店),郑东绿地中心,113.768322,34.759028,19337107256,8：00——22：00
管城回族区,50700,冷饮店,茶百道(郑州管城知了公寓店),十八里河街道知了公寓6号楼108号东南侧,113.687242,34.677944,15239423569,8：00——22：00
管城回族区,50700,冷饮店,喜茶(郑州富田新天地店),中州大道航海东路2号60号楼富田新天地L1-44,113.713955,34.721336,19303881023,8：00——22：00
管城回族区,50700,冷饮店,霸王茶姬(郑州郑东商业中心店),商都路与康平路交叉口郑东商业中心A区D栋113A,113.760729,34.744877,19900907011,8：00——22：00
管城回族区,50700,冷饮店,爷爷不泡茶NOYEYENOTEA(郑州航海路丹尼斯店),管城回族区丹尼斯航海天地C区002号铺位,113.738372,34.721442,15713669329,8：00——22：00
管城回族区,50700,冷饮店,茶百道(郑州人民路丹尼斯店新),人民路2号丹尼斯百货2号馆商铺F-2,113.675542,34.756558,13283808652,8：00——22：00
管城回族区,50700,冷饮店,霸王茶姬(郑州汇美茂店),银莺路76号院5号楼商场项日汇美MALL内第一层A015号,113.699883,34.704108,19337103903,8：00——22：00
管城回族区,50700,冷饮店,书亦烧仙草(郑州绿地天空之城店),绿地天空之城五楼,113.767724,34.757298,18039520338,8：00——22：00
管城回族区,50700,冷饮店,茶百道(新世界百货店),紫荆山路与商城路交叉口裕鸿国际d座一楼105,113.673272,34.751194,13393743601,8：00——22：00
管城回族区,50700,冷饮店,蜜雪冰城(大上海城店),丹尼斯大卫城三号楼对面(蚝英雄旁),113.667856,34.756978,15138252945;16668095591,8：00——22：00
管城回族区,50700,冷饮店,茶百道(郑州管城橡树玫瑰城店),南台路5-33-34,113.712296,34.70579,17516201610,8：00——22：00
管城回族区,50700,冷饮店,1点点(郑东商业中心店),郑东新区商业中心A区云尚B1037铺位,113.760599,34.745508,15821458486;19139926611,8：00——22：00
管城回族区,50700,冷饮店,眷茶(新世界百货店),城东路街道紫荆山路57号新世界百货一层L01F021/L01F022号商铺,113.682731,34.752743,18203617651,8：00——22：00
管城回族区,50700,冷饮店,霸王茶姬(郑州滨河国际中心店),郑州经济技术开发区中建七局大厦D座外圈底商,113.79816,34.686326,4008788359,8：00——22：00
管城回族区,50700,冷饮店,茶百道(郑州大上海城店),东太康路太上海城A26,113.670133,34.755354,15037191920,8：00——22：00
管城回族区,50700,冷饮店,霸王茶姬(郑州丹尼斯航海天地店),航海东路丹尼斯航海天地B区C区连廊1楼,113.737663,34.721566,19937169903,8：00——22：00
管城回族区,50700,冷饮店,茶百道(郑州郑东商业中心店),郑东商业中心C区6-112号,113.760918,34.74213,18939261600,8：00——22：00
管城回族区,50700,冷饮店,DQ(郑州新世界百货店),紫荆山路57号新世界百货1楼L01F003号商铺,113.682672,34.752896,17734828315,8：00——22：00
管城回族区,50700,冷饮店,喜茶(郑州盛华里店),航海东路1074号万锦盛华里项目三栋1层F1020,113.753269,34.721674,15617750337,8：00——22：00
管城回族区,50700,冷饮店,蜜雪冰城(西大街店),西大街151号(西大街地铁站B口步行240米),113.673447,34.751189,13663019163,8：00——22：00
管城回族区,50700,冷饮店,温大人牛奶鸡蛋醪糟(橡树玫瑰城店),金岱路南台路交叉口向南200米路东5-67号门面,113.712266,34.708075,17737416695,8：00——22：00
管城回族区,50700,冷饮店,霸王茶姬(郑州陇海路大润发店),陇海路大润发南侧观光电梯旁,113.683323,34.739866,15517168199,8：00——22：00
管城回族区,50700,冷饮店,茶百道(郑州建正东方中心店),商都路100号正商建正东方中心D座,113.776349,34.745279,18037147388,8：00——22：00
管城回族区,50700,冷饮店,蜜雪冰城(升龙广场店),商都路街道榆林北路36号,113.770897,34.756538,16638760488,8：00——22：00
管城回族区,50700,冷饮店,蜜雪冰城(郑东商业中心店),郑东商业中心C区西北门西北110米,113.760625,34.744075,19903850518,8：00——22：00
管城回族区,50700,冷饮店,CHAGEE霸王茶姬(福都购物广场店),福都百货航海路店东门旁,113.700979,34.719688,18595619292,8：00——22：00
管城回族区,50700,冷饮店,1点点(盛华里店),航海东路与第五大街交汇处盛华里购物中心1楼,113.753258,34.721629,17324837007,8：00——22：00
管城回族区,50700,冷饮店,CoCo都可(福都百货店),航海路与银莺路交叉口福都购物广场三楼E4号,113.700737,34.719758,15638159780,8：00——22：00
管城回族区,50700,冷饮店,蜜雪冰城(金城街店),二里岗与金城街交叉口西南角蜜雪冰城,113.687451,34.726115,13939078855;18595929226,8：00——22：00
管城回族区,50700,冷饮店,沪上阿姨·精选茶饮(郑州云尚ME店),郑东新区商都路与康平路交汇处云尚me购物中心负一层B1064-1065,113.760196,34.745461,18237134578,8：00——22：00
管城回族区,50700,冷饮店,茶百道(郑州管城康桥悦城店),管城回族区经济技术开发区潮河街道金祥路康桥悦城2号院1号楼102,113.80404,34.690722,17513310920,8：00——22：00
管城回族区,50700,冷饮店,1点点(航海广场店),航海东路一号院正商新蓝钻1号楼一层附3号,113.702637,34.720616,18037310506,8：00——22：00
管城回族区,50700,冷饮店,蜜雪冰城(绿地新里花园店),郑东新区永平路19号绿地新里花园一期,113.76828,34.738616,18848895975;19139863509,8：00——22：00
管城回族区,50700,冷饮店,茶百道(郑州商城阜民里店),城南路阜民里115号B3-2-1-218号,113.671122,34.745864,15639948156,8：00——22：00
管城回族区,50700,冷饮店,蜜雪冰城(绿都澜湾店),霞飞西路知了公寓3号楼101号商铺,113.685722,34.678018,19138135599,8：00——22：00
管城回族区,50700,冷饮店,茶百道(郑东绿地中心店),绿地天空之城,113.767967,34.75826,15803898297,8：00——22：00
管城回族区,50700,冷饮店,蜜雪冰城(新世界店),紫荆山路63号裕鸿国际D座F1层,113.683186,34.752618,18790888188,8：00——22：00
管城回族区,50700,冷饮店,茶百道(郑州郑东A区店),郑东新区商都路63号S6-3号楼1层101,113.760618,34.744306,15738828920,8：00——22：00
管城回族区,50700,冷饮店,河南鑫颂礼,裕丰酒店用品市场南门(靠近陇海路与货站北街交叉口)三楼,113.697892,34.739549,18625551883,8：00——22：00
管城回族区,50700,冷饮店,蜜雪冰城(恒兴嘉苑店),恒兴嘉苑北门旁,113.789558,34.752286,19513367855;19913897726,8：00——22：00
管城回族区,50700,冷饮店,蜜雪冰城(郑汴路店),东大街城东路59号,113.69172,34.746658,13409366857;19339916318,8：00——22：00
管城回族区,50700,冷饮店,茶百道(郑州乐尚天地店),经开区第五大街路乐尚天地生活广场商场3楼03161号铺位,113.754736,34.713636,15890191788,8：00——22：00
管城回族区,50700,冷饮店,沪上阿姨·精选茶饮(郑州富田新天地店),航海东路2号60号楼富田新天地L3-22,113.712762,34.721319,19396456669,8：00——22：00
管城回族区,50700,冷饮店,茶百道(郑州陇海大润发店),紫荆山路与陇海路交叉口大润发一楼卖场入口处,113.68312,34.74003,18625593318,8：00——22：00
管城回族区,50700,冷饮店,书亦烧仙草(郑州管城区滨河国际中心店),经南八路和经开第十五大街交叉口东南角中建七局创业大厦102号商铺,113.797024,34.686706,15093336039,8：00——22：00
管城回族区,50700,冷饮店,蜜雪冰城(银基广场店),一马路8号银基广场F1层,113.66575,34.744094,13017679617;15538199512,8：00——22：00
管城回族区,50700,冷饮店,蜜雪冰城(大润发店),河南省郑州市管城回族区紫荆山南路107号一层008号,113.683439,34.739875,13783659231,8：00——22：00
管城回族区,50700,冷饮店,喜茶(云尚店),商都路65号(东周地铁站A口步行340米),113.760715,34.744859,19069637589,8：00——22：00
管城回族区,50700,冷饮店,满米酸奶(富田新天地店),富田新天地F3楼观光电梯正对面,113.712982,34.721735,18638926811,8：00——22：00
管城回族区,50700,冷饮店,蜜雪冰城(富田新天地店),福田太阳城59号楼隔壁蜜雪冰城,113.714989,34.721836,18037102761,8：00——22：00
管城回族区,50700,冷饮店,郑朵朵炒酸奶·雪花酪(福都广场店),金色港湾西门向北50米路东,113.701361,34.718428,15903611101,8：00——22：00
管城回族区,50700,冷饮店,妙上皇炒酸奶烤红薯(豫英路店),豫英路10号5号楼1-2层附42号,113.696668,34.722415,13146684079,8：00——22：00
管城回族区,50700,冷饮店,沪上阿姨·精选茶饮(郑州航海路盛华里店),航海东路与第五大街万锦城1号楼107号,113.752968,34.722972,19939963983,8：00——22：00
管城回族区,50700,冷饮店,蜜雪冰城(东周路店),东周路与万通街交叉口东北角,113.753204,34.743933,19138037180,8：00——22：00
管城回族区,50700,冷饮店,蜜雪冰城(阳光城6号院店),金岱街道金岱路16-31号阳光城6号院1期,113.717336,34.708225,19515528881,8：00——22：00
管城回族区,50700,冷饮店,书亦烧仙草(郑州经开区中兴产业园店),金柳南路30号,113.832516,34.72379,19913853144,8：00——22：00
管城回族区,50700,冷饮店,妙上皇·炒酸奶烤红薯(小店村居住区店),五洲新村小区6号元6南门东侧门面房,113.754922,34.741323,13783456884,8：00——22：00
管城回族区,50700,冷饮店,CoCo都可(汇美茂店),银莺路76号院5号楼商场项目汇美MALL第四层D010D011D012号商铺,113.699883,34.704108,19937105432,8：00——22：00
管城回族区,50700,冷饮店,蜜雪冰城(航海天地丹尼斯店),航海路与第一大街丹尼斯航海店一层,113.73933,34.721483,15638149990,8：00——22：00
管城回族区,50700,冷饮店,1点点(郑州梧桐里店),东明路与凤凰路交叉口西南20米,113.700029,34.743205,15138674887,8：00——22：00
管城回族区,50700,冷饮店,书亦烧仙草(郑州布厂街中段店),布厂街53-7号,113.668512,34.739454,13598041726,8：00——22：00
管城回族区,50700,冷饮店,柠季·手打柠檬茶(郑州云尚@me店),商都路与康平路交叉口西南角云尚me负一楼B1036室,113.759965,34.745213,18537194167,8：00——22：00
管城回族区,50700,冷饮店,蜜雪冰城(正商东方港湾店),商都路街道康平路9号正商东方港湾,113.761983,34.748174,18695843931,8：00——22：00
管城回族区,50700,冷饮店,慢茶(盛华里店),管城回族区经济技术开发区航海路第五大街万锦城,113.752693,34.721963,18538166211,8：00——22：00
管城回族区,50700,冷饮店,蜜雪冰城(恒大绿洲店),恒大绿洲一期西门旁,113.761373,34.71379,15290086442,8：00——22：00
管城回族区,50700,冷饮店,茉酸奶(郑州新世界百货店),紫荆山路57号新世界百货一楼L01F678号商铺,113.682577,34.752892,13323811606;18768891910,8：00——22：00
管城回族区,50700,冷饮店,书亦烧仙草(郑州管城区橡树玫瑰城店),南台路逸泉小区沿街5-56号,113.712284,34.70761,18569935689,8：00——22：00
管城回族区,50700,冷饮店,蜜雪冰城(紫光小区店),陇海南里15号紫光花园5号楼1楼附6号商铺,113.678361,34.723641,19513361990,8：00——22：00
管城回族区,50700,冷饮店,宝圆圆珍珠奶茶航海天地店,二楼楼梯口右前方,113.738815,34.72167,15038197127,8：00——22：00
管城回族区,50700,冷饮店,书亦烧仙草(郑州管城区五洲市场店),永平路63-14号,113.756,34.740839,13838558918,8：00——22：00
管城回族区,50700,冷饮店,蜜雪冰城(财税金融学校),南台路逸泉小区29号楼蜜雪冰城,113.712285,34.707154,18595826183,8：00——22：00
管城回族区,50700,冷饮店,蜜雪冰城(青青美庐店),乐尚天地生活广场3楼,113.75472,34.713824,17761660292;18538102310,8：00——22：00
管城回族区,50700,冷饮店,天冰冰淇淋(工厂店),航海东路1370号门面,113.759001,34.721133,0371-55967619;19139989698,8：00——22：00
管城回族区,50700,冷饮店,逅厚的酸奶铺(阜民里城市中心店),阜民里B1-1-104,113.671203,34.745967,18595606383,8：00——22：00
管城回族区,50700,冷饮店,蜜雪冰城(商都·新城店),郑东新区万通街30-12附3号门面,113.756681,34.743955,19803606189,8：00——22：00
管城回族区,50700,冷饮店,蜜雪冰城(阳光城三号院店),金岱街道尚庄路1号阳光城三号院,113.71586,34.713132,15838243693,8：00——22：00
管城回族区,50700,冷饮店,星姨糖水(盛华里店),盛华里购物中心负一楼永辉超市对面,113.753076,34.722253,15516187936,8：00——22：00
管城回族区,50700,冷饮店,蜜雪冰城(管城后街店),管城后街与工三街交叉口,113.677201,34.756808,13283881027,8：00——22：00
管城回族区,50700,冷饮店,蜜雪冰城(富田太阳城店),富田太阳城北区7号门旁,113.71579,34.724615,4000608888,8：00——22：00
管城回族区,50700,冷饮店,蜜雪冰城(二七路店),二七路27号金楼(天成珠宝斜对面),113.66717,34.754048,17630040650,8：00——22：00
管城回族区,50700,冷饮店,满米酸奶(管城福都广场店),航海东路与银莺路交叉口西南侧福都购物广场B1,113.700148,34.720576,15838087508,8：00——22：00
管城回族区,50700,冷饮店,沪上阿姨·精选茶饮(郑州绿地双子塔店),郑东新区绿地双子塔中间今市印象03-02号,113.767822,34.759033,17638130673,8：00——22：00
管城回族区,50700,冷饮店,爷爷不泡茶(福都购物广场店),福都购物广场,113.70111,34.719756,15903996839,8：00——22：00
管城回族区,50700,冷饮店,蜜雪冰城(盛华里购物中心店),经济技术开发区航海东路经开第五大街交叉口盛华里购物中心街区1楼,113.752748,34.721768,15738860158,8：00——22：00
管城回族区,50700,冷饮店,蜜雪冰城(站马屯·韶苑店),站马屯韶苑西门旁(站马屯地铁站B口步行390米),113.67896,34.682417,13223098565;18838950651,8：00——22：00
管城回族区,50700,冷饮店,益禾堂(郑州郑东商业中心店),管城回族区郑东商业中心D3-110,113.760713,34.744641,15637131185,8：00——22：00
管城回族区,50700,冷饮店,蜜雪冰城(青翠南路店),青翠南路与兴仁路交叉口北180米,113.688304,34.676295,17329434930,8：00——22：00
管城回族区,50700,冷饮店,蜜雪冰城(芦邢庄花苑店),芦邢庄花苑东1门北80米,113.700965,34.718445,15649066516,8：00——22：00
管城回族区,50700,冷饮店,茉酸奶(郑州管城回族盛华里店),管城回族区经济技术开发区航海东路与第五大街交汇口盛华里购物中心街区2楼F2031-2033号,113.752875,34.721725,15137011533;15538192837,8：00——22：00
管城回族区,50700,冷饮店,眷茶(绿地天空之城店),郑东新区绿地天空之城购物中心1层124号商铺,113.768221,34.757072,15738400824,8：00——22：00
管城回族区,50700,冷饮店,苏玉梅奶酪(未来路店),未来路813-15号,113.704862,34.731637,15890649844,8：00——22：00
管城回族区,50700,冷饮店,蜜雪冰城(茂祥大厦店),商城路与东明路交叉口东北20米,113.700438,34.751122,19137046735,8：00——22：00
管城回族区,50700,冷饮店,眷茶臻选(梧桐里店),二里岗街道凤凰路38号10号楼L07铺,113.699956,34.743101,17319720656,8：00——22：00
管城回族区,50700,冷饮店,星姨糖水(航海路丹尼斯店),航海东路与经开第一大街交叉口西160米丹尼斯航海天地C区一楼连廊,113.738006,34.72162,17630010871,8：00——22：00
管城回族区,50700,冷饮店,益禾堂(郑州盛华里店),航海东路1074号盛华里负一楼,113.753024,34.721849,19137124204,8：00——22：00
管城回族区,50700,冷饮店,逅厚的酸奶铺·希腊酸奶·集合店(郑东商业中心店),郑东商业中心A区D1-115,113.760413,34.744814,15538099790,8：00——22：00
管城回族区,50800,糕饼店,元祖(郑东商业中心店),康平路79号5号楼1层106号,113.761336,34.741425,0371-66112788,8：00——22：00
管城回族区,50800,糕饼店,孙夫子点心铺子,航海东路与经开第二大街交叉向向南100米路东,113.743533,34.720417,13298427968;15538378855,8：00——22：00
管城回族区,50800,糕饼店,吾安烘焙(兴达国贸店),紫荆山路62-1吾安,113.68162,34.751207,19937797280,8：00——22：00
管城回族区,50800,糕饼店,LanTA蓝塔(万科龙堂店),航海东路中州大道东北角,113.718646,34.721462,0371-63299291,8：00——22：00
管城回族区,50800,糕饼店,元祖(经济开发区店),航海东路与商英街交汇处西北角,113.735357,34.721292,0371-55001768,8：00——22：00
管城回族区,50800,糕饼店,香雪儿(商城路店),商场东路32-4,113.694823,34.750841,0371-66332233,8：00——22：00
管城回族区,50800,糕饼店,禾枫烘焙店,航海东路第五大街盛华里3号楼4号门车库入口旁,113.753425,34.722484,18503890343,8：00——22：00
管城回族区,50800,糕饼店,初雾面包店,和光街与商鼎路交叉口初雾面包店,113.759283,34.755356,18595760251,8：00——22：00
管城回族区,50800,糕饼店,LanTa蓝塔烘焙(云尚店),康平路8号(东周地铁站A口步行260米),113.760858,34.745493,0371-63363067,8：00——22：00
管城回族区,50800,糕饼店,香雪儿(第六大街店),第六大街与经南二路交叉口向东50米路北,113.758096,34.717837,0371-55636865;13343815886,8：00——22：00
管城回族区,50800,糕饼店,仟吉西饼(商城路店),城东路与商城路交叉口东30米路北,113.692314,34.751097,0371-61877570;19937801671,8：00——22：00
管城回族区,50800,糕饼店,元祖食品(绿地双子塔店),东风南路双子塔今市印巷16栋01号,113.767898,34.758557,0371-60522110,8：00——22：00
管城回族区,50800,糕饼店,LanTa蓝塔(福都广场店),管城福都购物广场南门,113.700893,34.719135,0371-86170901,8：00——22：00
管城回族区,50800,糕饼店,圣德蛋糕花园(南关街),南关街288号,113.675566,34.743522,0371-66214202;0371-68816988;13523565839,8：00——22：00
管城回族区,50800,糕饼店,多来福烘焙(美邻汇生活中心店),幸福港湾D区东2门北60米,113.690137,34.722126,19139925025,8：00——22：00
管城回族区,50800,糕饼店,香雪儿(鑫苑鑫城店),新华书童幼儿园北门旁,113.762605,34.740803,0371-63689338;15938716010,8：00——22：00
管城回族区,50800,糕饼店,中原铺子(城东店),城东路与航海东路交汇处,113.690725,34.720464,19939998494,8：00——22：00
管城回族区,50800,糕饼店,仟吉西饼(富田新天地店),航海东路12号富田太阳城永乐电器旁,113.715772,34.722548,0371-55616634;19337151685,8：00——22：00
管城回族区,50800,糕饼店,黛汀烘焙DAINTYBAKERY(海邻茂店),心怡路与福禄街交叉口西海邻茂商业街1、2号楼1-4室,113.773356,34.74922,0371-65316088;19937866434,8：00——22：00
管城回族区,50800,糕饼店,朵家无糖蛋糕(建业·香槟圣园店),货站街建业·香槟圣园1号楼商1,113.713127,34.737367,18003851313;18638033747,8：00——22：00
管城回族区,50800,糕饼店,仟吉西饼(陇海路店),紫荆山路与陇海路交叉口向东100米路北,113.684534,34.739717,0371-58682090,8：00——22：00
管城回族区,50800,糕饼店,茜茜烘焙,紫荆山路60号金成国贸东门口,113.681638,34.751959,0371-67775777;17739776767,8：00——22：00
管城回族区,50800,糕饼店,圣德蛋糕花园(布厂街店),布厂街53号陇兴花园2号楼1层3号,113.668605,34.739131,0371-66996539;13523565839;13938599981,8：00——22：00
管城回族区,50800,糕饼店,福瑞林(中凯城市之光店),东大街21号(西大街地铁站D口旁),113.67771,34.75029,18638287945,8：00——22：00
管城回族区,50800,糕饼店,仟吉西饼(郑东商业中心店),郑东新区商都路与康平路交叉口郑东商业中心一层1013-1014号,113.760772,34.745163,0371-63299326,8：00——22：00
管城回族区,50800,糕饼店,桂洲村点心集市(西大街店),西大街138号-10,113.673711,34.750721,15515506787,8：00——22：00
管城回族区,50800,糕饼店,乐思焙cake(远大理想城店),理想城E1-09,113.736182,34.728257,13017668969,8：00——22：00
管城回族区,50800,糕饼店,香雪儿(绿都澜湾店),站马屯路南霞飞西路东5号楼1层102号,113.685979,34.678179,0371-55027176,8：00——22：00
管城回族区,50800,糕饼店,仟吉西饼(恒大广场写字楼店),郑州经济技术开发区经南三路与第七大街交汇处恒大都市广场,113.760695,34.714429,0371-60918196,8：00——22：00
管城回族区,50800,糕饼店,桂洲村中式糕点(民族大厦店),商城路267号民族大厦F1层,113.682329,34.75221,15515506909;17638163777,8：00——22：00
管城回族区,50800,糕饼店,明熙家主题生日蛋糕(梁湖社区店),梁湖社区五号楼一楼一号商铺,113.743266,34.708513,18638007475,8：00——22：00
管城回族区,50800,糕饼店,卡吉诺(盛华里店),经开第五大街经开万锦城盛华里购物中心负一楼,113.752966,34.721577,0371-55012537,8：00——22：00
管城回族区,50800,糕饼店,多来福烘焙(富田太阳城店),航海东路2号53号楼富田幸福里PAKE一层L1-32商铺,113.716301,34.723811,19337860444,8：00——22：00
管城回族区,50800,糕饼店,福晶园(金色港湾店),港湾路1号院金色港湾48号楼3号1楼,113.70596,34.719589,0371-86586773,8：00——22：00
管城回族区,50800,糕饼店,中原铺子(航海店),航海路未来路交叉口西北角,113.705651,34.721206,19138010928,8：00——22：00
管城回族区,50800,糕饼店,香雪儿(福都店),正商·新蓝钻B区西门旁,113.701535,34.719936,0371-67911816,8：00——22：00
管城回族区,50800,糕饼店,一亩良甜(大上海店),华盛街银座时代广场1楼美食探鲜街区B区B06,113.670514,34.757698,13663825463;15516169067,8：00——22：00
管城回族区,50800,糕饼店,福晶园(福塔店),航海南/腾飞路西1号楼116号,113.721592,34.720428,0371-88880109,8：00——22：00
管城回族区,50800,糕饼店,中原铺子(七里河店),美景鸿城1期·鸿韵西门南60米,113.722374,34.719356,18003849618,8：00——22：00
管城回族区,50800,糕饼店,香雪儿(远大理想城店),经济开发区明湖街道经北二路66号远大理想城,113.736742,34.725961,0371-58650286,8：00——22：00
管城回族区,50800,糕饼店,米莎吉诺(郑州凤凰路店),凤凰路与货站北街交叉口向西200米路北(市场东门),113.695249,34.74356,0371-56098081,8：00——22：00
管城回族区,50800,糕饼店,八喜冰淇淋蛋糕(管城店),二里岗街道货站街112-2号,113.694576,34.737518,13183000563,8：00——22：00
管城回族区,50800,糕饼店,三与叁山(郑州二七广场店),顺城街商城路东20米路南,113.672972,34.754682,17303810882,8：00——22：00
管城回族区,50800,糕饼店,仟吉西饼(汇美茂购物中心店),银莺路76号院5号楼汇美茂1层A002号,113.700156,34.704214,0371-89830832,8：00——22：00
管城回族区,50800,糕饼店,中原铺子(豫筑店),隆达小区东门北90米,113.690116,34.730528,0371-88903186;19937884805,8：00——22：00
管城回族区,50800,糕饼店,拾阶面包(美景天城店),美景天城东北3门旁,113.719133,34.728151,17788146921,8：00——22：00
管城回族区,50800,糕饼店,罗琳卡蛋糕坊(东明路店),东明路29号院附3号,113.700331,34.746012,0371-63288663;13103850962;13598010147;18203650051,8：00——22：00
管城回族区,50800,糕饼店,稻香村(商鼎路店),商鼎路和光街1-8号,113.760473,34.754749,0371-55550815;13838569108;18903711011,8：00——22：00
管城回族区,50800,糕饼店,仟吉西饼(阳光城8号院店),尚庄路2-30号,113.715642,34.714066,0371-58682003,8：00——22：00
管城回族区,50800,糕饼店,吉米蛋糕(花都港湾店),紫金山南路花都港湾3号楼一层商铺388-21号,113.681901,34.700543,18703991592,8：00——22：00
管城回族区,50800,糕饼店,香雪儿(滨河国际中心店),第十五大街267号A楼裙房A区号楼1层113,113.796382,34.686527,0371-55200620,8：00——22：00
管城回族区,50800,糕饼店,玛丽的面包店,紫辰路锦棠商铺A28,113.687581,34.713104,13203712127;15378714672,8：00——22：00
管城回族区,50800,糕饼店,卡吉诺(橡树玫瑰城店),橡树玫瑰城西区东1门南60米,113.711887,34.706947,19337866306,8：00——22：00
管城回族区,50800,糕饼店,焙思香蛋糕(东区店),五州新村7号院高层住宅楼2号楼3单元门面房黄河南路,113.747344,34.739398,13298429838,8：00——22：00
管城回族区,50800,糕饼店,金麦蛋糕(长江路),长江路和紫云路门面房(38号附17),113.676436,34.710812,17760781336,8：00——22：00
管城回族区,50800,糕饼店,U梦西饼动物奶油生日蛋糕,康桥悦城领仕馆,113.803641,34.689173,17638152600,8：00——22：00
管城回族区,50800,糕饼店,桂洲村新中式点心(郑汴路店),东明路与郑汴路交叉口向西100米路北,113.698198,34.74703,15515506939,8：00——22：00
管城回族区,50800,糕饼店,甜心结法式慕斯蛋糕二七广场店,人民路15号(二七广场地铁站A口步行300米),113.669052,34.753639,15286816804;15286819804;18836608221,8：00——22：00
管城回族区,50800,糕饼店,麦利来蛋糕世界(烟厂街店),"南关街烟厂西街交叉口,烟厂西街33-10号(近陇海路)",113.67581,34.741943,0371-86016717,8：00——22：00
管城回族区,50800,糕饼店,齐记传统老式糕点(郑州市锅炉修配厂家属院店),郑州市锅炉修配厂家属院北门旁,113.678573,34.756402,13598017012;18703832512,8：00——22：00
管城回族区,50800,糕饼店,明笙师傅奶酪·甑糕(远大理想城店),远大理想城马德里西街E3-13号,113.734768,34.727971,15003854775,8：00——22：00
管城回族区,50800,糕饼店,减法森林(五十四中店),碧桂园天琴湾东南门西南170米,113.809525,34.760225,16638169763,8：00——22：00
管城回族区,50800,糕饼店,榴芒cake(管城店),牧歌路康桥知园商业街2号楼104一楼,113.708203,34.72885,19937178163,8：00——22：00
管城回族区,50800,糕饼店,彭记糕点(航海花园店),航海东路32-5号,113.705934,34.721699,16692167157,8：00——22：00
管城回族区,50800,糕饼店,梦龙动物奶油冰淇淋生日蛋糕(郑州店),南曹街道美景鸿城小区8号楼临河商业街(农贸市场北边沿河小路)一楼,113.718336,34.718547,18806523431,8：00——22：00
管城回族区,50800,糕饼店,蒙娜莎蛋糕房(紫荆山店),紫荆山路与二里岗南街交叉口向南150米路东,113.682252,34.727955,15837127798,8：00——22：00
管城回族区,50800,糕饼店,黄三叔糕点(城东路店),陇海路与城东路交叉口西南角往南30米黄三叔糕点,113.690794,34.73863,18807016636,8：00——22：00
管城回族区,50800,糕饼店,喜来乐麦(紫荆华庭雅园店),紫荆华庭雅园19号楼102,113.689267,34.696463,0371-55050551;19949286697,8：00——22：00
管城回族区,50800,糕饼店,仟吉西饼(远大理想城店),航海路与朝凤路交叉口东北角,113.734031,34.721426,0371-55173185,8：00——22：00
管城回族区,50800,糕饼店,好·碱果面包店,陇海东路297号6号楼6单元107西户,113.684643,34.737286,17335895059,8：00——22：00
管城回族区,50800,糕饼店,幸福西饼(管城店),十八里河镇蓝珮路绿都紫荆华庭和园2号楼6楼628室,113.685349,34.697381,0371-55553338;0371-55553339,8：00——22：00
管城回族区,50800,糕饼店,小资派创意蛋糕(南仓街店),南仓街16-9号,113.687982,34.737501,15038111129,8：00——22：00
管城回族区,50800,糕饼店,饱满麦穗烘焙(蝶湖店),管城回族区蝶湖东一街与蝶湖东三街交叉口东南角,113.78401,34.691653,18037460810,8：00——22：00
管城回族区,50800,糕饼店,米琪诺生日蛋糕二七广场店,西大街街道大同路与南顺城交叉口西南角50米,113.670322,34.748283,15617691328,8：00——22：00
管城回族区,50800,糕饼店,U&M有米Cake(凤凰苑店),凤凰台街道未来路815号1号楼东5单元1层10号,113.70697,34.729533,19138156688,8：00——22：00
管城回族区,50800,糕饼店,香雪儿(天鑫大厦店),航海东路1300号天鑫大厦F1层,113.747516,34.721271,19003831508,8：00——22：00
管城回族区,50800,糕饼店,西树泡芙(航海天地丹尼斯店),航海路与经开第一大街交叉口丹尼斯二层,113.739169,34.721929,13271555880,8：00——22：00
管城回族区,50800,糕饼店,减法森林(豫英街店),航海东路与豫英路交叉口东北角,113.697022,34.721106,19138172059;19937177363,8：00——22：00
管城回族区,50800,糕饼店,轻糖悦色蛋糕房(瑞绣小区店),瑞绣小区二十二大街与丰达路交叉口西南角,113.832144,34.718187,13938288740,8：00——22：00
管城回族区,50800,糕饼店,好利家蛋糕(航海路店),新郑路216号3号楼东单元三楼东户,113.683743,34.717693,17737407288,8：00——22：00
管城回族区,50800,糕饼店,北海道吐司(康桥悦城七号院店),康桥悦城七号院一层111号底商,113.798052,34.690211,18638037463,8：00——22：00
管城回族区,50800,糕饼店,金冠西饼(凤仪佳苑店),城东路街道城东路凤凰路18号,113.692825,34.743543,0371-66358580,8：00——22：00
管城回族区,50800,糕饼店,嗨焙Cake(生日蛋糕•甜品),绿都澜湾知了公寓5栋204,113.686097,34.678221,17398955356,8：00——22：00
管城回族区,50800,糕饼店,甜叩手工烘焙(绿都澜湾·椿园店),绿都澜湾椿园商铺101号,113.68816,34.677942,18625551596,8：00——22：00
管城回族区,50800,糕饼店,马山中式糕点,商城路219号,113.676332,34.754067,13523048570,8：00——22：00
管城回族区,50800,糕饼店,赛兰多面包房(经南二路店),格林假日北门旁,113.758992,34.717541,18624929905,8：00——22：00
管城回族区,50800,糕饼店,迦南的早晨蛋糕甜品集合店(海汇店),普惠路56号6号楼一层3号DJ-2,113.769923,34.752993,0371-65098218,8：00——22：00
管城回族区,50800,糕饼店,打包愿望.戈雪儿蛋糕福都店,芦邢庄花苑121号,113.698239,34.716727,15890616052,8：00——22：00
管城回族区,50800,糕饼店,麦香甜甜蛋糕,人民南路15号(二七广场地铁站B口步行310米),113.669119,34.753699,13523066595,8：00——22：00
管城回族区,50800,糕饼店,秘境鹿屿CAKE生日蛋糕·冰淇淋·动物奶油(郑州管城店),北下街街道华荣街28-6号,113.669319,34.756759,13027501196,8：00——22：00
管城回族区,50800,糕饼店,可可西里烘焙(阳光城店),南曹乡七里河路阳光城8号院商业街,113.714767,34.715174,18539750207,8：00——22：00
管城回族区,50800,糕饼店,一粒麦子(融侨雅筑店),融侨雅筑12号楼,113.809136,34.684369,19900976977,8：00——22：00
管城回族区,50800,糕饼店,lisa cake丽莎蛋糕(富田东方广场店),富田东方广场58号楼,113.715969,34.722766,15324833122,8：00——22：00
管城回族区,50800,糕饼店,红芙蓉蛋糕房(金城街店),金城街2-7号,113.689279,34.726413,13733868043,8：00——22：00
管城回族区,50800,糕饼店,启慕法式蛋糕(人民路店),人民南路18号一层商铺,113.669348,34.753881,17839911117,8：00——22：00
管城回族区,50800,糕饼店,慕思CaKe(康城·棕榈泉店),新郑路218-4号,113.678581,34.724012,15290820826;18737161793,8：00——22：00
管城回族区,50800,糕饼店,河马の兜兜手工吐司(美景鸿城2期·鸿图店),腾飞路七里河路西美景鸿城2期西门美景实验幼儿园南,113.718335,34.718543,18039972577,8：00——22：00
管城回族区,50800,糕饼店,甜堆堆自选千层(管城店),鑫苑城六号院南门十里铺卫生所西侧,113.678178,34.70186,18236999256,8：00——22：00
管城回族区,50800,糕饼店,妙旺角生日蛋糕(经开区店),郑州经济技术开发区第七大街99号宏光合园2号楼120室,113.762421,34.718091,17767229402,8：00——22：00
管城回族区,50800,糕饼店,爱慕甜品蛋糕,紫光花园东门二号楼门面,113.678055,34.724725,15037610803,8：00——22：00
管城回族区,50800,糕饼店,芒谷烘焙,西大街街道阜民里B区B-1-105,113.67102,34.746006,15038079660,8：00——22：00
管城回族区,50800,糕饼店,满凤阁DIY生日蛋糕(滨河花园东区店),滨河花园东门旁,113.69664,34.711735,13027775692,8：00——22：00
管城回族区,50800,糕饼店,佬俵食品(新郑路店),新郑路129一12号,113.678693,34.734777,17707013107;18070010562,8：00——22：00
管城回族区,50800,糕饼店,曾小白蛋糕(紫荆华庭店),十八里河街道绿都紫荆华庭朗园4号楼商铺208,113.676278,34.697368,13523585851,8：00——22：00
管城回族区,50800,糕饼店,佬俵食品(商城路287号院店),城东路街道商城路与城东路交叉口西南角,113.691275,34.750675,13253607039,8：00——22：00
管城回族区,50800,糕饼店,幸福蛋糕坊(东方桃源店),东方桃源东1门西南90米,113.757032,34.712804,18838023822;18939268567,8：00——22：00
管城回族区,50800,糕饼店,幸福蛋糕(经南五路店),经南五路与经开第十四大街交叉口西80米,113.790655,34.709989,18939263567,8：00——22：00
管城回族区,50800,糕饼店,纯榛烘焙(康桥悦城七号院东门店),康桥悦城七号院东门旁,113.79843,34.690601,19937650717,8：00——22：00
管城回族区,50800,糕饼店,家乐蛋糕(商城路店),商城路254号附5号,113.679532,34.753022,13140009476;15038297630,8：00——22：00
管城回族区,50800,糕饼店,甜馨蛋糕坊(正商华钻澜庭3号院店),正商华钻澜庭3号院6号楼3单元4层401,113.696975,34.704625,15515716533,8：00——22：00
管城回族区,50800,糕饼店,驰扬之爱生日蛋糕(中兴店),管城回族区经开区京航办事处大孙庄村198号,113.832944,34.73088,13938288740,8：00——22：00
管城回族区,50800,糕饼店,甜也烘焙,经南三路第二大街交叉口向西50米路南,113.742692,34.71652,19137921863,8：00——22：00
管城回族区,50800,糕饼店,桂洲村(贺江路店),十八里河街道贺江路22号紫荆华庭润园1号楼1层5号,113.688137,34.696736,15538058610,8：00——22：00
管城回族区,50800,糕饼店,兮点蛋糕(瑞锦玉兰园店),河南自贸试验区郑州片区(经开)瑞锦社区玉兰苑9号楼15号,113.788687,34.712536,13007532073,8：00——22：00
管城回族区,50800,糕饼店,麦芒甜野面包工厂(海轮城市风铃店),航海东路街道未来路869号海轮城市风铃,113.707971,34.725737,13007540008;17503990972,8：00——22：00
管城回族区,50800,糕饼店,满甜星生日蛋糕(美景鸿城2期·鸿图店),腾飞路2号商业7号2层103,113.719754,34.719719,17760715668,8：00——22：00
管城回族区,50800,糕饼店,小麦莫非古早鸡蛋糕(富田新天地店),航海东路2号富田新天地F2层,113.71331,34.721449,15515777883,8：00——22：00
管城回族区,50800,糕饼店,苏恬蛋糕(逸泉小区店),逸泉小区13号楼3单元门面,113.712403,34.706313,18503836912,8：00——22：00
管城回族区,50800,糕饼店,锦而香烘焙,"商鼎路徐庄街交叉口东南角,徐庄便民服务中心二楼",113.808871,34.756047,13663008278,8：00——22：00
管城回族区,50800,糕饼店,郑州经济技术开发区小圆圈烘焙食品店,郑州经济技术开发区第五大街与经南一路九鼎新天地一层1F-19商铺,113.753381,34.718158,15236095285,8：00——22：00
管城回族区,50800,糕饼店,百乐烘焙超市,创新街紫荆小学东2门旁,113.678273,34.721373,15517569286,8：00——22：00
管城回族区,50800,糕饼店,桂洲村桃酥(城东路店),二里岗街道城东路223号附1号,113.69106,34.743276,15515506968,8：00——22：00
管城回族区,50800,糕饼店,东典cake(世茂云尚城樱海园店),世茂云尚城·樱海园西门北50米,113.686504,34.717859,19949156286,8：00——22：00
管城回族区,50800,糕饼店,李记中式糕点(南关街28号院店),南关街道南关街28号南关街28号院,113.677156,34.739971,18703688458,8：00——22：00
管城回族区,50800,糕饼店,喜和园蛋糕面包西点(鼎尚街店),鼎尚街18-48号,113.716967,34.689009,15037123754,8：00——22：00
管城回族区,50800,糕饼店,减法森林(光之谷店),金岱路与鼎瑞街交叉口光之谷商业中心下沉式广场爱家购物中心负一层环形商铺24号,113.732754,34.690799,13592617616,8：00——22：00
管城回族区,50800,糕饼店,老杨糕点铺,经开第四大街与经南一路交叉口西北120米,113.749681,34.719298,18574173708,8：00——22：00
管城回族区,50800,糕饼店,珍酥坊糕点,绿都·澜湾梓园北门东350米,113.687279,34.678262,18537172077,8：00——22：00
管城回族区,50800,糕饼店,飘香岛蛋糕(紫光花园店),紫荆山南路街道五里堡北街,113.678378,34.724986,15225153105,8：00——22：00
管城回族区,50800,糕饼店,笨小鸭台湾手撕面包(第七大街店),经济开发区第七大街与经北四路交叉口,113.761385,34.72924,18137832273,8：00——22：00
管城回族区,50800,糕饼店,兮点烘培蛋糕店(商都嘉园店),郑东新区商都嘉园白佛小区商业街北门兮点蛋糕房,113.811168,34.754538,15037844401,8：00——22：00
管城回族区,50800,糕饼店,香蜜儿(永威枫香庭东院店),十八里河街道黄玉街永威枫香庭东院12号楼商铺1层9-27号,113.69741,34.689954,19139955908,8：00——22：00
管城回族区,50800,糕饼店,江南村宫廷糕点(南关街177号院店),南关街164号,113.676251,34.745214,18170194006,8：00——22：00
管城回族区,50800,糕饼店,慕叁山( 郑州郑东新区店 ),商都路63号S8号(云悦公馆A栋)1层110号,113.758645,34.745666,17803891823,8：00——22：00
管城回族区,50800,糕饼店,Ding+私房烘焙,紫东路156号院9号楼二单元102室,113.703761,34.71188,18639557990,8：00——22：00
管城回族区,50800,糕饼店,郑州华峰饼业,百荣世贸商城C2-2-069、C2-3-063号,113.662915,34.660956,0371-86528776;18638731172,8：00——22：00
管城回族区,50800,糕饼店,伴城cake创意蛋糕店(西昌社区店),西昌小区西一号商铺,113.66812,34.757914,13057616113,8：00——22：00
管城回族区,50800,糕饼店,老兵蛋糕(商城路268号院店),商城路与紫荆山路交叉口向东100米路南(商城路268号院东北),113.683744,34.752072,13071085758,8：00——22：00
管城回族区,50800,糕饼店,美味来法式蛋糕坊(南曹形象店),南曹农贸市场西100米路北,113.761872,34.668034,13838083243;18937168986,8：00——22：00
管城回族区,50800,糕饼店,香贝儿烘焙,金城街36号院11号楼一层附3-1号,113.687338,34.726097,13838215553,8：00——22：00
管城回族区,50800,糕饼店,鲜源蛋糕面包甜品,文德路鼎力街金岱园农贸市场西门2号,113.728834,34.691334,15516919186,8：00——22：00
管城回族区,50800,糕饼店,茶姐家烘焙低糖·动物奶油蛋糕(经开盛华里店),航海东路盛华里购物中心二号楼一单元1823,113.752412,34.722532,18300665357,8：00——22：00
管城回族区,50800,糕饼店,满口香食品(新郑路),新郑路郑新里烟厂宿舍,113.678342,34.734555,15981809668,8：00——22：00
管城回族区,50800,糕饼店,焙思香蛋糕(经开区店),经开第三大街梁湖社区31号楼5号,113.742933,34.708864,16696051957,8：00——22：00
管城回族区,50800,糕饼店,唯爱烘焙(富田财富广场1号楼店),航海路与经开第八大街交叉口富田财富广场1号楼,113.763412,34.721539,17839979824,8：00——22：00
管城回族区,50800,糕饼店,壹品酥中式糕点,绿地新里花园3期北1门旁,113.770577,34.738235,17839977365,8：00——22：00
管城回族区,50800,糕饼店,梦龙雪糕动物奶油生日蛋糕,康平路郑东商业中心B区15栋1单元104,113.759316,34.741597,15838039298,8：00——22：00
管城回族区,50900,甜品店,仲景生活,郑东新区康平路9号3号楼1层附1516号,113.761797,34.747027,18203600438,8：00——22：00
管城回族区,50900,甜品店,DQ(郑州富田新天地店),航海路2号富田新天地1楼L1-47-1,113.713521,34.721532,18595701559,8：00——22：00
管城回族区,50900,甜品店,DQ(郑州云尚@ME店),郑东商业中心A区云尚艾特米购物中心负一层B1-01号商铺,113.760692,34.745561,19913820096,8：00——22：00
管城回族区,50900,甜品店,仲景生活(文兴路店),金岱工业园文兴路22号,113.720876,34.686217,18614957521,8：00——22：00
管城回族区,50900,甜品店,Sweet house甜房子甜品店(河南文化大厦店),河南文化大厦一楼大厅东南角,113.688333,34.714291,15517131375,8：00——22：00
管城回族区,50900,甜品店,One Set Pastry法式甜品,城北路东9号一层附4号,113.695153,34.755315,18538273787,8：00——22：00
管城回族区,50900,甜品店,三好冰淇淋(东方鼎盛店),榆林南路与和光街交叉口西北角和光街2-22,113.759454,34.753639,15617622386,8：00——22：00
管城回族区,50900,甜品店,DQ(郑州滨河新城城市公园店),经南十路39号(滨河新城地铁站A口步行390米),113.798194,34.686603,15560105767,8：00——22：00
管城回族区,50900,甜品店,妙上皇炒酸奶(南关街店),南关街288号院1号楼1层10号房,113.675564,34.743092,13939014542;15639705053,8：00——22：00
管城回族区,50900,甜品店,书亦烧仙草(郑州经开区万锦城店),郑州经济技术开发区航海东路与第五大街交叉口盛华里购物中心负一层B1002,113.75311,34.72165,15638101900,8：00——22：00
管城回族区,50900,甜品店,禄茗广式茶点(东三马路店),德成街与东三马路交叉口东南160米,113.671503,34.742151,18407591131,8：00——22：00
管城回族区,50900,甜品店,菓然水果捞·炒酸奶(城南路店),城南路192号1号楼1层10号,113.684906,34.744282,13849122290;15738357601,8：00——22：00
管城回族区,50900,甜品店,郑好吃雪花酪(城东路店),城东路街道233号2号楼附2号,113.691001,34.743332,13383865188,8：00——22：00
管城回族区,50900,甜品店,果兮甜品店,南关街8号院A1-15、A1-16,113.676328,34.737847,16639370318,8：00——22：00
管城回族区,50900,甜品店,天冰冰淇淋(美景鸿城3期·鸿福店),七里河路3-17号附近,113.71827,34.717238,18503851526,8：00——22：00
管城回族区,50900,甜品店,郑好吃雪花酪(橡树玫瑰城店),逸泉小区11号楼二单元1层中户,113.712574,34.706084,13598408898,8：00——22：00
管城回族区,50900,甜品店,拾里甜铺(新式甜品),郑东商业中心B区6栋110,113.759964,34.743305,15136255551,8：00——22：00
管城回族区,50900,甜品店,天冰冰淇淋(滨河新城店),管城回族区经开区十六大街与经南八路交叉口康桥悦城5号院1层06室,113.803871,34.688672,13937167411,8：00——22：00
管城回族区,50900,甜品店,今甜脱脂泡芙(乐城·祥锐广场店),东太康路72号乐城·祥锐广场负一层B46,113.67148,34.754058,18738170500,8：00——22：00
管城回族区,50900,甜品店,雪糕批发折扣店(总店)文如冷库,孟庄镇双湖大道中华路交叉口华南城中园四组团西门南院内,113.747035,34.611304,15738875007,8：00——22：00
管城回族区,50900,甜品店,雪港甄选(远大理想城店),经北二路远大理想城小区内L5铺一层02,113.737531,34.729273,13937100515,8：00——22：00
管城回族区,50900,甜品店,四川凉面·手搓冰粉,紫荆山南路金城街12号院公路段家属院南门右侧第一家商铺,113.686148,34.726393,15228820386,8：00——22：00
管城回族区,50900,甜品店,蜜雪冰城(福都购物广场店),航海东路与银莺路交叉口福都购物广场1层门面房,113.701023,34.720211,18736533967,8：00——22：00
管城回族区,50900,甜品店,冷饮批发(纺织厂家属院店),城东路与熊儿河交叉口西北角,113.691159,34.745018,15539760522;15617896988,8：00——22：00
管城回族区,50900,甜品店,菓然水果捞·果切·炒酸奶(正商·经开广场店),正商·经开广场,113.77121,34.718064,18238994513,8：00——22：00
管城回族区,50900,甜品店,多乐之(圃田嘉园店),圃田嘉园南苑北门云波汇市场内多乐之,113.823549,34.743181,17803878250,8：00——22：00
管城回族区,50900,甜品店,喵喵阿姨轻乳茶(福都百货店),航海东路街道航海东路与银莺路交叉口福都广场东门7号,113.700981,34.719657,17796646995,8：00——22：00
管城回族区,50900,甜品店,Dec.D Cake岁杪法式甜品,港湾路2号42号楼1层,113.71174,34.718965,15515911386,8：00——22：00
管城回族区,50900,甜品店,马尔卡冰淇淋(升龙广场3号楼B座店),商鼎路78号3号楼B座1712,113.771047,34.755644,0371-89926088,8：00——22：00
管城回族区,50900,甜品店,快乐冰团,十八里河街道绿都澜湾桂园114号商铺,113.686955,34.673655,18790937607,8：00——22：00
管城回族区,50900,甜品店,DQ(郑州云尚@ME店),商都路36号云尚ME商场负一楼B1-03,113.769713,34.752708,19913820096,8：00——22：00
管城回族区,50900,甜品店,整点钱·花式冰汤圆·手工冰粉(南关街店),陇海路街道南关街8号院A1,113.676575,34.737775,15137100335;17838265823,8：00——22：00
管城回族区,50900,甜品店,Tobest全球冰淇淋智选(金色港湾店),港湾路1号院金色港湾23号楼1层商业南9号,113.701355,34.717928,17729795800,8：00——22：00
管城回族区,50900,甜品店,芙盒手工泡芙(榆林南路店),榆林南路1-10号,113.759305,34.753477,17538641200,8：00——22：00
管城回族区,50900,甜品店,DQ(乐尚天地生活广场店),乐尚天地生活广场,113.754658,34.713743,0371-55070818;18638960001;4001088870,8：00——22：00
管城回族区,50900,甜品店,冰淇淋(南关街60号院店),烟厂后街102号,113.676794,34.742689,13017690251,8：00——22：00
管城回族区,50900,甜品店,古腾塔克德式餐厅,牧原大厦4楼,113.7898,34.755935,0371-61839899,8：00——22：00
管城回族区,50900,甜品店,芊羽果捞坊水果捞,鼎盛街6号中原黄金珠宝文化产业园c栋003,113.730146,34.685125,15838371790,8：00——22：00
管城回族区,50900,甜品店,甜小满·甜品·蛋糕(郑东商业中心A区店),万通街与康平路交叉口西北180米,113.759425,34.744875,13298171602,8：00——22：00
管城回族区,50900,甜品店,秦代表炒酸奶,管城回族区3号院斜对面,113.678401,34.752389,15237220513,8：00——22：00
管城回族区,50900,甜品店,大桶糖水(美景鸿城2期·鸿图店),腾飞路2号院美景鸿城2期·鸿图,113.721738,34.719786,13523420581,8：00——22：00
管城回族区,50900,甜品店,蜜雪冰城(光彩商场店),东太康路50号光彩商场F1层,113.668086,34.755957,18240718636,8：00——22：00
管城回族区,50900,甜品店,蜜雪冰城(汇美茂一号店),银莺路76号汇美茂购物中心F1层,113.699722,34.704271,13213057520;15093121745,8：00——22：00
管城回族区,50900,甜品店,青之手酿·冷萃酸奶·中式酪饮(盛华里店),明湖街道蔡林记(万锦盛华里店)盛华里购物中心,113.752475,34.721525,19838186818,8：00——22：00
管城回族区,50900,甜品店,赏虾火锅,经开第五大街与航海东路交叉口西南60米,113.753746,34.720422,16696060899,8：00——22：00
管城回族区,50900,甜品店,源囍烘焙(蛋糕、甜品、培训、花艺),昌盛广场2号楼最东侧,113.763478,34.731792,13051557991,8：00——22：00
管城回族区,50900,甜品店,闰闰爸爸麻椒鸡(卢浮公馆店),普惠路列里路交叉口向西30米路北闰闰爸爸麻椒鸡店,113.768885,34.738584,15093184770;18838983816,8：00——22：00
管城回族区,50900,甜品店,可瑞兹手工烘培(紫光社区店),康城·棕榈泉西1门西北50米,113.678335,34.725099,0371-55129790;15225153105,8：00——22：00
管城回族区,50900,甜品店,CCAKE蛋糕(大上海城店),华荣街东太康路24号,113.668992,34.75659,0371-67628885,8：00——22：00
管城回族区,50900,甜品店,张阿姨奶茶(大观国贸店),钱塘路大观国贸A座外围A1170号,113.666858,34.742669,13460742116;15837858922,8：00——22：00
管城回族区,50900,甜品店,如意蛋糕房(凌云路),货栈北街29号(郑州文庙地铁站D口步行470米),113.694195,34.748324,13868821449,8：00——22：00
管城回族区,50900,甜品店,虹彩糕点蛋糕房(虹彩农贸市场店),南曹乡豫一路与豫兴路交叉口西南角虹彩农贸市场烘焙区,113.730276,34.664103,15538359997,8：00——22：00
