区县,店铺名称,GCJ02_经度,GCJ02_纬度,WGS84_经度,WGS84_纬度,地址,联系电话,评分,人均消费（元）,商圈,营业时间
中原区,鼠小姐的店,113.532726,34.824887,113.532726,34.824887,科学大道100号郑州大学新校区松园19号楼北侧,13525510115,4.1,14,科学大道,8：00——22：00
中原区,春燕素食汇(万福花园店),113.609757,34.723052,113.609757,34.723052,汝河路街道桐柏南路95号万福花园,暂无,4.1,15,暂无,8：00——22：00
中原区,围炉铜瓢牛肉(桐柏路店),113.613916,34.74331,113.613916,34.74331,桐柏南路与伊河路交叉口东北80米,0371-67915588;0371-67915599,4.6,95,暂无,8：00——22：00
中原区,豆小二粉浆面条(洼刘新城A区店),113.549239,34.805269,113.549239,34.805269,玉兰街78号洼刘新城A区1栋2-14,17698005203;18236969603;19949199047,4.2,12,科学大道,8：00——22：00
中原区,开封又一楼灌汤包子(湖光新苑店),113.577453,34.748879,113.577453,34.748879,三官庙街道中原西路139号湖光新苑,13014507814;13733851881,4.4,暂无,暂无,8：00——22：00
中原区,麦香斋糕点坊(乳制品厂家属院店),113.616384,34.770126,113.616384,34.770126,桐柏路街道桐柏北路114号乳制品厂家属院,13939015599,4.4,20,暂无,8：00——22：00
中原区,阿科广州小屋,113.62155,34.736046,113.62155,34.736046,陇海西路370号(工人路陇海路向东30米路南),0371-63386138,4.2,暂无,暂无,8：00——22：00
中原区,李同学烤冷面(万和城店),113.539837,34.831611,113.539837,34.831611,谦祥万和城c区北门东第7间门面,13215995373;18638204997,4,4,暂无,8：00——22：00
中原区,嵩山饭店,113.623346,34.741634,113.623346,34.741634,伊河路156号,0371-67176688;0371-67176699;0371-67178888,4.6,暂无,暂无,8：00——22：00
中原区,光华大酒店,113.567452,34.798249,113.567452,34.798249,梧桐办事处瑞达路68号,0371-67992888;0371-67995607,4.7,暂无,瑞达路沿线,8：00——22：00
中原区,北右六小龙虾(锦艺国际华都·美域店),113.610527,34.76262,113.610527,34.76262,棉纺西路锦艺国际美域6-07,15303820828;15324723676;15938745033,4.5,80,棉纺路,8：00——22：00
中原区,裕源斋,113.557709,34.825283,113.557709,34.825283,中原区高新区雪松路莲花街11号3单元49商铺,15515668176;18848836348,4.5,26,科学大道,8：00——22：00
中原区,南泥湾(秦岭路店),113.603008,34.739436,113.603008,34.739436,秦岭路与颖河路交叉口西南角202号,0371-86238000,4.7,101,暂无,8：00——22：00
中原区,老洛阳刘记羊肉鲜汤(升龙又一城店),113.545765,34.805167,113.545765,34.805167,春藤路与玉兰街交叉口西北角30米,15093850208;18937172640,4.3,20,科学大道,8：00——22：00
中原区,黑豹海鲜老西北烤全羊,113.607051,34.741847,113.607051,34.741847,绿东村街道伏牛路与伊河路交叉口向南50米路东,13783557943;15515806354,4.4,50,暂无,8：00——22：00
中原区,王婆大虾(中原万达店),113.600253,34.745905,113.600253,34.745905,中原中路171号9号商业用房1-2层139号,暂无,4.4,52,暂无,8：00——22：00
中原区,老北京旋转小火锅(电厂路),113.603824,34.792526,113.603824,34.792526,暂无,13523091151;17760755826,4.3,19,暂无,8：00——22：00
中原区,云端静舍茶餐厅,113.599705,34.796557,113.599705,34.796557,西三环国家大学科技园9号楼2楼,0371-86688855;15503718648,4.5,100,暂无,8：00——22：00
中原区,花之轩酒楼,113.613228,34.744126,113.613228,34.744126,桐柏南路与洛河路交汇处南50米路西,暂无,4.6,暂无,暂无,8：00——22：00
中原区,李家味道三环烩羊肉,113.587824,34.73675,113.587824,34.73675,航海西路街道陇海路与西三环交叉路口,13526617886;15036197228,4.4,16,暂无,8：00——22：00
中原区,一手好账,113.575134,34.807124,113.575134,34.807124,中原区高新区科学大道53号中原广告产业园2号楼13层228室,19903717670,4.7,暂无,瑞达路沿线,8：00——22：00
中原区,老庄拉面馆,113.525085,34.773823,113.525085,34.773823,通达路与须水河东路交叉口向东第一家,暂无,4.4,16,暂无,8：00——22：00
中原区,老三自助烤肉(颍河路店),113.618472,34.74017,113.618472,34.74017,颍河路110号郑州水利大厦郑州市水务局旁老三烧烤,13271568959,4.5,74,暂无,8：00——22：00
中原区,黄氏秘制地锅柴鸡(公园茂总店),113.556433,34.82234,113.556433,34.82234,金菊街16-3号,13673861688;13949968383;15303811202,4.3,60,科学大道,8：00——22：00
中原区,一厂郭三羊杂汤老店,113.611063,34.7608,113.611063,34.7608,六厂东街22号(一厂北门),13674912920;15093165313;15515663420,4.4,15,棉纺路,8：00——22：00
中原区,眼镜甘蔗汁,113.620666,34.751773,113.620666,34.751773,友爱路工人路交叉口西南50米,18530968280,4.3,9,建设路,8：00——22：00
中原区,老丁家西安泡馍馆(建设西路店),113.589174,34.758962,113.589174,34.758962,建设西路87号(西三环地铁站B2口步行100米),暂无,4.3,27,暂无,8：00——22：00
中原区,桂林米粉(市委家属院店),113.620966,34.748362,113.620966,34.748362,林山寨街道工人路52号院市委家属院,15538350319,4.4,14,建设路,8：00——22：00
中原区,飘香牛肉面,113.61803,34.772495,113.61803,34.772495,桐柏北路煤仓北街交叉口路东,13526781938,4.3,28,暂无,8：00——22：00
中原区,笨猪笑小鲜肉米线(国棉三厂家属院店),113.613941,34.759573,113.613941,34.759573,桐柏北路69号附14号(棉纺路与桐柏路交叉口向南100米路东),13253478001,4.1,25,建设路,8：00——22：00
中原区,杨康清真烧烤(方圆·经纬花园店),113.61943,34.760704,113.61943,34.760704,棉纺西路26号方圆经纬花园4幢1层125号,13838338744,4.3,58,棉纺路,8：00——22：00
中原区,劈柴小院(永庆路店),113.597112,34.734711,113.597112,34.734711,永庆路8-26,18603811692,4.3,66,暂无,8：00——22：00
中原区,臭哥儿螺蛳粉(高新区店),113.559038,34.830735,113.559038,34.830735,东史马小区中区南门旁,暂无,4.4,18,暂无,8：00——22：00
中原区,刘婉婉生炸妙龄鸡(须水店),113.524593,34.765976,113.524593,34.765976,西四环须水街道136号附1号院9号楼25号房,13783611103,4.4,11,暂无,8：00——22：00
中原区,品意德北京烤鸭(汝河路店),113.616173,34.732706,113.616173,34.732706,汝河路文化宫路西30米路北,15093080997,4.4,33,暂无,8：00——22：00
中原区,幸运咖(天健湖智联网产业园店),113.481369,34.810984,113.481369,34.810984,杜兰街天健湖智联网产业园南门101商铺,13613713620,4.5,10,暂无,8：00——22：00
中原区,星姨糖水(正弘汇店),113.565674,34.809045,113.565674,34.809045,正弘汇3楼星姨糖水,17329447145,4.5,20,瑞达路沿线,8：00——22：00
中原区,哆哆客汉堡(郑州淮河路小学店),113.616116,34.729043,113.616116,34.729043,淮河路127号楼第1层(桐淮地铁站D口步行310米)铭心堂大药房,15713666828,4.4,15,淮河路,8：00——22：00
中原区,宴渠老烩面(杜兰街店),113.503433,34.810983,113.503433,34.810983,杜兰街2-10号,13633802057,4.5,19,暂无,8：00——22：00
中原区,武陟虹兴砂锅,113.571801,34.804669,113.571801,34.804669,月桂路与玉兰街交叉口向西200米米瓦屋李17号楼A座一层110室,13569278980,4.4,31,瑞达路沿线,8：00——22：00
中原区,卤昱夫妻肺片(祝福红城店),113.550542,34.790984,113.550542,34.790984,祝福红城2期西北门东140米,暂无,4.5,24,暂无,8：00——22：00
中原区,中原铺子(郑州华强广场店),113.602941,34.791862,113.602941,34.791862,电厂路70号郑州华强广场F1层,暂无,4.4,29,暂无,8：00——22：00
中原区,宴渠老烩面(红松路店),113.504894,34.793558,113.504894,34.793558,红松路260-4号,13255929865,4.4,24,暂无,8：00——22：00
中原区,香可利蛋糕房,113.58148,34.74349,113.58148,34.74349,长城路与西三环辅路交叉口西260米,暂无,4.4,21,暂无,8：00——22：00
中原区,陕西哨子面,113.602999,34.797947,113.602999,34.797947,王屋路与电厂南路交叉口东南角,13103854761,4.5,13,暂无,8：00——22：00
中原区,蜜雪冰城(谦祥·世茂万华城悦府店),113.582325,34.815975,113.582325,34.815975,枫杨街道万华城悦府东门6-14商铺,17638506800,4.4,12,暂无,8：00——22：00
中原区,蜜雪冰城(前进路店),113.610698,34.739986,113.610698,34.739986,前进路颖河路交叉口东南角,暂无,4.4,10,暂无,8：00——22：00
中原区,清欢茶坊(启福·铭都店),113.618146,34.723107,113.618146,34.723107,文化宫路与沁河路交汇处向东100米路北2层商铺清欢茶坊,13373915556,4.4,暂无,暂无,8：00——22：00
中原区,金婆婆小面,113.564019,34.828998,113.564019,34.828998,白桦街与牡丹路学府嘉园39-21,13838316074,4.4,15,暂无,8：00——22：00
中原区,沙朗阿甘鲜肉汉堡(锦艺城王府井店),113.613196,34.761728,113.613196,34.761728,棉纺西路4号王府井城市奥莱B1层,16668115800,4.4,28,棉纺路,8：00——22：00
中原区,刘文祥麻辣烫(华强城市广场店),113.60283,34.792468,113.60283,34.792468,电厂路华强城市广场1期步行街附39号,13271594528;18303940105,4.4,18,暂无,8：00——22：00
中原区,布谷布谷热干面(万科城湖心岛店),113.503242,34.814825,113.503242,34.814825,枫香街92号20号楼附1房,13283859279,4.4,14,暂无,8：00——22：00
中原区,关虎屯老味米线(正弘生活广场店),113.565207,34.806435,113.565207,34.806435,金梭路33号(银屏路地铁站D口步行440米),13140672286,4.4,15,科学大道,8：00——22：00
中原区,牛出川牛肉牛杂火锅(枫香街店),113.501193,34.814883,113.501193,34.814883,丰枫香街92号1号楼-2层附14号,暂无,4.4,61,暂无,8：00——22：00
中原区,布谷布谷热干面((冉屯东路店)),113.611958,34.778379,113.611958,34.778379,清城美苑(冉屯东路)2号,13525555445,4.4,12,暂无,8：00——22：00
中原区,江川右·一家有态度的粥店(郑州高新店),113.561075,34.799996,113.561075,34.799996,银屏路中益七囍5号10号楼15号商铺,19137136292,4.5,15,暂无,8：00——22：00
中原区,森林海广东火锅打边炉·清真,113.551829,34.821875,113.551829,34.821875,枫杨街道石楠路99号金盾花园,18738153391,4.1,64,科学大道,8：00——22：00
中原区,歪宗桂林米粉(中原万达店),113.606033,34.752482,113.606033,34.752482,郑煤机社区南区北大门东80米,18548080855,4.3,16,岗坡路,8：00——22：00
中原区,小馆子家常菜(文化宫路店),113.616984,34.732063,113.616984,34.732063,汝河路文化宫路交叉口向南20米路东,13523428826,4.1,27,淮河路,8：00——22：00
中原区,白记烩面馆(中原西路店),113.50306,34.748896,113.50306,34.748896,天韵和城南门东90米(柳湖地铁站C口步行360米),13653717117,4.1,22,暂无,8：00——22：00
中原区,怂柠SONGLEMON,113.613062,34.761427,113.613062,34.761427,棉纺西路36号A区商业一层101号,17324835646,4.3,暂无,棉纺路,8：00——22：00
中原区,LINLEE·手打柠檬茶(中原朗悦公园茂店),113.556494,34.82143,113.556494,34.82143,朗悦公园茂3号馆1楼东门7号门门口,15893311736,4.3,暂无,科学大道,8：00——22：00
中原区,柳妹妹螺蛳粉(高新公园里店),113.551217,34.809498,113.551217,34.809498,中原区高新区石楠路56号金兰西景苑4号楼一层附8号,16696124666;19043998735,4.3,18,科学大道,8：00——22：00
中原区,厨匠博炮崩鸡谦祥万和城店,113.53986,34.83185,113.53986,34.83185,长椿路216号谦祥万和城32号楼1层附13号,暂无,4.3,25,暂无,8：00——22：00
中原区,和府捞面(郑州中原万达店),113.600625,34.746325,113.600625,34.746325,中原西路街道中原中路171号中原万达3楼3062-A,17698952031,4.3,28,暂无,8：00——22：00
中原区,故里炸鸡(中原新城店),113.610479,34.73772,113.610479,34.73772,前进路81-24号(陇海西路地铁站C口步行360米),15038268574,4.3,14,暂无,8：00——22：00
中原区,库迪咖啡(升龙天汇10号院店),113.626653,34.772869,113.626653,34.772869,嵩山北路112号升龙天汇10号院1层16号底商,15333862039,4.3,暂无,暂无,8：00——22：00
中原区,S-pizza披萨速递(中原万达店),113.594355,34.745443,113.594355,34.745443,白鸽树脂模具有限公司北门西440米,13007508123,4.3,29,暂无,8：00——22：00
中原区,胖大力肉蟹煲(高新万科店),113.525089,34.806408,113.525089,34.806408,红叶路高新万科广场4楼06号(祥营地铁站A1口旁),17596559788,4.3,62,科学大道,8：00——22：00
中原区,DQ(升龙金中环财富中心探十里店),113.614925,34.735425,113.614925,34.735425,陇海西路338号探十里升龙金中环财富中心店B1层,13303820396;13633777752;18336367753,4.3,28,暂无,8：00——22：00
中原区,布谷布谷热干面(正弘数码港店),113.563751,34.806862,113.563751,34.806862,正弘数码港10号楼1层附8右半间(招商银行东侧),15565059167,4.3,22,科学大道,8：00——22：00
中原区,第一部落烤串中原商贸城店,113.625594,34.753508,113.625594,34.753508,中原商贸城步行街,18737066513;18838577805,4.3,15,棉纺路,8：00——22：00
中原区,麦多和馅饼(郑州华强广场店),113.604069,34.792377,113.604069,34.792377,电厂路70号郑州华强广场F1层,暂无,4.3,10,暂无,8：00——22：00
中原区,嘿店外带寿司(王府井旗舰店),113.611429,34.763104,113.611429,34.763104,锦艺国际华都·欧尚西门南60米,0371-56081015;13838139027,4.3,16,棉纺路,8：00——22：00
中原区,电厂路泾河路交叉口安仔包(河南省大学科技园店),113.605154,34.79634,113.605154,34.79634,泾河路2-1安仔包,15838218085,4.3,6,暂无,8：00——22：00
中原区,冰鹿蛋糕(锦艺城店),113.620076,34.763148,113.620076,34.763148,棉纺西路26号方圆经纬花园16号楼1层115,17719878579,4.2,40,棉纺路,8：00——22：00
中原区,冯湾猪蹄(总店),113.603058,34.728011,113.603058,34.728011,秦岭路淮河路南100米路西,0371-68611898;13598885170,4.1,49,淮河路,8：00——22：00
中原区,孙记大盆骨店,113.603938,34.798316,113.603938,34.798316,秦岭路与电厂南路交叉路口向西160米路南,13015521440,4.2,28,暂无,8：00——22：00
中原区,栗子正味海鲜(高新区店),113.549119,34.806735,113.549119,34.806735,中原区高新区科学大道检察院对面农贸市场正背后,18681867766,4.1,25,科学大道,8：00——22：00
中原区,桥家园正宗云南过桥米线(中原万达店),113.600198,34.74587,113.600198,34.74587,中原中路171号万达广场中原店1F层,13043016619,4.2,19,暂无,8：00——22：00
中原区,千手一味茶餐厅(郑州华强广场店),113.604286,34.792777,113.604286,34.792777,电厂路与章河路交叉口向南200米路西京小凤侧面电梯上三楼,15515519301;18539916777,4.1,98,暂无,8：00——22：00
中原区,库迪咖啡(郑州国弘大厦店),113.537674,34.785408,113.537674,34.785408,长椿路6号,18137379518,4.2,13,暂无,8：00——22：00
中原区,爷爷不泡茶NOYEYENOTEA(郑州棉纺路锦艺城B区店),113.61011,34.76207,113.61011,34.76207,锦艺城B区三楼,15638803099,4.1,18,棉纺路,8：00——22：00
中原区,鸡柳大人(正弘汇店),113.566251,34.808765,113.566251,34.808765,郑州正弘汇,暂无,4.1,17,瑞达路沿线,8：00——22：00
中原区,库迪咖啡(巨正大厦店),113.602918,34.744024,113.602918,34.744024,秦岭路与洛河西路交叉口西南30米,16696661113,4.1,12,暂无,8：00——22：00
中原区,瑞幸咖啡(锦艺城金街店),113.611441,34.762727,113.611441,34.762727,棉纺西路40号锦艺城C区四层CG5-05号,4000100100,4.1,19,棉纺路,8：00——22：00
中原区,陈记郏县饸饹面(伊河路店),113.606407,34.742865,113.606407,34.742865,伏牛路西伊河路北A座裙房1-2层101号,15939027521,4.2,13,暂无,8：00——22：00
中原区,鲜啤福鹿家(中原万达121店),113.598339,34.745464,113.598339,34.745464,二砂北路121文创园5楼104,13598027062,4.2,13,暂无,8：00——22：00
中原区,库迪咖啡(国弘时代广场A座店),113.555289,34.800703,113.555289,34.800703,冬青街31号,15515959260,4.2,暂无,暂无,8：00——22：00
中原区,饺鲜说(国槐街店),113.548788,34.811054,113.548788,34.811054,枫杨街道枫杨街23号大里·鑫桂源,17737405699,4.2,23,科学大道,8：00——22：00
中原区,BeanStar比星咖啡(郑州保利久街高新店),113.557128,34.809556,113.557128,34.809556,郑州高新技术开发区保利文化广场二期二楼206号铺比星咖啡,13903718257,4.1,18,科学大道,8：00——22：00
中原区,川奇麻辣香锅中原万达店,113.601557,34.745493,113.601557,34.745493,中原西路街道中原中路171号4号楼1层110号,19837432922,4.1,29,暂无,8：00——22：00
中原区,小甫涮锅(啟福尚都C区店),113.557965,34.752103,113.557965,34.752103,广文街19-3(郑州一中地铁站G口步行410米),18903858707,4.2,78,暂无,8：00——22：00
中原区,擂饭(探十里店),113.614746,34.735254,113.614746,34.735254,陇海西路地铁站A口步行330米,13283851850,4.2,27,暂无,8：00——22：00
中原区,围辣小火锅(朗悦公园里店),113.552812,34.810551,113.552812,34.810551,枫杨街道雪松路128号朗悦·公园道1号·熙园,18695875907,4.1,31,科学大道,8：00——22：00
中原区,LINLEE·手打柠檬茶(中原王府井奥莱店),113.612575,34.761721,113.612575,34.761721,秦岭路街道棉纺西路4号王府井城市奥莱负1层附D04号,15670628212,4.1,暂无,棉纺路,8：00——22：00
中原区,卤昱夫妻肺片(汝河路店),113.622688,34.732426,113.622688,34.732426,汝河路街道汝河路路81号市直机关家属院,15517163580,4.2,20,淮河路,8：00——22：00
中原区,黄蜀郎鸡公煲(正弘店),113.562403,34.806874,113.562403,34.806874,高新数码港We空间底商16号,暂无,4.1,22,科学大道,8：00——22：00
中原区,刘统领地锅柴鸡(嵩山北路店),113.626076,34.77405,113.626076,34.77405,嵩山北路升龙天汇广场9号院东门,17839977180,4.2,49,暂无,8：00——22：00
中原区,布谷布谷热干面((金科城店)),113.573523,34.802891,113.573523,34.802891,金科城二期对面,13526649647,4.2,12,瑞达路沿线,8：00——22：00
中原区,沙朗阿甘鲜肉汉堡(棉纺路丹尼斯店),113.628487,34.757633,113.628487,34.757633,棉纺西路1号丹尼斯百货(中原店)1F层,18595850696,4.2,28,棉纺路,8：00——22：00
中原区,小谢金擀杖擀面皮(伊河路店),113.617885,34.742808,113.617885,34.742808,伊河路41号3栋1号,18838906238,4.1,16,暂无,8：00——22：00
中原区,鸭舞优北京烤鸭(颖河路店),113.602874,34.740409,113.602874,34.740409,秦岭路颖河路交叉口西北角中原老市集32号,暂无,4.1,23,暂无,8：00——22：00
中原区,嘟嘟嘴港式甜品(金水西路店),113.602539,34.771467,113.602539,34.771467,桐柏路街道郑地璞园西门门面房4附8嘟嘟嘴,18037193466,4.2,24,暂无,8：00——22：00
中原区,窑鸡王(中原万达店),113.60362,34.741657,113.60362,34.741657,秦岭路东、伊河路南195-25号,17329438090,4.1,62,暂无,8：00——22：00
中原区,N多寿司(郑州锦艺城店),113.61304,34.762032,113.61304,34.762032,棉纺西路36号A区商业负一层B1-42,13803847747,4.1,16,棉纺路,8：00——22：00
中原区,闰闰爸爸麻椒鸡(帝湖店),113.620625,34.718901,113.620625,34.718901,航海路与工人路交叉口向南100米路西,15824802014,4.1,39,二七万达,8：00——22：00
中原区,锅圈食汇(升龙天汇1号院店),113.617777,34.780123,113.617777,34.780123,董寨路31号升龙天汇1号院,15515601315;15538195718,4.1,暂无,暂无,8：00——22：00
中原区,滇城小镇云南过桥米线(公园茂店),113.554449,34.817686,113.554449,34.817686,朗悦公园茂购物中心1号馆U-2502区3层B3008,17337158982;17337158983,4.1,20,科学大道,8：00——22：00
中原区,马坡烧烤(金梭路店),113.544019,34.822781,113.544019,34.822781,金菊街2号楼附5号,17337012198,4.1,28,科学大道,8：00——22：00
中原区,沙朗阿甘鲜肉汉堡(新悦荟红人街店),113.539828,34.831936,113.539828,34.831936,长椿路216号3号楼1层附13号,13303818237,4.2,27,暂无,8：00——22：00
中原区,强丽栗子王(淮河西路店),113.594284,34.728703,113.594284,34.728703,地理空间家属院北门东90米,15237172781,4.1,暂无,淮河路,8：00——22：00
中原区,锅圈食汇火锅烧烤食材超市(啟福尚都店),113.560237,34.752659,113.560237,34.752659,启福尚都C区北门东50米,18336300717;18530866696,4.2,暂无,暂无,8：00——22：00
中原区,亿帆斋北京烤鸭(谦祥·万和城D区店),113.540816,34.834036,113.540816,34.834036,谦祥·万和城D区002门面,暂无,4.1,28,暂无,8：00——22：00
中原区,周黑鸭(郑州市探十里店),113.614497,34.735235,113.614497,34.735235,陇海路探十里负一楼B061,18638033582,4.1,22,暂无,8：00——22：00
中原区,梁老三麻辣鸡头(国棉四厂店),113.621122,34.756108,113.621122,34.756108,中原区四厂中街1号楼4单元49号,13949030325,4.2,19,棉纺路,8：00——22：00
中原区,久喜日式料理居酒屋,113.608527,34.765397,113.608527,34.765397,棉纺西路与六厂前街交叉口向北300米路东锦艺华都3-11商铺,15093229992,4.2,143,棉纺路,8：00——22：00
中原区,卢店烧饼烩羊肉(润园店),113.602371,34.769691,113.602371,34.769691,金水西路与秦岭路交叉口东南100米,13803826009,4,19,棉纺路,8：00——22：00
中原区,刘姐滋补鸡血汤,113.619665,34.742781,113.619665,34.742781,伊河路38号-2,15238086480;17148088883,4,15,暂无,8：00——22：00
中原区,潘记老味道小吃店(计划路1号院店),113.610918,34.75434,113.610918,34.75434,市场街计划路1号院底商,13523582308,4.3,15,建设路,8：00——22：00
中原区,胖三酸菜鱼(新合鑫木兰里店),113.566406,34.796836,113.566406,34.796836,瑞达路与木兰里交叉口睿达广场4楼,0371-67993188,4.4,暂无,瑞达路沿线,8：00——22：00
中原区,漫威咖啡,113.560283,34.82396,113.560283,34.82396,汉威国际传感器科技园东南门东北120米,13213088728;15515980141,4.5,55,科学大道,8：00——22：00
中原区,西城红焖羊肉(华瑞·紫光苑店),113.601713,34.775568,113.601713,34.775568,秦岭路小学南门旁,13937133067;15093263967,4.3,84,暂无,8：00——22：00
中原区,东北饺子手擀面(清城美苑店),113.611653,34.777505,113.611653,34.777505,冉屯路与冉屯东路交汇处向北100米路西,13938493030;15238068595,4.4,45,暂无,8：00——22：00
中原区,满屋福麻辣香锅(丁香里店),113.558514,34.795295,113.558514,34.795295,梧桐街与丁香里交叉口向北70米路东,16638255882,4.3,15,暂无,8：00——22：00
中原区,可口斋烩面(郑工机械集团住宅小区店),113.611289,34.775295,113.611289,34.775295,冉屯东路5号,17513339740,4.5,40,暂无,8：00——22：00
中原区,老刘烧烤夜市(龙源世纪花园店),113.599502,34.73394,113.599502,34.73394,华山路与陇海路向南100路西,15939001598,4,暂无,暂无,8：00——22：00
中原区,四川担担面(颖河小区店),113.619491,34.74037,113.619491,34.74037,颖河小区北院东南门旁,15938773590,4.3,15,暂无,8：00——22：00
中原区,胡子烧烤(郑州中原区),113.60388,34.765282,113.60388,34.765282,惠众·西城一品西1门北80米,18224526340,3.8,61,棉纺路,8：00——22：00
中原区,原四厂谭记烩面大盘鸡(天韵和城店),113.501222,34.748911,113.501222,34.748911,天韵和城南门西110米,15890081172,4,17,暂无,8：00——22：00
中原区,徐师傅生炝烩面(高新区店),113.551684,34.823831,113.551684,34.823831,高新·锦华苑西门北70米,13073793288;13674995971,4.5,16,科学大道,8：00——22：00
中原区,信阳私房菜(龙源世纪花园店),113.599509,34.734329,113.599509,34.734329,陇海路华山路交叉口向南200米路西,18790288821,4.5,暂无,暂无,8：00——22：00
中原区,聚家湘菜馆(中原万达店),113.602698,34.744479,113.602698,34.744479,秦岭路与中原路交叉口向南400米路西(中国工商银行南100米),15093395242,4.4,54,暂无,8：00——22：00
中原区,俏椒川味老火锅(谦祥万和城店),113.541657,34.833153,113.541657,34.833153,长椿路河南工业大学西门向北150米路西,15324967075;18103867075,4.3,70,暂无,8：00——22：00
中原区,虾哥虾尾(梧桐街店),113.568408,34.79363,113.568408,34.79363,瑞达路梧桐街向西500米路南,暂无,4.4,50,暂无,8：00——22：00
中原区,丁家炒面馆(伊河路店),113.612766,34.742519,113.612766,34.742519,伊河路119-1号,13203742299;15890097922,4.4,25,暂无,8：00——22：00
中原区,荷雨轩茶餐厅,113.611307,34.744974,113.611307,34.744974,洛河路70号(市中心医院地铁站C口步行400米),0371-67626166,4.4,61,暂无,8：00——22：00
中原区,梁记饸饹面大盘鸡(西流湖店),113.575988,34.765996,113.575988,34.765996,湖西路28号,15138955178,4.1,31,暂无,8：00——22：00
中原区,湖北老婆小食店(汝河路老店),113.603078,34.72734,113.603078,34.72734,秦岭路238号附19号,13937134495,4.3,47,淮河路,8：00——22：00
中原区,董记臊子面(郑州华强广场店),113.603077,34.793665,113.603077,34.793665,电厂路70号华强城市广场一期北门1-付12号商铺,15037137600;18903714075,4.4,14,暂无,8：00——22：00
中原区,林真真牛肋条放题(郑州首店),113.54807,34.810137,113.54807,34.810137,中原区高新区公园里鑫茂源商业街附12号,13938404142,4,60,科学大道,8：00——22：00
中原区,麒麟大口茶(郑州中原锦艺城店),113.610086,34.762132,113.610086,34.762132,秦岭路街道棉纺西路锦艺城购物中心B3-15号,18595691153,4,14,棉纺路,8：00——22：00
中原区,米皮记清真餐厅(煤仓北街店),113.611267,34.774346,113.611267,34.774346,煤仓北街22号一层8号,17503827011,4,11,暂无,8：00——22：00
中原区,幸运咖(郑大聚英园餐厅店),113.530571,34.811765,113.530571,34.811765,科学大道100号郑州大学主校区聚英园1层餐厅出入口,15538315788,4,10,科学大道,8：00——22：00
中原区,石记港式茶餐厅(星辰·万科生活广场店),113.609966,34.720054,113.609966,34.720054,航海西路21号星辰·万科生活广场F2层,15515720266,4,23,二七万达,8：00——22：00
中原区,真知味.重庆鸡公煲,113.551498,34.825435,113.551498,34.825435,金梭路与石楠路交叉口向北200米学府花园底商103-6,18104629731,4,22,科学大道,8：00——22：00
中原区,茉酸奶( 郑州中原锦艺城店 ),113.60638,34.763144,113.60638,34.763144,锦艺城C区4楼,15137011533;15514377158,4,21,棉纺路,8：00——22：00
中原区,MINI-CO小咖咖啡(正弘汇店),113.565786,34.808816,113.565786,34.808816,正弘汇B1层Lb106(银屏路地铁站D口步行470米),18163511313,4,12,科学大道,8：00——22：00
中原区,梁老三麻辣鸡头(帝湖花园东门),113.620683,34.718111,113.620683,34.718111,工人路366-8号,15515938343,4,16,二七万达,8：00——22：00
中原区,沙朗阿甘鲜肉汉堡(华强广场店),113.60304,34.792434,113.60304,34.792434,电厂路70号华强城市广场3号楼1层L1-28,15617873282,4,30,暂无,8：00——22：00
中原区,麦多馅饼(西十里铺北区98院店),113.617514,34.772828,113.617514,34.772828,桐柏路街道煤仓北街22号院1号楼2单元1层3号,13027521838,4,11,暂无,8：00——22：00
中原区,NOWWA挪瓦咖啡(郑州大学店),113.53351,34.815289,113.53351,34.815289,郑州高新区郑州大学主校区荷园6号楼东侧9号,15617853961,4,16,科学大道,8：00——22：00
中原区,老狼鲜炒大盘鸡(正弘店),113.560943,34.805627,113.560943,34.805627,中原区高新区银屏路15号正弘数码港三期2号楼一层附4号,15038331310,4,21,科学大道,8：00——22：00
中原区,薇薇安(正弘汇店),113.566104,34.808799,113.566104,34.808799,郑州正弘汇(银屏路地铁站D口步行470米),暂无,4,暂无,瑞达路沿线,8：00——22：00
中原区,鲜芋仙(探十里店),113.614647,34.735474,113.614647,34.735474,航海西路街道陇海西路338号探十里购物中心4楼L418号,暂无,4,26,暂无,8：00——22：00
中原区,西雅苏·新疆炒米粉(中原万达店),113.610816,34.739986,113.610816,34.739986,前进路81号院8号楼商业2层附149号,17737612719,4,18,暂无,8：00——22：00
中原区,昕时器云南蒸汽石锅鱼(星辰·万科生活广场店),113.609961,34.72009,113.609961,34.72009,万科民安星辰三楼11-12号商铺,13523431608;17760793335,4,50,二七万达,8：00——22：00
中原区,N多寿司(郑州华强广场店),113.604262,34.792755,113.604262,34.792755,郑州高新区电厂路70号华强广场5幢1层5号附1号,19693831775,4,18,暂无,8：00——22：00
中原区,阿明煲仔饭(华强广场店),113.602335,34.793498,113.602335,34.793498,电厂路70号郑州华强广场F1层,暂无,4,22,暂无,8：00——22：00
中原区,九头鸟热干面(万丰慧城店),113.563286,34.821384,113.563286,34.821384,金梭路15号,暂无,4,14,科学大道,8：00——22：00
中原区,百花蒸饺(百花路总店),113.624285,34.753325,113.624285,34.753325,百花路31号(碧沙岗地铁站B口步行230米),18603860030,4.1,暂无,建设路,8：00——22：00
中原区,董记手工凉皮(万科城水云苑店),113.501537,34.81093,113.501537,34.81093,杜兰街与紫楠路交叉口东北角50米,13526551325,4.2,7,暂无,8：00——22：00
中原区,眼镜炒鸡(万龙住宅小区店),113.58751,34.748253,113.58751,34.748253,万龙住宅小区西北门南60米,15517519867,4.2,31,暂无,8：00——22：00
中原区,坤源烩面馆(电缆厂家属院170号院店),113.606229,34.74251,113.606229,34.74251,伊河路102号7号,暂无,4.2,37,暂无,8：00——22：00
中原区,海芙利忒·希腊酸奶(公园里店),113.553406,34.810478,113.553406,34.810478,雪松路128号悦都汇大厦5号楼1层附6(5-1006)商铺,19137114393,4.4,18,科学大道,8：00——22：00
中原区,鱼库秘制烤鱼(朗悦公园里店),113.549247,34.810929,113.549247,34.810929,石楠路国槐街西100米路北,15155816706,4.4,72,科学大道,8：00——22：00
中原区,云阿喜生烫牛肉米线,113.602193,34.792809,113.602193,34.792809,郑州市高新区电厂路70号华强广场1号楼1层附61号,15238020019,4.5,16,暂无,8：00——22：00
中原区,巷上走生烫牛肉米线(朗悦公园里店),113.554189,34.810359,113.554189,34.810359,雪松路128号6号楼1层附35(6-1035),暂无,4.4,17,科学大道,8：00——22：00
中原区,玖喜茶坊,113.599921,34.741002,113.599921,34.741002,华山路阳光商务C座六楼,17836958128;18237198166,4.5,暂无,暂无,8：00——22：00
中原区,米恋家小炒肉(高新区紫楠路店),113.501062,34.81276,113.501062,34.81276,中原区高新区紫楠路35号,18638030369,4.4,24,暂无,8：00——22：00
中原区,胖大力肉蟹煲(朗悦新悦荟店),113.540838,34.831479,113.540838,34.831479,新悦荟四楼(河南工业大学地铁站F口步行480米),18538513967,4.4,80,暂无,8：00——22：00
中原区,味永尚地锅鸡(升龙天汇),113.626237,34.772703,113.626237,34.772703,嵩山北路112号升龙天汇广场,19013925098,4.4,46,暂无,8：00——22：00
中原区,林嫂虹兴武陟砂锅,113.591789,34.728707,113.591789,34.728707,淮河路65号4-5,15238315997,4.4,25,暂无,8：00——22：00
中原区,面相爷河南捞面,113.601045,34.794601,113.601045,34.794601,漳河路路北侧国家大学科技园东区17栋,17549208666;18595692786,4.4,17,暂无,8：00——22：00
中原区,二雷鲜炒小公鸡,113.609258,34.751969,113.609258,34.751969,前进路岗坡路向南40米,15238302987;15639040320,4.4,48,建设路,8：00——22：00
中原区,六厂瓦罐(国棉一厂家属院店),113.607254,34.758965,113.607254,34.758965,国棉一厂西三街10号楼1单元楼附16号,13137738252,4.4,20,建设路,8：00——22：00
中原区,享搓-扬州非遗搓背馆,113.567899,34.798299,113.567899,34.798299,光华大酒店东南门旁,18937656103,4.4,205,瑞达路沿线,8：00——22：00
中原区,王旭手工凉皮店,113.594126,34.745437,113.594126,34.745437,白鸽树脂模具有限公司北门西460米,15838068778,4.4,13,暂无,8：00——22：00
中原区,郭记小笼包老店,113.616328,34.758111,113.616328,34.758111,三棉中心花园,13938481207,4.4,29,建设路,8：00——22：00
中原区,黄东家大盆骨甲鱼炒鸡,113.579527,34.748117,113.579527,34.748117,中原西路与西三环往西300米路北,17737498666,4.5,44,暂无,8：00——22：00
中原区,云南一品过桥米线,113.60288,34.796549,113.60288,34.796549,高新区大学科技学院王屋路与泾河路向北30米,13383822629,4.4,15,暂无,8：00——22：00
中原区,新乡糊涂面馆(湖光新苑店),113.577458,34.74884,113.577458,34.74884,中原西路湖光新苑门面房,18903710399,4.4,28,暂无,8：00——22：00
中原区,金运老料热干面(卧龙花园店),113.602466,34.732725,113.602466,34.732725,汝河路116-13号,15039090287,4.4,7,暂无,8：00——22：00
中原区,遇见鸡公虾(兰寨新城店),113.545011,34.788188,113.545011,34.788188,药厂街105-60,17737317866,4.1,36,暂无,8：00——22：00
中原区,上海浓汤红烧牛肉拉面(岗坡路),113.609276,34.752396,113.609276,34.752396,岗坡路15-家属院1号楼附近,15993695195,4.4,31,建设路,8：00——22：00
中原区,万和茶社,113.602688,34.799156,113.602688,34.799156,王屋路电厂南路交叉口向北80米路西二楼万和茶社,13203721010,4.3,暂无,暂无,8：00——22：00
中原区,渝作川渝冒肚(探十里店),113.614605,34.735443,113.614605,34.735443,陇海西路338号探十里升龙金中环财富中心店F4层,暂无,4.3,71,暂无,8：00——22：00
中原区,良厨巷子重庆老火锅(华瑞紫韵城福园店),113.538625,34.766513,113.538625,34.766513,华瑞紫韵城福园(铁炉地铁站C口步行420米),19900936386,4.3,45,暂无,8：00——22：00
中原区,小粤光.小小粥底打边炉,113.599328,34.744132,113.599328,34.744132,华山路121号磨街12号楼1层,暂无,4.3,67,暂无,8：00——22：00
中原区,源泉热干面老店,113.620636,34.739789,113.620636,34.739789,颍河南里与工人路交叉口西北20米,暂无,4.3,13,暂无,8：00——22：00
中原区,熊猫喜来炒饭长椿路玉兰街店,113.542287,34.805229,113.542287,34.805229,中原区高新区长椿路玉兰街,暂无,4.3,20,科学大道,8：00——22：00
中原区,白大胖烧烤(中原万达),113.594209,34.745393,113.594209,34.745393,中原中路156号保利心语1期9号楼1层115号,15838116815,4.3,67,暂无,8：00——22：00
中原区,路亚寻翘人(郑州东风西路店),113.604695,34.790173,113.604695,34.790173,电厂路东风西路东南角二楼寻翘人,15617510756,4.3,暂无,暂无,8：00——22：00
中原区,秘制地锅炖(啟福尚都B区店),113.563948,34.753129,113.563948,34.753129,凯旋路文思街西10米路北,13592575595,4.3,49,暂无,8：00——22：00
中原区,天下饼王(锦艺国际华都·美域店),113.611458,34.764685,113.611458,34.764685,锦艺国际华都·美域东门东北110米,13838293342;15903993458,4.3,8,棉纺路,8：00——22：00
中原区,喻家食汇火锅烧烤食材生活馆(正大花溪店),113.582288,34.755179,113.582288,34.755179,柿园路正大花溪3号楼104,18637182266,4.3,暂无,暂无,8：00——22：00
中原区,银婷家猪蹄,113.594541,34.730417,113.594541,34.730417,启福中原2期东门东南60米,13223099015,4.3,21,淮河路,8：00——22：00
中原区,华轩园蛋糕(红河瀛园北区店),113.606911,34.789962,113.606911,34.789962,太白路与东风西路交叉口西南60米,13526705435;18339228075,4.3,36,暂无,8：00——22：00
二七区,玛利亚烧烤·大盘鸡(苗圃小区店),113.664631,34.733428,113.664631,34.733428,铁道·苗圃家园西南2门旁,15290880661,4.3,暂无,暂无,8：00——22：00
二七区,百年老恒昌,113.62188,34.721001,113.62188,34.721001,侯寨乡航海路与工人路交叉口金水河源头(公路管理局西隔壁),0371-68995889,4.1,暂无,航海中路/航海西路,8：00——22：00
二七区,比多木大阪烧(二七万达店),113.641502,34.717864,113.641502,34.717864,市第二人民医院地铁站G口步行450米,15038001508;18738142155,4.7,54,长江路,8：00——22：00
二七区,瓦罐香炒鸡(升龙城2号院店),113.632563,34.726657,113.632563,34.726657,升龙城2号院东门旁,15838284318,4.2,44,淮河路,8：00——22：00
二七区,梨园生态农庄,113.529375,34.642515,113.529375,34.642515,郑密路与宏兴路交叉口向西1公里,17319791299,4.1,暂无,暂无,8：00——22：00
二七区,鹰城鑫地饭店,113.643266,34.724017,113.643266,34.724017,大学中路120号,0371-69385777;0371-69385888;0371-69385555,4.8,暂无,航海中路/航海西路,8：00——22：00
二七区,中都饭店,113.651204,34.719976,113.651204,34.719976,航海中路99号,0371-68781188;0371-68781278;0371-68781380,4.6,暂无,二七万达,8：00——22：00
二七区,河南郑州吉祥地生态农庄,113.526058,34.696887,113.526058,34.696887,乾明路北50米,13007523333,4.4,暂无,暂无,8：00——22：00
二七区,烧鸡公牛肉面馆(华中路店),113.660025,34.71716,113.660025,34.71716,广兴洁云花园东150米14-10,13526780806,4.5,17,京广路,8：00——22：00
二七区,豫锦香南湾鱼(锦绣家园店),113.618238,34.691884,113.618238,34.691884,郑密路杏贾路向东50米,0371-55297777,4.3,80,暂无,8：00——22：00
二七区,香港洪记烧鸭叉烧饭店,113.636143,34.72141,113.636143,34.72141,淮南街22号院(亚新美好家园东门南行300米),13922270099;15824905347,4.5,20,航海中路/航海西路,8：00——22：00
二七区,巩其昌烧烤(铁道·阳光佳苑店),113.658197,34.726237,113.658197,34.726237,京广中路12号豪邦花园对面,13253662334,4.7,49,京广路,8：00——22：00
二七区,渔翁乐烤全鱼(马寨店),113.530663,34.711061,113.530663,34.711061,东方路与科技东路交叉口西北20米,0371-53398805,4.3,55,暂无,8：00——22：00
二七区,水妮烤鱼老店,113.577882,34.635429,113.577882,34.635429,候寨派出所第二警务区(下李河桥东南),13653839290,4.4,60,暂无,8：00——22：00
二七区,羊蝎子老店,113.67102,34.692905,113.67102,34.692905,京广路街道连云路佛岗新居40号楼1号商铺,15824855838,4.6,36,暂无,8：00——22：00
二七区,和胜记炖羊肉,113.65354,34.731568,113.65354,34.731568,保全街175号(火车头体育场地铁站D口步行460米),13683833433,4.5,66,建中街,8：00——22：00
二七区,郑州珍姐猪肚包鸡总店,113.651903,34.724699,113.651903,34.724699,庆丰街政通路交叉口口向西30米路南,15838108118,4.4,74,京广路,8：00——22：00
二七区,没名炸串(中原东路101号院店),113.631298,34.747878,113.631298,34.747878,中原东路101号院地铁1号线绿城广场站D口旁,18737192172,4.3,32,暂无,8：00——22：00
二七区,来总家猫主题咖啡馆(二环支路店),113.63817,34.762985,113.63817,34.762985,瑞光创意工厂二号院,18624937081,4.3,37,暂无,8：00——22：00
二七区,信阳精品菜(德润·海悦华府店),113.64871,34.699875,113.64871,34.699875,南三环行云路交叉口向北五十,0371-55620000;13253620666,4.5,60,二七万达,8：00——22：00
二七区,老院饭店,113.580855,34.629629,113.580855,34.629629,侯寨乡郭家嘴村西,13071038787,4.3,46,暂无,8：00——22：00
二七区,老北京炙子烤肉(郑密路店),113.624892,34.721402,113.624892,34.721402,阳光怡景花园东门旁(齐礼阎地铁站C口步行380米),18539288046,4.4,84,航海中路/航海西路,8：00——22：00
二七区,雷家人农家地锅柴鸡(行云路店),113.650295,34.708125,113.650295,34.708125,长江路行云路交叉口南200米路西,15837151735,4.5,43,长江路,8：00——22：00
二七区,信阳菜馆(汉江路店),113.641518,34.71547,113.641518,34.71547,汉江路8-116,18530997234,4.3,82,航海中路/航海西路,8：00——22：00
二七区,千家喜灌汤包(建新西街62号院店),113.648183,34.757488,113.648183,34.757488,五里堡街道建新西街62号院,15803896177;15838140629,4.3,30,金水路,8：00——22：00
二七区,冯记天府麻辣串(桃园南街店),113.636202,34.739106,113.636202,34.739106,桃源南街4号院1号楼1号,13676918322,4.5,22,暂无,8：00——22：00
二七区,luckin coffee 瑞幸咖啡(中铁·泰和里店),113.658175,34.738375,113.658175,34.738375,陇海中路13号中铁泰和里1层102号,暂无,4.5,17,京广路,8：00——22：00
二七区,好味道老砂锅(二七万达店),113.641115,34.718077,113.641115,34.718077,人和路69-113,暂无,4.4,17,航海中路/航海西路,8：00——22：00
二七区,蓝塔(鑫苑鑫都汇店),113.651082,34.735852,113.651082,34.735852,陇海中路100号,0371-55055199,4.5,暂无,京广路,8：00——22：00
二七区,童记米皮,113.652517,34.731079,113.652517,34.731079,庆丰街保全街交叉口向南20米路东,13255965310,4.5,10,京广路,8：00——22：00
二七区,方勇烧烤,113.670561,34.717392,113.670561,34.717392,京广路街道二七区祥云路7号院4号楼1-2号附15号,13838563943,4.4,63,京广路,8：00——22：00
二七区,融柳大铁牛螺蛳粉(佛岗新居店),113.672631,34.694123,113.672631,34.694123,连云路佛岗新居小区西门99-24,17796507881,4.4,15,暂无,8：00——22：00
二七区,幸运咖(晨曦小区北区店),113.665357,34.713266,113.665357,34.713266,碧云路与春晖路交叉口东北20米,15188381363,4.4,9,京广路,8：00——22：00
二七区,川奇麻辣香锅(二七万达金街形象店),113.641675,34.717713,113.641675,34.717713,长江路街道二七万达广场3号楼113号,暂无,4.4,23,航海中路/航海西路,8：00——22：00
二七区,鱼你在一起(亚星时代广场店),113.626933,34.709388,113.626933,34.709388,嵩山路街道长江路与嵩山路交叉口亚星盛世星尚中心一层009号,18803718178,4.5,33,长江路,8：00——22：00
二七区,书亦烧仙草(郑州世贸购物中心店),113.665987,34.741626,113.665987,34.741626,西三马路与钱塘路交叉口西南60米,15690877169,4.4,12,暂无,8：00——22：00
二七区,临榆炸鸡腿(黄科大西门店),113.670277,34.690841,113.670277,34.690841,京广路街道连云路128号12号楼111-1号,19339980413;4006586528,4.4,12,暂无,8：00——22：00
二七区,青之手酿·冷萃酸奶(二七万达店),113.641255,34.718597,113.641255,34.718597,二七万达1号院东北侧人和路63号,15837106657,4.5,20,长江路,8：00——22：00
二七区,九多肉多(兴华南街28号小区店),113.632728,34.73046,113.632728,34.73046,淮河路街道兴华南街28号兴华南街28号小区,4008050958,4.4,17,淮河路,8：00——22：00
二七区,芝根芝底新圃西街店,113.66006,34.724411,113.66006,34.724411,新圃西街7-5号,18270263752;18937158675,4.4,22,京广路,8：00——22：00
二七区,蜜雪冰城(锦绣山河玉畅园店),113.622833,34.682629,113.622833,34.682629,嵩山路街道庆泰路56号锦绣山河玉畅园,13223081909;18203675008,4.5,10,暂无,8：00——22：00
二七区,十悦棠黄焖鸡米饭(龙跃花园店),113.647308,34.72468,113.647308,34.72468,政通路龙跃花园49-32,15333717586;17838319786,4.4,17,航海中路/航海西路,8：00——22：00
二七区,关虎屯老味米线(春晖小学店),113.665665,34.714434,113.665665,34.714434,冯庄路12-14号(碧云路交叉口向东50米)长江医院南楼,13716166959;15537100630,4.4,14,京广路,8：00——22：00
二七区,赵先生古法热干面(铭功路店),113.660107,34.753748,113.660107,34.753748,铭功路307-5号(人民公园地铁站B口步行430米),15516169064;15639259064,4.4,21,铭功路,8：00——22：00
二七区,隆江猪脚饭广东肠粉,113.632308,34.721334,113.632308,34.721334,升龙城8号楼111号铺,13323828275,4.4,26,航海中路/航海西路,8：00——22：00
二七区,姥家大锅台(佛岗店),113.670988,34.693385,113.670988,34.693385,连云路佛岗新居41-7号门,0371-88817999;16650112299,4.4,64,暂无,8：00——22：00
二七区,明星御谷老碗面,113.642429,34.73874,113.642429,34.73874,勤劳街31-81(市骨科医院地铁站C口步行310米),15238367071,4.4,15,暂无,8：00——22：00
二七区,麦多馅饼(交通路店),113.646956,34.735265,113.646956,34.735265,交通路142号(市骨科医院地铁站A口步行450米),13849078029,4.4,32,建中街,8：00——22：00
二七区,农家地锅柴鸡(豫景园店),113.616587,34.706464,113.616587,34.706464,豫景园北1门旁,暂无,4.3,39,二七万达,8：00——22：00
二七区,老铜锅涮羊肉(隆福国际店),113.652639,34.739734,113.652639,34.739734,幸福路隆福国际1号楼1层,15738878131;19503873767,4.1,61,京广路,8：00——22：00
二七区,葡晶大锅台(紫玉路),113.627292,34.65264,113.627292,34.65264,侯寨乡嵩山南路与南四环交叉口向南一公里万亩葡萄基地出口,18836981567,4.2,暂无,暂无,8：00——22：00
二七区,全兴滋补鸡血汤(棉纺路店),113.630387,34.756838,113.630387,34.756838,棉纺东路28号,13213373376;15994083638,4.2,10,棉纺路,8：00——22：00
二七区,马记天府麻辣串,113.636149,34.738308,113.636149,34.738308,桃源南街6号附1号,13598897379,4.2,16,暂无,8：00——22：00
二七区,荆胡烩面馆(荆胡村六号院店),113.646153,34.6807,113.646153,34.6807,荆胡社区六号院东门北140米,15038019943;18838081355,4.2,53,暂无,8：00——22：00
二七区,画宝刚烧鸡(碧云路店),113.66477,34.712966,113.66477,34.712966,碧云路1-5号,18837157378,4.2,41,京广路,8：00——22：00
二七区,库迪咖啡(京莎广场A座店),113.656448,34.718559,113.656448,34.718559,京莎广场A座,13007541019,4.3,12,二七万达,8：00——22：00
二七区,幸运咖(铭功路店),113.659698,34.759457,113.659698,34.759457,铭功路188号金铭苑南苑,15294970466,4.3,11,金水路,8：00——22：00
二七区,蜜雪冰城(尧山路店),113.637034,34.658855,113.637034,34.658855,金水源街道办事处尧山路与右江路交叉口鑫苑鑫家东苑19号楼1901.1902号,暂无,4.3,9,暂无,8：00——22：00
二七区,韩磊东北大碗麻辣烫·炸串(行云路店),113.650363,34.708394,113.650363,34.708394,行云路112-21号,13683667561,4.3,18,二七万达,8：00——22：00
二七区,库迪咖啡(郑大康复前街店),113.646925,34.742075,113.646925,34.742075,康复前街49-10号(医学院地铁站M口步行460米),18790520279,4.3,12,京广路,8：00——22：00
二七区,豫小七灌汤烧饼(人和路店),113.64111,34.718013,113.64111,34.718013,万达1号院门口南第四家,15537336519;18837339726,4.3,11,长江路,8：00——22：00
二七区,豫小七鸡汤烧饼(碧云路与红云路店),113.665478,34.711768,113.665478,34.711768,碧云路与红云路交叉口向东约5米路南豫小七鸡汤烧饼15号-50号,15939008637,4.3,9,京广路,8：00——22：00
二七区,米皮记清真餐厅(淮南街),113.636312,34.728594,113.636312,34.728594,淮河东路47-21号,19137179161,4.3,11,淮河路,8：00——22：00
二七区,九多肉多(荆胡社区店),113.646402,34.681181,113.646402,34.681181,秀水路26-22(荆胡地铁站D口步行310米),4008050958,4.3,18,暂无,8：00——22：00
二七区,秦味到·肉夹馍油泼面(二七万达店),113.641245,34.715674,113.641245,34.715674,人和路69-3号,暂无,4.3,暂无,长江路,8：00——22：00
二七区,水浒烤肉(橄榄城店),113.671209,34.693059,113.671209,34.693059,人和路街道连云路佛岗新居40号楼40-7号,18064598495,4.3,52,暂无,8：00——22：00
二七区,幸运咖(康复前街44号院店),113.644433,34.742289,113.644433,34.742289,大学路街道康复前街44号1号楼2单元11号,18737139931,4.3,7,京广路,8：00——22：00
二七区,S-pizza披萨速递(橄榄城店),113.669023,34.695477,113.669023,34.695477,京广路街道御景台2号108东户,15639922728,4.3,27,暂无,8：00——22：00
二七区,蜜雪冰城(铁道家园店),113.657847,34.731311,113.657847,34.731311,福华街街道京广中路18号院铁道家园,15290852355,4.3,8,京广路,8：00——22：00
二七区,延庆观炸鸡(康复前街店),113.646803,34.742079,113.646803,34.742079,康复前街与交通路口(医学院地铁站M口步行450米),18695830995,4.3,19,京广路,8：00——22：00
二七区,书亦烧仙草(河南建筑职业技术学院校外店),113.527025,34.709058,113.527025,34.709058,曙光路2号东方智慧城F1层,15093477741,4.3,15,暂无,8：00——22：00
二七区,亿家灯火·信阳食府(珠江荣域南院店),113.626451,34.71226,113.626451,34.71226,郑密路88号院24号楼1-2层附1号,暂无,4.3,50,长江路,8：00——22：00
二七区,西雅苏新疆炒米粉(泰宏建业店),113.642035,34.680224,113.642035,34.680224,秀水路5号2号楼1-2层商业106,19937079252,4.3,12,暂无,8：00——22：00
二七区,沙朗阿甘鲜肉汉堡(长江路丹尼斯店),113.633321,34.708961,113.633321,34.708961,丹尼斯百货长江店西门旁,19900945836,4.3,28,长江路,8：00——22：00
二七区,王婆大虾纸包鱼(学院路店),113.512557,34.708362,113.512557,34.708362,马寨镇学院路43-1,18037327106,4.3,35,暂无,8：00——22：00
二七区,延庆观炸鸡(南福华街住宅小区店),113.656883,34.728019,113.656883,34.728019,京广中路18-6(火车头体育场地铁站A口步行240米),13783662584,4.3,22,淮河路,8：00——22：00
二七区,柘城炖羊肉(大学中路56号院店),113.644278,34.731764,113.644278,34.731764,大学中路56号一2,13333859812;19303975286,4.3,54,京广路,8：00——22：00
二七区,悦来悦喜(华城店),113.642821,34.737018,113.642821,34.737018,大学路与陇海路交叉口长城康桥11号楼1楼101号,15978592010;19939932240,4.3,暂无,暂无,8：00——22：00
二七区,小五碗碗香麻辣烫(碧云路店),113.665357,34.712488,113.665357,34.712488,晨曦小区北区西1门南60米,13071069821;15036011383,4.3,14,长江路,8：00——22：00
二七区,渝品香干锅鸭头(铁道家园店),113.65784,34.731312,113.65784,34.731312,保全街55-5号,15617928399,4.2,53,京广路,8：00——22：00
二七区,北京四合院铜锅涮(保全街店),113.653391,34.73155,113.653391,34.73155,南建中街176号(保全街),0371-86170230;13601258566;15516187833,4.3,暂无,建中街,8：00——22：00
二七区,八零地锅,113.654895,34.731365,113.654895,34.731365,保全街7号楼31-3号,0371-56615667,4.2,47,京广路,8：00——22：00
二七区,天元饭店,113.594571,34.646368,113.594571,34.646368,紫玉路与侯张线交叉口东40米,13837133219,4.1,暂无,暂无,8：00——22：00
二七区,振兴饭店,113.513833,34.671258,113.513833,34.671258,G3001郑州绕城高速出口西150米/王庄小学北200米,0371-67865279;13838157138;18530003000,4.2,49,暂无,8：00——22：00
二七区,石记五香驴肉馆(滨河宅区店),113.623355,34.722797,113.623355,34.722797,沁河路与郑密路交叉口西120米路南,暂无,4.2,24,航海中路/航海西路,8：00——22：00
二七区,阿林小厨(兴华北街12号院店),113.632987,34.744068,113.632987,34.744068,兴华北街12号(绿城广场地铁站C口步行410米),13393770805;17513185313,4.2,20,暂无,8：00——22：00
二七区,方记脆皮蜂蜜蛋糕(航海市场店),113.652591,34.724729,113.652591,34.724729,政通路1-35号,13044705388;15838382932,4.2,19,京广路,8：00——22：00
二七区,胡记烧烤(鹏程雅轩店),113.642966,34.732065,113.642966,34.732065,民安路3-4号,暂无,4.2,50,淮河路,8：00——22：00
二七区,广东小炒(铁道·洁云里店),113.657589,34.715229,113.657589,34.715229,京广南路43号广东小炒,13526610342;13536704009;13623868071,4.1,31,京广路,8：00——22：00
二七区,熏肉大饼(幸福路铁英街14号院店),113.650907,34.739295,113.650907,34.739295,建中街街道铁英街14号幸福路铁英街14号院,15515714181;18137372232,4.2,暂无,建中街,8：00——22：00
二七区,库迪咖啡(升龙二七中心B座店),113.631922,34.72093,113.631922,34.72093,淮河路街道航海中路112号升龙城8号院B座1层大堂,18100339981,4.1,12,航海中路/航海西路,8：00——22：00
二七区,寻味小院香草鸡,113.621075,34.710725,113.621075,34.710725,工人路与长江路交叉口北80米,13520643154;15139823308,4.2,暂无,二七万达,8：00——22：00
二七区,老三样烤肉·烧烤小院,113.666056,34.710204,113.666056,34.710204,长江路碧云路向东50米路北,18530852222,4.1,暂无,长江路,8：00——22：00
二七区,蜜雪冰城(德化步行街店),113.667078,34.748239,113.667078,34.748239,德化新街15号口东南50米,暂无,4.1,暂无,西大街,8：00——22：00
二七区,库迪咖啡(郑州政通路店),113.652106,34.724745,113.652106,34.724745,政通路1-37号,17596518507,4.2,12,京广路,8：00——22：00
二七区,幸运咖(升龙城2号院店),113.630892,34.724906,113.630892,34.724906,暂无,19515528881,4.2,暂无,暂无,8：00——22：00
二七区,鸡柳大人,113.671719,34.695937,113.671719,34.695937,京广路街道连云路99号佛岗新居,暂无,4.2,暂无,暂无,8：00——22：00
二七区,张亮麻辣烫(郑州二七区马寨镇同兴街店),113.528909,34.706743,113.528909,34.706743,同兴街与团结路交叉口,17729777705,4.1,12,暂无,8：00——22：00
二七区,冒二麻一麻辣香锅·冒菜(管城店),113.660482,34.750507,113.660482,34.750507,正兴街31号楼18号门面路边底商,15903836138,4.1,暂无,暂无,8：00——22：00
二七区,方大同胡辣汤豆沫(兴华南街168号院店),113.633063,34.71716,113.633063,34.71716,长江路街道兴华南街168号兴华南街168号院,18638682019,4.1,17,二七万达,8：00——22：00
二七区,柠季·手打柠檬茶(郑州德化风情购物公园店),113.665134,34.750874,113.665134,34.750874,德化街100号百年德化风情购物公园D区1层BQD128-1,16650239988,4.2,暂无,西大街,8：00——22：00
二七区,正新鸡排二七万达店,113.642166,34.717825,113.642166,34.717825,二七万达金街3号门对面亭子正新鸡排,18539251316,4.1,12,航海中路/航海西路,8：00——22：00
二七区,瑞幸咖啡(绿地滨湖国际3区店),113.645486,34.67004,113.645486,34.67004,青铜西路与鼎盛大道交叉口西南100米,暂无,4.1,20,暂无,8：00——22：00
二七区,蜜雪冰城(新圃西街店),113.660035,34.723413,113.660035,34.723413,新圃西街148号院南门西70米,13592593939,4.2,9,京广路,8：00——22：00
二七区,川奇麻辣香锅(橄榄城都市广场店),113.672243,34.696897,113.672243,34.696897,京广路街道贺江路78号橄榄城都市广场,13333990021;19043808707,4.1,19,暂无,8：00——22：00
二七区,庞记桶子鸡交通路店(交通路店),113.646972,34.733408,113.646972,34.733408,铁路小区东3门旁,18538110567,4.1,12,京广路,8：00——22：00
二七区,刘婉婉生炸妙龄鸡(庆丰街店),113.652524,34.727545,113.652524,34.727545,庆丰街4号院,18736818635,4.2,11,淮河路,8：00——22：00
二七区,蜜雪冰城(郑州健康学院店),113.534693,34.696833,113.534693,34.696833,二七区健康学院荷花池雅宴餐厅入口处,15617966659,4.2,11,暂无,8：00——22：00
二七区,锦升和重庆鸡公煲,113.645907,34.742245,113.645907,34.742245,学府新家园西门东110米,18625491880,4.1,25,京广路,8：00——22：00
二七区,李吃吃火锅烧烤食材(亚星锦绣山河店),113.620039,34.684545,113.620039,34.684545,迎福街1-29号,15890668056,4.2,37,暂无,8：00——22：00
二七区,冰淳茶饮(滨河花园店),113.609026,34.690349,113.609026,34.690349,侯寨乡盛达路西南永康路东南滨河花园一期安置房B1-14-1-1号,13101718135,4.2,7,暂无,8：00——22：00
二七区,N多寿司(郑州亚细亚店),113.667031,34.751364,113.667031,34.751364,德化街街道德化街89号亚细亚卓悦城负一G57,15638078823,4.1,18,西大街,8：00——22：00
二七区,多美士炸鸡汉堡(高砦店),113.653308,34.705498,113.653308,34.705498,高砦小区门面房,暂无,4.1,16,京广路,8：00——22：00
二七区,王胖子烧烤涮牛肚(荆胡社区二号院店),113.647236,34.68325,113.647236,34.68325,荆胡村二号院南门旁(荆胡地铁站D口步行460米),15036173657,4.2,50,暂无,8：00——22：00
二七区,二七聚味美鲜炒大盘鸡(人和路店),113.641177,34.713839,113.641177,34.713839,人和路与汉江路交叉口南160米,0371-58586878,4.2,40,二七万达,8：00——22：00
二七区,绝味鸭脖(齐礼阎店),113.629881,34.724624,113.629881,34.724624,政通路116号齐礼闫1号院40-14一楼商铺,15993281078,4.1,29,航海中路/航海西路,8：00——22：00
二七区,阿生哥螺蛳粉(鑫苑都汇广场店),113.642623,34.659285,113.642623,34.659285,侯寨乡鑫苑都汇广场5号楼108号,15515564446,4.2,21,暂无,8：00——22：00
二七区,九多肉多(庆丰街店),113.652249,34.733697,113.652249,34.733697,永安街100号,18703844082;4008050958,4.1,15,京广路,8：00——22：00
二七区,牛爷烧土家鲜肉饼(亚细亚店),113.667031,34.751364,113.667031,34.751364,德化街街道德化街89号亚细亚卓悦城负一楼G44号场地,15649310528,4.1,7,西大街,8：00——22：00
二七区,九多肉多(幸福路店),113.650945,34.740136,113.650945,34.740136,幸福路4-21号,4008050958,4.1,15,建中街,8：00——22：00
二七区,粉校长泡菜酸辣粉(锦绣山河店),113.62634,34.684281,113.62634,34.684281,锦和广场6号楼1层109,19522270838,4.2,17,暂无,8：00——22：00
二七区,张亮麻辣烫(郑州二七区兴华南街店),113.632952,34.704853,113.632952,34.704853,嵩山路街道兴华南街169号宏鑫花园,13683643718,4.1,暂无,长江路,8：00——22：00
二七区,菊花开手撕藤椒鸡(南彩路店),113.625842,34.683311,113.625842,34.683311,福喜路7-11,13643829215,4.1,33,暂无,8：00——22：00
二七区,首甲牛腩(樱桃沟店),113.596876,34.626978,113.596876,34.626978,大路西村98号,18695899650,4.1,57,暂无,8：00——22：00
二七区,修电动车(兴华北街4号院店),113.633436,34.740391,113.633436,34.740391,兴华北街桃源路交叉口东20米路北,15039090390,4.2,暂无,暂无,8：00——22：00
二七区,凤河湾特味烤鱼王,113.577702,34.6357,113.577702,34.6357,郑卅市钓鱼沟小吴垂钓园正对面,13503719119,4,暂无,暂无,8：00——22：00
二七区,牛肉板面(小赵寨生活区店),113.65967,34.737474,113.65967,34.737474,小赵砦街27号,18530857331,4,11,京广路,8：00——22：00
二七区,六位先生主题串串(铁道陇海家园店),113.652561,34.735672,113.652561,34.735672,陇海路与庆丰街交叉口向南66米,0371-66887866;18749256567,4.4,60,京广路,8：00——22：00
二七区,知甘季火锅菜(庆丰街店),113.652546,34.730423,113.652546,34.730423,吉庆嘉园南门旁(火车头体育场地铁站C口步行330米),13939030727;15838187886,4.5,30,淮河路,8：00——22：00
二七区,二毛毛血旺(保全街28号院店),113.655777,34.731574,113.655777,34.731574,建中街街道保全街28号,13937128615;18848842038;19943853355,4.3,51,京广路,8：00——22：00
二七区,东北熏肉大饼(桃源路店),113.637672,34.740173,113.637672,34.740173,桃园中学北门旁,13329820479;13396190479,4.5,9,暂无,8：00——22：00
二七区,一品京城烤鸭(佛岗新居店),113.672828,34.696444,113.672828,34.696444,连云路都市广场A座113号商铺,0371-55360522;13526684213,4,31,暂无,8：00——22：00
二七区,胖子李麻辣烫,113.654097,34.731574,113.654097,34.731574,南建中街8号楼3单元1层临街门面房,15981940518,4.3,16,建中街,8：00——22：00
二七区,伊卜肥牛火锅(万达广场店),113.64258,34.716316,113.64258,34.716316,人和路69-38,15597297555,4,9,长江路,8：00——22：00
二七区,金山烤鱼店,113.577088,34.635712,113.577088,34.635712,杨红线与018乡道交叉口,13503858803,4,48,暂无,8：00——22：00
二七区,温州美食饭庄,113.659144,34.723209,113.659144,34.723209,新圃西街19-3(京广南路地铁站D口步行430米),0371-68759992;13937197385,4,65,航海中路/航海西路,8：00——22：00
二七区,明州府老成都担担面(郑州总店),113.628502,34.711316,113.628502,34.711316,嵩山南路249-44,0371-68595656;13203817298;18503836062,4.3,28,长江路,8：00——22：00
二七区,馍菜汤川面馆(长城康桥华城店),113.643567,34.737991,113.643567,34.737991,大学北路80号康桥华城金之禾馍菜汤四川家常菜,0371-56088538;13384019103;13783504841,4.4,30,暂无,8：00——22：00
二七区,肖三饸饹面(万达店),113.641065,34.717294,113.641065,34.717294,二七金街二七万达广场店西门南240米,15286833366;15638456666,4.5,18,长江路,8：00——22：00
二七区,明正牛肉(社区居民生活商场店),113.650314,34.710173,113.650314,34.710173,"长江中路,行云路交叉口社区居民生活商场A区37号",13290966256;13683800569,4.4,50,京广路,8：00——22：00
二七区,刘金红椒盐香豆腐,113.654663,34.733922,113.654663,34.733922,第四十四中学南门旁,13613802284;15838238530,4.4,12,建中街,8：00——22：00
二七区,苏记饺子(永安街20号院店),113.64813,34.733723,113.64813,34.733723,永安街20号付1号,18738120707,4.3,64,建中街,8：00——22：00
二七区,胖熊家,113.652254,34.735568,113.652254,34.735568,鑫苑·鑫都汇东门旁,19839983515,4,15,京广路,8：00——22：00
二七区,北国八千里酸奶(郑州德化步行街店),113.6665,34.749499,113.6665,34.749499,德化街无限城苑陵街36-12,暂无,4,暂无,西大街,8：00——22：00
二七区,醉巴鲜烤鱼(鑫都汇店),113.651091,34.735742,113.651091,34.735742,鑫苑鑫都汇3楼东侧,15237168065,4,51,京广路,8：00——22：00
二七区,老陕面馆(建华街小区店),113.646905,34.731478,113.646905,34.731478,建中街街道交通路150号建华街小区,暂无,4,20,淮河路,8：00——22：00
二七区,申夫子鸡蛋灌饼(橄榄城店),113.672325,34.69656,113.672325,34.69656,京广路街道贺江路元福大食堂楼梯左侧1号,18838979598,4,11,暂无,8：00——22：00
二七区,蜜雪冰城(长江丹尼斯百货店),113.633501,34.709501,113.633501,34.709501,长江中路135号丹尼斯百货(长江店),13213169925;13213169951,4,8,长江路,8：00——22：00
二七区,CoCo都可(升龙咖啡店),113.640666,34.725634,113.640666,34.725634,人和路政通路交叉口升龙商业广场A区1层1023号,暂无,4,15,淮河路,8：00——22：00
二七区,周黑鸭(郑州南彩路店),113.626084,34.682543,113.626084,34.682543,南彩路星润大厦102-3号商铺,13503452531;4001717917,4,27,暂无,8：00——22：00
二七区,关虎屯老味米线(二七广场店),113.668662,34.751469,113.668662,34.751469,西大街166号1号楼1层22号,暂无,4,15,西大街,8：00——22：00
二七区,福前小酥肉(亚细亚卓悦城店),113.667079,34.751587,113.667079,34.751587,彩虹路与德化步行商业街交叉口东北40米,15981837062,4,14,西大街,8：00——22：00
二七区,YesLemon就是柠手打柠檬茶(二七广场·亚细亚卓悦城店),113.667199,34.751413,113.667199,34.751413,德化街89号B1层(二七广场地铁站B口步行130米),15136111003,4,暂无,西大街,8：00——22：00
二七区,周黑鸭(华城国际中心店),113.643653,34.739075,113.643653,34.739075,大学北路80号康桥华城10号楼1层A86,0371-60982917;4001717917,4,35,暂无,8：00——22：00
二七区,潮汕鼎记,113.629434,34.687852,113.629434,34.687852,亚星万家百汇2层3-5号商铺潮汕鼎记,18538166183,4,67,暂无,8：00——22：00
二七区,幸福树下蛋糕(二七万达店),113.642746,34.719826,113.642746,34.719826,大学南路8号13号楼20层2005,13607674402,4,78,航海中路/航海西路,8：00——22：00
二七区,协众创老河大焖烤鸡腿饼(永安街店),113.654074,34.733701,113.654074,34.733701,永安街35-20号,18339800818,4,10,建中街,8：00——22：00
二七区,邱记北京烤鸭(长江路店),113.654852,34.710187,113.654852,34.710187,长江路高砦新农贸市场,15313011205;16638131074,4,暂无,京广路,8：00——22：00
二七区,无谷轻食(升龙国际店),113.639675,34.725621,113.639675,34.725621,政通路62号院三号楼裙房一层A1086号,18703828208,4,31,淮河路,8：00——22：00
二七区,中岳高记登封烧饼(勤劳街店),113.642058,34.738844,113.642058,34.738844,大学路路陇海路康桥华城商业街A-16,13838571696;15515982918,4,暂无,暂无,8：00——22：00
二七区,绝味鸭脖(棉纺路二店),113.634875,34.755875,113.634875,34.755875,五里堡街道棉纺路46号41号,18439416065,4,25,建设东路,8：00——22：00
二七区,老陈鸭肠王,113.654549,34.733957,113.654549,34.733957,永安街8号院,13673609932,4.1,15,京广路,8：00——22：00
二七区,金菜源(佛岗新居店),113.671017,34.695623,113.671017,34.695623,佛岗新居99-2,0371-65351718;15136405816;18638128728,4.2,46,暂无,8：00——22：00
二七区,卤三锅(民安路44号附1号院店),113.635071,34.730816,113.635071,34.730816,民安路55-2号,13526584646,4.1,28,淮河路,8：00——22：00
二七区,陕西油泼面(丹枫路),113.667107,34.694094,113.667107,34.694094,丹枫路11号,18703866871,4.1,20,暂无,8：00——22：00
二七区,老虎酱牛肉(兴华南街店),113.632959,34.733733,113.632959,34.733733,兴华南街九号院,13525586006,4.1,26,暂无,8：00——22：00
二七区,小馆子涮羊肉(隆福国际店),113.653226,34.739877,113.653226,34.739877,幸福路隆福国际4号楼2层附1号,13014558002,4.1,63,京广路,8：00——22：00
二七区,德清斋涮锅,113.67101,34.70661,113.67101,34.70661,连云路天地尚城小区7-9号楼57-20号,0371-55151666,4.2,54,长江路,8：00——22：00
二七区,水映江南(二七区店),113.636144,34.702946,113.636144,34.702946,嵩山路街道淮南街80号1号楼2层附20号商业201,暂无,4.5,暂无,二七万达,8：00——22：00
二七区,麦甜甄芒(黄河科技大学西门店),113.670288,34.690602,113.670288,34.690602,京广路街道连云路128号9号楼1-2层109号,19013925898,4.4,13,暂无,8：00——22：00
二七区,郭小妞炝锅面,113.674592,34.71443,113.674592,34.71443,紫云路与冯庄路交叉口,13203897808,4.5,14,暂无,8：00——22：00
二七区,米恋家小炒肉(马寨镇东方路店),113.531045,34.711247,113.531045,34.711247,东方路马寨店,13255968783,4.4,23,暂无,8：00——22：00
二七区,曼巴鸭梨·韩风炸鸡,113.636881,34.705923,113.636881,34.705923,郑航街与淮南街交叉口东南角17号,13073766778,4.4,31,二七万达,8：00——22：00
二七区,徐记甑糕烤馒头(学府新家园店),113.645308,34.742246,113.645308,34.742246,大学北路与康复前街交叉口向东150米路北,13938476156,4.4,21,京广路,8：00——22：00
二七区,老村长鲜炒鸡烩面(盛世之都店),113.665403,34.708129,113.665403,34.708129,碧云路23号盛世之都长江东路小学对面,18039100860,4.4,37,京广路,8：00——22：00
二七区,乐小满麻辣烫麻辣香锅(康复前街店),113.644811,34.742081,113.644811,34.742081,大学路康复前街向东10米路南,13223023669;18339972998,4.4,23,京广路,8：00——22：00
二七区,伍圆饮料厂(泰和里分厂),113.657454,34.738386,113.657454,34.738386,陇海中路13号,暂无,4.4,暂无,京广路,8：00——22：00
二七区,杨姐铁板鱿鱼(桃源南街4号院店),113.636115,34.739701,113.636115,34.739701,桃源南街4号院4号楼底层2号门面房,13837178536,4.4,22,暂无,8：00——22：00
二七区,筋饷脆爱上叉骨炸鸡(兴华南街店),113.635339,34.702975,113.635339,34.702975,锦美南华府2期,15324988571,4.4,9,二七万达,8：00——22：00
二七区,宝庆源涮锅(保全街28号院店),113.655614,34.731583,113.655614,34.731583,京广路与保全街交叉口向西100米路北,13253602212,4.4,37,建中街,8：00——22：00
二七区,华中吴三热干面(春晖路店),113.66047,34.712954,113.66047,34.712954,健达幼儿园东门旁,15936201112,4.4,15,京广路,8：00——22：00
二七区,孙逍遥胡辣汤总店(长江花园店),113.6508,34.70755,113.6508,34.70755,行云路长江花园27号门面1层,15290406877,4.4,12,长江路,8：00——22：00
二七区,贝乐烘焙(万千世纪城店),113.640751,34.713286,113.640751,34.713286,人和路,13323866613;13803860490,4.4,暂无,二七万达,8：00——22：00
二七区,东北饺子家乡菜,113.640179,34.731792,113.640179,34.731792,民安路与勤劳街交叉口西100米路北,15639063677,4.4,61,淮河路,8：00——22：00
二七区,华原颐舍悦餐厅,113.632846,34.753476,113.632846,34.753476,建设东路32号3层,0371-61738008;18695899766,4.4,83,棉纺路,8：00——22：00
二七区,府润食府,113.632595,34.728024,113.632595,34.728024,淮河路与兴华南街交叉口向南50米路西,0371-67886992,4.1,171,淮河路,8：00——22：00
二七区,马四涮锅(兴华街店),113.632729,34.710535,113.632729,34.710535,长江中路128号21号楼1-1层附1号,0371-68662929;13938242383,4.1,89,长江路,8：00——22：00
二七区,外屋地东北饺子手擀面(珠江荣域北院店),113.626457,34.714183,113.626457,34.714183,郑密路88号院16号楼附1号,0371-63298310;13733165818,4.5,55,二七万达,8：00——22：00
二七区,耿幸福铁锅焖面(亚细亚·卓悦城店),113.667424,34.751781,113.667424,34.751781,德化街89号亚细亚卓悦城三楼C4,暂无,4.3,24,西大街,8：00——22：00
金水区,PHO HOUSE粉店(熙地港店),113.719219,34.786292,113.719219,34.786292,地德街5-16绿城·百合公寓风荷苑,15517176368;15639093731,4.5,66,熙地港,8：00——22：00
金水区,栖三(未来路店),113.706379,34.764896,113.706379,34.764896,金水路未来路交叉口向北200米路东喜鹊愉家旅馆1层,0371-63365273,4.7,暂无,未来路,8：00——22：00
金水区,周家壮馍(开州府),113.690508,34.818955,113.690508,34.818955,郑花路59号21世纪居住社区52号楼1单元平台层西2号,13140003339;13839385553,4.7,26,花园路,8：00——22：00
金水区,红河小镇,113.648889,34.759983,113.648889,34.759983,大石桥街道金水路与京广快速路交叉口东南240米,0371-53369996;18530936756,4.6,68,金水路,8：00——22：00
金水区,聚味美大盘鸡(天伦琥珀名城店),113.689596,34.825337,113.689596,34.825337,天伦路琥珀名城9号院25号楼1层2号,13007535526,4.6,34,花园路,8：00——22：00
金水区,台湾光芒手作(万安街总店),113.746617,34.757542,113.746617,34.757542,东区万安街20-6号(万安街与兴荣街交口南20米路西),0371-55633520,4.4,39,暂无,8：00——22：00
金水区,皇宫大酒店(经三路店),113.691953,34.797421,113.691953,34.797421,经三路鑫苑路交叉口西北角鑫苑路8号,0371-68566666;0371-68588888,4.5,134,经三路沿线,8：00——22：00
金水区,金桥宾馆,113.651489,34.764509,113.651489,34.764509,金水路43号,0371-63882882;0371-63882888,4.7,暂无,金水路,8：00——22：00
金水区,家香美小馆子,113.724639,34.789173,113.724639,34.789173,东风路与众意路交叉口,0371-65965339;15238337778,4.4,108,熙地港,8：00——22：00
金水区,鲜品味海鲜加工厂,113.744296,34.768397,113.744296,34.768397,黄河南路与熊儿河路交叉口南100米路东,0371-61695999;0371-61697888,4.6,159,暂无,8：00——22：00
金水区,巴黎之花法国餐厅(天雅大厦店),113.732907,34.763597,113.732907,34.763597,天雅大厦西门旁,0371-86223999;13523516060;18937166383,4.6,467,暂无,8：00——22：00
金水区,煜丰汴京烤鸭(福彩路店),113.698587,34.801098,113.698587,34.801098,晨旭路9-7号,0371-65740088,4.6,82,经三路沿线,8：00——22：00
金水区,爱妃堡酒店(地中海商业广场店),113.637595,34.823482,113.637595,34.823482,普罗旺世地中海商业街,0371-88888659;17698219198,4.5,64,国基路,8：00——22：00
金水区,海便利蒸汽海鲜,113.764697,34.792467,113.764697,34.792467,普罗旺世·龙之梦东苑东门西北50米,13673373333,4.1,116,暂无,8：00——22：00
金水区,大学椒麻鸡海鲜(金沙公寓店),113.636552,34.773396,113.636552,34.773396,沙口路105号(沙口路地铁站B3口向北步行300米),13333831031,4.3,55,暂无,8：00——22：00
金水区,海便利蒸汽海鲜,113.748634,34.783908,113.748634,34.783908,天赋路天瑞街交叉口西北角,0371-66326688;13733805567,4.5,100,暂无,8：00——22：00
金水区,孔雀裡融合餐廳,113.699783,34.79377,113.699783,34.79377,丰产路街道东风路北东明路西1号楼1-01号,13223711123;18737199678,4.4,92,经三路沿线,8：00——22：00
金水区,西牧尚品新疆菜·土坑烤全羊,113.733126,34.761841,113.733126,34.761841,通泰路与金水路交叉口向北50米路东,0371-86598888,4.6,75,暂无,8：00——22：00
金水区,百乐烘焙(经七路店),113.672079,34.775412,113.672079,34.775412,黄河路经七路交叉口向北90米路西,0371-63928730;15517550721,4.3,56,经八路,8：00——22：00
金水区,清真·领头羊铜锅涮,113.639122,34.830678,113.639122,34.830678,三全路索凌路交叉口向西100米路南,0371-68977777;15515772755,4.7,65,国基路,8：00——22：00
金水区,地道东北菜,113.691271,34.759017,113.691271,34.759017,城东路113号,15093403123,4.5,53,金水路,8：00——22：00
金水区,沃美莱生活超市(丰庆路店),113.648348,34.811507,113.648348,34.811507,丰庆路与北三环辅路交叉口东北80米,暂无,4.7,暂无,国基路,8：00——22：00
金水区,月下料理(楷林IFC店),113.771748,34.770302,113.771748,34.770302,金水东路88号郑州金融国际中心2号楼1层103,0371-65332625;13939035252;15738878411,4.5,683,暂无,8：00——22：00
金水区,螺呦味螺蛳粉(宝龙总店),113.735965,34.782407,113.735965,34.782407,郑东新区宝龙广场A区1257,13027745555;15837155551,4.8,20,暂无,8：00——22：00
金水区,老九牛羊肉(恒大名都店),113.669827,34.795648,113.669827,34.795648,恒大名都5栋102号,13526797069;15638260595,4.4,36,东风路,8：00——22：00
金水区,闽家味,113.643928,34.816087,113.643928,34.816087,丰庆佳苑11号楼门面房S1115,13905967489,4.6,64,国基路,8：00——22：00
金水区,泰象林茶餐厅,113.687557,34.795797,113.687557,34.795797,东风路与政七街西南角,18203978878,4.5,99,花园路,8：00——22：00
金水区,玉十八号米线(庙张北区店),113.774549,34.783303,113.774549,34.783303,祭城路街道庙张小区北院2号楼5单元一楼门面房,0371-86222105;15729366202;18614968892,4.4,19,暂无,8：00——22：00
金水区,清真·百顺斋手工鲜汤烩面,113.770423,34.780454,113.770423,34.780454,祭城社区心怡路36号院东门南110米,13526722198;18638758700,4.4,55,暂无,8：00——22：00
金水区,龙生源普洱驿站(金汇苑店),113.715449,34.783679,113.715449,34.783679,金汇苑东1门北110米(金汇桥地铁站B口步行300米),0371-86605678,4.6,暂无,熙地港,8：00——22：00
金水区,中州皇冠假日酒店·棕榈阁巴西烤肉海鲜自助餐厅,113.694345,34.762461,113.694345,34.762461,花园路街道金水路115号中州皇冠假日酒店,0371-65858645,4.4,151,金水路,8：00——22：00
金水区,姐弟南京咸水鸭(事务管理局家属院店),113.688004,34.770226,113.688004,34.770226,纬四路9-15号,13938409806;15093262706,4.7,19,花园路,8：00——22：00
金水区,茶百道(郑州金成时代广场店),113.706075,34.777075,113.706075,34.777075,姚砦路133号10号楼1层108号,17719801682,4.4,20,姚寨,8：00——22：00
金水区,Yes Lemon就是柠·手打柠檬茶(郑州油化厂店),113.64076,34.77157,113.64076,34.77157,沙口路黄河路北郑州记忆1952油化厂旅游休闲街区(东南角),18337171866,4.4,15,南阳路,8：00——22：00
金水区,失眠企鹅精酿啤酒(金融岛店),113.730068,34.81049,113.730068,34.81049,龙湖金融岛郑州银泰inPARK商业4区2层C-L2010,18736141358,4.5,暂无,暂无,8：00——22：00
金水区,YAHA·手作(国贸a座店),113.681253,34.784844,113.681253,34.784844,国贸a座4楼402(关虎屯地铁站C口步行280米),15824890420,4.5,29,花园路,8：00——22：00
金水区,福鹿家啤酒厂(丰庆路),113.648833,34.824525,113.648833,34.824525,丰庆路63号正商园田花园,18039397383,4.6,31,国基路,8：00——22：00
金水区,菜鸟驿站(升龙凤凰城店),113.707692,34.740356,113.707692,34.740356,陇海路与未来路交叉口凤凰茶城10号楼二单元3号铺,18135786313,4.4,暂无,未来路,8：00——22：00
金水区,呆着咖啡(天时路店),113.752471,34.783998,113.752471,34.783998,郑东新区天时路龙湖花园21号附27号,17600404651,4.2,39,暂无,8：00——22：00
金水区,湘约开小灶,113.673853,34.819391,113.673853,34.819391,国基路(陈寨东地铁站A口步行240米),13007615207;18937125468,4.1,56,北环,8：00——22：00
金水区,方一坤野山菌胡辣汤(凤凰城店),113.714788,34.744279,113.714788,34.744279,凤台路322号凤凰卫士花园18号楼1-2层,暂无,4.3,暂无,凤凰台,8：00——22：00
金水区,朴大叔拌饭(丹尼斯六天地店),113.721099,34.777063,113.721099,34.777063,丹尼斯六天地3楼巴奴旁,13033727853,4.3,30,商务内环,8：00——22：00
金水区,老卫全美糕点店,113.654396,34.808781,113.654396,34.808781,博颂路16-6-16号,0371-63336891;13592475106,4.2,20,东风路,8：00——22：00
金水区,全兴滋补鸡血汤(东风路店),113.634295,34.795124,113.634295,34.795124,南阳路256-4附近(同乐地铁站B口步行230米),13073775006,4.2,12,南阳路,8：00——22：00
金水区,醉面(郑州正道花园百货店),113.682349,34.769718,113.682349,34.769718,正道花园百货西门北70米,19836640437,4.2,14,花园路,8：00——22：00
金水区,瑞幸咖啡(国贸招银大厦店),113.681037,34.786048,113.681037,34.786048,花园路39号招银大厦一层大堂,4000100100,4.2,18,花园路,8：00——22：00
金水区,帕帕珍味(金融岛店),113.738662,34.812396,113.738662,34.812396,龙湖金融岛郑州银泰inPARK商业1区1层L1-DJ104-1,19103887435,4.2,12,暂无,8：00——22：00
金水区,醉巴鲜烤鱼(天悦城店),113.654334,34.829257,113.654334,34.829257,三全路和中方园路86号天悦城负一层华豫百佳内,19138111929,4.2,59,国基路,8：00——22：00
金水区,醉面(郑州绿地360店),113.76672,34.770227,113.76672,34.770227,金水东路80号新田360广场郑州绿地店F5层,15014121701,4.2,17,暂无,8：00——22：00
金水区,醉巴鲜烤鱼(瀚海北金店),113.665823,34.809201,113.665823,34.809201,瀚海北金商场3楼,15303845138,4.1,57,东风路,8：00——22：00
金水区,醉面(郑州金城国际店),113.692137,34.794425,113.692137,34.794425,经三路农科路招商银行旁边,15138691109,4.2,14,经三路沿线,8：00——22：00
金水区,醉面(郑州新東意店),113.699416,34.779812,113.699416,34.779812,东明路北218号索克大厦一楼,17638189751,4.2,23,丰产路,8：00——22：00
金水区,眷茶(普罗旺世店),113.6354,34.823698,113.6354,34.823698,国基路168号普罗旺世小区地中海商业广场普罗市集1层04号商铺,13271563037,4.2,21,国基路,8：00——22：00
金水区,食光里(正弘城店),113.680475,34.795825,113.680475,34.795825,花园路126号郑州正弘城B1层(东风路地铁站C口旁),0371-88920520,4.1,55,花园路,8：00——22：00
金水区,樽舞和牛海鲜火锅(建业总部港店),113.730588,34.784849,113.730588,34.784849,河南自贸试验区郑州片区(郑东)地所润路19号3号楼1层105号2层209号,19137645800,4.5,511,熙地港,8：00——22：00
金水区,和香花式铁板烧料理(原盛国际店),113.770327,34.767559,113.770327,34.767559,金水东路与心怡路交叉口(向南50米原盛国际3号楼C座1层8号底商)距郑东新区心怡路小学,17796506995,4.5,86,暂无,8：00——22：00
金水区,张老四大虾王(丰庆路店),113.6481,34.796867,113.6481,34.796867,丰庆路于群办路交叉口东北角,13298327780;13298331992;13460278341,4.4,76,东风路,8：00——22：00
金水区,静水瓦屋(三石大厦店),113.693877,34.796871,113.693877,34.796871,经三路与鑫苑路交叉口三石大厦1-2层,18860353444,4.5,158,经三路沿线,8：00——22：00
金水区,豫发馍菜汤(绿洲·银郡店),113.69226,34.79108,113.69226,34.79108,经三路56号院综合楼裙楼二层,0371-63389770,4.4,暂无,经三路沿线,8：00——22：00
金水区,河南中医药大学龙子湖校区杏苑餐厅,113.805237,34.783891,113.805237,34.783891,河南中医药大学龙子湖校区北门西南80米,暂无,4.3,8,暂无,8：00——22：00
金水区,剧会音乐西餐厅,113.679953,34.774851,113.679953,34.774851,黄河路17附3(黄河路地铁站D口步行220米),暂无,4.6,102,花园路,8：00——22：00
金水区,至尊强仔(正光北街店),113.754982,34.771566,113.754982,34.771566,农业南路与正光北街交叉口东50米,0371-55006688,4.6,80,暂无,8：00——22：00
金水区,约尚蛋糕龙子湖店,113.793938,34.807722,113.793938,34.807722,教工花苑西门北150米,15036063492,4.5,55,暂无,8：00——22：00
金水区,阿米奇餐厅酒吧,113.707764,34.763475,113.707764,34.763475,未来路与金水路交叉口附近(燕庄地铁站A口步行390米),0371-89960838,4,255,燕庄,8：00——22：00
金水区,未来大酒店,113.707084,34.769278,113.707084,34.769278,未来路69号附1号,0371-65612288;13603980643,4.6,暂无,金水路,8：00——22：00
金水区,清真·阿恰西域饭店(东洲商务店),113.765579,34.760788,113.765579,34.760788,金水区自贸试验区郑州片区(郑东)创业路6号东风南路向西20米路北,0371-58533677,4.3,62,暂无,8：00——22：00
金水区,世家牛扒城,113.666585,34.770974,113.666585,34.770974,文化路与任寨北街交叉口西北角,0371-86668881;0371-86668885,4.5,88,经八路,8：00——22：00
金水区,霖豆烤鱼,113.757714,34.757155,113.757714,34.757155,路劲青春悦园东门北100米,15515622292,4.4,51,暂无,8：00——22：00
金水区,歌迷量贩KTV全国连锁(文化路),113.666182,34.800757,113.666182,34.800757,文化路71号,0371-53621001,4.6,81,东风路,8：00——22：00
金水区,善缘聚素食(CBD店),113.733121,34.762087,113.733121,34.762087,祭城路街道郑东新区金水路与通泰路交叉口向北50米路东雄鹰商务一楼,15890190046,4.6,96,暂无,8：00——22：00
金水区,昕语牛排(金明路),113.688775,34.802375,113.688775,34.802375,广电南路金明路南300米路西,13193855771,4.8,68,花园路,8：00——22：00
金水区,鲁班张中原家宴(马庄街店),113.711618,34.788872,113.711618,34.788872,马庄街3号,0371-68090888;13526816381,4.7,260,熙地港,8：00——22：00
金水区,伊园涮锅,113.689989,34.757731,113.689989,34.757731,东里路1号附1号,0371-66319889,4.4,58,金水路,8：00——22：00
金水区,郑州绿地JW万豪酒店大堂吧,113.727264,34.770921,113.727264,34.770921,商务内环路中央公园2号千玺广场38层,0371-87078210,4.4,暂无,商务内环,8：00——22：00
金水区,墨兰轩(如意东路辅路店),113.733828,34.78182,113.733828,34.78182,宝龙广场A区2022号,0371-86118601,4.7,暂无,暂无,8：00——22：00
金水区,湘珍湖南米粉牛肉面(通泰路店),113.732906,34.748663,113.732906,34.748663,商都路通泰路西北角(通泰路地铁站D口步行80米),暂无,4.5,12,暂无,8：00——22：00
金水区,范院坞茶馆(鑫园小区店),113.716688,34.752586,113.716688,34.752586,商城东路4-1,0371-69168389,4.5,93,未来路,8：00——22：00
金水区,黔家婆酸汤牛肉火锅(金水印象汇店),113.725257,34.749336,113.725257,34.749336,中州大道1188号印象汇商场四层04-05铺位,13253329766,4,66,郑汴路,8：00——22：00
金水区,桥头之约烤吧(宝龙广场A区店),113.734743,34.782555,113.734743,34.782555,宝龙城市广场14号门旁(农业东路地铁站A口步行60米),13673665554;13683838216,4.2,112,暂无,8：00——22：00
金水区,豫知音赋宴坊,113.755264,34.771666,113.755264,34.771666,招银大厦2号楼1-3层,0371-62221666;15617925513,4.5,308,暂无,8：00——22：00
金水区,田小灶,113.706084,34.775549,113.706084,34.775549,红砖路与姚砦路交汇处东南角金成时代广场2号楼3单元1-117,18836953533,4.4,25,姚寨,8：00——22：00
金水区,郭鑫峰爆汁炸鸡腿,113.669408,34.775498,113.669408,34.775498,经八路11号海鲜农贸市场1楼01号,13223018132,4.5,16,经八路,8：00——22：00
金水区,哪吒同学 云南鲜烫牛肉米线 (金成时代广场店),113.706569,34.776872,113.706569,34.776872,7-128(姚砦·聂庄地铁站C口步行380米),18336510285,4.5,11,姚寨,8：00——22：00
金水区,拾云记,113.734912,34.781181,113.734912,34.781181,宝龙广场A区东北门西南290米,19337102688,4.6,52,暂无,8：00——22：00
金水区,Oops!哎呦,113.66844,34.76024,113.66844,34.76024,西里路47号,15225106974,4.4,94,金水路,8：00——22：00
金水区,禧粤·荷塘粤色,113.699117,34.805982,113.699117,34.805982,福彩路1号山顶御鑫城1号楼1层附2号,18538109911,4.5,64,北林路,8：00——22：00
金水区,大汗烤羊腿(岗杜街店),113.653231,34.769277,113.653231,34.769277,南阳路与岗杜街交叉向东50-100米左右,13756430777;15981873699,4.4,92,金水路,8：00——22：00
金水区,郑州索菲特国际饭店,113.692526,34.761908,113.692526,34.761908,金水路115号E座,0371-65950088,4.6,暂无,金水路,8：00——22：00
金水区,枫糖里·糖水铺,113.647015,34.80078,113.647015,34.80078,东风路街道瀚海海尚商业街1层B172,13523429773,4.3,18,东风路,8：00——22：00
金水区,江西烧菜馆·南昌府,113.736112,34.756182,113.736112,34.756182,商鼎路与百福街向北50米路西,18530014235,4.3,75,暂无,8：00——22：00
金水区,纪闲斋铜锅涮(凤鸣路店),113.723632,34.749701,113.723632,34.749701,建业路90号建业新天地桂园,暂无,4.3,暂无,郑汴路,8：00——22：00
金水区,福鹿家啤酒厂(健康路店),113.663927,34.773294,113.663927,34.773294,健康路与黄河路交叉口往南100米路西,18338276671,4.3,暂无,省体育馆,8：00——22：00
金水区,刘涛烧烤(龙鑫苑店),113.73611,34.757583,113.73611,34.757583,兴荣街与百福街交叉口南70米1号11号楼1-2层07号,13673382583;13783618946,4,63,暂无,8：00——22：00
金水区,老爸烧鸡店,113.651864,34.770051,113.651864,34.770051,岗杜北街(海滩寺地铁站B口步行420米),17638161586,4.1,17,金水路,8：00——22：00
金水区,ZHONG BAR coffee&brew(熙地港店),113.719024,34.787227,113.719024,34.787227,地润路3号绿城百合公寓9号楼1层附06号,13283809708,4.2,暂无,熙地港,8：00——22：00
金水区,让咖啡艺术空间(民航路12号天源小区店),113.716425,34.76521,113.716425,34.76521,民航路22号院6号楼1层,13290900899,4.2,暂无,金水路,8：00——22：00
金水区,MEAT肉食者薄底披萨&芝士欧包(万达中心店),113.676898,34.793469,113.676898,34.793469,农科路金水万达金街二楼10-236号商铺,15003890155,4.3,62,东风路,8：00——22：00
金水区,味美斋烩面包子城(开元小区店),113.637373,34.792495,113.637373,34.792495,南阳路与群办路交叉口北50米路西,18638134303,4.5,41,东风路,8：00——22：00
金水区,班记油泼面(正弘蓝堡湾2期南区店),113.673237,34.79515,113.673237,34.79515,正弘蓝堡湾二期南区西门旁,0371-55033777,4.4,20,花园路,8：00——22：00
金水区,宝弟羊肉馆(众意路店),113.722596,34.787143,113.722596,34.787143,温哥华山庄北区东南2门东北390米,0371-55056567,4.3,101,熙地港,8：00——22：00
金水区,银杏树海鲜餐厅(金水路店),113.684358,34.763326,113.684358,34.763326,紫荆山广场西北门东190米,0371-60950855,4.6,暂无,金水路,8：00——22：00
金水区,李兰贵咸水鸭老店(经一路店),113.69771,34.767175,113.69771,34.767175,经一路6号,暂无,4.6,48,金水路,8：00——22：00
金水区,金经有味小馆子(经二路店),113.695299,34.764408,113.695299,34.764408,经二路2号,0371-60940822;13673990033,4.3,49,金水路,8：00——22：00
金水区,爱斯米牛排自助(郑州国贸新田360广场店),113.680542,34.785636,113.680542,34.785636,花园路38号大商新玛特店内7楼AF7022,17203832283,4.5,64,花园路,8：00——22：00
金水区,叙源石斛宴(民生路店),113.751967,34.760528,113.751967,34.760528,祭城路街道民生路5号金领时代,15538138000,4.6,98,暂无,8：00——22：00
金水区,豫文德川香,113.729552,34.754586,113.729552,34.754586,商鼎路1号院1号楼0102号,0371-86633368,4.4,57,暂无,8：00——22：00
金水区,老朱烧烤(顺河路店),113.699739,34.759569,113.699739,34.759569,顺河路18号附3号,13140015559;15303817019,4.4,50,紫荆山,8：00——22：00
金水区,珂子珍味海鲜(经一路总店),113.697741,34.770784,113.697741,34.770784,花园路街道经一路9号门面房,0371-88812722;18625770993,4.7,101,金水路,8：00——22：00
金水区,灵宝小吃新弘农全羊馆总店,113.747403,34.779947,113.747403,34.779947,永基美邻东南门旁,0371-86563003,4.5,40,暂无,8：00——22：00
金水区,本味·焖罐源(天泽街店),113.739271,34.786968,113.739271,34.786968,天泽街1之2-3,0371-68891199;15038078854,4.7,93,暂无,8：00——22：00
金水区,三义春羊肉汤·烩面,113.773644,34.767395,113.773644,34.767395,雅宝·东方国际花园南2门东50米,13523459608,4.4,20,暂无,8：00——22：00
金水区,京顺斋羊肉铺(百福街店),113.736113,34.755692,113.736113,34.755692,龙杰苑东门南120米,16638088868,4.8,84,暂无,8：00——22：00
金水区,小蟹元迷宗蟹,113.712727,34.749659,113.712727,34.749659,玉凤路与凤鸣路交叉口向东100米路南聚锦国际一楼,0371-86090718;13907938626,4.6,128,郑汴路,8：00——22：00
金水区,郑州烤鸭总店(人民路店),113.680521,34.761536,113.680521,34.761536,紫荆山地铁站D口步行250米,0371-66231074;0371-66252796;0371-66266197,4.5,暂无,金水路,8：00——22：00
金水区,溯源饮艺茗茶(东明路店),113.700364,34.774046,113.700364,34.774046,东明路173号,0371-55950777;18625587879,4.6,42,暂无,8：00——22：00
金水区,群青咖啡馆(盛世年华店),113.745401,34.757786,113.745401,34.757786,兴荣街2-104号(黄河南路地铁站E口步行450米),0371-55620289,4.4,78,暂无,8：00——22：00
金水区,豫宴泓园,113.807142,34.790461,113.807142,34.790461,平安大道199号建业智慧港1-2层,0371-65667566,4.6,90,暂无,8：00——22：00
金水区,半亩地(政七街店),113.687248,34.772529,113.687248,34.772529,纬五路与政七街交叉口向北20米路西,0371-65971262,4.4,45,花园路,8：00——22：00
金水区,董米线(健康路店),113.66332,34.766977,113.66332,34.766977,大石桥街道体育馆西侧优胜南路1号天下城,18638716800;18638947805,4.3,18,金水路,8：00——22：00
金水区,黎留义烩面馆(龙子湖店),113.807365,34.791054,113.807365,34.791054,平安大道与中道东路交叉口向南50米,0371-60928818;18538057779,4.3,37,暂无,8：00——22：00
金水区,巴记羊肉汤烩面馆(黄河路店),113.69928,34.77485,113.69928,34.77485,东明路黄河路交叉口西100米路北,0371-56795777;15517520777,4.4,32,暂无,8：00——22：00
金水区,郑享吃烩面烧烤(红专路店),113.695801,34.779799,113.695801,34.779799,红专路103号,16638121212,4.6,54,经二路,8：00——22：00
金水区,东北饺子馆(祥盛街店),113.769902,34.766079,113.769902,34.766079,祥盛街29号院3号楼东单元一层门面,15649057777,4.3,18,暂无,8：00——22：00
金水区,百年味道炝锅面(聚锦苑店),113.711239,34.749252,113.711239,34.749252,卡鲁小镇国际儿童成长中心西北门南60米,0371-55668875,4.4,39,郑汴路,8：00——22：00
金水区,口福老店熬炒鸡(红旗路店),113.689895,34.776784,113.689895,34.776784,红旗路88-1号(省人民医院地铁站D口步行470米),0371-56677760,4.7,29,经三路沿线,8：00——22：00
金水区,百年味道炝锅面(通泰路店),113.733592,34.751028,113.733592,34.751028,通泰路八里庙社区南六区4号楼与5号楼之间门面房,0371-55662322;15639033557,4.5,33,暂无,8：00——22：00
金水区,上贤居湖北菜(政七街店),113.687209,34.788204,113.687209,34.788204,政七街98号,0371-65867899;15617727212,4.3,67,花园路,8：00——22：00
金水区,付亮炒鸡大盆骨(恒升家园店),113.688484,34.80037,113.688484,34.80037,恒升家园东门南180米,13849048630,4.6,31,经三路沿线,8：00——22：00
金水区,越秀酒家(任寨北街店),113.669141,34.77065,113.669141,34.77065,任寨北街6-13号,0371-63837666;0371-63837888;15136208800,4.4,145,金水路,8：00——22：00
金水区,醒客书店,113.672043,34.782303,113.672043,34.782303,经七路15号-14附近,0371-60915868,4.5,26,丰产路,8：00——22：00
金水区,醉猫猫咖狗咖小宠咖,113.681323,34.784793,113.681323,34.784793,农业路花园路路口国贸A座写字楼21层2103室,17335773208,4.4,暂无,花园路,8：00——22：00
金水区,襄县老海记焖面城,113.698031,34.765574,113.698031,34.765574,经一路与政四街交叉口路东北角,15517575557,4.4,31,金水路,8：00——22：00
金水区,阿毛老川菜(林科路店),113.705923,34.789296,113.705923,34.789296,非常国际2期南门东110米,15136168861,4.5,40,暂无,8：00——22：00
金水区,郑州建业艾美酒店·乐美中餐厅,113.724922,34.747572,113.724922,34.747572,郑东新区中州大道郑汴路交叉口建业艾美酒店一楼,暂无,4.4,暂无,郑汴路,8：00——22：00
金水区,清真老李牛肉丸子汤(黄河路230号院店),113.650734,34.774936,113.650734,34.774936,黄河路50号(海滩寺地铁站A口步行160米),暂无,4.3,13,南阳路,8：00——22：00
金水区,大厨小宴(御府3号店),113.685643,34.819572,113.685643,34.819572,御府三号一号楼一单元(沙门地铁站E口步行180米),15638913600,4.6,36,花园路,8：00——22：00
金水区,梅苑家常菜,113.667157,34.761427,113.667157,34.761427,烟草研究院家属南院二七路79号院西门旁,0371-66232551,4.6,44,金水路,8：00——22：00
金水区,百年老店白堽羊肉烹羊世家,113.701183,34.779789,113.701183,34.779789,红专路117号1号楼,0371-65956555;0371-65965969;15136411210,4.5,70,姚寨,8：00——22：00
金水区,客家菜馆(政七街),113.687669,34.79388,113.687669,34.79388,东风路与政七街交汇处向南200米路西,15936233866,4.6,40,花园路,8：00——22：00
金水区,豪佳香,113.661808,34.774455,113.661808,34.774455,经八路街道黄河路89号,0371-63872333,4.5,50,省体育馆,8：00——22：00
金水区,丽都酒楼(经五路店),113.678115,34.782922,113.678115,34.782922,关虎屯商业步行街与经五路交叉口东50米,0371-65711803;0371-65730468;18625578374,4.4,57,花园路,8：00——22：00
金水区,东京包子楼(河南省农机局家属院店),113.687186,34.777672,113.687186,34.777672,政七街路南31号,13937181196;15617605211,4.6,30,花园路,8：00——22：00
金水区,小凯撒披萨,113.658294,34.808448,113.658294,34.808448,博颂路东润泰和,13673990101;18530886884,4.8,35,东风路,8：00——22：00
金水区,上河帮老川菜(恒升府第3期店),113.698991,34.802985,113.698991,34.802985,恒升府第3期西2门旁,0371-86235736;13598093069,4.4,33,北林路,8：00——22：00
金水区,鮨涵料理(五行嘉园店),113.722922,34.768598,113.722922,34.768598,五行嘉园A座西南门旁(会展中心地铁站D口步行360米),13426209148,4.4,220,商务内环,8：00——22：00
金水区,润居茶水间,113.725636,34.786894,113.725636,34.786894,联盟新城七期51栋1层,0371-89917000;0371-89917070;13838355704,4.5,200,熙地港,8：00——22：00
金水区,湖北渔村(任寨北街店),113.668207,34.770657,113.668207,34.770657,任寨北街6-5号,0371-63821552,4.5,47,省体育馆,8：00——22：00
金水区,麻婆豆腐(建业路店),113.722118,34.760048,113.722118,34.760048,未来路街道金水路201号绿城水岸名苑,13213010719,4.5,41,燕庄,8：00——22：00
金水区,火豹脆皮炸鸡(晨旭路总店),113.694165,34.801363,113.694165,34.801363,花花牛家属院北门西北50米,18503884515,4.3,17,经三路沿线,8：00——22：00
金水区,辛记烤羊腿碳锅鱼(黄河路店),113.655395,34.775141,113.655395,34.775141,卫生路与黄河路向北20米路西,18539952267,4.6,49,南阳路,8：00——22：00
金水区,泰诚行泰式融合餐厅(任寨北街店),113.668814,34.77065,113.668814,34.77065,任寨北街6号院北门旁,15838125818,4.6,91,省体育馆,8：00——22：00
金水区,ZAX BBQ(正弘蓝堡湾店),113.674951,34.7962,113.674951,34.7962,蓝堡湾二期贵人街6-106,0371-55631914,4.5,109,花园路,8：00——22：00
金水区,郑州航空工业管理学院东苑餐厅,113.788778,34.786778,113.788778,34.786778,相济路郑州航空工业管理学院,暂无,4.5,14,暂无,8：00——22：00
金水区,驴佰味驴肉炖锅(信息学院路店),113.659178,34.804904,113.659178,34.804904,信息学院路与文劳路交叉口向南20m,13838282762,4.3,46,东风路,8：00——22：00
金水区,纸片咖啡·面包·蛋糕,113.699828,34.795553,113.699828,34.795553,鑫苑路鑫苑名家19号楼一楼西户,15617877752,4.7,50,北林路,8：00——22：00
金水区,RIO CAFE(外贸家属院店),113.661105,34.775085,113.661105,34.775085,文化路街道黄河路黄河北街向北10米,0371-63903700;15981872669,4.3,28,暂无,8：00——22：00
金水区,四川阿彭回锅肉饭店(百福街店),113.736489,34.75706,113.736489,34.75706,百福街龙祥苑小区23-24号商铺,15515944611;18134741118,4.6,暂无,暂无,8：00——22：00
金水区,景祥烩面,113.684935,34.773601,113.684935,34.773601,政六街3号附16号近黄河路,0371-65937088;0371-65966558,4.4,暂无,花园路,8：00——22：00
金水区,永合酒店(国贸360动物园店),113.693917,34.786248,113.693917,34.786248,农业路37号(银丰商务港B座11-16楼),0371-60681888,4.4,暂无,经三路沿线,8：00——22：00
金水区,长城饭店,113.692202,34.770523,113.692202,34.770523,经三路14号,0371-65797777;0371-65797590;0371-65797557;0371-65797559,4.3,暂无,经三路沿线,8：00——22：00
金水区,船越鲜鱼捞(丹尼斯六天地店),113.720918,34.77674,113.720918,34.77674,郑东新区商务内环路与众意路交叉口丹尼斯6天地大卖场F3层,15937126112,4.1,108,商务内环,8：00——22：00
金水区,二毛川菜馆(黄河路店),113.676431,34.774827,113.676431,34.774827,黄河路18号,0371-86009108;18695857215,4.2,55,暂无,8：00——22：00
金水区,朝鲜饭店(顺河路),113.697528,34.759646,113.697528,34.759646,顺河路16号,13938467565,4.2,85,紫荆山,8：00——22：00
金水区,千爱和食日式料理,113.716245,34.764316,113.716245,34.764316,民航路14号(民航路地铁站H口步行220米),18638166128,4.3,97,燕庄,8：00——22：00
金水区,管记凉皮老店(黄河路店),113.674525,34.774839,113.674525,34.774839,黄河路21号底层,15538350221;17752540221,4.1,14,暂无,8：00——22：00
金水区,西域臻品砂锅鸡(新村路店),113.647874,34.827968,113.647874,34.827968,宏泰路56-13,15515851213,4.1,43,国基路,8：00——22：00
金水区,函谷关灵宝羊肉汤馆(东明路店),113.699968,34.787072,113.699968,34.787072,东明路与农业路交叉口向北30米路西,0371-65822898,4.2,21,暂无,8：00——22：00
金水区,来只鸭(渠东路店),113.674704,34.800288,113.674704,34.800288,圣菲城1期17号(渠东路与花园路交叉口向西600米路北),13613864065,4.2,62,花园路,8：00——22：00
金水区,张记美味思大盘鸡(林科路总店),113.701096,34.789362,113.701096,34.789362,林科路与东明路交叉口东30米路北,0371-65710731;15938794565,4.2,48,暂无,8：00——22：00
金水区,聚奎苑烩面专家,113.667456,34.783614,113.667456,34.783614,社会科学界联合会北门西230米,18037103678,4.2,33,丰产路,8：00——22：00
金水区,缇塔咖啡馆(中海锦苑店),113.656296,34.806362,113.656296,34.806362,文劳路中海锦苑南门东街商铺149号,18939516833,4.2,30,东风路,8：00——22：00
金水区,三和堂老菜馆,113.678842,34.810221,113.678842,34.810221,北三环与花园路交叉口(桥下辅道)向西50米路北,13526603870;15515901333,4.2,89,花园路,8：00——22：00
金水区,麻婆豆腐(郑州金水区),113.643963,34.765307,113.643963,34.765307,沙口路明珠小城1号商铺(门口北侧底商),15639906275,4.2,38,金水路,8：00——22：00
金水区,飞坛黔语·贵州习水麻羊火锅(郑州银泰in PARK店),113.729641,34.810668,113.729641,34.810668,金水区北龙湖金融岛银泰C区二楼C-L2013号,0371-69661888,4,114,暂无,8：00——22：00
金水区,绿城中州国际大饭店(郑州会展中心高铁东站店),113.722905,34.761891,113.722905,34.761891,金水路201号,0371-85510000;0371-85518108,4.8,暂无,燕庄,8：00——22：00
金水区,大河锦江饭店,113.681372,34.772425,113.681372,34.772425,花园路66号,0371-65929999,4.6,暂无,花园路,8：00——22：00
金水区,辣不二地道川菜(大旺城购物中心店),113.770429,34.779799,113.770429,34.779799,祭城社区心怡路55号院西门南200米,暂无,4.6,60,暂无,8：00——22：00
金水区,煮叶(郑州郑东万象城店),113.76547,34.764128,113.76547,34.764128,金水东路辅路与才高街交叉口东南200米郑州郑东万象城L1层,18638261373,4.5,26,暂无,8：00——22：00
金水区,蔡澜港式点心(郑州郑东万象城店),113.763036,34.766155,113.763036,34.766155,金水东路辅路与才高街交叉口东南200米郑州郑东万象城L7层,暂无,4.3,96,暂无,8：00——22：00
金水区,费大厨辣椒炒肉(郑州郑东万象城店),113.763361,34.766434,113.763361,34.766434,金水东路辅路与才高街交叉口东南200米郑州郑东万象城L6层,0371-53370703,4.7,73,暂无,8：00——22：00
金水区,喜庭海鲜自助,113.764953,34.765682,113.764953,34.765682,郑东万象城,0371-55952389,4.6,180,暂无,8：00——22：00
金水区,必胜客(郑州郑东万象城店),113.764669,34.765463,113.764669,34.765463,金水东路辅路与才高街交叉口东南200米郑州郑东万象城北区L4层连廊交界处旁边(小天才对面),17614631752,4.7,37,暂无,8：00——22：00
金水区,红星前进面包牛奶公司(郑州首店),113.765508,34.76426,113.765508,34.76426,金水东路辅路与才高街交叉口东南200米郑州郑东万象城B1层,暂无,4.7,34,暂无,8：00——22：00
金水区,SPACELAB失重餐厅(郑州郑东万象城),113.764815,34.76551,113.764815,34.76551,金水东路辅路与才高街交叉口东南200米郑州郑东万象城7层L726,19043999268,4.7,97,暂无,8：00——22：00
金水区,巴奴毛肚火锅(郑东万象城店),113.763336,34.766468,113.763336,34.766468,金水东路辅路与才高街交叉口东南200米郑州郑东万象城L7层,0371-63358577,4.8,暂无,暂无,8：00——22：00
金水区,白石的烧肉酒场(郑州郑东万象城),113.76537,34.764082,113.76537,34.764082,金水东路辅路与才高街交叉口东南200米郑州郑东万象城南区B1层,17329312812,4.5,94,暂无,8：00——22：00
金水区,麦当劳(郑州郑东万象城店),113.765861,34.76473,113.765861,34.76473,金水东路辅路与才高街交叉口东南200米郑州郑东万象城B2层,暂无,4.6,暂无,暂无,8：00——22：00
金水区,吃饭皇帝大(郑州郑东万象城),113.762123,34.766287,113.762123,34.766287,金水东路辅路与才高街交叉口东南200米郑州郑东万象城L6层,19337135757,4.5,74,暂无,8：00——22：00
金水区,海底捞火锅(郑东万象城店),113.765193,34.763889,113.765193,34.763889,金水东路辅路与才高街交叉口东南200米郑州郑东万象城南区3层,0371-55378099,4.7,101,暂无,8：00——22：00
金水区,蓉亭食贝(郑州郑东万象城店),113.76505,34.764723,113.76505,34.764723,金水东路辅路与才高街交叉口东南200米郑州郑东万象城L4层CL416,0371-67895666,4.5,73,暂无,8：00——22：00
金水区,俄士厨房(郑东万象城店),113.761699,34.765892,113.761699,34.765892,郑东万象城北区6层L649,0371-60585777,4.6,104,暂无,8：00——22：00
金水区,牛排家(郑州郑东万象城店),113.765826,34.764529,113.765826,34.764529,金水东路辅路与才高街交叉口东南200米郑州郑东万象城L4层,暂无,4.7,暂无,暂无,8：00——22：00
金水区,山缓缓火锅(郑东万象城店),113.764637,34.765863,113.764637,34.765863,金水东路辅路与才高街交叉口东南200米郑州郑东万象城L722,15225160275,4.7,127,暂无,8：00——22：00
金水区,BUTTERFUL&CREAMOROUS黄油与面包(郑州郑东万象城店),113.765049,34.765706,113.765049,34.765706,金水东路辅路与才高街交叉口东南200米郑州郑东万象城L1层,暂无,4.8,暂无,暂无,8：00——22：00
金水区,乐班Le'ban(郑州郑东万象城店),113.765304,34.7656,113.765304,34.7656,金水东路辅路与才高街交叉口东南200米郑州郑东万象城B1层,15638105553,4.7,90,暂无,8：00——22：00
金水区,树夏(郑州郑东万象城),113.765749,34.764689,113.765749,34.764689,金水东路辅路与才高街交叉口东南郑州郑东万象城南区B2层,暂无,4.6,暂无,暂无,8：00——22：00
金水区,吕氏疙瘩汤·新派鲁菜(郑东万象城店),113.763718,34.766024,113.763718,34.766024,金水东路辅路与才高街交叉口东南200米郑州郑东万象城L6层,17638505893,4.6,66,暂无,8：00——22：00
金水区,星姨糖水铺(郑州郑东万象城),113.765366,34.764744,113.765366,34.764744,金水东路辅路与才高街交叉口东南200米郑州郑东万象城L3层,15303818238,4.6,20,暂无,8：00——22：00
金水区,大芊金重庆串串火锅(郑东万象城店),113.765541,34.763897,113.765541,34.763897,东风南路与七里河北路交叉口郑州郑东万象城L3层307号,暂无,4.6,66,暂无,8：00——22：00
金水区,麒麟大口茶(郑州郑东万象城店),113.765176,34.765267,113.765176,34.765267,东风南路和七里河北路交叉口郑州郑东万象城南苑B2层DCB205号,暂无,4.5,16,暂无,8：00——22：00
管城回族区,龙泉庄园酒店,113.738034,34.660984,113.738034,34.660984,020乡道与0244乡道交叉口西北150米,18538257986,4.5,暂无,暂无,8：00——22：00
管城回族区,信阳小碗炖菜,113.694498,34.705976,113.694498,34.705976,紫南花园东院西门东南100米,13203717853,4.1,暂无,暂无,8：00——22：00
管城回族区,顺城街全羊鲜汤(拥军路),113.753746,34.672072,113.753746,34.672072,拥军路中段,13838187921,4.1,21,暂无,8：00——22：00
管城回族区,南边风车格尔国际饭店,113.763771,34.719274,113.763771,34.719274,第八大街106号,"0371-66032299;0371-66657777;0371-66657777,0",4.8,暂无,航海东路,8：00——22：00
管城回族区,大河国际饭店,113.745886,34.730515,113.745886,34.730515,郑州国家经济技术开发区第三大街166号,0371-60106666,4.6,暂无,暂无,8：00——22：00
管城回族区,蒙古印象烤全羊餐厅,113.707177,34.66567,113.707177,34.66567,郑新快速通道与郑新公路出口交叉口东南360米,17698091539,4.3,98,暂无,8：00——22：00
管城回族区,固始鹅块农家菜(阳光城总店),113.71589,34.711782,113.71589,34.711782,岗东路32一37,13073729967;13838312062,4.5,51,暂无,8：00——22：00
管城回族区,湖南米粉牛肉面(商城东路27号院店),113.692075,34.750825,113.692075,34.750825,商城东路27号(郑州文庙地铁站C口步行410米),15903677377,4.4,13,紫荆山,8：00——22：00
管城回族区,李家大灶台,113.677188,34.745588,113.677188,34.745588,城南路与南关街交叉口向东100米路南,15890161598,4.3,60,南关,8：00——22：00
管城回族区,卜居茶舍,113.743546,34.728161,113.743546,34.728161,经开第二大街与经北三路交汇处东南角,暂无,4.7,121,暂无,8：00——22：00
管城回族区,开封豫兴桶子鸡老店(经南四路店),113.755996,34.712808,113.755996,34.712808,经南四路东方桃园1号楼,15890196691,4.2,41,暂无,8：00——22：00
管城回族区,小馆子(商鼎路店),113.756176,34.754664,113.756176,34.754664,郑东新区商鼎路与农业东路112号16号楼1-2层,0371-60906368;15838127230,4.3,75,暂无,8：00——22：00
管城回族区,李记乡村地锅城(经开五大街店),113.753849,34.730577,113.753849,34.730577,经开第五大街174-14号第五大街与经北五路交叉口西南角,18037103080,4.6,50,暂无,8：00——22：00
管城回族区,沙记酥饼(星月小区店),113.679602,34.755375,113.679602,34.755375,星月小区西门旁,15237123134;15838134607,4.4,23,北下街,8：00——22：00
管城回族区,正宗襄阳牛杂面,113.700338,34.755481,113.700338,34.755481,东明路城北路口路东美团外卖也可以下单了欢迎新老顾客下单品尝(加油站正对面)正宗襄阳牛杂面43号,13298182317,4.4,13,未来路,8：00——22：00
管城回族区,小马哥炒鸡(管城街店),113.677131,34.751034,113.677131,34.751034,管城街7号楼1层附42号,13523532695,4.5,37,北下街,8：00——22：00
管城回族区,西舍品茗(路劲·东方陆港店),113.75942,34.755442,113.75942,34.755442,路劲·东方陆港南门东90米,0371-68686388;17365982666,4.6,137,暂无,8：00——22：00
管城回族区,老巴家的原油肉,113.67963,34.753771,113.67963,34.753771,清真寺街50号,15639082688,4.2,35,北下街,8：00——22：00
管城回族区,杨家油茶馆(星月小区店),113.679568,34.755189,113.679568,34.755189,清真寺街1号星月小区商铺,13949086098;15903602887,4.5,6,紫荆山,8：00——22：00
管城回族区,广东潮汕马记老鹅店,113.667916,34.747015,113.667916,34.747015,西大街街道管城区上元街7号附8-9号,13838100338,4.5,83,西大街,8：00——22：00
管城回族区,襄县焖面炝锅面(康居·东瑞佳苑店),113.690669,34.718503,113.690669,34.718503,城东南路17号(城东南路地铁站B口步行340米),17550122091,4.4,19,城东南路,8：00——22：00
管城回族区,鹅娘地锅(经开区店),113.749799,34.728174,113.749799,34.728174,经北三路与第四大街交叉口,15617939858,4.7,98,暂无,8：00——22：00
管城回族区,江西烧菜馆(农业南路店),113.755837,34.742004,113.755837,34.742004,农业南路与永平路向北10米路西5号楼一层附号商铺,13807033979;18579158979,4.4,77,暂无,8：00——22：00
管城回族区,老北京炙子烤肉·炙热居(郑安花园小区店),113.737544,34.71236,113.737544,34.71236,郑安花园小区东门南170米,15737116856,4.5,65,暂无,8：00——22：00
管城回族区,猪冠湘西红烧肉(橡树玫瑰城店),113.710148,34.709358,113.710148,34.709358,中州大道1899号59号楼1-2层商号,15890675281,4.5,39,暂无,8：00——22：00
管城回族区,蓝塔烘培(梧桐里店),113.699575,34.743275,113.699575,34.743275,凤凰路与东明路交叉口西60米,暂无,4.4,暂无,郑汴路,8：00——22：00
管城回族区,岩哥土鲫鱼(经南四路),113.767737,34.71252,113.767737,34.71252,经南四路6号,13721441044,4.5,30,暂无,8：00——22：00
管城回族区,德克士(郑东商业中心店),113.756534,34.741943,113.756534,34.741943,农业南路永平路交叉口东北角繁桦商业中心一楼,0371-55959627;17335592585,4.4,20,暂无,8：00——22：00
管城回族区,香雪儿(金沙湖店),113.765285,34.69722,113.765285,34.69722,金沙湖高尔夫观邸七期,暂无,4.4,28,暂无,8：00——22：00
管城回族区,德克士(梧桐里店),113.700018,34.743161,113.700018,34.743161,凤凰路与东明路交叉口西南角梧桐里一楼德克士餐厅,15238345782,4.5,26,货站街,8：00——22：00
管城回族区,围辣小火锅(瑞锦店),113.788733,34.712586,113.788733,34.712586,经开十三大街经南四路交叉口向东10米,暂无,4.4,31,暂无,8：00——22：00
管城回族区,孟夫子水煎包(经南三路店),113.738138,34.717536,113.738138,34.717536,经开第一大街42号,17638134768,4.4,19,暂无,8：00——22：00
管城回族区,本穆牦牛原汤拉面(新世界百货店),113.682592,34.754227,113.682592,34.754227,紫荆山路57号裕鸿国际A座1层,13213193538,4.4,19,紫荆山,8：00——22：00
管城回族区,凉凉慕水果捞(盛华里店),113.752852,34.721731,113.752852,34.721731,航海东路1074号盛华里购物中心负一层,暂无,4.4,暂无,航海东路,8：00——22：00
管城回族区,塔斯汀中国汉堡管城春风十里店,113.809172,34.674967,113.809172,34.674967,第十九大街117号19号楼1层101号商铺,17630019805,4.4,暂无,暂无,8：00——22：00
管城回族区,幸运咖(鸿成广场店),113.669623,34.755293,113.669623,34.755293,北下街街道东太康路鸿成广场52号附8号,15738633760,4.4,暂无,北下街,8：00——22：00
管城回族区,霸碗盖码饭(郑州新世界百货店),113.683007,34.753966,113.683007,34.753966,紫荆山路57号新世界百货1层L01F688,17629352511,4.4,17,紫荆山,8：00——22：00
管城回族区,瑞幸咖啡(新发展楷林广场5号楼店),113.787818,34.753302,113.787818,34.753302,新发展楷林广场5号楼,4000100100,4.4,18,暂无,8：00——22：00
管城回族区,茶百道(郑州陇海大润发店),113.68312,34.74003,113.68312,34.74003,紫荆山路与陇海路交叉口大润发一楼卖场入口处,18625593318,4.4,22,二里岗,8：00——22：00
管城回族区,禄茗广式茶点(东三马路店),113.671503,34.742151,113.671503,34.742151,德成街与东三马路交叉口东南160米,18407591131,4.4,12,南关,8：00——22：00
管城回族区,香雪儿(天鑫大厦店),113.747516,34.721271,113.747516,34.721271,航海东路1300号天鑫大厦F1层,19003831508,4.4,暂无,航海东路,8：00——22：00
管城回族区,川渝人家家常菜(绿城汉风产业园店),113.804243,34.743362,113.804243,34.743362,贾陈街绿城汉风产业园汉风路64号,18223865324,4.4,34,暂无,8：00——22：00
管城回族区,刘统领地锅柴鸡(石化路世纪公园店),113.716463,34.729902,113.716463,34.729902,管城回族区美景天城北5门东50米,16696696580,4.4,52,未来路,8：00——22：00
管城回族区,腾万家鲜卤猪脚饭经开总店,113.743063,34.72058,113.743063,34.72058,经济开发区明湖办事处航海东路1269号天中龙港13号,暂无,4.5,19,航海东路,8：00——22：00
管城回族区,吕氏豚馒手工鲜肉马蹄包(富田店),113.716029,34.723377,113.716029,34.723377,航海东路街道航海东路2号53号楼富田幸福里PAKE1层L1-38店,暂无,4.4,暂无,未来路,8：00——22：00
管城回族区,腾万家鲜卤猪脚饭(十九大街店),113.808679,34.674518,113.808679,34.674518,第十九大街132号1号楼1单元1层106号商铺,18759734567,4.4,24,暂无,8：00——22：00
管城回族区,一起卷凉皮(云尚店),113.760721,34.745613,113.760721,34.745613,商都路康平路西南角云尚艾特米负一层,15188311899,4.5,13,暂无,8：00——22：00
管城回族区,幸运咖(丹尼斯航海天地店),113.739008,34.721877,113.739008,34.721877,航海东路1228号,13733825038,4.5,7,航海东路,8：00——22：00
管城回族区,柴火乡地锅鸡(众城街店),113.686101,34.716474,113.686101,34.716474,金锣湾万福园西北门西北70米,15638488997,4.4,42,航海东路,8：00——22：00
管城回族区,棒约翰比萨(海邻茂店),113.772975,34.748811,113.772975,34.748811,商都路办事处福禄街与心怡路交叉口海林茂1.2号楼1-13号铺,19723735751,4.4,56,暂无,8：00——22：00
管城回族区,胡夫炸串(一站广场购物中心店),113.716125,34.723625,113.716125,34.723625,航海东路2号富田新天地F1层,15890998920,4.4,29,航海东路,8：00——22：00
管城回族区,大红哥酸辣粉肉夹馍(富田太阳城店),113.716132,34.724312,113.716132,34.724312,航海路2号富田·新天地F1,13643802661,4.5,暂无,未来路,8：00——22：00
管城回族区,上海大众(众和4S店),113.722772,34.690648,113.722772,34.690648,十八里河镇大王庄村文治路与鼎尚街交叉口西南角,0371-53720999;0371-55555563,4.4,暂无,暂无,8：00——22：00
管城回族区,逍遥镇容记胡辣汤(清真),113.698513,34.71673,113.698513,34.71673,芦邢庄花苑南门西70米,13523493080;15803868684,4.4,15,未来路,8：00——22：00
管城回族区,张记逍遥镇胡辣汤,113.715257,34.710299,113.715257,34.710299,金岱街道岗东路阳光城9号院东门3-112,15303971956,4.4,14,暂无,8：00——22：00
管城回族区,粤盛坊肚包鸡养生火锅(格林假日店),113.75774,34.71692,113.75774,34.71692,经济开发区明湖街道经南二路29号格林假日,暂无,4.1,69,暂无,8：00——22：00
管城回族区,御膳叉骨炸鸡(通站路店),113.677951,34.712515,113.677951,34.712515,通站路160号19号楼1楼,13598550257;15890012774,4.1,10,长江路,8：00——22：00
管城回族区,牛约堡-手作牛肉汉堡(郑东商业中心店),113.761171,34.741717,113.761171,34.741717,郑东新区康平路79号5号楼1层102号,15803811760,4.3,26,暂无,8：00——22：00
管城回族区,库迪咖啡(裕鸿国际大厦D座店),113.683409,34.753079,113.683409,34.753079,裕鸿国际D座东门向北30米商城路57号,18837114697,4.3,10,紫荆山,8：00——22：00
管城回族区,阿生哥螺狮粉螺狮粉火锅,113.768019,34.738569,113.768019,34.738569,郑东新区永平路19号14号楼1层附06号,13526498579,4.3,暂无,暂无,8：00——22：00
管城回族区,阿里郎鲜牛自助烤肉,113.716971,34.717092,113.716971,34.717092,七里河路30号,15378725150,4.3,57,航海东路,8：00——22：00
管城回族区,蜜雪冰城(远大理想城店),113.737349,34.726092,113.737349,34.726092,经北二路与经开第一大街交叉口西220米,暂无,4.3,7,暂无,8：00——22：00
管城回族区,幸运咖(金荣花园店),113.749634,34.709348,113.749634,34.709348,经开第四大街,18203605725,4.3,8,暂无,8：00——22：00
管城回族区,超意兴快餐(双子塔店),113.767965,34.758326,113.767965,34.758326,郑东绿地中心,18639008928,4.3,暂无,暂无,8：00——22：00
管城回族区,卤昱夫妻肺片(恒大绿洲店),113.760808,34.713447,113.760808,34.713447,经开第七大街与经南四路交叉口北80米,暂无,4.3,26,暂无,8：00——22：00
管城回族区,大锅小灶地锅鸡(正商新蓝钻A区店),113.702874,34.721223,113.702874,34.721223,正商新蓝钻A区南2门旁,暂无,4.3,43,未来路,8：00——22：00
管城回族区,李普光羊杂可(七里河南路店),113.738822,34.742113,113.738822,34.742113,七里河南路西刘街,13353808939,4.3,19,暂无,8：00——22：00
管城回族区,周黑鸭(郑州未来路丹尼斯店),113.704594,34.752645,113.704594,34.752645,未来路丹尼斯百货一层外铺A02号,18238152232;4001717917,4.3,24,未来路,8：00——22：00
管城回族区,布谷布谷热干面,113.797359,34.695838,113.797359,34.695838,腾达路佳林国际(潮河地铁站A口步行310米),16696112568;18292582104,4.3,13,暂无,8：00——22：00
管城回族区,布谷布谷热干面(凯利国际中心店),113.777503,34.746842,113.777503,34.746842,商都路办事处寿丰街50号凯利国际中心112房屋,18790545560,4.3,12,暂无,8：00——22：00
管城回族区,柘城垛子牛羊肉总店(清真),113.671936,34.753423,113.671936,34.753423,北顺城街2号楼一层6号,15515886868,4.3,暂无,北下街,8：00——22：00
管城回族区,清真优苏福麻辣烫(民族大厦店),113.682913,34.752252,113.682913,34.752252,商城路267号民族大厦F1层,19137166572,4.3,20,紫荆山,8：00——22：00
管城回族区,哆哆客汉堡(五洲新村店),113.749984,34.743901,113.749984,34.743901,郑东新区西周路29-4(郑东新区万通街于西周路交叉口东50米路北),15824804299,4.3,暂无,暂无,8：00——22：00
管城回族区,布谷布谷热干面(石化路店),113.706376,34.732795,113.706376,34.732795,石化路凤凰台南花园小区2号楼813-51,13673959584,4.3,12,未来路,8：00——22：00
管城回族区,赊店老酒馆(颐和家园店),113.70655,34.724891,113.70655,34.724891,未来路与明月路交叉口向北五十米路东,13783582996,4.3,45,未来路,8：00——22：00
管城回族区,布谷布谷热干面(蓝海港湾店),113.682428,34.726476,113.682428,34.726476,紫荆山路与金城街交叉口向东50米路北,13949776642,4.3,14,二里岗,8：00——22：00
管城回族区,布谷布谷热干面(橡树玫瑰城店),113.711886,34.706895,113.711886,34.706895,金岱路南台路向南300米路西,13033906170,4.3,14,暂无,8：00——22：00
管城回族区,清真 伊梦缘·涮牛肚烧烤,113.790834,34.752323,113.790834,34.752323,莲湖路恒兴嘉苑小区北门1号楼1层门面房8号,13937186948,4.1,暂无,暂无,8：00——22：00
管城回族区,老北京铜锅涮(恒大绿洲四期店),113.76134,34.712139,113.76134,34.712139,恒大绿洲四期西门北90米,0371-53610559;0371-55380005;17737158906,4.2,74,暂无,8：00——22：00
管城回族区,清真·老北京铜锅涮(总店),113.691025,34.709377,113.691025,34.709377,紫辰路36-8号,0371-64444118;13598402785,4.2,71,城东南路,8：00——22：00
管城回族区,福源老鸭粉丝汤,113.707965,34.726819,113.707965,34.726819,未来南街31号3号楼1层1号德风街云鹤路向南50米,13673656769;17335722016,4.2,17,未来路,8：00——22：00
管城回族区,粗粮小馆子(紫楠花园店),113.690153,34.710552,113.690153,34.710552,紫辰路紫楠花园临街商铺6号,13633850084;13838335071,4.2,38,城东南路,8：00——22：00
管城回族区,聚德老北京烤鸭(经南二路店),113.756443,34.717555,113.756443,34.717555,经南二路与第六大街交叉口东府饭店门口,17752509508,4.2,26,暂无,8：00——22：00
管城回族区,香酥鸡香酥鸭(逸泉小区店),113.712325,34.705865,113.712325,34.705865,逸泉小区西南1门旁,15515687345,4.2,25,暂无,8：00——22：00
管城回族区,东北饺子手擀面(蓝海港湾芙蓉湾店),113.682614,34.730203,113.682614,34.730203,紫荆山路二里岗南街蓝海港湾芙蓉湾112-21,13104342636;15844443624,4.2,30,二里岗,8：00——22：00
管城回族区,固始菜馆(栖霞寺街店),113.711574,34.724605,113.711574,34.724605,汇美茶城F区01(西门明月路),0371-57138823;13653717961;15544092687,4.1,66,航海东路,8：00——22：00
管城回族区,清真老大小吃·粥饼·砂锅·烧烤,113.669629,34.752609,113.669629,34.752609,西大街与北下街交叉口北50路西,暂无,4.2,48,西大街,8：00——22：00
管城回族区,杨记襄县焖面(恒兴嘉苑店),113.787721,34.75232,113.787721,34.75232,恒兴嘉苑北门西170米,13017676060,4.2,暂无,暂无,8：00——22：00
管城回族区,老地方川菜馆(同庆里第三分店),113.668876,34.737587,113.668876,34.737587,布厂街惠工小区11号楼对面,19937629305;19939373685,4.2,62,南关,8：00——22：00
管城回族区,信阳土肉馆第一大街店,113.739685,34.730274,113.739685,34.730274,第一大街168-37,13137121358,4,57,暂无,8：00——22：00
管城回族区,王记安阳名吃扁粉菜(逸泉小区店),113.712451,34.707157,113.712451,34.707157,南台路逸泉小区19号楼4单元商铺,15617639121,3.8,15,暂无,8：00——22：00
管城回族区,六哥地锅鲜炒鸡(紫东河一期店),113.717825,34.690325,113.717825,34.690325,十八里河街道文兴路104号紫东河一期东门,暂无,4.1,60,暂无,8：00——22：00
管城回族区,榆阅时光(美景鸿城2期·鸿图店),113.719791,34.719607,113.719791,34.719607,中州大道与航海东路交叉口东300米路南(沿河东岸南10),0371-86583612,4.2,26,航海东路,8：00——22：00
管城回族区,曹记卤肉店(郑州第二分店),113.747353,34.737391,113.747353,34.737391,宜居苑西门旁,13137154187,4.1,56,暂无,8：00——22：00
管城回族区,luckin coffee 瑞幸咖啡(卢浮公馆店),113.769559,34.738123,113.769559,34.738123,郑东新区商都路街道普惠路3号绿地新里花园三期,暂无,4.1,暂无,暂无,8：00——22：00
管城回族区,DQ(郑州滨河新城城市公园店),113.798194,34.686603,113.798194,34.686603,经南十路39号(滨河新城地铁站A口步行390米),15560105767,4.2,暂无,暂无,8：00——22：00
管城回族区,luckin coffee 瑞幸咖啡(启航大厦店),113.705337,34.720448,113.705337,34.720448,航海东路未来路西南角启航大厦一层大堂,暂无,4.1,暂无,航海东路,8：00——22：00
管城回族区,川奇麻辣香锅,113.739019,34.721683,113.739019,34.721683,航海路商英街丹尼斯航海店C2F层029号,17337414567,4.2,暂无,航海东路,8：00——22：00
管城回族区,李华泽热卤鸭货(南五里堡店),113.678356,34.724031,113.678356,34.724031,紫光花园1号楼1层6号,19129367623,4.1,23,暂无,8：00——22：00
管城回族区,茶百道(郑州管城金沙湖店),113.764585,34.697765,113.764585,34.697765,郑州经济技术开发区经开第八大街与经南八路交叉口东南角观湖美寓裙楼一层102,15538038163,4.2,13,暂无,8：00——22：00
管城回族区,幸运咖(爱家店),113.732767,34.690601,113.732767,34.690601,鼎瑞街与金岱路交叉口西北角光之谷商业中心下沉广场负一层06铺,18737191377,4.2,10,暂无,8：00——22：00
管城回族区,意茉披萨(远大理想城店),113.737326,34.729297,113.737326,34.729297,远大理想城63号楼114号意茉披萨店,15838307973,4.1,12,暂无,8：00——22：00
管城回族区,幸运咖(七里河地铁口店),113.722321,34.719408,113.722321,34.719408,腾飞路1号院美景鸿城1期·鸿韵,16650118519,4.2,9,航海东路,8：00——22：00
管城回族区,BOON,113.758944,34.755527,113.758944,34.755527,乐享城Z09,暂无,4.2,暂无,暂无,8：00——22：00
管城回族区,益禾堂(郑州银基广场店),113.665328,34.742993,113.665328,34.742993,一马路8号银基广场一层临街编号12店铺,18638717273,4.2,12,暂无,8：00——22：00
管城回族区,那加现蒸米皮(高途店),113.743296,34.718537,113.743296,34.718537,郑州市经济技术开发区第二大街以西经南一路以北高途梦中心东南角1号商铺,暂无,4.2,20,航海东路,8：00——22：00
管城回族区,牛爷烧土家鲜肉饼(美景龙堂店),113.719087,34.721882,113.719087,34.721882,航海路与中州大道交叉口美景龙堂欢乐广场一层1-20b号铺位,17737708090,4.2,8,航海东路,8：00——22：00
管城回族区,秋波里爆蛋豆腐鲜活虾(富田新天地店),113.713222,34.721347,113.713222,34.721347,航海东路2号富田新天地F3层,暂无,4.1,暂无,未来路,8：00——22：00
管城回族区,慢茶(郑东商业中心店),113.76051,34.741885,113.76051,34.741885,永平路与康平路郑东商业中心b区12栋136号,18303712226,4.1,13,暂无,8：00——22：00
管城回族区,张新革传统砂锅(未来路店),113.705298,34.730904,113.705298,34.730904,未来路813号凤凰台南花园西门南侧28号,15225120737,4.2,29,未来路,8：00——22：00
管城回族区,五爷拌面(新世界百货店),113.683121,34.753244,113.683121,34.753244,商城路109号,17334888300,4.1,15,紫荆山,8：00——22：00
管城回族区,阿利番茄面(富田太阳城店),113.716098,34.723853,113.716098,34.723853,航海东路2号55号楼富田广场1层L1-27号,13598036285,4.1,20,未来路,8：00——22：00
管城回族区,瑞幸咖啡(华美仟企汇店),113.737832,34.717554,113.737832,34.717554,华美龙大厦1号楼,4000100100,4.2,14,暂无,8：00——22：00
管城回族区,胡万串饼,113.676775,34.756711,113.676775,34.756711,管城后街25号楼,16637138806,4.2,18,金水路,8：00——22：00
管城回族区,吉祥馄饨(河南郑州建正东方中心店),113.776864,34.745371,113.776864,34.745371,建正东方中心负1层商业街2-116号,4001818818,4.2,17,暂无,8：00——22：00
管城回族区,柳妹妹螺蛳粉(豫英店),113.696686,34.722762,113.696686,34.722762,航海东路街道豫英路6号百草园小区东门南十米,19939280425,4.2,15,未来路,8：00——22：00
管城回族区,李吃吃(正商蓝钻店),113.697016,34.716128,113.697016,34.716128,李吃吃正商蓝钻店,16638078371,4.2,53,未来路,8：00——22：00
管城回族区,小喜哥胡辣汤(铁道凤凰家园店),113.708446,34.733347,113.708446,34.733347,航海东路街道石化路6号铁道凤凰家园,13069429654,4.2,13,未来路,8：00——22：00
管城回族区,龙园号茶店(阳光城店),113.717207,34.708416,113.717207,34.708416,金岱路阳光城六号院西南门东侧16-26号商铺,18039287920;18903713100,4.2,暂无,暂无,8：00——22：00
管城回族区,李普光羊杂可(经南十一路店),113.806981,34.680805,113.806981,34.680805,经南十一路与经开第十八大街交叉口东120米,13383834566;18538015077,4.2,157,暂无,8：00——22：00
管城回族区,协众创老河大焖烤鸡腿饼(阳光城店),113.71586,34.713095,113.71586,34.713095,长江东路阳光城3号院1层8号商铺,15238605243,4.1,8,暂无,8：00——22：00
管城回族区,全心贝爱宝宝餐厅(丹尼斯航海天地店),113.73921,34.721934,113.73921,34.721934,丹尼斯航海天地店二楼C区东侧,17319766622,4.2,35,航海东路,8：00——22：00
管城回族区,擂饭(云尚店),113.760424,34.745372,113.760424,34.745372,康平路与商都路交叉口云尚购物购物中心负一楼擂饭,15981856863,4.2,27,暂无,8：00——22：00
管城回族区,京回阁李二力铜锅涮老店,113.676907,34.751925,113.676907,34.751925,管城街66号(西大街地铁站D口步行270米),暂无,4.2,62,西大街,8：00——22：00
管城回族区,齐遇齐齐哈尔家庭烤肉(恒大绿洲店),113.762592,34.712438,113.762592,34.712438,恒大绿洲四期北门西70米,暂无,4.2,54,暂无,8：00——22：00
管城回族区,绿豆饼(城南路店),113.690292,34.743469,113.690292,34.743469,城南路与城东路交叉口西80米,暂无,4.1,11,紫荆山,8：00——22：00
管城回族区,妙上皇炒酸奶(南关街店),113.675564,34.743092,113.675564,34.743092,南关街288号院1号楼1层10号房,13939014542;15639705053,4.1,14,南关,8：00——22：00
管城回族区,杞县砂锅.烧烤(商业中心店),113.755273,34.74133,113.755273,34.74133,小店村居住区北区南门东60米,18339996759,4.1,21,暂无,8：00——22：00
管城回族区,豫小七烧饼(南仓街店),113.684508,34.737397,113.684508,34.737397,联运家属院南门旁(陇海东路地铁站A口步行180米),13003145642;4007775855,4.2,11,南仓街,8：00——22：00
管城回族区,闰闰爸爸麻椒鸡(魏庄西街店),113.700586,34.702553,113.700586,34.702553,银莺路与魏庄西街交叉口向南50米,18749431339,4.1,32,暂无,8：00——22：00
管城回族区,多美士炸鸡汉堡(绿都澜湾店),113.686995,34.673574,113.686995,34.673574,十八里河绿都澜湾桂圆12号楼1楼113-114,19937682882,4.1,17,暂无,8：00——22：00
管城回族区,关虎屯老味米线(郑东商业中心店),113.760964,34.742115,113.760964,34.742115,郑东商业中心C区6号楼122号,暂无,4.2,14,暂无,8：00——22：00
管城回族区,中意信阳菜金岱路店(橡树玫瑰城北区店),113.711172,34.710083,113.711172,34.710083,金岱街道紫东路北60号楼橡树玫瑰城北区,16696663095,4.1,41,暂无,8：00——22：00
管城回族区,菊花开手撕藤椒鸡(永威书香庭店),113.701036,34.679719,113.701036,34.679719,十八里河镇建兴路永威书香庭西门商铺110号,15516958519,4.1,26,暂无,8：00——22：00
管城回族区,丸界大牛(天空之城店),113.767558,34.757087,113.767558,34.757087,绿地天空之城5楼,18607006776,4.1,26,暂无,8：00——22：00
管城回族区,沙县小吃(寿丰街店),113.775398,34.746676,113.775398,34.746676,易元国际东北门东北60米,13585847254;15618011193,4.1,16,暂无,8：00——22：00
管城回族区,延庆观炸鸡(商业中心店),113.760558,34.743145,113.760558,34.743145,暂无,18603840322,4.1,19,暂无,8：00——22：00
管城回族区,蜜雪冰城(五中店),113.675711,34.735531,113.675711,34.735531,南关街384号5号楼南4单元1层南户,13071029689;19138138208,4.2,8,南关,8：00——22：00
管城回族区,椒麻鸡(金城街菜市场店),113.687237,34.726448,113.687237,34.726448,金城街50号院金城街菜市场南门,13683837031;15890190333,4.2,31,二里岗,8：00——22：00
管城回族区,非凡农家地锅鹅,113.781685,34.646704,113.781685,34.646704,一通路东200米,15036016768,4.1,28,暂无,8：00——22：00
管城回族区,京豫马四涮锅(芦邢庄花苑店),113.697957,34.716655,113.697957,34.716655,正商新蓝钻E区北门西130米,0371-56102929,4.1,67,未来路,8：00——22：00
管城回族区,博爱牛肉丸子汤(升龙广场店),113.77133,34.756052,113.77133,34.756052,商鼎路升龙广场,18037120780,4.1,暂无,暂无,8：00——22：00
管城回族区,风帆蓄电池授权店(长江路店)骆驼瓦尔塔,113.682094,34.711251,113.682094,34.711251,长江东路与通站路交叉口向北50米路东,17365998399,4.2,暂无,暂无,8：00——22：00
管城回族区,联锁良品粥铺(总店),113.676507,34.745631,113.676507,34.745631,南关街178号,0371-65053358,4.2,14,南关,8：00——22：00
管城回族区,鱼库秘制烤鱼(橡树玫瑰城店),113.712303,34.705226,113.712303,34.705226,南台路逸泉小区5号楼(168快捷宾馆对面),15515920696,4.1,暂无,暂无,8：00——22：00
管城回族区,王记秘制椒麻鸡(城南路店),113.69033,34.743439,113.69033,34.743439,城南路城东路交叉口向西50米路南,18339819168,4.1,40,紫荆山,8：00——22：00
管城回族区,王记白吉馍鸡血粉丝汤(新郑路店),113.67788,34.738521,113.67788,34.738521,新郑路168号(卷烟厂医院对面),13253349081;18039228185,4.1,18,南关,8：00——22：00
管城回族区,老孙头泡馍馆(长城康桥花园店),113.696267,34.745281,113.696267,34.745281,货栈北街12号,18638605255,4.4,37,郑汴路,8：00——22：00
管城回族区,蜀湘秦私房菜(橡树玫瑰城东区店),113.712381,34.70436,113.712381,34.70436,南三环中州大道橡树玫瑰城三期66号楼7号商铺,15838026881,4.3,36,暂无,8：00——22：00
管城回族区,枫厨南湾鱼(恒天国际大厦店),113.763364,34.756298,113.763364,34.756298,恒天国际大厦八马茶业二楼,0371-67866663;18595673696,4.6,125,暂无,8：00——22：00
管城回族区,江湖川菜饭店(莲湖路店),113.787241,34.75232,113.787241,34.75232,莲湖路辅路与圃田西路交叉口东300米,13372687658;17737153592,4.5,37,暂无,8：00——22：00
管城回族区,叁益灌汤包(大润发店),113.677831,34.738899,113.677831,34.738899,新郑路168号,13598081844,4.5,暂无,紫荆山,8：00——22：00
管城回族区,长寿鹅固始鹅城私房菜(总店),113.739349,34.725693,113.739349,34.725693,经北二路与第一大街交叉口西南角(固始鹅城私房菜),15515616009;15537120007,4.3,41,暂无,8：00——22：00
管城回族区,至尊披萨(商城路店),113.694879,34.750842,113.694879,34.750842,食盐小区北门旁,0371-66335214;18639029940,4.2,39,郑汴路,8：00——22：00
管城回族区,马家凉皮(管城街店),113.676856,34.751606,113.676856,34.751606,管城后街66号楼1层附42号,13503996812,4.2,15,北下街,8：00——22：00
管城回族区,KAOTOWN烤堂(海汇港店),113.769403,34.753124,113.769403,34.753124,东风南路与榆林南路交叉口海汇港8号楼1楼2号,19036988360,4.6,127,暂无,8：00——22：00
管城回族区,大脸儿地锅炖,113.758059,34.74357,113.758059,34.74357,万通街郑东商业中心b区1号楼,13273021132;18538051132,4.5,77,暂无,8：00——22：00
管城回族区,炎旭酸菜鱼焖炒鸡(紫辰路店),113.694139,34.706414,113.694139,34.706414,紫东路与紫辰路交叉口向南50米路东,13073752291,4.5,30,暂无,8：00——22：00
管城回族区,小馆子烙馍村(石化路第六分店),113.705226,34.732795,113.705226,34.732795,凤凰台南花园北门西70米,15981817076,4.4,30,未来路,8：00——22：00
管城回族区,元福元大食堂(裕鸿国际店),113.683178,34.754347,113.683178,34.754347,紫荆山路59号裕鸿国际F1层,13223012536;15324961166,4.3,17,紫荆山,8：00——22：00
管城回族区,湖南米粉牛肉面(人保公司家属院店),113.676868,34.751748,113.676868,34.751748,管城街66号(西大街地铁站D口步行240米),17319755676;18339212252,4.3,10,北下街,8：00——22：00
管城回族区,清真兰州正宗拉面(商城东路店),113.696699,34.750821,113.696699,34.750821,商城东路119号,18697223269,4.3,12,郑汴路,8：00——22：00
管城回族区,重庆晶福源火锅(城东南路店),113.690658,34.71818,113.690658,34.71818,城东南路17号1-2层附1号,13721439808,4.5,136,航海东路,8：00——22：00
管城回族区,凯凡信阳土菜园.(商英街店),113.735474,34.722393,113.735474,34.722393,商英街38号-15,0371-66780038,4.3,65,航海东路,8：00——22：00
管城回族区,粮稻米皮手工蒸坊,113.695274,34.743574,113.695274,34.743574,凤凰路15号,13526423866;15637132502,4.4,9,郑汴路,8：00——22：00
管城回族区,马骉宴会楼·宴会厅,113.691983,34.747979,113.691983,34.747979,城东路68号(郑州文庙地铁站D口步行180米),0371-55176282,4.2,82,郑汴路,8：00——22：00
管城回族区,杭州小笼包(经开第一大街),113.738599,34.714846,113.738599,34.714846,经开第二大街65-4号杭州小笼包胡辣汤经南五路经开第一大街,13027798890;13838314112,4.4,暂无,暂无,8：00——22：00
管城回族区,爷爷不泡茶NOYEYENOTEA(郑州新世界百货店),113.682601,34.752723,113.682601,34.752723,新世界百货1层麦当劳隔壁,13673666313,4,暂无,紫荆山,8：00——22：00
管城回族区,库迪咖啡(鸿城光彩市场店),113.669262,34.755467,113.669262,34.755467,东太康路50号,18300687621,4,暂无,北下街,8：00——22：00
管城回族区,库迪咖啡(大观国贸A座店),113.666721,34.742606,113.666721,34.742606,大观国贸A座1号门斜对面,15660112873,4,12,南关,8：00——22：00
管城回族区,老长沙罐子楼(郑东新区店),113.759568,34.756075,113.759568,34.756075,商鼎路56路劲·东方陆港F2层,0371-65651718;13592582060,4,73,暂无,8：00——22：00
管城回族区,瑞幸咖啡(正商和谐大厦店),113.777348,34.741886,113.777348,34.741886,正商和谐大厦,4000100100,4,15,暂无,8：00——22：00
管城回族区,橘婆婆地锅柴鸡(花溪南路店),113.678971,34.682336,113.678971,34.682336,站马屯韶苑西门旁(站马屯地铁站B口步行400米),暂无,4,46,暂无,8：00——22：00
管城回族区,卤昱夫妻肺片(列里路店),113.767448,34.738233,113.767448,34.738233,郑东新区普惠路2号绿地新里花园二期,暂无,4,23,暂无,8：00——22：00
管城回族区,蜀蜀的粉(丹尼斯百货店),113.675569,34.756696,113.675569,34.756696,人民路2号丹尼斯百货2号馆1F层,15138677159;18736088488,4,12,北下街,8：00——22：00
管城回族区,胖邱薯薯(盛华里店),113.75311,34.722247,113.75311,34.722247,盛华里购物广场负一楼,17513236474,4,10,航海东路,8：00——22：00
管城回族区,浆小白豆浆夜市(橄榄城店),113.675793,34.706416,113.675793,34.706416,鑫苑城三号院南门西200米,暂无,4,暂无,暂无,8：00——22：00
管城回族区,慢茶(富田太阳城店),113.716105,34.723759,113.716105,34.723759,航海东路富田太阳城55号楼富田金街L1-54慢茶,18639000600,4,14,未来路,8：00——22：00
管城回族区,京溪鲜切涮肉(郑东新区店),113.762596,34.756233,113.762596,34.756233,恒天国际大厦北门西90米,0371-65996660,4.2,70,暂无,8：00——22：00
管城回族区,重庆酸菜鱼大盘鸡(第六大街店),113.757746,34.720183,113.757746,34.720183,管城回族区经济技术开发区航海路与第六大街交叉口南30米路东,17737136018;17737779938,4.2,27,航海东路,8：00——22：00
管城回族区,圣禧牛肉汤馆(航海东路分店),113.759144,34.720588,113.759144,34.720588,航海东路1369-10号,13673668481,4.1,15,航海东路,8：00——22：00
管城回族区,赵帅老店,113.671736,34.752581,113.671736,34.752581,星光小区东北1门旁,13783562272,4.2,44,北顺城街,8：00——22：00
管城回族区,泰宏文森特国际酒店金粤轩酒楼,113.766097,34.754604,113.766097,34.754604,郑东新区商鼎路69号泰宏文森特国际酒店2层,0371-61737688,4.1,84,暂无,8：00——22：00
管城回族区,小谢酱肉饼(商城路店),113.685009,34.75184,113.685009,34.75184,商城路277号附8号,15093299681;15638261561,4.2,9,紫荆山,8：00——22：00
管城回族区,豫陶武武陟砂锅,113.761191,34.741882,113.761191,34.741882,郑东商业中心c区6栋109号,18336369868,4.4,15,暂无,8：00——22：00
管城回族区,闫氏辣椒炒肉砂锅菜文兴路店,113.718226,34.689394,113.718226,34.689394,十八里河街道文兴路鼎尚街交叉口往西30米路北18-3,18239903309,4.4,19,暂无,8：00——22：00
管城回族区,莉哥说菌汤臭豆腐(橡树玫瑰城店),113.712185,34.708034,113.712185,34.708034,南台路路东5-66号,13275973773,4.4,12,暂无,8：00——22：00
管城回族区,DARKHORSECAFE黑马咖啡,113.690013,34.720507,113.690013,34.720507,航海东路与城东路交叉口西南40米,18639001678,4.4,17,航海东路,8：00——22：00
管城回族区,满意面(凯利国际中心店),113.776189,34.746946,113.776189,34.746946,管城回族区凯利国际中心B座一楼(寿丰街与普济路交口北20米路东),13461521152,4.4,24,暂无,8：00——22：00
管城回族区,山前精酿(NEAR附近店),113.787537,34.753503,113.787537,34.753503,新发展·楷林广场中央下沉广场负一层B1L3,18939519997,4.4,75,暂无,8：00——22：00
管城回族区,三友茶社(东明路店),113.699831,34.750689,113.699831,34.750689,商城东路与东明路交叉口西南角,13071035025,4.4,32,郑汴路,8：00——22：00
管城回族区,朱师傅肉夹馍(郑东商业中心C区店),113.761119,34.742952,113.761119,34.742952,郑东新区郑东商业中心C区7号楼124房间,13673676755,4.4,13,暂无,8：00——22：00
管城回族区,江西烧菜馆(农行家属院店),113.701318,34.750798,113.701318,34.750798,城东路街道商城东路150号农行家属院,13623712026,4.4,51,郑汴路,8：00——22：00
管城回族区,碗中秦关肉夹馍,113.705492,34.721129,113.705492,34.721129,航海东路32号4号楼一层6-15号,15290436468,4.5,20,未来路,8：00——22：00
管城回族区,粤私房,113.759738,34.746896,113.759738,34.746896,商都路与康平路西北100米,13526809495;13534819228,4.4,52,暂无,8：00——22：00
管城回族区,鲜℃食研室(恒大绿洲店),113.760831,34.713266,113.760831,34.713266,经开第七大街70-5号,0371-55027719,4.4,41,暂无,8：00——22：00
管城回族区,吉斯汀牛奶汉堡(聚丰小区店),113.675719,34.736191,113.675719,34.736191,陇海马路街道南关街384号聚丰小区,0371-68757972,4.4,17,南关,8：00——22：00
惠济区,年三十熬菜(天河路裕园小区店),113.60939,34.856732,113.60939,34.856732,天河路32号裕园小区9号楼108号,15238077767;15936213818,4,56,暂无,8：00——22：00
惠济区,黄河谷·温泉度假酒店,113.559886,34.91944,113.559886,34.91944,江山路与黄河大堤交叉口向东800米丰乐庄园,0371-63773288;0371-63773869;0371-86013007,4.7,暂无,暂无,8：00——22：00
惠济区,丰乐园大酒店,113.634662,34.801893,113.634662,34.801893,宋寨南街1号,0371-66771088;0371-66771066,4.8,暂无,宋寨,8：00——22：00
惠济区,湖南米粉牛肉面饸饹面,113.532302,34.879563,113.532302,34.879563,古荥镇金惠服装广场对面,15093039508,4,14,暂无,8：00——22：00
惠济区,农家炖鹅老店,113.679846,34.889653,113.679846,34.889653,花园路与大运河交汇处南岸向东2000米,13526697370;15038303504,4.2,暂无,暂无,8：00——22：00
惠济区,老地香烤全羊,113.633591,34.902822,113.633591,34.902822,新城街道李西河村惠民路90号花猫休闲钓场北隔壁,13673396909;15617640879,4.2,73,暂无,8：00——22：00
惠济区,洞天茶社,113.532238,34.934954,113.532238,34.934954,江山路与车站北路交叉口东南260米,暂无,4,暂无,暂无,8：00——22：00
惠济区,融合餐厅(怡丰森林湖店),113.61802,34.89777,113.61802,34.89777,大河路街道天河路6号怡丰森林湖一期,0371-53661199;0371-86093399,4.3,暂无,暂无,8：00——22：00
惠济区,东方酒家农家扣碗炖菜(江山路店),113.550508,34.907529,113.550508,34.907529,江山路与沿黄快速路交叉口,0371-63776381;15639250827,4.4,48,暂无,8：00——22：00
惠济区,清真劈柴地锅(御森苑店),113.665826,34.901625,113.665826,34.901625,花园口村三期社区159-1,15515826556;18336319161,4.2,40,暂无,8：00——22：00
惠济区,闽乡海鲜馆,113.675034,34.886562,113.675034,34.886562,中州大道中部两岸海鲜物流园B栋033号,0371-56639009,4.5,94,暂无,8：00——22：00
惠济区,司记风味小吃,113.533712,34.879707,113.533712,34.879707,汉启路与大河路交叉口北40米,暂无,4.3,暂无,暂无,8：00——22：00
惠济区,思念果岭大年农庄餐厅,113.515391,34.919063,113.515391,34.919063,岸86号黄河大观四季温泉度假区内,0371-56280095,4.3,100,暂无,8：00——22：00
惠济区,农家地锅柴鸡,113.545506,34.91374,113.545506,34.91374,江山北路孙庄社区西门,15838117536,4.2,44,暂无,8：00——22：00
惠济区,小老井炒鸡(裕华美欣店),113.620543,34.83551,113.620543,34.83551,长兴路街道长柳路六号二号楼1-2层商11号,13203821503,4.5,41,长兴路,8：00——22：00
惠济区,惠济区阿伟铁板烧(天地湾·晴苑店),113.674445,34.862181,113.674445,34.862181,天地湾·晴苑北门西南90米,15238627858,4.3,34,暂无,8：00——22：00
惠济区,70人饸饹面,113.65355,34.858546,113.65355,34.858546,桂圆南街郑州星源外国语学校,18336313662,4.3,12,暂无,8：00——22：00
惠济区,郑州烤鸭店(南阳路店),113.627132,34.807678,113.627132,34.807678,南阳路174号(兴隆铺地铁站C口步行110米),0371-55955918,4.3,60,南阳路,8：00——22：00
惠济区,五谷豆浆早餐(百汇地艺术中心店),113.545605,34.91355,113.545605,34.91355,江山路森巴林海西南门,17638736685,3.8,暂无,暂无,8：00——22：00
惠济区,意统比萨·芝士焗饭(御翠园店),113.659957,34.875086,113.659957,34.875086,迎宾路街道月季街御翠园小区商铺16-4号,13526853972,3.9,23,暂无,8：00——22：00
惠济区,晋味面馆(南阳路店),113.626931,34.809268,113.626931,34.809268,南阳路与兴隆铺路交叉口东南角,18236903549,3.8,暂无,南阳路,8：00——22：00
惠济区,重庆幺妹小面,113.744006,34.871181,113.744006,34.871181,八堡小学北1门东310米,15093253371,4.1,暂无,暂无,8：00——22：00
惠济区,鱼库烤鱼酸菜鱼(民安北郡2期店),113.628184,34.868877,113.628184,34.868877,新城路金河路交叉口向南路西,15093337898;15138960888,4.3,53,暂无,8：00——22：00
惠济区,塔斯汀中国汉堡(天河博悦店),113.599797,34.870447,113.599797,34.870447,天河博悦人才公寓114号,17719820668,4.5,暂无,新城,8：00——22：00
惠济区,库迪咖啡(尚购生活广场店),113.650333,34.787048,113.650333,34.787048,农业路与天明路交叉口西南40米,19059522200,4.4,13,暂无,8：00——22：00
惠济区,YUOZUO渝作·川渝冒肚(惠济万达店),113.635725,34.868825,113.635725,34.868825,惠济万达5楼5057号商铺,暂无,4.4,64,暂无,8：00——22：00
惠济区,土大力烤肉名家(裕华广场店),113.625256,34.833133,113.625256,34.833133,三全路长兴路交叉口裕华广场二楼,13373959685,4.4,56,长兴路,8：00——22：00
惠济区,布谷布谷热干面(民安北郡店),113.623062,34.869809,113.623062,34.869809,民安北郡一期新城路路南111号商铺,18530098287;18697302560,4.4,14,暂无,8：00——22：00
惠济区,幸运咖(毛庄店),113.624782,34.870065,113.624782,34.870065,新城路金杯路交叉口西北角,13939076350,4.4,10,暂无,8：00——22：00
惠济区,鑫农夫大盘鸡(裕华文汇店),113.631761,34.801249,113.631761,34.801249,南阳路185-21号,暂无,4.4,56,东风路,8：00——22：00
惠济区,豫小七灌汤烧饼(桂圆南街店),113.653434,34.857936,113.653434,34.857936,迎宾路街道桂圆南街黄河学府1-6门号,18336316228,4.4,13,暂无,8：00——22：00
惠济区,刘统领地锅柴鸡(民安北郡店),113.622357,34.871642,113.622357,34.871642,清华园路与公交南路交叉口南140米,15538167500,4.4,41,暂无,8：00——22：00
惠济区,书亦烧仙草(郑州毛庄农贸市场店),113.625134,34.870224,113.625134,34.870224,新城路与金杯北路交叉口西北40米,18237123669,4.4,16,暂无,8：00——22：00
惠济区,郭记大盘鸡羊肉汤烩面,113.73632,34.876666,113.73632,34.876666,107国道靠近凌庄,13598039515,3.9,暂无,暂无,8：00——22：00
惠济区,红芙蓉蛋糕房(京港线店),113.735615,34.876536,113.735615,34.876536,花园口镇凌庄村37号,13253383525;15617741550,3.8,暂无,暂无,8：00——22：00
惠济区,虢宝羊肉汤馆(桂花苑店),113.606788,34.846229,113.606788,34.846229,江山路与坡阳路交汇处向东150米路北,17703866816,4.1,34,暂无,8：00——22：00
惠济区,巴蜀渔庄(青寨店),113.65894,34.876653,113.65894,34.876653,月季街御翠园北门,0371-58611655;15837175305,4.2,32,暂无,8：00——22：00
惠济区,宋记老馆子,113.525785,34.94431,113.525785,34.94431,古荥镇黄河桥村农村信用社对面,13253390767,4.1,暂无,暂无,8：00——22：00
惠济区,Bigone大个中国牛堡(体院店),113.629655,34.823524,113.629655,34.823524,宏达街与长虹路交叉口东北侧10米,18539256645,4.3,暂无,暂无,8：00——22：00
惠济区,何亚儒红辣椒正宗擀面皮(苏屯店),113.623052,34.856392,113.623052,34.856392,江山路街道苏屯六号院西门口苏屯便民点A14号,19059582981,4.3,暂无,暂无,8：00——22：00
惠济区,鲜啤福鹿家(英才街店),113.653438,34.859047,113.653438,34.859047,桂圆南街3-6号,暂无,4.3,暂无,暂无,8：00——22：00
惠济区,龙鳞路第一家牛肉汤(体育中心店),113.624901,34.835123,113.624901,34.835123,长柳路12-2号(省体育中心地铁站E口步行180米),13526641171,4.3,23,长兴路,8：00——22：00
惠济区,臧营桥烧鸡英才街店,113.688002,34.861531,113.688002,34.861531,英才街与乐飞街交叉口向东15米,暂无,4.3,24,暂无,8：00——22：00
惠济区,重庆鸡公煲(毛庄社区店),113.626973,34.866049,113.626973,34.866049,毛庄地铁A口西南角,暂无,4.3,27,暂无,8：00——22：00
惠济区,昕时器云南蒸汽石锅鱼(长兴大厦A座店),113.625737,34.817619,113.625737,34.817619,长兴大厦A座(王砦地铁站A口步行200米),18836611968,4.3,暂无,长兴路,8：00——22：00
惠济区,五号公路美式石烧牛扒(惠济万达店),113.637801,34.868942,113.637801,34.868942,开元路68号万达广场(郑州惠济店)4F层4029B-4030,13321165862,4.3,100,暂无,8：00——22：00
惠济区,幸运咖(美景欢乐广场店),113.645308,34.859209,113.645308,34.859209,迎宾路街道美景商业中心公寓2号楼底商2-112号一层商铺,15890128957,4.3,12,暂无,8：00——22：00
惠济区,金婆婆重庆小面(兴隆铺路店),113.626968,34.809464,113.626968,34.809464,南阳路与兴隆铺路交叉口向东80米路南,18538191939,4.3,16,长兴路,8：00——22：00
惠济区,果果自选水果捞(国基大学城生活园区店),113.649633,34.858411,113.649633,34.858411,英才街北大学城城(北大学城地铁站A口步行440米),19913862101;19937659309,4.3,暂无,暂无,8：00——22：00
惠济区,土家馋嘴饼(古须北路店),113.533673,34.879634,113.533673,34.879634,汉启路与大河路交叉口西北40米,13607666576,4.3,暂无,暂无,8：00——22：00
惠济区,营养米饭(快餐盒饭) 米线 热干面,113.744263,34.870283,113.744263,34.870283,田河村十字路口南100米路东,18738105280;18838285418,4.4,18,暂无,8：00——22：00
惠济区,一家人酒家(西山路店),113.542035,34.909029,113.542035,34.909029,西山路99号长兴苑小区26门面房,15938785977,4.3,暂无,暂无,8：00——22：00
惠济区,百川烩面(李西河老店),113.633195,34.899467,113.633195,34.899467,李西河村,13526837727,4.1,暂无,暂无,8：00——22：00
惠济区,老重庆酒家,113.531797,34.879348,113.531797,34.879348,古荥镇大河路老重庆酒家,15890118487,4.2,34,暂无,8：00——22：00
惠济区,杭州小笼包(银河路店),113.628914,34.825901,113.628914,34.825901,河南体育学院南门旁,17335723008,4.2,14,长兴路,8：00——22：00
惠济区,胡辣汤豆沫馆,113.550617,34.902206,113.550617,34.902206,古荥镇大彭庄南街2号,18339819820,4.2,暂无,暂无,8：00——22：00
惠济区,仝记驴肉馆,113.55419,34.899502,113.55419,34.899502,江山路大彭庄,0371-60934816;13949022646,4.2,暂无,暂无,8：00——22：00
惠济区,兄弟涮锅(古荥店),113.541978,34.879097,113.541978,34.879097,大河路古荥镇古荥村委会向东20米路北,17737719289,4.1,45,暂无,8：00——22：00
惠济区,老北京四和涮锅(御·翠园西区店),113.659194,34.874642,113.659194,34.874642,迎宾路月季街向西30米路北,0371-55059770;13526838720,4.2,40,暂无,8：00——22：00
惠济区,库迪咖啡(金达路福都广场店),113.687127,34.864167,113.687127,34.864167,金达路与乐飞街交叉口东南角福都购物广场商场1层大厅(直梯对面),16638253623,4.2,13,暂无,8：00——22：00
惠济区,幸运咖(鑫苑逸品香山店),113.670583,34.862902,113.670583,34.862902,鑫苑逸品香山2期金达路银通路交叉口西北角,13140050706,4.1,暂无,暂无,8：00——22：00
惠济区,洛斯达·生日蛋糕·烘焙(美景·欢乐广场店),113.64518,34.858845,113.64518,34.858845,文化北路与英才街交叉路口西南角美景·欢乐广场B1,13673659879,4.1,暂无,暂无,8：00——22：00
惠济区,锦升和重庆鸡公煲,113.653544,34.859084,113.653544,34.859084,迎宾路街道英才街与桂园南街交叉口东2号楼第五间,18605891176,4.1,25,暂无,8：00——22：00
惠济区,曹氏鸭脖(杨庄惠弘新园店),113.642325,34.859775,113.642325,34.859775,杨庄惠弘新园(北大学城地铁站C口步行370米),暂无,4.1,23,暂无,8：00——22：00
惠济区,蜜雪冰城(京水店),113.698551,34.873721,113.698551,34.873721,花园口镇京水村农贸市场A区门面房18号,13213116671,4.2,10,暂无,8：00——22：00
惠济区,芝卷卷比萨店,113.63726,34.870139,113.63726,34.870139,新城路24号月湖广场步行街1号楼1楼119-2,暂无,4.2,38,暂无,8：00——22：00
惠济区,李吃吃(开元路店),113.636697,34.864593,113.636697,34.864593,木马嘉苑壹号院南2门西100米,15738331192,4.2,暂无,暂无,8：00——22：00
惠济区,卤昱夫妻肺片(天地湾店),113.673996,34.861461,113.673996,34.861461,天地湾·佳苑东门旁,暂无,4.2,20,暂无,8：00——22：00
惠济区,刘记烩面鲜炒鸡炭锅鱼,113.596297,34.885274,113.596297,34.885274,惠济区实验幼儿园绿源分园向南100米,13017656591,4.1,暂无,暂无,8：00——22：00
惠济区,川奇麻辣香锅,113.637008,34.869657,113.637008,34.869657,新城路月湖广场3号楼142-1,18839959586,4.2,22,暂无,8：00——22：00
惠济区,博爱牛肉丸子汤(裕园小区店),113.609345,34.856747,113.609345,34.856747,裕园小区西门北80米,15515903856,4.1,暂无,暂无,8：00——22：00
惠济区,沙朗阿甘鲜肉汉堡(惠济万达店),113.637806,34.868724,113.637806,34.868724,开元路68号万达广场(郑州惠济店)4F层4055,15333823097,4.2,28,暂无,8：00——22：00
惠济区,绝味鸭脖(体育大学店),113.629476,34.825167,113.629476,34.825167,长虹路与银河街交叉口南100米,13787141771;17303710938,4.2,暂无,暂无,8：00——22：00
惠济区,临榆炸鸡腿(国基大学店),113.649367,34.859316,113.649367,34.859316,迎宾路街道英才街国基大学城生活园区内西一号房(蜜雪冰城旁),15136247771,4.2,14,暂无,8：00——22：00
惠济区,豫三帝瓦罐面大盘鸡(昌建·誉峰店),113.627981,34.805678,113.627981,34.805678,刘寨街道兴南街177号昌建·誉峰,19949176913,4.1,暂无,南阳路,8：00——22：00
惠济区,尚瘾·齐齐哈尔烤肉(毛庄小区二号院店),113.629375,34.866575,113.629375,34.866575,毛庄小区二号院东门西北90米,13303715628,4.2,54,暂无,8：00——22：00
惠济区,大胡子烧烤拉面大盘鸡(惠龙·鸿运花园店),113.591249,34.870564,113.591249,34.870564,新城街道开元路1号惠龙·鸿运花园,暂无,4.2,28,暂无,8：00——22：00
惠济区,LINLEE·手打柠檬茶(惠济万达店),113.637516,34.868687,113.637516,34.868687,开元路68号郑州惠济万达广场5F多经铺位JY-BX-501,19838123076,4.1,15,暂无,8：00——22：00
惠济区,彭记糕点(省体育中心店),113.623661,34.834868,113.623661,34.834868,长兴路街道长兴农贸市场临街门面07号,暂无,4.2,暂无,长兴路,8：00——22：00
惠济区,小二哥太和板面(金桥路店),113.668586,34.874494,113.668586,34.874494,金桥路17号,18339777090;18739100117,4.1,13,暂无,8：00——22：00
惠济区,岐擀杖臊子面(丰乐路店),113.63574,34.80181,113.63574,34.80181,东风路街道丰乐路与宋砦南街向北20米路东,13203858581,4.1,34,宋寨,8：00——22：00
惠济区,呐呆面包研究所(月湖广场店),113.637848,34.870142,113.637848,34.870142,"新城路文创路交叉口月湖广场里面,1层露天街铺",13803839408,4.2,25,暂无,8：00——22：00
惠济区,豫小七鸡汤烧饼(怡丰新都汇店),113.650682,34.785338,113.650682,34.785338,生产路天明路往西六十米路南,18676675002,4.1,暂无,南阳路,8：00——22：00
惠济区,逍遥胡辣汤(桂圆南街店),113.653445,34.857185,113.653445,34.857185,迎宾路街道桂圆南街1-15号,暂无,4.2,暂无,暂无,8：00——22：00
惠济区,王留山道口烧鸡铺(长柳路店),113.624659,34.835853,113.624659,34.835853,长兴路39号1号楼1号商铺,15713627161;16697857161,4.1,29,长兴路,8：00——22：00
惠济区,胖娃川菜馆(岭南路店),113.551141,34.902184,113.551141,34.902184,大彭庄南街84号,13526633541,4.1,51,暂无,8：00——22：00
惠济区,五味草堂五谷渔粉(月湖广场店),113.63639,34.869842,113.63639,34.869842,月湖广场三号楼外围西边105号,17719823099;19103860795,4.2,23,暂无,8：00——22：00
惠济区,京城一只鸭北京烤鸭(天地湾店),113.674426,34.860711,113.674426,34.860711,天地湾·晴苑西门南90米,13253605797,4.2,暂无,暂无,8：00——22：00
惠济区,信阳渔家(丽景庄园店),113.654689,34.903654,113.654689,34.903654,花园口村大堤路依水庄园B1,15137122833,4.1,暂无,暂无,8：00——22：00
惠济区,逍遥镇牛肉胡辣汤(月季街店),113.660205,34.876169,113.660205,34.876169,御翠园b区6号,18530792350,4.2,9,暂无,8：00——22：00
惠济区,乡村巧厨,113.745956,34.87099,113.745956,34.87099,八堡汽配城北门西220米,18838088578;18839798840,4.2,暂无,暂无,8：00——22：00
惠济区,台式炸鸡烤肉拌饭,113.653435,34.857753,113.653435,34.857753,黄河学府西南门旁,13607659121;15639906651,4.4,14,暂无,8：00——22：00
惠济区,兰州牛肉面(裕华美欣店),113.61991,34.836009,113.61991,34.836009,长柳路裕华美欣西门,18538721351,3.8,暂无,暂无,8：00——22：00
惠济区,鸿源斋食府(惠济旗舰店),113.629631,34.865377,113.629631,34.865377,新城街道金河路122-3正西方向130米毛庄小区二号院,0371-55551022,4.6,80,暂无,8：00——22：00
惠济区,中国兰州清汤牛肉面(创业街店),113.657471,34.865827,113.657471,34.865827,迎宾路街道有一家疯狂烤鸡(创业店)郑州师范学院东区,13183335353,4.4,19,暂无,8：00——22：00
惠济区,驴秀才田园路店(郑州总店),113.662975,34.869097,113.662975,34.869097,水镜怡园小区22栋一层商铺23号,15238347779;18836973918,4.6,57,暂无,8：00——22：00
惠济区,老长垣美食,113.623279,34.796542,113.623279,34.796542,沙口路与宋寨南街交叉口东北角,0371-63655655;13073717715,4.3,53,暂无,8：00——22：00
惠济区,福临记热干面,113.741744,34.871347,113.741744,34.871347,花园口镇田河村八堡小学东50米路南,13213983955,4,暂无,暂无,8：00——22：00
惠济区,中原第一猪蹄(天河路店),113.613696,34.871832,113.613696,34.871832,惠和苑西门旁,13283800881;15738311961,4,34,新城,8：00——22：00
惠济区,余味包子,113.603004,34.803977,113.603004,34.803977,电厂路90-19,15138957868,4.3,20,暂无,8：00——22：00
惠济区,有故事的驴肉,113.683758,34.874056,113.683758,34.874056,中州大道与迎宾路交叉口北建材市场,暂无,4.5,64,暂无,8：00——22：00
惠济区,洛阳羊杂汤,113.628853,34.825851,113.628853,34.825851,银河路一号附2号(郑大体院南门),15838318170,4.3,15,长兴路,8：00——22：00
惠济区,正阳米皮(毛庄惠文社区店),113.624859,34.874904,113.624859,34.874904,新城街道毛庄小区B1楼三单元,15981985704,4.5,11,暂无,8：00——22：00
惠济区,三兄弟杞县砂锅店,113.66574,34.89624,113.66574,34.89624,花园口老街,15903681817,4.4,19,暂无,8：00——22：00
惠济区,大彭庄驴肉馆,113.554199,34.899489,113.554199,34.899489,江山路与绿城路交叉口南160米,暂无,4,暂无,暂无,8：00——22：00
惠济区,郑州新家园渔村正宗大块鱼,113.617476,34.906764,113.617476,34.906764,天河路森林湖550米路东,13603717703,4.2,66,暂无,8：00——22：00
惠济区,信阳热干面煎饼,113.628797,34.825895,113.628797,34.825895,河南体育学院南门旁,0371-68860778;0371-68867778,3.8,42,长兴路,8：00——22：00
惠济区,老三烧烤(月湖南路店),113.636175,34.871025,113.636175,34.871025,月湖南路与假日西路交叉口东140米,13673591995,4,暂无,暂无,8：00——22：00
惠济区,库迪咖啡(郑州月湖广场店),113.637351,34.870225,113.637351,34.870225,迎宾路街道新城路272号月湖广场,17329325815,4,暂无,暂无,8：00——22：00
惠济区,何亚儒红辣椒正宗擀面皮店(东赵店),113.63792,34.881325,113.63792,34.881325,旺佳路东赵便民市场C区11号,暂无,4,暂无,暂无,8：00——22：00
惠济区,张记五香卤肉坊,113.549915,34.896579,113.549915,34.896579,古荥镇南王村11号,15937123440,4,暂无,暂无,8：00——22：00
惠济区,宴秋高尔夫餐厅,113.514385,34.923788,113.514385,34.923788,西山路286号,15538267516,4,暂无,暂无,8：00——22：00
惠济区,令发白吉馍,113.67449,34.8625,113.67449,34.8625,金达路与茂源街交叉口东南角,19713252730,4,12,暂无,8：00——22：00
惠济区,拌壹桶干拌冒菜(北大学城店),113.649062,34.859331,113.649062,34.859331,英才街50号国基生活园区13号楼门面房西,19036953535,4,暂无,暂无,8：00——22：00
惠济区,枣子坊(美景欢乐广场店),113.64485,34.859138,113.64485,34.859138,美景欢乐广场步行街中段,19943838367,4,19,暂无,8：00——22：00
惠济区,农家土菜馆(惠济店),113.745745,34.871657,113.745745,34.871657,田河村,15238607699,4,暂无,暂无,8：00——22：00
惠济区,书亦烧仙草(郑州惠济区福都广场店),113.687342,34.863841,113.687342,34.863841,福都购物广场4楼电梯口,暂无,4,15,暂无,8：00——22：00
惠济区,高记老烩面泡馍馆,113.515679,34.881097,113.515679,34.881097,大河路与马村中心路交叉口东60米,暂无,4,暂无,暂无,8：00——22：00
惠济区,大苕爷爆汁烤苕皮(月湖广场店),113.637049,34.869836,113.637049,34.869836,新城路月湖金街华莱士旁边,18943605583,4,9,暂无,8：00——22：00
惠济区,桂洲村点心集市(惠济万达店),113.636671,34.869036,113.636671,34.869036,开元路68号惠济万达广场5F中厅JY-BX-504,15515506985,4,21,暂无,8：00——22：00
惠济区,邢全福胡辣汤小馆(艺茂国际仓店),113.619889,34.858724,113.619889,34.858724,艺茂仓东门口D4栋102号,18348404653,4,8,暂无,8：00——22：00
惠济区,勤人香麻辣鸡头(家常美食),113.621288,34.83502,113.621288,34.83502,江山路裕华美欣小区路南,13213155861;18638135767,4.1,20,长兴路,8：00——22：00
惠济区,马家羊肉鲜汤馆(文化路分店),113.647701,34.857902,113.647701,34.857902,文化北路与滨河路交叉口北120米,13598827829,4.1,29,暂无,8：00——22：00
惠济区,陈师傅馍菜汤(丰乐路),113.628963,34.811092,113.628963,34.811092,王砦小区西区东北门东南80米,18538310608,4.2,21,长兴路,8：00——22：00
惠济区,欢喜饺子馆(鑫苑逸品香山南区店),113.667906,34.862399,113.667906,34.862399,迎宾路街道英才街16号鑫苑逸品香山南区,13838519775;15136125728,4.1,23,暂无,8：00——22：00
惠济区,李记臊子面(毛庄店),113.629375,34.866606,113.629375,34.866606,金河路与开元路交叉口西南角50米,18039272535,4.2,15,暂无,8：00——22：00
惠济区,洛阳全羊鲜汤,113.65351,34.859186,113.65351,34.859186,桂圆南街与英才街交叉口东南60米,暂无,4.2,25,暂无,8：00——22：00
惠济区,周记羊肉汤烩面,113.701154,34.888979,113.701154,34.888979,黄京线靠近永安堂大药房,13937539621,4.1,暂无,暂无,8：00——22：00
惠济区,郑州黄河楼野鱼村,113.669007,34.903732,113.669007,34.903732,花园口镇花园路89号(黄河游览区东200米),0371-69197568,3.9,暂无,暂无,8：00——22：00
惠济区,万象卉园美食,113.539647,34.949203,113.539647,34.949203,万象中路与黄浮路交叉口东北20米,暂无,3.8,暂无,暂无,8：00——22：00
惠济区,杨老四郑州老式烩面,113.623001,34.85615,113.623001,34.85615,江山路街道苏屯六号院西门口苏屯便民点A17号,13213033451;15617630768,4.4,18,暂无,8：00——22：00
惠济区,月亮米砂锅麻酱米线(民安北郡店),113.62618,34.868211,113.62618,34.868211,开元路与固城路交叉口向北200米路东,暂无,4.4,19,暂无,8：00——22：00
惠济区,跳跃牛牛水煎肉,113.638092,34.868753,113.638092,34.868753,开元路68号万达广场郑州惠济店4F层,暂无,4.4,57,暂无,8：00——22：00
惠济区,四顾麻庐(长兴路店),113.626121,34.824298,113.626121,34.824298,长兴路街道宏达小区6号院长兴路临街房40-4,15003818592,4.5,暂无,长兴路,8：00——22：00
惠济区,東更道点心行(郑州惠济万达广场店),113.638022,34.868524,113.638022,34.868524,开元路68号万达广场郑州惠济店1F层,19036918231,4.4,暂无,暂无,8：00——22：00
惠济区,大茶缸东北麻辣烫,113.635613,34.802142,113.635613,34.802142,丰乐路107-3,15903655636,4.4,19,宋寨,8：00——22：00
惠济区,川豫小馆,113.615323,34.859254,113.615323,34.859254,江山路街道格力广园区内天元南路苏屯西路西天河文化中心4号,18237187507,4.4,12,暂无,8：00——22：00
惠济区,沙枣花泰林拌面,113.677775,34.862325,113.677775,34.862325,惠达金苑2-105室(金达路地铁站B口步行70米),17537656613,4.4,30,暂无,8：00——22：00
惠济区,沪桥巷生煎(新城路店),113.623014,34.869806,113.623014,34.869806,新城路街道民安北郡1期37号楼一楼109号,暂无,4.4,14,暂无,8：00——22：00
惠济区,正商河峪洲艺术中心,113.529423,34.905727,113.529423,34.905727,古荥镇江山路与沿黄快速路交叉口向西1000米路南正商河峪洲艺术中心,17637175951,4.5,暂无,暂无,8：00——22：00
惠济区,御宾苑烩面(新城路店),113.624734,34.870201,113.624734,34.870201,新城街道清华园路新城路交叉口向东100米路北(毛庄村),0371-63985816;0371-63987398,4.4,36,暂无,8：00——22：00
惠济区,三和美食(天河路),113.613796,34.873475,113.613796,34.873475,新城路与天河路交汇处惠城社区,15716784089,4.3,26,新城,8：00——22：00
惠济区,南阳路大砂锅,113.626671,34.80914,113.626671,34.80914,兴隆铺路13-1号(兴隆铺地铁站C口步行280米),0371-63721638,4.5,38,南阳路,8：00——22：00
惠济区,老渔夫农家院(黄古线),113.665657,34.902644,113.665657,34.902644,中州大道8号,0371-65678199,3.9,暂无,暂无,8：00——22：00
惠济区,清真沙伟饭店,113.695198,34.874001,113.695198,34.874001,京水路,暂无,4.3,暂无,暂无,8：00——22：00
惠济区,老柴灶乡土小院,113.66366,34.879437,113.66366,34.879437,大河路南辅路与大河路辅路交叉口南60米,0371-55500088,4.3,暂无,暂无,8：00——22：00
惠济区,大胖饸饹面,113.619516,34.857013,113.619516,34.857013,锦艺四季城香颂苑北45米,暂无,4.3,暂无,暂无,8：00——22：00
惠济区,食里八湘(农业路尚购店),113.650354,34.787073,113.650354,34.787073,尚购生活广场北门旁,暂无,4.3,暂无,暂无,8：00——22：00
惠济区,小云楠鲜烫牛肉米线(丰乐路2店),113.636047,34.8015,113.636047,34.8015,宋寨小区集资楼,19535477327,4.3,19,东风路,8：00——22：00
惠济区,福锦记滋补胡辣汤,113.616968,34.870623,113.616968,34.870623,天河路新城路向东200米,15093333775,4.3,13,新城,8：00——22：00
惠济区,御之面师四宝牛杂面,113.572228,34.889939,113.572228,34.889939,绿源路中原水产物流港一期西门28号四宝牛杂面,15516188788,4.3,暂无,暂无,8：00——22：00
惠济区,牛肉板面,113.610035,34.870941,113.610035,34.870941,新城街道惠苑小区新城路门面房53号,13051518230,4.3,暂无,新城,8：00——22：00
惠济区,漫维咖啡,113.639441,34.869264,113.639441,34.869264,睿谷创新中心A1号楼1楼,17752560865,4.3,暂无,暂无,8：00——22：00
惠济区,晚胜小笼包,113.664585,34.896087,113.664585,34.896087,花园口村委会对面,暂无,4.3,暂无,暂无,8：00——22：00
惠济区,芊禾边鲜炒鸡,113.662019,34.881297,113.662019,34.881297,迎宾路街道北四环与田园路交叉口向西100m路北,15617897988,4.3,20,暂无,8：00——22：00
惠济区,大河源牛肉拉面铁锅柴鸡,113.662382,34.881345,113.662382,34.881345,田园路105号,13939026663,4.3,暂无,暂无,8：00——22：00
惠济区,石磨肠粉·煎饼(天地湾·佳苑店),113.673531,34.862468,113.673531,34.862468,天地湾·佳苑北门东50米,18623739692,4.3,暂无,暂无,8：00——22：00
惠济区,晋麦王山西老面馆(锦艺四季城香颂苑店),113.616888,34.85575,113.616888,34.85575,锦艺四季城香颂苑商铺1-110,17630037809,4.3,暂无,暂无,8：00——22：00
惠济区,阿娟饭店,113.696547,34.872954,113.696547,34.872954,京水东路与大河路交叉口西南440米,暂无,4.3,暂无,暂无,8：00——22：00
惠济区,益佳热干面,113.625426,34.834126,113.625426,34.834126,长兴路裕华广场小区37-5(省体育中心地铁站E口旁),15893633193;18217880581,4.3,暂无,长兴路,8：00——22：00
惠济区,喆鹏酒店·K100西餐厅,113.622976,34.866479,113.622976,34.866479,开元路100号郑州喆鹏酒店三楼,0371-61827799;0371-61876167,4.3,257,暂无,8：00——22：00
惠济区,原阳李占坡烩面,113.763581,34.877068,113.763581,34.877068,花园口镇申庄村小学斜对面路西,13462317198,4.3,暂无,暂无,8：00——22：00
惠济区,千吉千禧大盘鸡(长虹路旗舰店),113.629121,34.824868,113.629121,34.824868,金蓝湾西门旁,0371-63316418,4.3,33,长兴路,8：00——22：00
惠济区,薛记腌卤熟食老店,113.545682,34.909442,113.545682,34.909442,江山路与西山路交叉口菜市场2排1号,15838161795,4.3,165,暂无,8：00——22：00
惠济区,开封桶子鸡(丰乐路兴隆铺路店),113.629837,34.810401,113.629837,34.810401,王砦小区东区西南1门旁,13137156396;15162371668,4.3,暂无,长兴路,8：00——22：00
惠济区,黄土人家餐厅,113.618699,34.860025,113.618699,34.860025,清华园路艺茂国际仓c3-113,13633836026,4.3,16,暂无,8：00——22：00
惠济区,祁记山西面馆(森巴·林海店),113.546364,34.912981,113.546364,34.912981,森巴·林海,18538155736,4.3,暂无,暂无,8：00——22：00
惠济区,红辣椒串串香,113.533706,34.879005,113.533706,34.879005,古荥镇大河路古须路,13523483856,4.3,暂无,暂无,8：00——22：00
惠济区,大刘牛肉板面(河南体育学院店),113.629098,34.825018,113.629098,34.825018,金蓝湾西门旁,18538732825,4.3,15,长兴路,8：00——22：00
惠济区,青创食品郑州分公司,113.608712,34.836476,113.608712,34.836476,京广快速路信基调味市场5区2101-2102号,15238395388,3.8,暂无,暂无,8：00——22：00
惠济区,周家米皮(总店),113.546055,34.912885,113.546055,34.912885,古荥镇孙庄村92号,15738832293,4,16,暂无,8：00——22：00
惠济区,朱记手擀面(金桥路店),113.668564,34.874523,113.668564,34.874523,花园口镇金桥路北方汽修学校往西100米路北,暂无,4,17,暂无,8：00——22：00
惠济区,王嘉宝老味砂锅,113.636557,34.870062,113.636557,34.870062,迎宾路街道碧源月湖商业中心二区3号楼149号商铺,18736008673,4.2,14,暂无,8：00——22：00
惠济区,老饕之家,113.61804,34.859826,113.61804,34.859826,河南省郑州市惠济区江山路街道艺茂国际仓C区一层C2-102号,0371-55663322,4.1,59,暂无,8：00——22：00
惠济区,合豐馬坡烧烤-牛肚王-铁板烧(1123店),113.623716,34.82582,113.623716,34.82582,长兴路街道长青路银河街长交叉口南20米23号,18039273111,4.2,45,长兴路,8：00——22：00
惠济区,牧场咖啡,113.616957,34.909076,113.616957,34.909076,天河路669号,13253322100,4.1,暂无,暂无,8：00——22：00
惠济区,麦小稼.八宝粥,113.621475,34.819675,113.621475,34.819675,国基路与江山路交叉口东140米,暂无,4.1,暂无,北环,8：00——22：00
惠济区,阿煜米粉,113.649234,34.859664,113.649234,34.859664,国基大学城生活园区东北门旁,暂无,4.1,暂无,暂无,8：00——22：00
惠济区,四川小炒,113.575002,34.888353,113.575002,34.888353,绿源路与丰业街交叉口西200米,暂无,4.1,暂无,暂无,8：00——22：00
惠济区,香酥鸡饼,113.671144,34.862853,113.671144,34.862853,金达路与银通路交叉口东北20米,17550572296,4.2,暂无,暂无,8：00——22：00
惠济区,小楠妮自助烤肉,113.638779,34.880533,113.638779,34.880533,大河路208号(东赵地铁站C口步行350米),暂无,4.1,暂无,暂无,8：00——22：00
惠济区,辣妹子酸菜鱼豆花鱼,113.622433,34.872688,113.622433,34.872688,清华园路145-13号楼,15890636028,4.2,33,暂无,8：00——22：00
惠济区,张百味串串香三分店,113.63022,34.810904,113.63022,34.810904,长兴路街道王王寨东安置区19号楼,暂无,4.1,暂无,北环,8：00——22：00
惠济区,五香卤肉坊,113.625852,34.825054,113.625852,34.825054,长兴路宏达路北100米路西,13613841488;13803842727,4.2,暂无,长兴路,8：00——22：00
惠济区,江碗碗·江西小炒(金蓝湾店),113.629479,34.824379,113.629479,34.824379,金杯路10号8号楼1-2层商铺2号,暂无,4.2,20,暂无,8：00——22：00
惠济区,天澜人家,113.615122,34.895975,113.615122,34.895975,天河路绿荫路交叉口西南角,13938582838,4.2,暂无,暂无,8：00——22：00
惠济区,成都川菜馆,113.647628,34.858277,113.647628,34.858277,文化路与英才街交叉口路东向南300米,18723729777,4.2,21,暂无,8：00——22：00
惠济区,大囍砂锅,113.630647,34.825835,113.630647,34.825835,金杯路银河街交叉口西南角,15136223665;17513153977,4.2,暂无,暂无,8：00——22：00
惠济区,多加酸奶,113.617198,34.816843,113.617198,34.816843,邮运南路王砦西安置区9-1-1多加酸奶,13803868646,4.2,13,北环,8：00——22：00
惠济区,信阳炖菜馆,113.665107,34.89606,113.665107,34.89606,花园口镇花园口老街花园口村委会南门斜对面,17335903892,4.2,暂无,暂无,8：00——22：00
惠济区,兴隆酸菜鱼老店,113.688925,34.868625,113.688925,34.868625,中州大道万客隆家具城5号楼旁边,15003833002,4.2,暂无,暂无,8：00——22：00
惠济区,豫鲜生手工杂面条黄焖鸡,113.616922,34.856097,113.616922,34.856097,江山路街道英才街北与中央东路锦艺四季城香颂园西门商铺1-119号,15890627132,4.2,暂无,暂无,8：00——22：00
惠济区,百年郝记牛阿福鲜牛清汤,113.624743,34.80836,113.624743,34.80836,兴隆铺路2号院1号楼从东往西第一间至第六间门店,15136457691,4.1,18,南阳路,8：00——22：00
惠济区,固城大锅菜扣碗,113.632898,34.842019,113.632898,34.842019,金杯北路康鑫花园西门北侧,13613864582,4.1,暂无,暂无,8：00——22：00
惠济区,芳羊小放羊砂锅炖羊肉,113.637406,34.876173,113.637406,34.876173,中海湖滨世家悠然苑,暂无,4.1,19,暂无,8：00——22：00
惠济区,京四和涮锅,113.628016,34.86918,113.628016,34.86918,民安·北郡一号院(毛庄地铁站C口步行490米),暂无,4.2,51,暂无,8：00——22：00
惠济区,北大门火锅,113.579905,34.875004,113.579905,34.875004,赫兴云仓西南侧80米,13137702212,4.1,47,暂无,8：00——22：00
中牟县,小祝家秘制花甲(新世纪广场店),114.012366,34.725378,114.012366,34.725378,青年路西段新世纪广场东胡同2号,15238398488,4.2,14,中牟新区,8：00——22：00
中牟县,谢庄速冻冷饮批发,113.839177,34.638348,113.839177,34.638348,九龙中学向西100米路南,15981961887;18439881900,4.2,暂无,暂无,8：00——22：00
中牟县,诚信蛋糕房,113.942762,34.857787,113.942762,34.857787,006县道东50米,13526496513,4,暂无,暂无,8：00——22：00
中牟县,二胖擀面皮,114.108656,34.659543,114.108656,34.659543,韩寺镇人民政府西第十二户,13592535574,4.3,暂无,暂无,8：00——22：00
中牟县,万邦华源餐饮食品配料优选中心,113.956915,34.693209,113.956915,34.693209,万洪路万邦粮油干调市场A9区11号,15803857206;15838085732,4.3,暂无,暂无,8：00——22：00
中牟县,豫香园烙馍村(蓝爵世家店),113.962573,34.718113,113.962573,34.718113,广惠街蓝爵世家1号楼2号,13939070464;15039054276,4.1,26,广惠街,8：00——22：00
中牟县,乡村地锅柴鸡,113.844393,34.638364,113.844393,34.638364,祥云街道013县道经开区九龙中学,18638161143;18638161418,4.2,暂无,暂无,8：00——22：00
中牟县,口口香蛋糕店(中牟店),114.023558,34.719998,114.023558,34.719998,官渡大街二院正对面,13503459858;13523464536,4.2,暂无,中牟新区,8：00——22：00
中牟县,窗外西餐厅(普罗理想国店),114.02595,34.787914,114.02595,34.787914,郑开大道与雁鸣大道交汇处(彩虹隧道西侧),0371-60198773,4.8,264,中牟新区,8：00——22：00
中牟县,桃园驴肉香,113.837766,34.653947,113.837766,34.653947,华夏大道黄商村路东100米,13071035331;13673997023,4.5,49,暂无,8：00——22：00
中牟县,尚品鑫隆面包房(官渡西街店),114.023037,34.71966,114.023037,34.71966,官渡西路与府前路交叉口西南50米,0371-62155268;0371-62196110,4.4,7,中牟新区,8：00——22：00
中牟县,大孟快捷酒店,114.015698,34.796222,114.015698,34.796222,大孟镇大孟社区7区,18768897875,4.6,暂无,暂无,8：00——22：00
中牟县,黄河滩区韩家风干野兔肉,114.148022,34.872269,114.148022,34.872269,狼东路北50米,13503836820,4,暂无,暂无,8：00——22：00
中牟县,刘记鸡血汤,113.963499,34.715708,113.963499,34.715708,水木清华西南门东80米,17337149799;17739793533,4,暂无,中牟新区,8：00——22：00
中牟县,朝鲜冷面店(官渡西路),114.026168,34.719379,114.026168,34.719379,青年路街道官渡大街建设银行东五十米,18790265350,4,暂无,暂无,8：00——22：00
中牟县,胖子馄饨老店(二初中店),114.007086,34.7175,114.007086,34.7175,东风路44号,暂无,4.5,50,暂无,8：00——22：00
中牟县,乡村羊肉馆,113.845549,34.655407,113.845549,34.655407,经济技术开发区太平庄村,暂无,4.4,61,中牟新区,8：00——22：00
中牟县,开顺美食(滨河路店),113.981955,34.723133,113.981955,34.723133,百合花园19幢附1号,0371-62158555,4.4,暂无,广惠街,8：00——22：00
中牟县,康宁大酒店(白沙店),113.900931,34.729358,113.900931,34.729358,白沙镇白沙村商都路与恒通路交叉口东500米路北,暂无,4.4,暂无,暂无,8：00——22：00
中牟县,丰源烩面,113.982535,34.723286,113.982535,34.723286,暂无,0371-60210277;13213213761;13938567327,4.6,11,中牟新区,8：00——22：00
中牟县,70年代老地锅(中牟北环路店),114.024626,34.733264,114.024626,34.733264,建设路与北环路交叉口向东300米路南(深圳粮油对面),15939039295,4.3,46,暂无,8：00——22：00
中牟县,快乐奶牛(中牟陇海路店),114.018387,34.717493,114.018387,34.717493,青年路街道建设路与陇海路交叉口东20米路南,13523513066,4.2,17,暂无,8：00——22：00
中牟县,驴肉村生态园酒店(总店),113.833489,34.653799,113.833489,34.653799,华夏大道黄商村东口,0371-62271211;13526652391,4.5,暂无,暂无,8：00——22：00
中牟县,大唐醉仙鸭(港区总店),113.865134,34.563208,113.865134,34.563208,航空港区巡航路与相州街交叉口向东100米路北,13503992819;18037302081,4.4,16,暂无,8：00——22：00
中牟县,味一鲜胡辣汤(绿博新城六号院店),113.978062,34.768569,113.978062,34.768569,绿博新城654号,15093338682,4.5,暂无,暂无,8：00——22：00
中牟县,麻婆豆腐(岗李店),113.850013,34.78421,113.850013,34.78421,郑东新区白沙镇岗李村岗李集贸市场南排中部1-2号,13253553000;18137337731,4.4,30,暂无,8：00——22：00
中牟县,京佬铜锅涮肉(郑州象湖旗舰店),113.877089,34.771336,113.877089,34.771336,象湖南路156-32号,18539263333,4.3,暂无,暂无,8：00——22：00
中牟县,小民农庄,113.993279,34.904509,113.993279,34.904509,015乡道,13103852651,4.3,暂无,中牟新区,8：00——22：00
中牟县,惜缘(中央御景店),113.967446,34.719141,113.967446,34.719141,中央御景,0371-58568111,4.4,85,广惠街,8：00——22：00
中牟县,正宗土耳其烤肉(中牟总店),113.993142,34.732942,113.993142,34.732942,孔庄村,15136111766;18203682088,4.3,82,中牟新区,8：00——22：00
中牟县,热烀炖大灶台(白沙总店),113.886235,34.733473,113.886235,34.733473,艺君生活广场南1门东南100米,13803815003,4.4,25,中牟新区,8：00——22：00
中牟县,赵记酸菜鱼大盘鸡,113.849251,34.680045,113.849251,34.680045,锦瑞路宇通公寓南侧约80米,18703862991,3.8,暂无,暂无,8：00——22：00
中牟县,战锋烧烤(商都路店),114.006748,34.724986,114.006748,34.724986,商都路与中兴路交叉口向西200米路北,13503450599,4.2,67,中牟新区,8：00——22：00
中牟县,邢氏味道,114.041577,34.733542,114.041577,34.733542,建安路郑州顺天缘食品有限公司东南,0371-62183555,4.4,41,中牟新区,8：00——22：00
中牟县,五彩果蔬凉皮酸辣粉(世祥花园店),113.985024,34.720671,113.985024,34.720671,百利·未来铭郡西南门西南50米,18749815762,3.7,暂无,暂无,8：00——22：00
中牟县,刘记羊肉鲜汤馆,113.865192,34.687435,113.865192,34.687435,宇兴路龙善街交叉口路西刘记羊肉鲜汤馆,15690868222,4.4,18,暂无,8：00——22：00
中牟县,鸭血粉丝汤,114.022288,34.714993,114.022288,34.714993,府前路1号-附19号附近,15617511330;15981963018,4.4,39,暂无,8：00——22：00
中牟县,韦亮记黄焖鸡(白沙店),113.89674,34.735552,113.89674,34.735552,白沙购物中心西门旁,13683811581,4.3,16,中牟新区,8：00——22：00
中牟县,袁记云饺(中牟县天泽城店),113.962174,34.715843,113.962174,34.715843,广惠街街道水木清华南门门面8-5-2号,15617897615,4.5,暂无,中牟新区,8：00——22：00
中牟县,豫小七鸡汤烧饼(沃金广场店),113.857576,34.561329,113.857576,34.561329,航空港区沃金商业广场3-104号,18530885732,4.4,13,中牟新区,8：00——22：00
中牟县,幸运咖(绿博一号店),113.951093,34.791875,113.951093,34.791875,刘集镇绿博一号G区018幸运咖,15514467955,4.4,11,暂无,8：00——22：00
中牟县,张亮麻辣烫(郑州盛和社区店),113.952876,34.687487,113.952876,34.687487,郑庵镇文澜路盛和社区一号院A区-031,13333819916,4.4,23,暂无,8：00——22：00
中牟县,蜜雪冰城(碧桂园中央公园店),113.992799,34.790537,113.992799,34.790537,碧桂园中央公园A区,15978442081,4.4,11,暂无,8：00——22：00
中牟县,九多肉多(幸福景园店),113.889849,34.607006,113.889849,34.607006,航空港区幸福景园东门口,13526707333,4.4,暂无,中牟新区,8：00——22：00
中牟县,古茗(中牟悦汇城店),113.860276,34.564273,113.860276,34.564273,航空港区锦荣悦汇城西广场09号,暂无,4.4,14,中牟新区,8：00——22：00
中牟县,正新鸡排(山顶·御和园店),113.871161,34.560829,113.871161,34.560829,航空港区山顶御和园1101B,暂无,4.4,14,中牟新区,8：00——22：00
中牟县,茶百道(郑州港区悦汇城店),113.861275,34.564925,113.861275,34.564925,航空港区空港经济综合实验区雍州路与巡航路交汇处锦荣悦汇城1层A101商铺,16638086661,4.4,暂无,中牟新区,8：00——22：00
中牟县,花小小新疆炒米粉(港区滨河店),113.868323,34.563464,113.868323,34.563464,航空港区巡航路与凌空街交叉路口东北角,15703710671,4.4,16,中牟新区,8：00——22：00
中牟县,塔斯汀中国汉堡(郑州艺术职院郑东校区店),113.897589,34.783508,113.897589,34.783508,郑开大道132号(郑州艺术职业学院校内),18538315260,4.4,17,暂无,8：00——22：00
中牟县,焱玖家麻辣猪蹄(潘安园店),114.01623,34.715612,114.01623,34.715612,建设路潘安园南邻焱玖家麻辣猪蹄,13007522475,4.4,45,暂无,8：00——22：00
中牟县,福状元(天泽城广场店),113.961275,34.716225,113.961275,34.716225,宝峰街7号天泽城F2层,0371-62268889,4.5,34,广惠街,8：00——22：00
中牟县,御品德鸡公煲(上东里店),113.852997,34.773697,113.852997,34.773697,上东里2号楼南街1F,18032154999,4.5,24,中牟新区,8：00——22：00
中牟县,王春光营养早餐-中式快餐,113.897293,34.704921,113.897293,34.704921,凤河东街泰达路交叉路口东北角新安路10号,15346283339,4.4,暂无,暂无,8：00——22：00
中牟县,蜜雪冰城(姚家镇店),114.017982,34.657613,114.017982,34.657613,姚家镇集贸市场北门东130米,18603819124,4.4,11,暂无,8：00——22：00
中牟县,蜜雪冰城(万三路店),113.930978,34.592145,113.930978,34.592145,航空港区万三路与和谐大道交叉口南20米,13043718999,4.4,7,中牟新区,8：00——22：00
中牟县,关虎屯老味米线(刘集镇店),113.885989,34.793067,113.885989,34.793067,岗赵商业步行街,暂无,4.4,7,暂无,8：00——22：00
中牟县,胡闯鱼粉(牡丹七街店),113.977554,34.766717,113.977554,34.766717,刘集镇绿博2号5区1-008号,15225153572,4.4,17,中牟新区,8：00——22：00
中牟县,老潼关肉夹馍(东润城店),113.896599,34.73181,113.896599,34.73181,白沙镇敬业路东润城10号105,15838240795,4.4,19,暂无,8：00——22：00
中牟县,凤兰农家烙馍村(锦瑞路店),113.85397,34.682447,113.85397,34.682447,锦瑞路与杨桥大道交叉口西200米,13007625955,4.4,暂无,中牟新区,8：00——22：00
中牟县,付庄美食城(中牟店),114.045001,34.716984,114.045001,34.716984,官渡东路,13592604735,3.9,222,暂无,8：00——22：00
中牟县,华鸿早餐工程(豫康新城·华鸿小区店),113.858018,34.568334,113.858018,34.568334,航空港区豫康新城·华鸿小区北门旁,15000879851,3.8,暂无,中牟新区,8：00——22：00
中牟县,喜宴生态园,113.901982,34.785136,113.901982,34.785136,郑开大道与枫栖街交叉口北300米路西6号,暂无,4.2,41,暂无,8：00——22：00
中牟县,新一捞美食城,114.002934,34.586669,114.002934,34.586669,省道223与乡道007交叉路口向西158米路南,13676903818,4,147,中牟新区,8：00——22：00
中牟县,漫·时光牛肉火锅牛肉面(新县城店),113.977728,34.720617,113.977728,34.720617,商都路清阳街交叉口向北300米路东,13837182172,4.2,150,中牟新区,8：00——22：00
中牟县,塔斯汀中国汉堡(锦瑞路店),113.842643,34.682368,113.842643,34.682368,九龙办事处新亚社区玉枝加油站向西100米,17513194409,4.3,18,暂无,8：00——22：00
中牟县,布谷布谷热干面(沃金广场店),113.857706,34.561827,113.857706,34.561827,郑州航空港区富鑫公寓4号楼1层101-2,15137525121,4.3,14,中牟新区,8：00——22：00
中牟县,杨国福麻辣烫(九龙店),113.842763,34.682396,113.842763,34.682396,锦瑞路与芦医庙大街交叉口西100米,17703859179,4.3,25,暂无,8：00——22：00
中牟县,豆花日记(天泽城店),113.964539,34.717804,113.964539,34.717804,宝峰街折扣牛隔壁,暂无,4.3,暂无,中牟新区,8：00——22：00
中牟县,蜜雪冰城(绿都东澜岸店),113.854573,34.704623,113.854573,34.704623,金秋路绿都东澜岸二期门口左边,15239442586,4.3,9,暂无,8：00——22：00
中牟县,刘婉婉生炸妙龄鸡(白沙店),113.896339,34.740698,113.896339,34.740698,郑东新区白沙镇白沙路与恒通路交叉口西北角一层,18638299891,4.3,11,中牟新区,8：00——22：00
中牟县,张大辉胡辣汤,113.853307,34.770794,113.853307,34.770794,小南岗街与象湖南路交叉口西南60米,暂无,4.3,13,中牟新区,8：00——22：00
中牟县,阿康小吃,113.887895,34.793058,113.887895,34.793058,中牟县裕兴办事处岗赵市场北一楼59号,17703709777,4.3,暂无,暂无,8：00——22：00
中牟县,九多肉多(沃金商业广场店),113.859065,34.562385,113.859065,34.562385,航空港区沃金商业广场东门北280米,暂无,4.3,14,暂无,8：00——22：00
中牟县,幸运咖(豫兴家苑六号院店),113.91396,34.79694,113.91396,34.79694,豫兴家苑六号院商铺13-1,19036957988,4.3,10,中牟新区,8：00——22：00
中牟县,霸王茶姬(郑州中牟电影小镇店),114.000962,34.775653,114.000962,34.775653,建业电影小镇内(南侧),4008788359,4.3,26,暂无,8：00——22：00
中牟县,锅圈食汇前程嘉苑店三号院店,113.885947,34.739831,113.885947,34.739831,格林上东北门北80米,13007625020,4.3,暂无,中牟新区,8：00——22：00
中牟县,英伦西饼烘焙体验馆(锦荣悦汇城店),113.861496,34.565464,113.861496,34.565464,航空港区锦荣悦汇城(恩平湖地铁站出入口步行140米),17603873839,4.3,14,暂无,8：00——22：00
中牟县,有意思餐厅,114.012985,34.726222,114.012985,34.726222,管道三公司第二生活小区西南门南50米,18638753330,4.3,12,暂无,8：00——22：00
中牟县,蜜雪冰城(仓狼路店),114.092412,34.732961,114.092412,34.732961,仓狼路1号,13044712555,4.3,10,暂无,8：00——22：00
中牟县,上福记饺子云吞,113.896735,34.738739,113.896735,34.738739,白沙镇龙辉商铺1号1-4号商铺,13838182785,4.3,14,暂无,8：00——22：00
中牟县,川渝美食,113.991951,34.789628,113.991951,34.789628,B53栋04号,13333837023,4.3,18,中牟新区,8：00——22：00
中牟县,W法式蛋糕中牟店,113.961761,34.722774,113.961761,34.722774,东润朗郡东门向北10米,17703867995,4.3,72,暂无,8：00——22：00
中牟县,焱玖家麻辣猪蹄(水木清华店),113.964255,34.715995,113.964255,34.715995,学苑路与宝峰街交叉口向北二十米路西,15737188244,4.3,50,中牟新区,8：00——22：00
中牟县,围辣小火锅(锦凤花园店),113.865199,34.6873,113.865199,34.6873,龙善街与宇兴路交叉口南120米,13673998395;17319777778,4.3,27,中牟新区,8：00——22：00
中牟县,福建千里香馄饨,113.849593,34.681886,113.849593,34.681886,中牟县政府西南九龙公寓旁边,15060328238;18359049820,4.3,15,暂无,8：00——22：00
中牟县,隆江猪脚饭,113.900745,34.465224,113.900745,34.465224,航空港区新港八路16号,18039210658,4.3,暂无,暂无,8：00——22：00
中牟县,苏小北回转小火锅(上东国际店),113.85283,34.773726,113.85283,34.773726,上东国际,18837530616,4.3,37,中牟新区,8：00——22：00
中牟县,川渝小厨(中原物流店),113.913975,34.668125,113.913975,34.668125,中牟县中原物流,17784028470,4.3,46,暂无,8：00——22：00
中牟县,张大九超级剁椒面(白沙路店),113.890275,34.739936,113.890275,34.739936,郑东宽豪斯北门西北80米,17700637107,4.3,13,中牟新区,8：00——22：00
中牟县,庙东排骨(上东里店),113.853324,34.773793,113.853324,34.773793,郑开大道上东城2号楼114铺,15515671232,4.3,19,暂无,8：00——22：00
中牟县,汴梁巧吴姐鲜汤米线,113.964172,34.717821,113.964172,34.717821,广惠街街道宝峰街南153号蓝爵世家,15838185203,4.3,14,广惠街,8：00——22：00
中牟县,重庆鸡公煲(郑东新区店),113.887748,34.792975,113.887748,34.792975,郑州工商学院郑州校区西校区4号门东290米,暂无,4.3,暂无,中牟新区,8：00——22：00
中牟县,金婆婆重庆小面,113.931353,34.592356,113.931353,34.592356,暂无,15093164279,4.3,暂无,暂无,8：00——22：00
中牟县,庙东排骨(中牟杉杉奥特莱斯广场·郑州店),114.029841,34.782677,114.029841,34.782677,郑州杉杉奥莱·中牟店,15938702992,4.3,27,暂无,8：00——22：00
中牟县,真不同涮牛肚(天泽城北隔壁),113.961443,34.718602,113.961443,34.718602,商都路寿圣街交叉口南80米路东,15738300626,4.3,27,广惠街,8：00——22：00
中牟县,语诺(中茂尚悦广场店),113.937802,34.722395,113.937802,34.722395,中茂尚悦广场,暂无,4.3,16,中牟新区,8：00——22：00
中牟县,中牟县万邦76人烩面店,113.939283,34.69285,113.939283,34.69285,中牟群红综合门诊部西南侧,19103889902,4.3,15,中牟新区,8：00——22：00
中牟县,蜜雪冰城(自由街店),114.028415,34.72769,114.028415,34.72769,青年路街道办事处荟萃路与自由街交叉口西南角,15093420177,4.3,14,中牟新区,8：00——22：00
中牟县,书亦烧仙草(郑州九龙镇锦瑞路店),113.843009,34.682165,113.843009,34.682165,锦瑞路与芦医庙大街交叉口西60米,18439929555,4.3,15,暂无,8：00——22：00
中牟县,蜜雪冰城(豫兴锦绣苑店),113.860525,34.806178,113.860525,34.806178,刘集01安置小区朱庄南苑,4000608888,4.3,8,暂无,8：00——22：00
中牟县,高老辈鸡汤米线(豫康店),113.868681,34.5633,113.868681,34.5633,航空港区营河社区17号楼10号,13140086228,4.3,21,暂无,8：00——22：00
中牟县,中国信阳菜·小城固始,113.854163,34.771519,113.854163,34.771519,象湖南路与永顺路交叉路口往西约200米,15936292799,4.3,48,暂无,8：00——22：00
中牟县,醉香园,113.92489,34.538684,113.92489,34.538684,航空港区荆州路与保航三街交叉口向东五十米路北,15237158368,4.3,暂无,暂无,8：00——22：00
中牟县,百姓厨房(文澜街店),113.952909,34.688902,113.952909,34.688902,文澜街75号,18736038884,4.3,58,中牟新区,8：00——22：00
中牟县,沙县小吃(天泽城店),113.962015,34.717025,113.962015,34.717025,寿圣路天泽城B-F1-013,17550657899;18237121112,4.3,23,中牟新区,8：00——22：00
中牟县,蜜雪冰城(百乐汇购物中心店),114.014954,34.733834,114.014954,34.733834,爱乡路自由街农贸市场一楼A区A1F006A东,15093484109,4.3,10,中牟新区,8：00——22：00
中牟县,五味草堂五谷渔粉(锦瑞路店),113.849113,34.682084,113.849113,34.682084,九龙村郑牟东路中段,13323869992;19939353320,4.3,暂无,暂无,8：00——22：00
中牟县,阿生哥螺蛳粉(郑东新区店),113.851069,34.784053,113.851069,34.784053,市场综合管理处西门旁,13333861394,4.3,暂无,暂无,8：00——22：00
中牟县,沙县小吃(归航路店),113.865088,34.577856,113.865088,34.577856,航空港区归航路85号小河刘北门,13559893588,4.3,17,中牟新区,8：00——22：00
中牟县,吴红军焖羊肉串(郑州总店),113.886658,34.735455,113.886658,34.735455,艺君生活广场北1门东南80米,13027798988;15093491935,4.1,39,中牟新区,8：00——22：00
中牟县,傻丽妞老式扣碗,113.856524,34.711193,113.856524,34.711193,管城回族区经开区京航办事处蒋冲村,13083694456,4.1,162,中牟新区,8：00——22：00
中牟县,刘会亮叫花鸡猪蹄总店(新县城店),113.963363,34.712779,113.963363,34.712779,盛世通达东南2门旁,13271588882,4.2,暂无,中牟新区,8：00——22：00
中牟县,莱客多汉堡(西贾分店),113.864953,34.685996,113.864953,34.685996,锦凤花园东南门东110米,18236984644,4.1,暂无,暂无,8：00——22：00
中牟县,灶连灶地锅村(白沙总店),113.877377,34.739461,113.877377,34.739461,白沙镇青年路,18539624169,4.2,32,中牟新区,8：00——22：00
中牟县,丁师傅卤肉(总店),113.998828,34.716405,113.998828,34.716405,金恒基·金帝苑西门南110米,13849170034;15039059896,4.1,暂无,暂无,8：00——22：00
中牟县,川江毛肚火锅(中牟文博路店),113.960604,34.713391,113.960604,34.713391,幸福家园贰号院西门南50米,0371-62181999,4.1,37,中牟新区,8：00——22：00
中牟县,孔记武汉热干面,113.885979,34.732303,113.885979,34.732303,艺君生活广场南1门南250米,13598885571,4.1,暂无,中牟新区,8：00——22：00
中牟县,马记羊肉汤老式涮锅,114.007716,34.730383,114.007716,34.730383,荟萃路西西段北侧,15093365236,4.2,暂无,中牟新区,8：00——22：00
中牟县,刘记爆炒鸡,113.846228,34.715781,113.846228,34.715781,芦医庙大街与渠北路交叉口东北160米,暂无,4.1,32,中牟新区,8：00——22：00
中牟县,秦记擀面皮(蓝爵世家店),113.963466,34.717964,113.963466,34.717964,蓝爵世家西南门东50米,13353719668;15803845875,4.1,10,广惠街,8：00——22：00
中牟县,新月饺子馆,114.023606,34.714235,114.023606,34.714235,明德路与永乐路交叉口东北80米,15136152790,4.2,暂无,暂无,8：00——22：00
中牟县,韦滩风干兔肉(泰安街店),114.001849,34.719382,114.001849,34.719382,泰安街与商都大道交叉口向南300米路西,15838090985,4,暂无,暂无,8：00——22：00
中牟县,享呢麻辣香锅(白沙店),113.897019,34.737482,113.897019,34.737482,白沙镇农贸市场,18537871931,4.2,16,中牟新区,8：00——22：00
中牟县,阿辉美食烧烤,114.111543,34.659105,114.111543,34.659105,036乡道东150米,15939000987,4.1,暂无,暂无,8：00——22：00
中牟县,馨园烩面,113.963396,34.711593,113.963396,34.711593,沁园馨城东门旁,13137722339;13253623761,4.2,20,广惠街,8：00——22：00
中牟县,双汇熟食(雅乐华庭店),113.904163,34.600173,113.904163,34.600173,航空港区龙港办事处雅乐华庭九号楼一楼西侧,15737184756,4.1,暂无,暂无,8：00——22：00
中牟县,甜啦啦鲜果茶(绿轴公园店),113.849575,34.586725,113.849575,34.586725,航空港区凌霜街绿悠悦享天地18-5号,18695860632,4.2,暂无,暂无,8：00——22：00
中牟县,帝圣特汉堡炸鸡披萨快餐,113.849209,34.587171,113.849209,34.587171,航空港区凌霜街绿悠悦享天地21-1号,暂无,4.2,6,中牟新区,8：00——22：00
中牟县,好兄弟烧烤,113.954665,34.688372,113.954665,34.688372,盛和惠民广场停车场门口西边,暂无,4.1,15,暂无,8：00——22：00
中牟县,灰太狼烧烤白沙店,113.896219,34.740774,113.896219,34.740774,郑东新世界西门西南90米,暂无,4.1,22,暂无,8：00——22：00
中牟县,勇记杞县砂锅,113.937383,34.719514,113.937383,34.719514,广惠街街道伟业锦绣花园5号楼1层105铺,15981983403,4.1,暂无,暂无,8：00——22：00
中牟县,安妮贝可生日蛋糕(白沙店),113.891643,34.73981,113.891643,34.73981,郑东宽豪斯北门亿购生活超市往东100米,15639028699,4.2,29,中牟新区,8：00——22：00
中牟县,李四辈(万邦店38店),113.946869,34.69067,113.946869,34.69067,万邦家园北门向西50米,17739758856,4.1,暂无,暂无,8：00——22：00
中牟县,幸运咖(有色地质家园店),113.89997,34.773838,113.89997,34.773838,有色地质家园A区126号幸运咖,18768889494,4.1,10,暂无,8：00——22：00
中牟县,重庆幺妹家常菜,113.864583,34.671028,113.864583,34.671028,九龙办事处锦祥社区锦祥花园兰心路北C43-C44商铺,18037791388;18039271388,4.2,暂无,中牟新区,8：00——22：00
中牟县,京爱善北京烤鸭,114.036254,34.722357,114.036254,34.722357,青年东路190号,13674924962,4.2,30,暂无,8：00——22：00
中牟县,祝小川生烫浇头面(中茂尚悦广场店),113.938389,34.72179,113.938389,34.72179,商都大道与福顺街东100米,15978428268,4.2,20,暂无,8：00——22：00
中牟县,品品香白茶·茶室(滨河路店),113.969113,34.724019,113.969113,34.724019,广惠街街道滨河路与牟州街交叉口向西100米路南101号,暂无,4.2,暂无,广惠街,8：00——22：00
中牟县,好再来早餐店,113.864934,34.580034,113.864934,34.580034,航空港区桥航路与相州街交叉口东120米,暂无,4.2,暂无,中牟新区,8：00——22：00
中牟县,绝味鸭脖(恒通路店),113.896364,34.740467,113.896364,34.740467,白沙镇敬业路与青年路交叉口西北角,暂无,4.2,暂无,暂无,8：00——22：00
中牟县,库迪咖啡(白沙敬业路店),113.896769,34.738023,113.896769,34.738023,恒通路60号,15514570206,4.2,暂无,暂无,8：00——22：00
中牟县,太子浓心招牌炸酱小锅米线(杉杉奥莱店),114.03038,34.782689,114.03038,34.782689,杉杉奥特莱斯2期2楼C24600(阿迪对面),19339983382,4.2,27,中牟新区,8：00——22：00
中牟县,绝味鸭脖(天泽城店),113.961775,34.716025,113.961775,34.716025,宝峰街7号天泽城广场F1层,18680700384,4.2,19,广惠街,8：00——22：00
中牟县,幸运咖(大有嘉苑店),113.852022,34.763194,113.852022,34.763194,白沙镇郑信路大有庄社区2-4号门面,18639057011,4.1,10,暂无,8：00——22：00
中牟县,杨国福麻辣烫(和兴街店),114.031612,34.780732,114.031612,34.780732,大孟镇杉杉奥特莱斯东门对面3号,暂无,4.1,16,暂无,8：00——22：00
中牟县,幸运咖(豫兴家苑三号院店),113.907455,34.795219,113.907455,34.795219,豫兴家苑三号院西南门北190米,13939139277,4.2,暂无,暂无,8：00——22：00
中牟县,高记现蒸手工凉皮(金恒基·金帝苑店),113.998869,34.716916,113.998869,34.716916,东风路与丰华街交叉口向北150米路东,13623866124,4.2,6,中牟新区,8：00——22：00
中牟县,西部来客鲜炒大盘鸡(白沙店),113.896594,34.733692,113.896594,34.733692,白沙镇敬业路与复兴路交叉口向南150米路东,0371-60122218;18937810313,4.1,25,暂无,8：00——22：00
中牟县,焙思香蛋糕(府前路店),114.022552,34.716223,114.022552,34.716223,府前街与陇海路交叉口南100米路东5号,15136430838,4.1,37,暂无,8：00——22：00
中牟县,luckin coffee 瑞幸咖啡(俊贤路),113.898463,34.776097,113.898463,34.776097,泽雨街9号,4000100100,4.1,暂无,中牟新区,8：00——22：00
中牟县,张大九超级剁椒面(中牟大厦店),114.025171,34.725635,114.025171,34.725635,绿云小区东南门旁,13647432150,4.2,15,中牟新区,8：00——22：00
中牟县,刘婉婉生炸妙龄鸡(郑州工商学院店),113.887574,34.792938,113.887574,34.792938,前程路8号岗赵村商业步行街北118号,15515581370,4.1,11,中牟新区,8：00——22：00
中牟县,胡闯渔粉,113.984467,34.718579,113.984467,34.718579,新悦街与商都大道辅路交叉口东北40米,暂无,4.1,18,暂无,8：00——22：00
中牟县,李吃吃火锅烧烤食材(象湖店),113.859897,34.770489,113.859897,34.770489,恒通新城西南门东100米,18336344890,4.2,暂无,暂无,8：00——22：00
中牟县,刁四藤椒麻辣烫,114.029565,34.782858,114.029565,34.782858,郑州杉杉奥莱·中牟店,13137709334,4.1,暂无,暂无,8：00——22：00
中牟县,花小小新疆炒米粉(上东国际店),113.854628,34.773491,113.854628,34.773491,上东国际,暂无,4.1,暂无,暂无,8：00——22：00
中牟县,又一欣瓦罐面,114.037746,34.721966,114.037746,34.721966,青年路东段88号,13703902639;15981851360,4.2,暂无,暂无,8：00——22：00
中牟县,巧吴姐鲜汤米线(中牟万邦店),113.945199,34.684137,113.945199,34.684137,财富立方1号楼114商铺,19339971366,4.1,14,暂无,8：00——22：00
中牟县,华莱士·全鸡汉堡(保航店),113.926588,34.535467,113.926588,34.535467,航空港区三官庙办事处全港商业广场一层05号,15737191390,4.1,19,暂无,8：00——22：00
中牟县,沪上阿姨·精选茶饮(郑州沃金商业广场店),113.858828,34.560398,113.858828,34.560398,航空港区沃金商业1号楼1单元1层109,16692123899,4.2,16,暂无,8：00——22：00
中牟县,百香林西点,113.895854,34.740339,113.895854,34.740339,青年路敬业路西北角,15736746191,4.2,暂无,暂无,8：00——22：00
中牟县,正新鸡排(新世纪广场店),114.012721,34.72623,114.012721,34.72623,青年路西段爱尚城东150米路南,15903655135,4.2,16,暂无,8：00——22：00
中牟县,洛大叔大盘鸡(世纪城店),114.018819,34.724649,114.018819,34.724649,世纪城,15093468328,4.2,18,暂无,8：00——22：00
中牟县,须水邓记叫化鸡(敬业路店),113.896736,34.735339,113.896736,34.735339,白沙镇敬业路与复兴路交叉口向北30米,19913822513,4.2,5,暂无,8：00——22：00
中牟县,张尧小火锅(大润发店),113.997689,34.715648,113.997689,34.715648,大润发二楼(张尧自助小火锅大润发店),18569909688,4.2,33,暂无,8：00——22：00
中牟县,蜜雪冰城(顺发路店),114.009573,34.727087,114.009573,34.727087,顺发路与中兴路交叉口西北角,18538254198,4.2,暂无,中牟新区,8：00——22：00
中牟县,甜啦啦鲜果茶(九龙镇锦瑞路店),113.849769,34.682285,113.849769,34.682285,九龙办事处新亚社区府前街锦瑞路中段15号,15981851003,4.2,暂无,暂无,8：00——22：00
中牟县,布谷布谷热干面(九龙镇店),113.850093,34.682401,113.850093,34.682401,锦瑞路老派出所隔壁,17638115184,4.2,14,暂无,8：00——22：00
中牟县,五谷渔粉(岗赵村商业步行街店),113.889892,34.792969,113.889892,34.792969,郑州工商学院郑州校区北1门西270米,13939536091,4.2,暂无,暂无,8：00——22：00
中牟县,老郑州烩面,114.019625,34.731825,114.019625,34.731825,育林路与建设北路交叉口东60米路南,15638930113;17398953133,4.1,31,暂无,8：00——22：00
中牟县,吴进红土豆粉,114.013165,34.726239,114.013165,34.726239,管道三公司第二生活小区西南门东南50米,15888111706,4.1,暂无,暂无,8：00——22：00
中牟县,紫燕百味鸡(郑州象湖店),113.855786,34.771228,113.855786,34.771228,郑东新区白沙镇象湖南路56号水木年华小区10号楼一层10号商铺,18903716058,4.2,暂无,中牟新区,8：00——22：00
中牟县,明月楼私房菜(育林路店),114.022168,34.731568,114.022168,34.731568,育林路与林东巷交叉口西北40米,13838085993,4.2,14,暂无,8：00——22：00
中牟县,冰淳茶饮(白沙镇农贸市场店),113.897474,34.737065,113.897474,34.737065,敬业路与复兴路交叉口北280米,17638190135,4.1,8,暂无,8：00——22：00
中牟县,淼庄地锅炒鸡饭店(杜桥嘉苑B区店),113.905983,34.740386,113.905983,34.740386,郑东新区白沙镇杜桥嘉苑二号院北门向东50米路西,暂无,4.2,35,暂无,8：00——22：00
中牟县,蒋冲小方桌羊排羊棒骨,113.85927,34.707594,113.85927,34.707594,蒋冲村南头新向民药店向东50米,15838137531,4.2,48,中牟新区,8：00——22：00
中牟县,贺记信阳菜(盛和社区店),113.952915,34.688169,113.952915,34.688169,盛和社区一号院东门南150米,15290848889;15992173816,4.1,暂无,暂无,8：00——22：00
中牟县,爱尚惠美炸鸡(青年路28直营店),114.018742,34.72555,114.018742,34.72555,青年路西段中国银行对面,15981876204,4.2,7,中牟新区,8：00——22：00
中牟县,御兴斋杂粮鱼粉,113.947047,34.690674,113.947047,34.690674,万邦家园小区2号楼,18624987196,4.2,暂无,中牟新区,8：00——22：00
中牟县,豫碗香老烩面(黄店店),114.004536,34.551155,114.004536,34.551155,黄店镇刁黄路与梁冯路交叉口向西50米路南,15981961785,4.1,28,暂无,8：00——22：00
中牟县,米兰西饼(豫兴路店),113.913968,34.798395,113.913968,34.798395,豫兴佳苑6号院西门号商铺童年童趣儿童摄影对面对面,13213119139;18039296645,4.1,64,暂无,8：00——22：00
中牟县,叫了只鸡(顺发路店),114.007993,34.725866,114.007993,34.725866,商都大道与中兴路交叉口向西第一条胡同,18838229492,4.2,27,中牟新区,8：00——22：00
中牟县,麦豆仙子古法热干面(府前路店),114.022285,34.715176,114.022285,34.715176,府前路与永乐路交叉口北160米,15137192354,4.1,19,暂无,8：00——22：00
中牟县,聚贤斋·涮羊肉(桥航路店),113.862699,34.580006,113.862699,34.580006,航空港区县桥航路与相州街交叉口西南角,19937022727,4.2,99,暂无,8：00——22：00
中牟县,窑鸡王(沃金商业广场店),113.856839,34.562563,113.856839,34.562563,航空港区富鑫公寓1号楼107商铺,17630079918,4.2,30,暂无,8：00——22：00
中牟县,沙县小吃(万邦家园店),113.947216,34.690674,113.947216,34.690674,郑庵镇万邦蔬菜批发市场北门占杨村第六排,18054880699;18624825338,4.1,暂无,中牟新区,8：00——22：00
中牟县,书亦烧仙草(郑州白沙丹尼斯店),113.857467,34.771517,113.857467,34.771517,丹尼斯(象湖店)五楼,15290887950,4.2,19,暂无,8：00——22：00
中牟县,张存有道口烧鸡(大有路店),113.861099,34.770861,113.861099,34.770861,大有路天一建苑商铺13-7北户,暂无,4.1,暂无,暂无,8：00——22：00
中牟县,窑鸡王(新世纪广场店),114.010715,34.727871,114.010715,34.727871,西环城路16号,15638912292,4.2,29,中牟新区,8：00——22：00
中牟县,蜀蜀的粉(象湖丹尼斯店),113.857574,34.771361,113.857574,34.771361,白沙镇象湖南路与永顺路交叉口东侧丹尼斯百货5楼Q15,15136133753,4.1,暂无,中牟新区,8：00——22：00
中牟县,李记饸饹面(中牟县郭庄社区店),114.021342,34.699483,114.021342,34.699483,郭庄社区西门西北80米,13460391881,4.2,暂无,暂无,8：00——22：00
巩义市,老地方烧烤(望嵩路店),113.000547,34.72639,113.000547,34.72639,北山口老地方烧烤,13838309037,4.3,35,暂无,8：00——22：00
巩义市,丽先小吃店,112.984656,34.750218,112.984656,34.750218,新民巷1号,15238378516,4.1,13,暂无,8：00——22：00
巩义市,真幸福冰糖葫芦,112.99294,34.748023,112.99294,34.748023,桐本路体育馆北100米(即三小街口),13663014116,4.4,5,暂无,8：00——22：00
巩义市,白沙羊肉汤(陇海花苑店),112.999711,34.745107,112.999711,34.745107,陇海路119号,13526554509;17513138489,4.4,14,暂无,8：00——22：00
巩义市,南岭老乔家,113.139713,34.658165,113.139713,34.658165,南岭1号,15225157829,4.1,41,暂无,8：00——22：00
巩义市,谷香煎饼铺,112.996996,34.745509,112.996996,34.745509,和平花园南门旁,0371-55565665;15237136182,4.3,暂无,暂无,8：00——22：00
巩义市,王老六凉皮(万宝苑店),112.999704,34.730287,112.999704,34.730287,万宝苑西南门南80米,暂无,4,暂无,暂无,8：00——22：00
巩义市,湘满堂川菜馆(新兴家园店),113.030339,34.755266,113.030339,34.755266,新兴家园北门旁,暂无,3.8,暂无,暂无,8：00——22：00
巩义市,彩虹蛋糕房,112.87002,34.677441,112.87002,34.677441,回郭镇卫生院往南200米路东,13849063770,4.2,9,暂无,8：00——22：00
巩义市,聚合川菜馆,113.059287,34.613829,113.059287,34.613829,235省道与五指岭路交叉口西100米,13673603234,4.1,暂无,暂无,8：00——22：00
巩义市,今天喜大酒店,113.054264,34.614953,113.054264,34.614953,235省道与清平路交叉口东40米,暂无,4.1,暂无,暂无,8：00——22：00
巩义市,祥和园,112.979293,34.751834,112.979293,34.751834,交通西街与交通路交叉口西北50米,暂无,4.1,暂无,暂无,8：00——22：00
巩义市,贵和小厨,113.203231,34.709053,113.203231,34.709053,杜沟路口,13838596132,4.1,17,暂无,8：00——22：00
巩义市,清真饭店,113.060737,34.613319,113.060737,34.613319,中国移动手机连锁卖场宏达专营店,暂无,4,暂无,暂无,8：00——22：00
巩义市,宋军砂锅面,112.987982,34.752544,112.987982,34.752544,建设路102号,15238699522,4,暂无,暂无,8：00——22：00
巩义市,海拔800夜市,113.147639,34.656992,113.147639,34.656992,050县道东侧附近,暂无,4.4,暂无,暂无,8：00——22：00
巩义市,爱德堡·婚礼主题酒店,112.989536,34.745949,112.989536,34.745949,建设路中段76号院内(交警大队南邻),18237113778,4.4,暂无,暂无,8：00——22：00
巩义市,裕仙酒家,112.99635,34.666763,112.99635,34.666763,西村镇罗口村白土坡,0371-64035666,3.8,暂无,暂无,8：00——22：00
巩义市,驴肉火烧(钢厂小区店),112.990811,34.755452,112.990811,34.755452,钢厂小区南门东100米,16638882883,4,12,暂无,8：00——22：00
巩义市,金利源蛋糕坊(建业壹号城邦店),113.02407,34.762639,113.02407,34.762639,学院路与紫荆路交叉口建业壹号城邦南门109号,15093229097;15093261846,4,73,暂无,8：00——22：00
巩义市,饺子刀削面新红饭店(S235店),113.061912,34.613029,113.061912,34.613029,涉村街,13849069451,4,暂无,暂无,8：00——22：00
巩义市,马家纯米皮,112.961725,34.647043,112.961725,34.647043,西村镇永安南路商贸菜市场南排43号,15290802125,4,暂无,暂无,8：00——22：00
巩义市,巩义嵩山宾馆,113.168699,34.702785,113.168699,34.702785,小关镇商贸街供销大厦8号楼向南10米,0371-64446669;0371-69016666;13803859990,4.4,暂无,暂无,8：00——22：00
巩义市,盛帝肥牛,112.993674,34.740052,112.993674,34.740052,桐本路与杜甫路交叉口,0371-66550111,4.7,43,暂无,8：00——22：00
巩义市,西夏珍品烤羊庄(巩义店),113.06062,34.822745,113.06062,34.822745,河洛镇神北村(河洛生态园北100米向西10米),18738119899,4.4,56,暂无,8：00——22：00
巩义市,喂庄民族庄园,112.989033,34.673564,112.989033,34.673564,237国道喂庄村村口,0371-64100158,4.5,暂无,暂无,8：00——22：00
巩义市,伊明园饭店,112.976646,34.763192,112.976646,34.763192,孝义路与三田路交叉口东北60米,13523079180,4.4,暂无,暂无,8：00——22：00
巩义市,巴记烩面(杨涉路),113.166989,34.702857,113.166989,34.702857,小关镇联通公司隔壁,暂无,4.6,23,暂无,8：00——22：00
巩义市,宏鹏瓷砖批发城,113.012507,34.772245,113.012507,34.772245,河洛路与滨河路交叉口西北角大院内,15638576658,4.3,暂无,暂无,8：00——22：00
巩义市,小培餐馆,113.202331,34.707553,113.202331,34.707553,鑫乐苑新型社区东南门东70米,13803834896,3.7,暂无,暂无,8：00——22：00
巩义市,食号炒鸡(巩义店),113.016618,34.748292,113.016618,34.748292,锦里路3号-19号西90米,0371-85028166;13460460396,4.1,19,暂无,8：00——22：00
巩义市,白吉馍老店,113.061842,34.789646,113.061842,34.789646,站街镇实验学校东门南70米,0371-64420380,4.2,暂无,暂无,8：00——22：00
巩义市,会灵蛋糕店,112.975612,34.758978,112.975612,34.758978,孝义路32号,13523059980,4.2,暂无,暂无,8：00——22：00
巩义市,小香豫麻辣涮菜,112.9873,34.752245,112.9873,34.752245,建设路广陵路西小过道,13592695509,4.1,暂无,暂无,8：00——22：00
巩义市,老吴饭店,113.011096,34.537037,113.011096,34.537037,卧龙村岭东25号,13783509420;15890697488,3.9,55,暂无,8：00——22：00
巩义市,蒸碗豆腐脑,112.997613,34.737471,112.997613,34.737471,望嵩路与宇华巷交叉口南120米,13838058584,3.8,暂无,暂无,8：00——22：00
巩义市,春江小吃店,113.096458,34.713472,113.096458,34.713472,大峪沟政通路小胖东超市对面,18638625281,3.7,9,暂无,8：00——22：00
巩义市,后院咖啡(尚城华府店),113.016076,34.759427,113.016076,34.759427,尚城华府北2门东60米,暂无,4.4,43,暂无,8：00——22：00
巩义市,王家菜馆集美店,113.025875,34.752675,113.025875,34.752675,紫荆路125号,0371-66555888;13783489430,4.4,暂无,暂无,8：00——22：00
巩义市,焱玖家麻辣猪蹄(巩义店),113.014245,34.754166,113.014245,34.754166,富民路1-12号,15516939205,4.5,暂无,暂无,8：00——22：00
巩义市,蜜雪冰城(正上豪布斯卡店),113.012659,34.754801,113.012659,34.754801,新兴路滨河路交叉口西南角,19037152019,4.4,6,暂无,8：00——22：00
巩义市,蜜雪冰城(回郭镇店),112.870756,34.680161,112.870756,34.680161,银通花园东门旁,15038050284,4.4,8,暂无,8：00——22：00
巩义市,蜜雪冰城(恒星花园店),113.024718,34.759168,113.024718,34.759168,紫荆路恒星花园32号楼107商铺,15617379332;17337142361,4.5,暂无,暂无,8：00——22：00
巩义市,雾与山茶(巩义店),112.984814,34.754545,112.984814,34.754545,新兴路星月时代广场45-54,15637168138;18539955940,4.5,15,暂无,8：00——22：00
巩义市,湘豫融合餐厅(新兴家园店),113.028294,34.755223,113.028294,34.755223,紫荆路街道新兴家园一号楼西端一号,13663842081;13937194909;15137139715,4.3,16,暂无,8：00——22：00
巩义市,丹东烤肉店(巩义店),112.992101,34.755427,112.992101,34.755427,星月时代广场新兴路与桐本路交叉口向西十五米路北,暂无,3.8,28,暂无,8：00——22：00
巩义市,2306香辣虾时尚主题火锅(程光火锅店),112.876471,34.680695,112.876471,34.680695,回郭镇人民中路198号,0371-85619100;15516178027;15516178072,3.9,24,暂无,8：00——22：00
巩义市,桥头烩面,113.16612,34.70317,113.16612,34.70317,小关镇汽车站向西100米,暂无,3.8,暂无,暂无,8：00——22：00
巩义市,温堂饭店,113.230995,34.698773,113.230995,34.698773,新中镇新米路110号温堂富民小区,13700861046,3.8,暂无,暂无,8：00——22：00
巩义市,喂庄老铁烩面,113.012741,34.77224,113.012741,34.77224,河洛路与滨河路交叉口,15238398089,4.1,暂无,暂无,8：00——22：00
巩义市,虎丫炒鸡(河南郑州巩义正上豪布斯卡店),113.012026,34.754066,113.012026,34.754066,滨河路正上豪布斯卡四楼虎丫炒鸡,19139731206,4.3,34,暂无,8：00——22：00
巩义市,爷爷不泡茶NOYEYENOTEA(郑州巩义星月广场店),112.98555,34.754991,112.98555,34.754991,新兴路45号星月时代广场,15938713188,4.3,14,暂无,8：00——22：00
巩义市,姚有才胡辣汤(巩义店),113.030486,34.743401,113.030486,34.743401,新心花苑二区底商D10号,暂无,4.3,9,暂无,8：00——22：00
巩义市,蜀香麻辣烫(华玺广场店),113.025908,34.768958,113.025908,34.768958,紫荆路162号华玺广场西北角,0371-64313888,4.3,暂无,暂无,8：00——22：00
巩义市,方大同胡辣汤,112.961608,34.646052,112.961608,34.646052,西村镇永安路41-1号蜜雪冰城隔壁,15890635776,4.3,14,暂无,8：00——22：00
巩义市,九多肉多(嵩山路店),113.019523,34.757471,113.019523,34.757471,紫荆路街道嵩山路恒星时代金街34-31,4008050958,4.3,4,暂无,8：00——22：00
巩义市,百味轩菜馆,113.210407,34.686457,113.210407,34.686457,新中镇茶店村湾地,13849115392,4.3,暂无,暂无,8：00——22：00
巩义市,秋金小炒(卓泰·江南城店),112.992869,34.753433,112.992869,34.753433,桐本路150号附2号江南城楼下,17839996670,4.3,33,暂无,8：00——22：00
巩义市,傻子张大盘鸡(米河镇店),113.240168,34.726975,113.240168,34.726975,东竹园村农贸市场新兴路6号,暂无,4.3,暂无,暂无,8：00——22：00
巩义市,华莱士·全鸡汉堡(回郭锦华),112.857182,34.674298,112.857182,34.674298,回郭镇中州化纤厂对面华莱士,4008226004,4.3,暂无,暂无,8：00——22：00
巩义市,原味清心养生斋,113.168036,34.73529,113.168036,34.73529,小关镇水道口村养生谷,0371-64183333;0371-64465555;18103715688,4.2,暂无,暂无,8：00——22：00
巩义市,东青饭庄,113.211487,34.686411,113.211487,34.686411,新中镇新兴路初中十字路口南20米,13523011349;13653800981,4.1,40,暂无,8：00——22：00
巩义市,天力蛋糕(县府街店),113.061998,34.789695,113.061998,34.789695,县府街与子美路交叉口北20米,18737178499,4.2,24,暂无,8：00——22：00
巩义市,侯地小米粥,113.016895,34.747101,113.016895,34.747101,紫荆路街道陇海路110号东方现代城,0371-64116666,4,暂无,暂无,8：00——22：00
巩义市,兰记一品胡辣汤,112.99368,34.737814,112.99368,34.737814,杜甫路76号,13460304444,4.1,暂无,暂无,8：00——22：00
巩义市,羊肉公烩,113.061611,34.725679,113.061611,34.725679,G310国道桥沟村路口一号康家大院,暂无,4.1,暂无,暂无,8：00——22：00
巩义市,滑记小吃,112.990118,34.754994,112.990118,34.754994,开普小区南区北门旁,13598004351;13938599234,4.2,暂无,暂无,8：00——22：00
巩义市,丁香花园,113.028893,34.734176,113.028893,34.734176,金牛山路与官庄路交叉口南100米,暂无,4.2,暂无,暂无,8：00——22：00
巩义市,肆季音乐烧烤酒吧,113.012093,34.752431,113.012093,34.752431,紫荆路街道石河路正上豪布斯卡5号门向南200米6号楼110号(近地下停车场出口),暂无,4.1,19,暂无,8：00——22：00
巩义市,品菜很下饭·辣椒炒肉(豪布斯卡店),113.012422,34.753447,113.012422,34.753447,紫荆路街道正上豪布斯卡购物中心4层,18039336218,4.2,暂无,暂无,8：00——22：00
巩义市,海里家里鲜切三文鱼潮汕生腌捞汁海鲜(巩义店),112.995875,34.755371,112.995875,34.755371,新华路街道新兴路16-9号,19137919877,4.2,暂无,暂无,8：00——22：00
巩义市,巩义市姚有才胡辣汤子华初中店,113.009169,34.759867,113.009169,34.759867,东周路锦义路,13526631887,4.2,14,暂无,8：00——22：00
巩义市,张亮麻辣烫(巩义正商豪布斯卡店),113.011994,34.754579,113.011994,34.754579,滨河路27号正上豪布斯卡F1层,19138179794,4.2,17,暂无,8：00——22：00
巩义市,桃酥大王(中原西路店),112.998753,34.74502,112.998753,34.74502,中原西路119-39号,暂无,4.1,暂无,暂无,8：00——22：00
巩义市,大叔拌饭(星月店),112.985784,34.754642,112.985784,34.754642,新兴路45号星月时代广场2F层,13592668665,4.2,21,暂无,8：00——22：00
巩义市,九多肉多(小关镇店),113.197427,34.707169,113.197427,34.707169,小关镇口头村永丰路1一1号右1,4008050958,4.2,11,暂无,8：00——22：00
巩义市,酱八方把子肉(巩义店),113.015631,34.752919,113.015631,34.752919,锦里路9-18,暂无,4.2,18,暂无,8：00——22：00
巩义市,蜜雪冰城(货场路店),112.987525,34.760025,112.987525,34.760025,新华街道货场路4号华树世家,15346566697,4.1,10,暂无,8：00——22：00
巩义市,正宗郏县饸饹面(名仕豪居二期店),112.977137,34.762269,112.977137,34.762269,孝义街道光明路,18236657703,4.2,暂无,暂无,8：00——22：00
巩义市,元典津津时尚烘焙(星月店),112.984733,34.754955,112.984733,34.754955,新兴路45号星月时代广场1层,0371-60269109,4.1,暂无,暂无,8：00——22：00
巩义市,朝阳健康羊肉馆(巩义店),113.019033,34.740121,113.019033,34.740121,嵩山路与杜甫路交叉口,15515721456,4.1,5,暂无,8：00——22：00
巩义市,熊家无二·韩式炸鸡(巩义文化街店),112.982471,34.752499,112.982471,34.752499,新华路街道文新巷3-2号,18838955206,4.1,暂无,暂无,8：00——22：00
巩义市,九鼎牛肉烩面,112.99811,34.737819,112.99811,34.737819,望嵩路7-1,15637153789,4.1,暂无,暂无,8：00——22：00
巩义市,大禹北京烤鸭(东区店),113.016224,34.752332,113.016224,34.752332,森海星园北门西60米,13523477073;18625788061,4.1,23,暂无,8：00——22：00
巩义市,蜜雪冰城(长城路店),112.862075,34.676756,112.862075,34.676756,回郭镇回鲁路大街口5米,暂无,4.1,5,暂无,8：00——22：00
巩义市,三兄弟串吧(东方现代城北苑店),113.015458,34.759929,113.015458,34.759929,东方现代城北苑南门旁,15617536678;15903675860,4.1,暂无,暂无,8：00——22：00
巩义市,张记臭豆腐(恒星花园店),113.024737,34.757543,113.024737,34.757543,紫荆路街道紫荆路恒星花园东门26号楼103,15136133711;18624970705,4.1,暂无,暂无,8：00——22：00
巩义市,九多肉多(西村镇店),112.962602,34.643706,112.962602,34.643706,新时代购物广场东门旁,4008050958,4.1,7,暂无,8：00——22：00
巩义市,大尚龙虾·海鲜·烧烤·虾尾(安康路店),112.981533,34.744873,112.981533,34.744873,孝义街道安康路52号,19139773259,4.1,38,暂无,8：00——22：00
巩义市,围辣串串香(宇华名苑1期店),113.016984,34.747584,113.016984,34.747584,锦里路与政通路交叉路口往东南约50米,暂无,4.2,30,暂无,8：00——22：00
巩义市,满口香卤肉店,112.946363,34.696722,112.946363,34.696722,芝田镇政德路农商银行北30米,0371-64200700;13526527964,4.2,暂无,暂无,8：00——22：00
巩义市,品意德北京烤鸭(巩义店),112.986395,34.760003,112.986395,34.760003,货场路26-6号华树世家北门,18137173320,4.2,42,暂无,8：00——22：00
巩义市,冰城串吧(和平路店),112.997738,34.746096,112.997738,34.746096,和平花园东门旁,15638888912;17839999192,4.2,18,暂无,8：00——22：00
巩义市,沙县小吃(卢医庙中州一街店),112.858798,34.675435,112.858798,34.675435,回郭镇人民路向阳市场口向北200米路西,暂无,4.2,暂无,暂无,8：00——22：00
巩义市,百味轩干锅烧烤(清河湾2期店),112.985977,34.765449,112.985977,34.765449,孝义街道光明路清河湾二期南门,17836966360,4.2,28,暂无,8：00——22：00
巩义市,真不同涮牛肚烧烤(常五街店),112.998715,34.735043,112.998715,34.735043,望嵩路与常五街交叉口东北40米,15238395655;15238935655,4.1,40,暂无,8：00——22：00
巩义市,居香快餐(学前街店),112.993791,34.747946,112.993791,34.747946,学前街与桐本路交叉口东50米(三小对面),13703906546,4.4,16,暂无,8：00——22：00
巩义市,喂庄老铁烩面,112.963027,34.643484,112.963027,34.643484,西村供销社东侧,暂无,4.1,暂无,暂无,8：00——22：00
巩义市,川香自助小火锅(新市街分店),112.99558,34.749634,112.99558,34.749634,人民路17-5号,13603820776,4,20,暂无,8：00——22：00
巩义市,山里人菜馆,112.992469,34.754176,112.992469,34.754176,桐本路与新兴路交叉口南150米,0371-64588808;13838562353,4,43,暂无,8：00——22：00
巩义市,锅圈食汇火锅烧烤食材超市(桐本路店1店),112.992298,34.748816,112.992298,34.748816,桐本路101-2号,0371-66555959;18637176588,4.4,暂无,暂无,8：00——22：00
巩义市,郑记胡辣汤(滨河花苑店),113.01519,34.751237,113.01519,34.751237,横店电影城北门东130米,18503848578,3.9,暂无,暂无,8：00——22：00
巩义市,新中龙祥酒家,113.210736,34.688564,113.210736,34.688564,新中镇政府北50米,13140078882,3.8,暂无,暂无,8：00——22：00
巩义市,虎家聚福苑(宇华名苑1期店),113.019093,34.7465,113.019093,34.7465,紫荆路街道嵩山路与德厚街交汇处西北角,0371-69592222;15638895861,4.3,59,暂无,8：00——22：00
巩义市,荷塘鱼庄(明月路),113.016127,34.740578,113.016127,34.740578,紫荆路街道明月路2号森海玉波苑东区,0371-69586555,4.4,54,暂无,8：00——22：00
巩义市,五谷小吃,113.062132,34.790313,113.062132,34.790313,县府街与子美路交叉口北100米,暂无,3.6,暂无,暂无,8：00——22：00
巩义市,刘记烧鸡(安乐街口店),112.993373,34.743237,112.993373,34.743237,杜甫路街道办桐本路安乐亍交叉口,13503866106;13523443958,3.9,19,暂无,8：00——22：00
巩义市,鲁庄羊肉馆,112.872189,34.617979,112.872189,34.617979,兴鲁路与桑林路交叉口西北40米,暂无,4,暂无,暂无,8：00——22：00
巩义市,国正烩面馆,112.985232,34.672705,112.985232,34.672705,喂庄村南环路5号,18039111001,4,暂无,暂无,8：00——22：00
巩义市,李记炒面馆(交通路店),112.97928,34.754215,112.97928,34.754215,交通路96付3附近,15038399646,3.5,9,暂无,8：00——22：00
巩义市,尚二鲜鱼火锅(桐本路店),112.993004,34.751026,112.993004,34.751026,桐本路与人民路交叉口向北50米路东,0371-60328898;18595529285,4.3,46,暂无,8：00——22：00
巩义市,真不同烩面,112.994159,34.764771,112.994159,34.764771,河洛路汽车北站附近,18135685134;18137864965,4.4,17,暂无,8：00——22：00
巩义市,李伟馍加串(森海星园店),113.016205,34.752329,113.016205,34.752329,瑞福路与锦里路交汇处东南角,13223796239;13623828812,4.4,暂无,暂无,8：00——22：00
巩义市,牛肉板面(江山茗居店),113.197415,34.708096,113.197415,34.708096,江山茗居西南门旁,暂无,3.8,暂无,暂无,8：00——22：00
巩义市,兄弟炒鸡,112.994957,34.760362,112.994957,34.760362,巩义市货场路,13137157119,4.4,30,暂无,8：00——22：00
巩义市,御香园肥牛(巩义店),112.992882,34.739973,112.992882,34.739973,中国联合网络通信有限公司巩义市分公司对面,0371-66555998;0371-66559598,4.4,43,暂无,8：00——22：00
巩义市,刘记正宗逍遥镇胡辣汤,112.976463,34.76212,112.976463,34.76212,孝义街道(菜鸟驿站44号隔壁),13526929580,4,11,暂无,8：00——22：00
巩义市,益禾堂(巩义商学院商业中心店),113.029875,34.760489,113.029875,34.760489,自力路与碧峰路交叉口东南40米,15538268012,4,暂无,暂无,8：00——22：00
巩义市,兄弟俩老李家牛肉汤巩义店,113.015697,34.751744,113.015697,34.751744,锦里路9-7,13073717111,4,10,暂无,8：00——22：00
巩义市,啤卤鲜生(巩义建业百城天地店),113.023169,34.765037,113.023169,34.765037,紫荆路街道伏羲路建业百城天地一楼1F-30号,13298315978,4,暂无,暂无,8：00——22：00
巩义市,李吃吃火锅烧烤食材(新城玺樾兰庭店),113.031235,34.747124,113.031235,34.747124,紫荆山路玺樾兰庭西门7-144号,15514576570,4,暂无,暂无,8：00——22：00
巩义市,LDD廖朵朵千层蛋糕(巩义店),113.003239,34.760867,113.003239,34.760867,石河路朗曼玫瑰雅苑37号楼108商铺,15378763988,4,30,暂无,8：00——22：00
巩义市,优焙糖糖(任家蛋糕坊),113.138877,34.706847,113.138877,34.706847,竹林镇市场街中段,13525579350,4,暂无,暂无,8：00——22：00
巩义市,沙县小吃(三星购物广场店),113.196703,34.707138,113.196703,34.707138,310国道东段232-8,暂无,4,暂无,暂无,8：00——22：00
巩义市,蜜雪冰城(巩义新大新生活广场店),112.987552,34.754881,112.987552,34.754881,建设路159号新大新生活广场巩义店F1层,13007521456;15938769869,4,暂无,暂无,8：00——22：00
巩义市,太和饭店,112.90267,34.618983,112.90267,34.618983,025乡道与048乡道交叉口东80米,15290806088,4,暂无,暂无,8：00——22：00
巩义市,飞乐小厨(永通大道店),112.962535,34.648436,112.962535,34.648436,315省道与永安路交叉口东80米,15903659788,4,暂无,暂无,8：00——22：00
巩义市,温州骨里香烧鸡(人民路店),112.985352,34.750179,112.985352,34.750179,人民路105号附1号,暂无,4,暂无,暂无,8：00——22：00
巩义市,张四饭店,113.198395,34.69484,113.198395,34.69484,新中镇新中村7组,13592589760,4,暂无,暂无,8：00——22：00
巩义市,麦吉蛋糕(新中店),113.211311,34.688206,113.211311,34.688206,新中镇新兴路镇政府斜对面,0371-64180996;13733851750,4,38,暂无,8：00——22：00
巩义市,阿兵火锅(和平东花园店),112.998952,34.745765,112.998952,34.745765,中原西路与和平路交叉口向东30米路北,0371-66487519;15837111305,4.1,47,暂无,8：00——22：00
巩义市,排骨糊涂面(巩义东区店),113.017048,34.75729,113.017048,34.75729,新兴路附近,13526544999;13703988178,4.2,15,暂无,8：00——22：00
巩义市,红新手工擀面皮,112.982195,34.750579,112.982195,34.750579,人民医院对面文化街2号,13703980640,4.1,10,暂无,8：00——22：00
巩义市,老城饭店(河洛路),113.038206,34.779539,113.038206,34.779539,河洛路站街国土资源所向东150米,13598482988,4.2,36,暂无,8：00——22：00
巩义市,巩义市紫荆伊森烘焙,113.018875,34.752354,113.018875,34.752354,惠民路119号-附10号附近,15538253069,4.1,81,暂无,8：00——22：00
巩义市,宏发川菜馆(新兴家园店),113.030127,34.755268,113.030127,34.755268,新兴家园北门西60米,13939096818,4.2,暂无,暂无,8：00——22：00
巩义市,黑妞薄皮饺子,112.984106,34.751843,112.984106,34.751843,新华路街道建新街新民巷,13526573109;15981853867,4.2,暂无,暂无,8：00——22：00
巩义市,蔡店卤肉,112.901704,34.619004,112.901704,34.619004,025乡道与048乡道交叉口南20米,15237112698,4.2,暂无,暂无,8：00——22：00
巩义市,东北特色饺子馆(新时代广场店),112.939108,34.69636,112.939108,34.69636,芝田镇新时代广场西北(310国道南),13526484777,4.3,暂无,暂无,8：00——22：00
巩义市,张记卤肉烧饼菜夹肉夹,113.239573,34.726788,113.239573,34.726788,米河镇益民路北段,13223710902;18503889106,4.3,暂无,暂无,8：00——22：00
巩义市,桃妹手擀面(峪秀花园店),113.101619,34.710871,113.101619,34.710871,峪秀花园东南门西90米,18639025638,3.7,暂无,暂无,8：00——22：00
巩义市,淼记鲜牛胡辣汤(桐本路店),112.994208,34.739095,112.994208,34.739095,杜甫路街道桐本路2-8号附58号,暂无,4.4,12,暂无,8：00——22：00
巩义市,锅中锅新派炖肉(回郭镇店),112.876422,34.680695,112.876422,34.680695,回郭镇北罗村人民中路192号,15938759759,4.4,40,暂无,8：00——22：00
巩义市,三姐啃牛坊,113.030174,34.743421,113.030174,34.743421,紫荆路街道新心花苑二区D06号,13598000581,4.4,42,暂无,8：00——22：00
巩义市,味知苑中州婚礼宴会中心(智荟城店),113.019969,34.742502,113.019969,34.742502,嵩山路16号,19937888919;19939910179,4.5,暂无,暂无,8：00——22：00
巩义市,东区一绝(恒星花园店),113.018712,34.757839,113.018712,34.757839,恒新花园西门安泰街2-2号,15003803116,4.4,12,暂无,8：00——22：00
巩义市,邢记肉合(和协花园店),113.018601,34.752353,113.018601,34.752353,紫荆路街道嵩山路119号和协花园,暂无,4.4,11,暂无,8：00——22：00
巩义市,陶陶禾武陟砂锅(北官庄店),113.026705,34.736428,113.026705,34.736428,北官庄四期,暂无,4.4,26,暂无,8：00——22：00
巩义市,秦伟伟兰州牛肉面(河南省郑州市巩义御景湾店),113.012838,34.76111,113.012838,34.76111,滨河路御景湾商铺3-107号,暂无,4.4,暂无,暂无,8：00——22：00
巩义市,阳春饭店(阳春肉盒),113.016837,34.747633,113.016837,34.747633,锦里路与政通路交叉口西,15036018490,4.4,15,暂无,8：00——22：00
巩义市,老字号秦陕西面馆(回郭镇店),112.878404,34.680674,112.878404,34.680674,回郭镇北罗加油站东200米,13213211815;13523489629,4.4,27,暂无,8：00——22：00
巩义市,胖小厨麻辣烫酸菜鱼,112.982851,34.755711,112.982851,34.755711,暂无,15838096294,4.4,暂无,暂无,8：00——22：00
巩义市,荣鑫农庄,112.966294,34.808766,112.966294,34.808766,河洛镇水峪村三组,18336301266,5,暂无,暂无,8：00——22：00
巩义市,妙厨药膳炒鸡(陇海花苑店),113.001517,34.745133,113.001517,34.745133,陇海花苑北门东110米,暂无,4.5,38,暂无,8：00——22：00
巩义市,邢记肉合(巩义建设路店),112.988173,34.758376,112.988173,34.758376,建设路丹尼斯南移动易通专营店隔壁,13613864870;13849064460,4.4,15,暂无,8：00——22：00
巩义市,四川回锅肉(和平路),112.998135,34.747429,112.998135,34.747429,和平路与中原西路交叉口北240米,17737702292,4.1,18,暂无,8：00——22：00
巩义市,聚和家宴(先锋小区店),112.958207,34.648168,112.958207,34.648168,先锋小区北门旁,0371-64033777,4.2,32,暂无,8：00——22：00
巩义市,合掌柜巩义店,113.015511,34.755109,113.015511,34.755109,紫荆路街道锦里路11号三荆居,暂无,4.3,暂无,暂无,8：00——22：00
巩义市,城边知味,113.014382,34.735275,113.014382,34.735275,官庄路1号,暂无,4.3,28,暂无,8：00——22：00
巩义市,哟!小面(商学院店),113.02477,34.756866,113.02477,34.756866,紫荆路街道恒星花园22号楼105室1层,18530006240,4.3,10,暂无,8：00——22：00
巩义市,牛福记鲜汤,112.992525,34.745875,112.992525,34.745875,朗曼假日广场东门旁,暂无,4.3,74,暂无,8：00——22：00
巩义市,六福包子,113.016115,34.741592,113.016115,34.741592,紫荆路街道明月路2号森海玉波苑东区,暂无,4.3,暂无,暂无,8：00——22：00
巩义市,三甜屿品质千层(郑州商学院店),113.014131,34.759051,113.014131,34.759051,滨河路尚城华府西门往北30米路东,13253638809,4.3,45,暂无,8：00——22：00
巩义市,老顺德干蒸菜(智荟城店),113.019906,34.741579,113.019906,34.741579,智荟城B栋106号西南角,18237134119,4.3,37,暂无,8：00——22：00
巩义市,王家小厨(世博·一品城东院店),113.011618,34.757324,113.011618,34.757324,滨河路安泰街一品城东院7-16号,15837155563,4.3,89,暂无,8：00——22：00
巩义市,康记顾县肉合,112.951688,34.766376,112.951688,34.766376,康店镇市场街6号,18837129949,4.3,暂无,暂无,8：00——22：00
巩义市,刘敬民白沙羊肉汤(安泰街店),113.011985,34.757736,113.011985,34.757736,孝义街道河路安泰街东润峰景12号楼商业104号,18624903277;18624903288,4.3,18,暂无,8：00——22：00
巩义市,小关松江美食坊,113.167039,34.702456,113.167039,34.702456,小关商贸街,13014595777,4.3,暂无,暂无,8：00——22：00
巩义市,冯记顾县肉合,113.101079,34.713949,113.101079,34.713949,大峪沟卫生院东北侧200米,暂无,4.3,暂无,暂无,8：00——22：00
巩义市,番茄汁面馆(丰裕生活广场店),112.985529,34.755617,112.985529,34.755617,星月对面福鑫宾馆隔壁,13384037480;15803816835,4.3,暂无,暂无,8：00——22：00
巩义市,羊杂可,112.98749,34.750122,112.98749,34.750122,新华路街道人民东路78-4,13523025399,4.3,19,暂无,8：00——22：00
巩义市,三合牛肉鲜烩面,112.979672,34.755724,112.979672,34.755724,交通路94号,15639057391,4.3,18,暂无,8：00——22：00
巩义市,程岭川菜馆(新兴家园店),113.029576,34.75527,113.029576,34.75527,新兴家园北门西120米,暂无,4.3,暂无,暂无,8：00——22：00
巩义市,徐记蔓菁汤,113.037994,34.779527,113.037994,34.779527,河洛路东段蔓菁汤饭店,13598482988,4.3,暂无,暂无,8：00——22：00
巩义市,鸿运炸串米线,112.993447,34.747796,112.993447,34.747796,桐本路学前街9-10号,15981818681,4.3,暂无,暂无,8：00——22：00
巩义市,斑马工坊(森海玉波苑东区店),113.016096,34.741835,113.016096,34.741835,紫荆路街道明月路2号森海玉波苑东区,13526526793;13938597222,4.1,12,暂无,8：00——22：00
巩义市,曹记总店,112.976019,34.76251,112.976019,34.76251,孝义路44号靠近光明路社区卫生服务站,13523518848;15093050676,3.9,暂无,暂无,8：00——22：00
巩义市,老铁牛肉店,112.986472,34.751531,112.986472,34.751531,育英街17-1号,13838033761,3.7,暂无,暂无,8：00——22：00
巩义市,东北饺子馆(巩义安乐街站街店),113.061858,34.789554,113.061858,34.789554,县府街与子美路交叉口西北20米,15590990131;15904554095,3.8,43,暂无,8：00——22：00
巩义市,康百万老卤坊(三荆居店),113.015691,34.75479,113.015691,34.75479,紫荆锦里路三荆居东门11号,15237133788,4,暂无,暂无,8：00——22：00
巩义市,李伟馍夹串,113.014525,34.759925,113.014525,34.759925,东方现代城北苑南门西140米,13623828812,4.2,暂无,暂无,8：00——22：00
巩义市,捞到底自选火锅,112.986979,34.754924,112.986979,34.754924,新华路街道新兴路莱迪时尚东门,暂无,4.2,暂无,暂无,8：00——22：00
巩义市,福禧多私房水饺馄饨,113.017595,34.742165,113.017595,34.742165,英才路1-11号,0371-85666168,4.2,暂无,暂无,8：00——22：00
巩义市,常来刀削面,112.994243,34.737188,112.994243,34.737188,宇华苑小区西门南140米,15038151551,4.2,暂无,暂无,8：00——22：00
巩义市,喜姐砂锅牛肚王,112.859154,34.682676,112.859154,34.682676,回郭镇香港街实验幼儿园隔壁,16638100267,4.1,暂无,暂无,8：00——22：00
巩义市,乐北鼻.手工粉面.广式小吃(正上豪布斯卡店),113.012501,34.754004,113.012501,34.754004,滨河路27号正上豪布斯卡F1层,暂无,4.1,暂无,暂无,8：00——22：00
巩义市,山西刀削面,112.943488,34.696215,112.943488,34.696215,芝田镇310国道,17735798339,4.1,暂无,暂无,8：00——22：00
巩义市,臻禾烘焙(恒星金街店),112.992384,34.7599,112.992384,34.7599,新华路街道桐本路北171-14,暂无,4.2,38,暂无,8：00——22：00
巩义市,东锋碳锅鱼烧烤,112.997575,34.757175,112.997575,34.757175,和平路与桐和街交叉口东20米,暂无,4.1,35,暂无,8：00——22：00
巩义市,一亩半地锅城,113.211127,34.686263,113.211127,34.686263,新中镇人民政府向南200米路西,13523552299,4.1,暂无,暂无,8：00——22：00
巩义市,荥阳胖子地摊儿刷牛肚,113.001758,34.761438,113.001758,34.761438,孝义街道朗曼新城海棠苑14号楼106商铺,13592696577,4.2,暂无,暂无,8：00——22：00
巩义市,川巴适围炉串串火锅,113.030079,34.755266,113.030079,34.755266,新兴家园北门西70米,13691324777,4.1,暂无,暂无,8：00——22：00
巩义市,登封王记麻辣刀削面,112.991218,34.75547,112.991218,34.75547,钢厂小区南门东140米,15517124334;18239999446,4.1,暂无,暂无,8：00——22：00
巩义市,米线白吉馍(和协花园店),113.017575,34.752275,113.017575,34.752275,瑞福路与锦里路交叉口东160米,13598856565,4.2,暂无,暂无,8：00——22：00
巩义市,朝阳烩面,113.02788,34.619798,113.02788,34.619798,望嵩路68-5号,15290801307,4.1,暂无,暂无,8：00——22：00
巩义市,猴哥烤肉(巩义店),113.011224,34.754334,113.011224,34.754334,滨河路27号正上豪布斯卡B1层,19036913197,4.2,暂无,暂无,8：00——22：00
巩义市,老君烧鸡(英才路店),113.017637,34.742176,113.017637,34.742176,紫荆路街道明月路2号森海玉波苑东区,暂无,4.1,36,暂无,8：00——22：00
巩义市,小相驴肉馆,113.012981,34.76795,113.012981,34.76795,滨河路71号,13938296553,4.1,29,暂无,8：00——22：00
荥阳市,宁波元宵,113.382894,34.783848,113.382894,34.783848,丽景花苑东区北门旁,13592610256,4.1,暂无,暂无,8：00——22：00
荥阳市,厦门面包房(广武店),113.44521,34.892765,113.44521,34.892765,广武镇中山街258号厦门面包房,13838522353,4.1,暂无,暂无,8：00——22：00
荥阳市,李记砂锅,113.486532,34.707247,113.486532,34.707247,双楼郭小学东北侧140米,13839497875,4.3,暂无,暂无,8：00——22：00
荥阳市,王婆香辣虾(荥阳店),113.386805,34.766412,113.386805,34.766412,乔楼镇万山路与310过道向东50米路南,0371-64655822;15038169556,4.3,28,暂无,8：00——22：00
荥阳市,荥阳市演武路张记炸鸡店,113.391303,34.790353,113.391303,34.790353,塔山路演武路交叉口往西246米路南,15003817629,4,暂无,暂无,8：00——22：00
荥阳市,法式面包房,113.290475,34.68476,113.290475,34.68476,庙王路与王庙路交叉口北40米,13838305808,4,暂无,暂无,8：00——22：00
荥阳市,吴记臊子面,113.362961,34.78694,113.362961,34.78694,杏坛街与西关街交叉口西南60米,13938296623,4.2,暂无,暂无,8：00——22：00
荥阳市,老料热干面(万山路店),113.38555,34.766029,113.38555,34.766029,乔楼镇万山南路310交叉口向南20米路西,13623842893;13643846841,4.1,暂无,暂无,8：00——22：00
荥阳市,蒋三小吃,113.298355,34.847799,113.298355,34.847799,王村镇金滩市场许庄路口,13838288069,4.2,暂无,暂无,8：00——22：00
荥阳市,天天鲜豆浆,113.400726,34.784928,113.400726,34.784928,腾飞街与广武路交叉口东20米路南(商业街西口路南),15038085360;15138688385,4.1,暂无,暂无,8：00——22：00
荥阳市,林家烧烤涮牛肚,113.393764,34.797534,113.393764,34.797534,塔山路与站南东路交叉口南60米,暂无,4.2,61,暂无,8：00——22：00
荥阳市,银河湾欢乐农庄,113.491414,34.682687,113.491414,34.682687,贾峪镇北大路小寨红绿灯向西50米路北,暂无,3.7,45,暂无,8：00——22：00
荥阳市,裕隆斑鱼庄(荥泽大道店),113.427107,34.785265,113.427107,34.785265,近郊东区荥泽大道往西福民路海龙商业街039号,0371-85293577,4.3,86,暂无,8：00——22：00
荥阳市,法记羊肉烩面,113.381011,34.7851,113.381011,34.7851,人民广场东门,13137716587;15838272831,4,17,暂无,8：00——22：00
荥阳市,平记熟食(贾峪店),113.449274,34.674491,113.449274,34.674491,贾峪镇一中后门(贾峪地铁站C口步行470米),暂无,4.1,暂无,暂无,8：00——22：00
荥阳市,方圆精品酒店(荥阳店),113.401653,34.787773,113.401653,34.787773,索河路与广武路交叉口味道名家东侧近广武路,0371-85211800;0371-85216888,4.7,暂无,暂无,8：00——22：00
荥阳市,富苑茶楼(鸿祥钰珑府店),113.434626,34.753538,113.434626,34.753538,飞龙路和泽众路交叉口北50米路西,0371-66127888,4,暂无,暂无,8：00——22：00
荥阳市,老马记叫花鸡猪蹄(商业街店),113.401956,34.784936,113.401956,34.784936,索河路商业街转盘路南,13849008638,4,暂无,暂无,8：00——22：00
荥阳市,鸿源斋食府(荥阳店),113.374613,34.765609,113.374613,34.765609,兴华路与310国道交叉口向西50米路南,0371-55551066;19337161216,4.3,50,暂无,8：00——22：00
荥阳市,付胖子烧烤涮牛肚基地荥阳第一家,113.410489,34.793635,113.410489,34.793635,蛟龙泵业有限公司东门南250米,15638197488,4.6,43,暂无,8：00——22：00
荥阳市,麦田品客(奥帕拉拉店),113.439933,34.746418,113.439933,34.746418,荥阳槐西锦龙华苑东1门旁,0371-69563738;18538596866,4.4,42,暂无,8：00——22：00
荥阳市,广粤开煲,113.419976,34.802849,113.419976,34.802849,"建设路,服装产业园南门口",0371-56769988;18530096333,4.3,33,暂无,8：00——22：00
荥阳市,甜野果子,113.423733,34.78415,113.423733,34.78415,京城路街道国泰路22号,0371-66125177;0371-85665177,4.7,20,暂无,8：00——22：00
荥阳市,志成丹江渔家,113.362066,34.87088,113.362066,34.87088,高村乡李山村045号,0371-57163563;18237163211;18300678161,4.3,64,暂无,8：00——22：00
荥阳市,海鲜爆炒鸡,113.369678,34.889331,113.369678,34.889331,232省道西200米,13592386067;15090647237,4.2,暂无,暂无,8：00——22：00
荥阳市,侯七公叫花鸡·猪蹄·手擀面,113.44081,34.746108,113.44081,34.746108,中原路与织机路交叉口向南200米路东,13007523686;19137628652,4.4,19,暂无,8：00——22：00
荥阳市,一起捞火锅鱼,113.405197,34.7832,113.405197,34.7832,舒欣佳苑东门东南50米,0371-63256616,4.4,62,暂无,8：00——22：00
荥阳市,高村老马专业夹肉,113.371884,34.892269,113.371884,34.892269,高村乡老大街向北50米路西,13633849493;19138060818,4.4,14,暂无,8：00——22：00
荥阳市,清真烙馍村(马沟店),113.507549,34.714919,113.507549,34.714919,陇海路与新田大道向南见转盘向东200路南,13007616876,4.4,38,暂无,8：00——22：00
荥阳市,AAA铜锅涮羊肉特色烧烤,113.404907,34.794281,113.404907,34.794281,工业路与站南东路交叉口南260米,13838205856;13938247919,4.4,70,暂无,8：00——22：00
荥阳市,虎家烩面王,113.364966,34.785353,113.364966,34.785353,郑上路金口福饼对面,13849009485,3.8,暂无,暂无,8：00——22：00
荥阳市,伊点烘焙,113.506425,34.715367,113.506425,34.715367,贾峪镇马沟村党群服务中心正对面,15515990819,4.2,暂无,暂无,8：00——22：00
荥阳市,新密手擀面(飞龙路),113.435379,34.777411,113.435379,34.777411,豫龙镇飞龙路与繁荣路路交叉口往南50米,13673998175;15838379687,4.2,暂无,暂无,8：00——22：00
荥阳市,惠丰烩面泡馍城(惠丰老店),113.400468,34.778829,113.400468,34.778829,家和万世南门西南70米,13838596117,4.1,暂无,暂无,8：00——22：00
荥阳市,陕西哨子扯面,113.478075,34.883877,113.478075,34.883877,广古路与天伦大道交叉口东160米,暂无,4.1,暂无,暂无,8：00——22：00
荥阳市,晏曲振峰老式烩面泡馍特色烤串,113.429682,34.809266,113.429682,34.809266,荥泽大道与科学大道交叉口向北走150米党群服务中心,15237137424,4.2,34,暂无,8：00——22：00
荥阳市,一帆饭店,113.410761,34.893413,113.410761,34.893413,广武镇桃园超市,暂无,3.8,暂无,暂无,8：00——22：00
荥阳市,沪沪生煎(索河路店),113.413433,34.787056,113.413433,34.787056,索河路与三公路交叉口西100米路南,暂无,4.4,9,暂无,8：00——22：00
荥阳市,查记小吃(成皋南路店),113.381261,34.786873,113.381261,34.786873,成皋路44-15号,18703882607,4.4,暂无,暂无,8：00——22：00
荥阳市,霸舌生滚牛肉米粉(吾悦广场店),113.428525,34.77612,113.428525,34.77612,临街底商(功夫怪兽烧烤旁边),18703692880,4.4,15,暂无,8：00——22：00
荥阳市,政法街东来顺,113.393625,34.788375,113.393625,34.788375,塔山路与索河路交叉口北80米,暂无,4.4,暂无,暂无,8：00——22：00
荥阳市,花雕醉鸡(荥阳店),113.39041,34.783827,113.39041,34.783827,大海寺路河阴路往东100米,15516167832,4.4,26,暂无,8：00——22：00
荥阳市,开封飘香驴肉汤,113.460588,34.672821,113.460588,34.672821,宏图手机大卖场东北(洞林路北),暂无,3.8,暂无,暂无,8：00——22：00
荥阳市,好兄弟美食城,113.383817,34.802871,113.383817,34.802871,建设路与站北一街交叉口西40米,暂无,3.8,暂无,暂无,8：00——22：00
荥阳市,大众餐馆(高山路店),113.21321,34.790623,113.21321,34.790623,朝阳路与高山路交叉口南40米,13613710919,3.7,暂无,暂无,8：00——22：00
荥阳市,浩丞饭店,113.454732,34.887058,113.454732,34.887058,广古路4号南城路口向北200米,15738341444,4.1,暂无,暂无,8：00——22：00
荥阳市,马孬饭店,113.444238,34.894156,113.444238,34.894156,广武镇乡政府向西100米,暂无,4.1,暂无,暂无,8：00——22：00
荥阳市,万山饺子烩面(荥阳店),113.385459,34.758087,113.385459,34.758087,今正汽贸东北侧,15515709408,4.3,13,暂无,8：00——22：00
荥阳市,帖记饭店,113.335054,34.808258,113.335054,34.808258,城关乡李克寨十字路口西北角,18239992660,3.7,45,暂无,8：00——22：00
荥阳市,丁记烤面筋(尚炉新家园店),113.393651,34.790172,113.393651,34.790172,塔山路演武路口东南角,15939042250,4.1,暂无,暂无,8：00——22：00
荥阳市,王记烙馍卷菜(成皋路店),113.381374,34.789854,113.381374,34.789854,演武路48号,13014658632,4.1,暂无,暂无,8：00——22：00
荥阳市,晏曲金成酱牛肉,113.404921,34.784764,113.404921,34.784764,工业路20-10号(妇幼保健院斜对面),15138667173;15938705591,4.4,16,暂无,8：00——22：00
荥阳市,顺利饭店,113.215567,34.844952,113.215567,34.844952,汜水镇汜水街,13783518087,4.2,暂无,暂无,8：00——22：00
荥阳市,桂枝凉皮,113.390576,34.784047,113.390576,34.784047,大海寺路三院向东50米,15838280312,4.3,10,暂无,8：00——22：00
荥阳市,张恒文道口烧鸡(东润玺城店),113.459565,34.75108,113.459565,34.75108,东润玺城三期东北门南50米,13373931101,4.3,暂无,暂无,8：00——22：00
荥阳市,浒谣民谣小酒馆,113.428071,34.776049,113.428071,34.776049,荥泽大道201-62号,18937186118,4.3,暂无,暂无,8：00——22：00
荥阳市,王小五只有剁椒面,113.41195,34.778583,113.41195,34.778583,京城路与繁荣路交叉口东50米路南20号商铺,暂无,4.3,13,暂无,8：00——22：00
荥阳市,刘婉婉生炸妙龄鸡店(汜河路店),113.381708,34.794807,113.381708,34.794807,京城街道汜河路与成皋路交叉口东20米路南,15037891773,4.3,11,暂无,8：00——22：00
荥阳市,库迪咖啡(荥阳吾悦广场石榴街店),113.428613,34.775661,113.428613,34.775661,荥泽大道吾悦广场石榴街2-3-103,18595702266,4.3,12,暂无,8：00——22：00
荥阳市,半日闲茶咖疗愈空间,113.319685,34.784441,113.319685,34.784441,五龙产业集聚区科技二路郑州装备产业园1号楼,15136121865;15981926703,4.3,17,暂无,8：00——22：00
荥阳市,王忠圈胡辣汤(飞龙路店),113.435539,34.780639,113.435539,34.780639,豫龙镇飞龙路意墅蓝山东门王忠圈胡辣汤,15514367333,4.3,15,暂无,8：00——22：00
荥阳市,蜜雪冰城(洞林路店),113.446638,34.673552,113.446638,34.673552,洞林路与桃贾路交叉口西南20米,15978760589,4.3,暂无,暂无,8：00——22：00
荥阳市,龙岗路小时候饭店,113.395197,34.773373,113.395197,34.773373,京城路街道郑上路90号郑西·鑫苑名家,13783685734;15036115933,4.3,暂无,暂无,8：00——22：00
荥阳市,吕小哥(荥阳贾峪镇店),113.448178,34.674749,113.448178,34.674749,桃贾路贾峪镇一中西南侧,15639260781,4.3,13,暂无,8：00——22：00
荥阳市,阿三生煎(荥阳吾悦店),113.428475,34.773803,113.428475,34.773803,京城街道荥泽大道吾悦广场3楼东南侧,15936251638,4.3,25,暂无,8：00——22：00
荥阳市,满米酸奶(郑州荥阳吾悦广场店),113.428155,34.774258,113.428155,34.774258,郑上路与荥泽大道交叉口吾悦广场F3,15038303071,4.3,15,暂无,8：00——22：00
荥阳市,华莱士·全鸡汉堡(恒大山水城店),113.467973,34.673028,113.467973,34.673028,恒大山水城5号商业112单元,0371-66120060;15188332254,4.3,暂无,暂无,8：00——22：00
荥阳市,丹江福味楼,113.293916,34.882526,113.293916,34.882526,竹园村222号,15138997916,4.3,42,暂无,8：00——22：00
荥阳市,锅圈食汇(京城大街店),113.412629,34.784735,113.412629,34.784735,京城路街道京城大街91号,18937181730,4.3,暂无,暂无,8：00——22：00
荥阳市,贾峪路口凉皮,113.39128,34.780518,113.39128,34.780518,荥阳市高级中学东北门西50米,15538088720;18838079580,4.4,10,暂无,8：00——22：00
荥阳市,聚义斋手工烩面泡馍,113.505299,34.715437,113.505299,34.715437,贾峪镇新田大道马沟转盘东北角,13183016818;18837161369,4.2,49,暂无,8：00——22：00
荥阳市,泰通丹江鱼,113.420325,34.819575,113.420325,34.819575,荥广路与科学大道交叉口向北第一个红绿灯往右转移民新村第一排村东头,0371-85226619;13137736656;15736700886;18203698857,4.1,暂无,暂无,8：00——22：00
荥阳市,老味卤肉,113.353375,34.67167,113.353375,34.67167,兴民街与迎宾路交叉口西100米,15981907200,4.2,暂无,暂无,8：00——22：00
荥阳市,杨记好再来米粉,113.388263,34.783799,113.388263,34.783799,大海寺路与河阴路交叉口西80米,13083604098,4.3,暂无,暂无,8：00——22：00
荥阳市,大灶台热呼炖,113.4583,34.672915,113.4583,34.672915,贾峪镇北沟村三组卫生室北侧,13213121892;15638557385,4.1,55,暂无,8：00——22：00
荥阳市,老马烩面,113.368422,34.82363,113.368422,34.82363,同心路与国电大道交叉口西60米,13523577058,4.1,暂无,暂无,8：00——22：00
荥阳市,阳光小吃,113.445103,34.895544,113.445103,34.895544,中山路364号,13838510090,4.2,暂无,暂无,8：00——22：00
荥阳市,邢记叫化鸡(河阴路店),113.389452,34.787913,113.389452,34.787913,八达小区东1门旁,15138920995,4.2,暂无,暂无,8：00——22：00
荥阳市,小郭大盘鸡香辣虾(演武路西店),113.379721,34.790488,113.379721,34.790488,近郊演武路32号(兴华社区卫生服务站西南),13393746682;13525516355,4.1,暂无,暂无,8：00——22：00
荥阳市,鑫之味焖面揽锅菜(郡临天下2期店),113.412544,34.778804,113.412544,34.778804,京城路街道繁荣路28-20正北方向120米郡临天下2期,13592521161;18860382980,4.2,暂无,暂无,8：00——22：00
荥阳市,真心鸡排,113.381151,34.787611,113.381151,34.787611,索河路与成皋路交叉口西南角46-5号,15515899183,4.2,29,暂无,8：00——22：00
荥阳市,放心早餐,113.37198,34.673579,113.37198,34.673579,崔庙镇客运站(034县道南50米),暂无,4.1,暂无,暂无,8：00——22：00
荥阳市,二胖擀面皮(兴华路店),113.35353,34.671633,113.35353,34.671633,兴华路与迎宾路交叉口东北20米,18339966389,4.1,暂无,暂无,8：00——22：00
荥阳市,蒋福记鱼火锅,113.444692,34.88735,113.444692,34.88735,广武镇中山南路与广古路交叉口北行500米路东,0371-64811059;15537191798,4,46,暂无,8：00——22：00
荥阳市,刘孩烤面筋,113.400312,34.782488,113.400312,34.782488,广武路康泰路交叉口东10米路南,13526883776,4.2,21,暂无,8：00——22：00
荥阳市,大富蚝烧烤不夜城,113.46028,34.752624,113.46028,34.752624,东润玺城三期东北门东北170米,18436630470,4.2,33,暂无,8：00——22：00
荥阳市,张亮麻辣烫(郑州贾峪镇店),113.483025,34.679343,113.483025,34.679343,新田大道北大路交叉口向东200米路南,15637191739,4.2,暂无,暂无,8：00——22：00
荥阳市,厨匠博炮崩鸡(荥阳店),113.393658,34.791801,113.393658,34.791801,塔山路与演武路交叉口向北100米路东,19138001258,4.2,26,暂无,8：00——22：00
荥阳市,丹江渔香园,113.363179,34.870407,113.363179,34.870407,高村乡李山村美食文化街8号铺,15993152563;18538071730,4.1,33,暂无,8：00——22：00
荥阳市,花小小新疆炒米粉(郑州荥阳吾悦广场店),113.427759,34.773482,113.427759,34.773482,荥泽大道吾悦广场石榴街1-2号楼1单元2层251号,13460102000,4.2,11,暂无,8：00——22：00
荥阳市,枣子坊,113.386173,34.787585,113.386173,34.787585,索河路万山路交叉口东20米路南,18337153877,4.1,18,暂无,8：00——22：00
荥阳市,黄焖一品黄焖鸡米饭(中绘·大溪地店),113.446952,34.75144,113.446952,34.75144,清华大溪地6号院东门往南50米,15039036616,4.2,14,暂无,8：00——22：00
荥阳市,窑鸡王(荥阳店),113.427258,34.774097,113.427258,34.774097,荥泽大道吾悦广场石榴街5-2号楼152号,15837966335,4.1,25,暂无,8：00——22：00
荥阳市,LanTa蓝塔烘焙(郑州荥阳吾悦广场店),113.427734,34.77361,113.427734,34.77361,郑上路与荥泽大道交口吾悦广场郑州荥阳店,0371-63998885,4.2,暂无,暂无,8：00——22：00
荥阳市,王婆大虾(董村店),113.474174,34.884237,113.474174,34.884237,市广武镇董庄村104号(广古路桃贾路交叉口往西200米路北),15837175803,4.1,36,暂无,8：00——22：00
荥阳市,隔壁老王鸡爪杂面条,113.413473,34.785029,113.413473,34.785029,京城大街70号隔壁老王鸡爪杂面条,18538559990,4.2,暂无,暂无,8：00——22：00
荥阳市,冒二麻一麻辣香锅·冒菜 (荥阳店),113.427103,34.775542,113.427103,34.775542,吾悦广场2-3-141号商铺,13938406909,4.2,24,暂无,8：00——22：00
荥阳市,W·法式蛋糕(荥阳店),113.407713,34.783883,113.407713,34.783883,学府路中段路东105号商铺,18595756239,4.1,50,暂无,8：00——22：00
荥阳市,焙味多烘焙(步行街店),113.394977,34.782457,113.394977,34.782457,建业购物广场步行街西段路南,暂无,4.1,暂无,暂无,8：00——22：00
荥阳市,麦加美汉堡(菖蒲路店),113.436449,34.77418,113.436449,34.77418,飞龙路昌蒲路交叉口东20米路南,0371-64693060,4.1,13,暂无,8：00——22：00
荥阳市,马家羊汤馆,113.505087,34.715158,113.505087,34.715158,贾峪镇马沟村,18530030070,4.1,暂无,暂无,8：00——22：00
荥阳市,张家川兰州牛肉拉面,113.219882,34.843643,113.219882,34.843643,汜水镇汜水村,暂无,4.2,暂无,暂无,8：00——22：00
荥阳市,醉巴鲜烤鱼(荥阳五一街店),113.434131,34.784606,113.434131,34.784606,金苑·阳光里南门旁,暂无,4.2,48,暂无,8：00——22：00
荥阳市,九多肉多(郡临天下店),113.414874,34.778724,113.414874,34.778724,郡临天下2期南门东220米,4008050958,4.1,8,暂无,8：00——22：00
荥阳市,隆江猪脚饭·荥阳分店,113.415857,34.785452,113.415857,34.785452,国泰路三公路交叉口向北100米路东隆江猪脚饭·荥阳分店,18336373717,4.1,16,暂无,8：00——22：00
荥阳市,九多肉多(索河路店),113.410344,34.787079,113.410344,34.787079,京城花园西门北180米,4008050958,4.2,9,暂无,8：00——22：00
荥阳市,王小五只有剁椒面(吾悦广场店),113.427502,34.774926,113.427502,34.774926,吾悦广场石榴街一楼(C口西门)电梯口旁边,15038269135,4.1,14,暂无,8：00——22：00
荥阳市,晋福祥油泼拌面,113.480639,34.884219,113.480639,34.884219,广武镇广古路与四维路交叉口往北50米,暂无,4.2,14,暂无,8：00——22：00
荥阳市,熊家无二·韩式炸鸡(荥阳店),113.392825,34.783775,113.392825,34.783775,大海寺路1号,15137133806,4.2,22,暂无,8：00——22：00
荥阳市,福记叽叽喳喳老火锅,113.410654,34.78431,113.410654,34.78431,京城路龙吟堂对面往北10米第一个胡同第一家,15937196852,4.1,40,暂无,8：00——22：00
荥阳市,呐喊的炒鸡天悦湾店,113.377334,34.780291,113.377334,34.780291,兴华路与前程街交叉口向东120米路南,15093106333,4.2,56,暂无,8：00——22：00
荥阳市,人生一串(汜河路店),113.420024,34.792782,113.420024,34.792782,棋源路与汜河路交叉口东南角,0371-63258555;15036035999,4.2,40,暂无,8：00——22：00
荥阳市,热干面馋嘴烤面筋,113.361307,34.775752,113.361307,34.775752,039乡道与索华路交叉口西140米,13027771140,4.1,暂无,暂无,8：00——22：00
荥阳市,五谷渔粉(贾峪镇店),113.447126,34.675782,113.447126,34.675782,贾峪镇楚村桃贾路,4008581968,4.1,15,暂无,8：00——22：00
荥阳市,菊花开手撕藤椒鸡(文泽路店),113.468834,34.671942,113.468834,34.671942,贾峪镇恒大山水城二期西南门122号,13607683995,4.1,暂无,暂无,8：00——22：00
荥阳市,小菜园新徽菜(桃贾路店),113.459821,34.747327,113.459821,34.747327,东润玺城2期西门旁,暂无,4.2,26,暂无,8：00——22：00
荥阳市,马记饭店,113.327539,34.76923,113.327539,34.76923,庙王路与310国道交叉口北20米,13838146780,4.2,18,暂无,8：00——22：00
荥阳市,千古传奇老碗面(格林小城店),113.453096,34.772068,113.453096,34.772068,桃贾路与郑上路交叉口3期门面房32栋116号,18739948800,4.1,暂无,暂无,8：00——22：00
荥阳市,西华逍遥镇胡辣汤(汜河路店),113.416657,34.792842,113.416657,34.792842,万业世纪广场汜河路129-37号,15939187679,4.1,暂无,暂无,8：00——22：00
荥阳市,逍遥镇胡辣汤(车管所西门店),113.447333,34.761134,113.447333,34.761134,豫龙镇商隐路车管所西门口,19137628821,4.1,6,暂无,8：00——22：00
荥阳市,赵先生古法热干面(荥泽·北郡店),113.478331,34.92401,113.478331,34.92401,广武镇荥泽北郡9号商铺,15517519609,4.2,暂无,暂无,8：00——22：00
荥阳市,冰淳茶饮(广武镇店),113.445164,34.891616,113.445164,34.891616,广武镇中山路中段373号,13253596635;15333780122,4.2,暂无,暂无,8：00——22：00
荥阳市,胡闯渔粉(同鼎路店),113.41951,34.80429,113.41951,34.80429,郑州宏力中医药学校南侧80米,17324848800,4.2,暂无,暂无,8：00——22：00
荥阳市,厚道福热干面(索滨阳光苑店),113.384721,34.772908,113.384721,34.772908,索河街道龙港路127号索滨阳光苑,15938792116,4.2,暂无,暂无,8：00——22：00
荥阳市,张大嘴茶香猪蹄(海龙店),113.427096,34.785507,113.427096,34.785507,国泰路与福民路交叉口北50米路东,13283832868,4.2,30,暂无,8：00——22：00
荥阳市,宫廷桃酥王(京城农贸市场店),113.410018,34.797321,113.410018,34.797321,京城农贸市场4号楼5号,15838027970,4.1,暂无,暂无,8：00——22：00
荥阳市,张大嘴茶香猪蹄(泽众路店),113.445878,34.753138,113.445878,34.753138,清华大溪地1号院南院113号,15637135836,4.1,16,暂无,8：00——22：00
荥阳市,傻子张大盘鸡(崔庙店),113.352962,34.669733,113.352962,34.669733,兴华路中国农业银行西南侧250米,暂无,4.1,37,暂无,8：00——22：00
荥阳市,夜小红炒虾尾(荥阳鑫苑店),113.398693,34.777106,113.398693,34.777106,郑上路与广武路交叉口往南50米路西鑫公寓2-1号,18336830888,4.1,25,暂无,8：00——22：00
荥阳市,李记小吃,113.385151,34.79456,113.385151,34.79456,万山路与汜河路交叉口西南40米,13526662622,4.2,暂无,暂无,8：00——22：00
荥阳市,红军饭店,113.163367,34.806108,113.163367,34.806108,030乡道与019县道交叉口东60米,13653849595;18236798998,4.2,暂无,暂无,8：00——22：00
荥阳市,90后烧烤(中森林语美墅店),113.433428,34.778178,113.433428,34.778178,繁荣街林语美墅137号楼114号商铺,15188388241,4.2,34,暂无,8：00——22：00
荥阳市,胖小白盱眙小龙虾(荥阳总店),113.411419,34.781995,113.411419,34.781995,京城路与康泰路交叉口东50米路南,15003999941,4.2,48,暂无,8：00——22：00
荥阳市,晏曲老店,113.430151,34.808217,113.430151,34.808217,豫龙镇科学大道与荥泽大道交叉口东北角,15537182629,4,57,暂无,8：00——22：00
荥阳市,李孬手工面馆,113.371903,34.889374,113.371903,34.889374,234国道与菜市街交叉口西10米,13703827482,4.2,84,暂无,8：00——22：00
荥阳市,丰源烩面城,113.290588,34.684217,113.290588,34.684217,034县道与王庙路交叉口东南20米,13838359962,4.2,41,暂无,8：00——22：00
荥阳市,汝霖酒楼,113.248117,34.776462,113.248117,34.776462,竹南线与锦川西路交叉口南20米,13849006001,4.3,暂无,暂无,8：00——22：00
荥阳市,辣界火锅鱼(塔山路店),113.393524,34.782238,113.393524,34.782238,塔山南路,暂无,4.3,28,暂无,8：00——22：00
荥阳市,老吆糊涂面(宏亚花园1期店),113.41214,34.778486,113.41214,34.778486,郡临天下2期南门西南90米,13271555873;15838028869,4.1,暂无,暂无,8：00——22：00
荥阳市,有朴酸菜鱼(索河路店),113.413724,34.787056,113.413724,34.787056,京城花园北2门旁,18203971058,4,35,暂无,8：00——22：00
荥阳市,孙记川府特味香辣面(康泰路店),113.404584,34.782337,113.404584,34.782337,康泰花园东门西北70米,18768893277,4,15,暂无,8：00——22：00
荥阳市,马旭烧鸡店,113.505246,34.715413,113.505246,34.715413,西四环与马米路交叉口西150米,15803833012;15803833210,3.8,暂无,暂无,8：00——22：00
荥阳市,宝鸡王记小吃,113.384961,34.784173,113.384961,34.784173,万山路与大海寺路交叉口西北20米,暂无,3.7,暂无,暂无,8：00——22：00
荥阳市,新颐和轩沐足(建海·绿荫半岛店),113.400085,34.772569,113.400085,34.772569,广武路22-18号(龙岗路交叉口东南角),0371-69000006;0371-69000007,4.4,暂无,暂无,8：00——22：00
荥阳市,天方饭店,113.415206,34.784669,113.415206,34.784669,三公路001号(京城大街口西南侧),13939094032;15003831598,4.4,37,暂无,8：00——22：00
荥阳市,湘味飘(荥阳店),113.412676,34.778499,113.412676,34.778499,荥阳市繁荣路与百合路交叉口西南角1号,13838516677,4.3,28,暂无,8：00——22：00
荥阳市,段记卤肉,113.35649,34.776803,113.35649,34.776803,荥密路宏鑫矿业设备公司东110米路北,0371-64695758;0371-64696626;13592685333,4.3,27,暂无,8：00——22：00
荥阳市,李氏信阳炖菜馆,113.386374,34.784091,113.386374,34.784091,大海寺路72号(农业机械管理局东),18503826112,4.3,40,暂无,8：00——22：00
荥阳市,品香焖面(郑上品店),113.405068,34.777617,113.405068,34.777617,郑上品西门南60米,15638552968,3.6,暂无,暂无,8：00——22：00
荥阳市,老北京串串香,113.444758,34.891612,113.444758,34.891612,中山路广场,15639269263,3.8,暂无,暂无,8：00——22：00
荥阳市,鲜炒鸡一家乐手擀面(大溪地九号院店),113.447537,34.745665,113.447537,34.745665,豫龙街道中原西路商隐路71号清华·大溪地9号院,13949140123;15515776877,4,暂无,暂无,8：00——22：00
荥阳市,御品香包子铺,113.440739,34.748687,113.440739,34.748687,织机路御品香包子铺,18530080739;18613717806,4.3,暂无,暂无,8：00——22：00
荥阳市,水源地酒家,113.362175,34.871073,113.362175,34.871073,李山村村委会东南侧60米,13838233867,4.3,67,暂无,8：00——22：00
荥阳市,晏曲手工烩面(总店),113.435398,34.780291,113.435398,34.780291,意墅蓝山59号-101正北方向30米,暂无,4.3,暂无,暂无,8：00——22：00
荥阳市,时珍香胡辣汤总店,113.430517,34.778177,113.430517,34.778177,中森意墅蓝山73号楼门面(荥泽大道与繁荣街交叉口),15137118850,4.4,暂无,暂无,8：00——22：00
荥阳市,连喜烩面城,113.448365,34.891905,113.448365,34.891905,中山路与232省道交叉口东南400米,18638690366;18738159963,4.3,暂无,暂无,8：00——22：00
荥阳市,马沟生熟牛肉店,113.509199,34.715293,113.509199,34.715293,马寨镇小马沟村,15516938188;17105734444,4.4,暂无,暂无,8：00——22：00
荥阳市,郏县烙馍卷菜,113.389176,34.786713,113.389176,34.786713,河阴路34号,15838186103;15936232717,3.7,暂无,暂无,8：00——22：00
荥阳市,赵火火炒鸡下饭菜,113.381475,34.784525,113.381475,34.784525,索河街道大海寺路23号鸿祥洋房,暂无,4,暂无,暂无,8：00——22：00
荥阳市,荥阳市吉膳堂临沂鲜炒鸡,113.400247,34.782751,113.400247,34.782751,广武路与康泰路,13203703600,4,暂无,暂无,8：00——22：00
荥阳市,NOWWA挪瓦咖啡(美宜佳郑州隆盛时代广场店),113.422354,34.783706,113.422354,34.783706,惠民路隆盛时代广场1号楼1单元1层105号,15039062990,4,暂无,暂无,8：00——22：00
荥阳市,焱玖家麻辣猪蹄火锅(大海寺路店),113.392223,34.783971,113.392223,34.783971,京城街道塔山路与大海寺路交叉口向西100米大海寺路北,19937177852,4,30,暂无,8：00——22：00
荥阳市,潮汕记(荥阳清真店),113.41503,34.787595,113.41503,34.787595,索河路三公路西50米路北,19138130899,4,58,暂无,8：00——22：00
荥阳市,川奇麻辣香锅,113.427552,34.774677,113.427552,34.774677,吾悦广场石榴街c区3-2-129号,暂无,4,20,暂无,8：00——22：00
荥阳市,卡乐星比萨(荥阳店),113.430917,34.778474,113.430917,34.778474,中森意墅蓝山南门西150米,18339215088,4,暂无,暂无,8：00——22：00
荥阳市,Tineco添可(荥阳吾悦广场店),113.427634,34.774363,113.427634,34.774363,吾悦广场石榴街四楼1-2-430,18695877312,4,暂无,暂无,8：00——22：00
荥阳市,琪美嘉蛋糕(意墅蓝山店),113.434516,34.778442,113.434516,34.778442,飞龙路与繁荣街交叉口向西100米路北,0371-65000176,4,暂无,暂无,8：00——22：00
荥阳市,蜜哆哆韩式炸鸡(石榴街店),113.427428,34.774582,113.427428,34.774582,吾悦广场石榴街c区3-2号126,17797750052,4,27,暂无,8：00——22：00
荥阳市,华莱士·全鸡汉堡(碧桂园·龙城天墅店),113.435469,34.789315,113.435469,34.789315,碧桂园·龙城天墅,0371-65001034,4,17,暂无,8：00——22：00
荥阳市,嗦螺先生螺蛳粉(荥阳店),113.412225,34.784825,113.412225,34.784825,米奇儿幼儿园西南门西南60米,15938770979,4,暂无,暂无,8：00——22：00
荥阳市,京之宴北京烤鸭(荥阳东区店),113.431854,34.792822,113.431854,34.792822,罗垌社区36号-2号商铺,15225166569,4,暂无,暂无,8：00——22：00
荥阳市,沙县小吃(塔山路店),113.393083,34.790357,113.393083,34.790357,演武路尚炉村,15997983195;18530671106,4,暂无,暂无,8：00——22：00
荥阳市,莫道茶事(荥阳店),113.399454,34.783578,113.399454,34.783578,万业花园东门旁,15890127222,4,暂无,暂无,8：00——22：00
荥阳市,车站老道口包子,113.3898,34.798578,113.3898,34.798578,郑州博大面粉有限公司北门旁,暂无,4,暂无,暂无,8：00——22：00
荥阳市,老马家羊肉汤,113.409041,34.790402,113.409041,34.790402,京城路与演武路交叉口西50米路北,13663821913,4.2,暂无,暂无,8：00——22：00
荥阳市,老林家烧烤涮牛肚(天河名苑店),113.383995,34.78159,113.383995,34.78159,荥阳市郑上路与万山路交叉口西南角,13080191588,4.2,42,暂无,8：00——22：00
荥阳市,兰州拉面炒肉片,113.327615,34.769712,113.327615,34.769712,城关乡洪界村310国道与庙王路交叉路口西北角,15755774880,4.1,暂无,暂无,8：00——22：00
荥阳市,时珍香胡辣汤豆沫馆(方家老店),113.405247,34.78363,113.405247,34.78363,国土资源居局家属楼北门旁,15093100817;15515635597,4.1,12,暂无,8：00——22：00
荥阳市,杏花饭店(039乡道),113.356595,34.776768,113.356595,34.776768,金旭物资有限公司(039乡道)西南侧,0371-64695758;0371-64696626,4.1,91,暂无,8：00——22：00
荥阳市,刘生涮锅,113.393644,34.793516,113.393644,34.793516,塔山路与汜河路交叉口向南50米路东,暂无,4.4,31,暂无,8：00——22：00
荥阳市,阿红鸡蛋灌饼(大海寺路店),113.385842,34.784104,113.385842,34.784104,万山路大海寺路交叉口向东40米路南,13303833454;13513800454,4.3,6,暂无,8：00——22：00
荥阳市,荣华北京果木烤鸭(演武路店),113.385404,34.79044,113.385404,34.79044,演武路与万山路交叉口东南20米,13633844266;13783402542,3.7,19,暂无,8：00——22：00
荥阳市,荥阳市康泰路法涛山羊小串炖大鹅,113.411798,34.782933,113.411798,34.782933,康泰路京城路东20米路北,13298189919,3.9,39,暂无,8：00——22：00
荥阳市,青苹果,113.491894,34.843273,113.491894,34.843273,莲花街西大师姑村,暂无,4,暂无,暂无,8：00——22：00
荥阳市,盆景鱼老店,113.286384,34.685177,113.286384,34.685177,王庙路刘河集贸市场西10米路北,13523459818,4,暂无,暂无,8：00——22：00
荥阳市,环翠峪段记卤肉坊,113.263584,34.639063,113.263584,34.639063,成泉路,13523456919,4.4,暂无,暂无,8：00——22：00
荥阳市,岩哥士鲫鱼(国泰路店),113.41779,34.784448,113.41779,34.784448,三公路与国泰路交叉口东200米路南,13526435349,4.5,19,暂无,8：00——22：00
荥阳市,胡辣汤·杭州小笼包,113.459747,34.751416,113.459747,34.751416,东润玺城B区(中原西路北200米),13522996819,4.4,12,暂无,8：00——22：00
荥阳市,米恋家小炒肉(国泰路店),113.434664,34.784628,113.434664,34.784628,飞龙路与国泰路交叉口西10米路北,15637197576,4.4,33,暂无,8：00——22：00
荥阳市,光头强黄金炸串,113.393499,34.78454,113.393499,34.78454,大海寺路塔山路交叉口向北50米路东,13838264775;18339971148,4.4,暂无,暂无,8：00——22：00
荥阳市,江南灌汤小笼包(荥阳总店),113.39327,34.790278,113.39327,34.790278,演武路鸿祥今典,18439166177,4.4,15,暂无,8：00——22：00
荥阳市,郑师傅牛肉面夜市烧烤,113.396177,34.773434,113.396177,34.773434,郑西鑫苑名家南区南门东70米,13783678621;13938983781,4.4,暂无,暂无,8：00——22：00
荥阳市,南岸咖啡厅(忆江南店),113.48778,34.913929,113.48778,34.913929,忆江南旅游度假区,19710079817,4.5,26,暂无,8：00——22：00
荥阳市,蔡家手工饺子,113.377148,34.788426,113.377148,34.788426,兴化市场北口公交站(兴华路西),15036052561;15138465857,4.1,暂无,暂无,8：00——22：00
荥阳市,清真·祥和烙馍村,113.405139,34.783788,113.405139,34.783788,工业南路舒欣佳苑斜对面,15890633025,4.2,30,暂无,8：00——22：00
荥阳市,张记德祥烩面(恒大山水城2期店),113.468443,34.672216,113.468443,34.672216,暂无,13203711857,4.1,暂无,暂无,8：00——22：00
荥阳市,幸福饭庄(站前路店),113.387443,34.798738,113.387443,34.798738,京城路街道火车站站前路,13938221345,4.1,暂无,暂无,8：00——22：00
新密市,孔集烧鸡店(祥和街店),113.594833,34.514592,113.594833,34.514592,S321(溱洧大街),暂无,4,暂无,暂无,8：00——22：00
新密市,郏县豆腐粉条菜,113.378489,34.542747,113.378489,34.542747,溱水路与开阳路交叉口西40米,13073756333,4.3,16,暂无,8：00——22：00
新密市,园林清真饭店,113.502841,34.563579,113.502841,34.563579,申通快递西190米(郑登快速路南),18037490736,4.3,暂无,暂无,8：00——22：00
新密市,昌宏甲鱼宴,113.377059,34.542272,113.377059,34.542272,溱水路539号,0371-69998989;15036166020;15803887584,4.2,10,青屏街,8：00——22：00
新密市,小齐大碗菜手擀面(李坡社区店),113.43258,34.437798,113.43258,34.437798,李坡社区北门西120米,13721439087,4,暂无,暂无,8：00——22：00
新密市,超化豆腐脑,113.377532,34.538266,113.377532,34.538266,青屏办事处气象街218号,13838504949,4.1,暂无,青屏街,8：00——22：00
新密市,天亮居炒面馆,113.405562,34.517179,113.405562,34.517179,南环路郑煤集团物资总库对面,15938783287,4.1,暂无,暂无,8：00——22：00
新密市,味来大盘鸡(未来城店),113.334467,34.530701,113.334467,34.530701,西大街办事处未来城西门南,13613845430,4.1,143,暂无,8：00——22：00
新密市,鱼悦自助火锅,113.369226,34.562394,113.369226,34.562394,袁庄乡派出所西200米,13503456345,4.1,21,暂无,8：00——22：00
新密市,姐妹手工饺子馆,113.405431,34.533656,113.405431,34.533656,新华路瑞居小区35号,18037770506,4.2,暂无,暂无,8：00——22：00
新密市,十里香卤肉店(袁庄乡富民路社区店),113.378997,34.562534,113.378997,34.562534,袁庄乡移民小区南区一号楼,13223076380,4.1,暂无,暂无,8：00——22：00
新密市,孙明回族饭店,113.416143,34.478031,113.416143,34.478031,周甘路附近,13903853893,4.2,暂无,暂无,8：00——22：00
新密市,味美思酒家,113.608445,34.49168,113.608445,34.49168,曲梁镇牛集村,13526796153,4.1,暂无,暂无,8：00——22：00
新密市,铁老大饭店,113.285489,34.507551,113.285489,34.507551,018乡道与041乡道交叉口北240米,13014586069;18135678517,4.2,暂无,暂无,8：00——22：00
新密市,关口车站狗肉火锅店,113.544413,34.380062,113.544413,34.380062,323省道关口客车站斜对面,0371-69255915,3.7,暂无,暂无,8：00——22：00
新密市,薇薇蛋糕房,113.593618,34.513684,113.593618,34.513684,曲梁镇中心卫生院东门旁,15838073510,3.9,暂无,暂无,8：00——22：00
新密市,杜先生烧烤,113.370612,34.537481,113.370612,34.537481,雪花街167号,15038389021,4.4,30,青屏街,8：00——22：00
新密市,味道坊(曲梁店),113.645237,34.521035,113.645237,34.521035,曲梁镇平安街杨庄路南100米路东,0371-69936222;18937107757,4.3,50,暂无,8：00——22：00
新密市,志刚拉条(民康路店),113.389366,34.533887,113.389366,34.533887,民康路205号路西50米,13598813997;15290878778,4.4,13,青屏街,8：00——22：00
新密市,忠臣海鲜烧烤城,113.401284,34.537978,113.401284,34.537978,翡翠街中强·向阳花南侧约200米,13849077610,4.3,50,暂无,8：00——22：00
新密市,今福源,113.459968,34.509193,113.459968,34.509193,来集镇裴沟社区南侧130米,0371-63150777;13592406186,4.4,15,暂无,8：00——22：00
新密市,鲁家烤全羊,113.332575,34.539375,113.332575,34.539375,青屏大街与未来大道交叉口往西400米路南,18937181008,4.3,28,暂无,8：00——22：00
新密市,承誉德大酒店,113.350675,34.535049,113.350675,34.535049,西大街88号,0371-69858888,4.1,暂无,暂无,8：00——22：00
新密市,麦地那香炒鸡牛羊涮锅,113.401867,34.515101,113.401867,34.515101,郑煤集团机关家属院东门北50米,暂无,4,42,暂无,8：00——22：00
新密市,青屏宾馆,113.391727,34.538159,113.391727,34.538159,行政路33号,0371-69822188,4.3,暂无,暂无,8：00——22：00
新密市,农家大锅台麻辣兔(曲梁店),113.659396,34.519709,113.659396,34.519709,曲梁镇工业园区永安街001号,0371-55696309,4.2,64,暂无,8：00——22：00
新密市,桑记三鲜烩面(矿务局总店),113.401915,34.509968,113.401915,34.509968,桑记三鲜烩面矿务局总店,15290817785,4.2,23,暂无,8：00——22：00
新密市,秦镇手工米皮,113.395805,34.540706,113.395805,34.540706,北密新路兴华公学斜对面,15890691822,4.1,14,青屏街,8：00——22：00
新密市,西秀名菜楼,113.337309,34.530784,113.337309,34.530784,未来大道中段(二高向南10米路西),0371-69806555,4.8,50,暂无,8：00——22：00
新密市,小渔馆(新华路),113.382344,34.525191,113.382344,34.525191,新华路507号,0371-85808599,4.3,66,暂无,8：00——22：00
新密市,一品德(长乐路店),113.366196,34.541196,113.366196,34.541196,长乐路580号,0371-69206888,4.4,50,青屏街,8：00——22：00
新密市,彩红羊肉馆,113.311141,34.563704,113.311141,34.563704,荥密路郑少高速新密西出口向南200米路西,13837161045;15136121237,4.5,30,暂无,8：00——22：00
新密市,新密市美食城,113.393345,34.538182,113.393345,34.538182,东大街万客隆广场后面,13213232413,4.3,暂无,暂无,8：00——22：00
新密市,透骨香(西大街炸鸡店),113.373042,34.536085,113.373042,34.536085,西大街172号,0371-66012318,4.7,暂无,青屏街,8：00——22：00
新密市,伊惠园烩面馆,113.527191,34.590512,113.527191,34.590512,光林路,15093212660;15093216226,4.4,暂无,暂无,8：00——22：00
新密市,老四厂烩面鲜炒鸡,113.646634,34.520586,113.646634,34.520586,曲梁镇工业园区大学路与地安街交叉口,15617522502,4.5,14,暂无,8：00——22：00
新密市,白石坡烩面,113.49735,34.561195,113.49735,34.561195,岳村镇园林清真寺对面,0371-55000666,4.4,暂无,暂无,8：00——22：00
新密市,西秀鸽宴,113.34674,34.542403,113.34674,34.542403,人和花园北门东80米,0371-55608182;0371-69871168,4.7,50,暂无,8：00——22：00
新密市,牛小红猪蹄炒虾尾(新密总店),113.400865,34.537109,113.400865,34.537109,东大街与翡翠路交叉口北50米路东桥头夜市02号,暂无,4.4,70,暂无,8：00——22：00
新密市,刘湾饭庄,113.529779,34.423571,113.529779,34.423571,大隗镇刘湾村西头组,13938238556;15093213033,4.5,68,暂无,8：00——22：00
新密市,武胖子烧烤涮牛肚,113.367711,34.541934,113.367711,34.541934,溱水路与长乐路交叉口往东100米路南,13633869823;18736052568,4.3,50,青屏街,8：00——22：00
新密市,老白家食府,113.606196,34.53025,113.606196,34.53025,曲梁镇溱河路133号,13103836984,4.5,40,暂无,8：00——22：00
新密市,中庚园林农庄,113.442911,34.439813,113.442911,34.439813,小南沟附近,0371-69249666;15617850999,4.5,34,暂无,8：00——22：00
新密市,郭老五大骨头火锅,113.372535,34.561975,113.372535,34.561975,富民路西,13526823555,4.4,23,暂无,8：00——22：00
新密市,郭五妮担担面,113.381344,34.534647,113.381344,34.534647,南文峰路82号,13523476663,4.3,暂无,青屏街,8：00——22：00
新密市,澳式豆捞(中强国际桂名园店),113.364558,34.535896,113.364558,34.535896,中强国际2号楼,暂无,4.5,77,青屏街,8：00——22：00
新密市,老城炒面,113.371741,34.515759,113.371741,34.515759,东街村7组,13938574656,4.3,28,暂无,8：00——22：00
新密市,80后奶茶(新密大悦城店),113.368661,34.537605,113.368661,34.537605,西大街228号新密大悦城1层,暂无,3.9,12,青屏街,8：00——22：00
新密市,一家人餐馆,113.405091,34.532115,113.405091,34.532115,嵩山大道71号,暂无,3.7,暂无,暂无,8：00——22：00
新密市,海记特色美味苑,113.404571,34.536993,113.404571,34.536993,东大街与密州大道交叉口向西150米路北,15890666653;15890666675,4.1,33,暂无,8：00——22：00
新密市,清真饭店,113.461488,34.486781,113.461488,34.486781,来集街粮管所清真饭店,13526791076,4.2,61,暂无,8：00——22：00
新密市,江涛美食苑,113.498803,34.396492,113.498803,34.396492,苟堂镇苟堂街泽河路,15138907295,4.1,暂无,暂无,8：00——22：00
新密市,鑫都饭店,113.319101,34.454617,113.319101,34.454617,平陌镇平陌街东十字路口农商银行向南50米路东鑫都饭店,13937127311;15038157269,4.1,17,暂无,8：00——22：00
新密市,鸿雁赵坡酥肉,113.505142,34.527034,113.505142,34.527034,正兴社区5018号,15093111333,4.4,18,暂无,8：00——22：00
新密市,丰和园酒店(金花路),113.403712,34.45247,113.403712,34.45247,超化镇超化村,0371-69230663,4.4,暂无,暂无,8：00——22：00
新密市,雪花山·乐来小院,113.35373,34.54836,113.35373,34.54836,政通路中强御景湾北门东北角向北500米,13838534448;15515945678,4.5,31,暂无,8：00——22：00
新密市,云南原生态蒸汽石锅鱼刘寨店,113.54437,34.498632,113.54437,34.498632,刘寨镇宋寨村任庄组,18537115226;18537130087,4.2,52,暂无,8：00——22：00
新密市,新年夜市大排档,113.404654,34.513101,113.404654,34.513101,矿区街道矿务局十字路口,13803856010,3.9,暂无,暂无,8：00——22：00
新密市,顺和饭店(周甘路店),113.415774,34.479266,113.415774,34.479266,冯晓东诊所东侧,13526770368;13592578129,4.3,39,暂无,8：00——22：00
新密市,清真苑羊肉鲜汤,113.35225,34.534507,113.35225,34.534507,西大街街道政通路裕商茶庄南,15890671598,4.3,14,暂无,8：00——22：00
新密市,豪客来牛排(中强光年城市广场店),113.361873,34.537922,113.361873,34.537922,青屏街街道西大街374号光年3楼里街区,暂无,4.4,暂无,暂无,8：00——22：00
新密市,凤起小笼包店(青屏苑店),113.368996,34.533878,113.368996,34.533878,祥云街126号青屏苑东区8号楼101商铺,15890668821;18595659891,4.4,暂无,青屏街,8：00——22：00
新密市,孟记老牌炸鸡店(南文峰街9号院店),113.382034,34.536269,113.382034,34.536269,东大街577号,15515678430;15838012026,4.3,暂无,青屏街,8：00——22：00
新密市,老战热干面,113.415449,34.480596,113.415449,34.480596,周甘路志强大酒店西侧10米,13603982122,4.3,暂无,暂无,8：00——22：00
新密市,刘记鸡蛋灌饼(新密总店),113.365379,34.533894,113.365379,34.533894,青屏办事处长乐路与祥云街交叉口西南角434号,15039081123;15238036211,3.8,暂无,暂无,8：00——22：00
新密市,豫福苑,113.337003,34.512311,113.337003,34.512311,未来大道东50米,15039058996,3.9,37,暂无,8：00——22：00
新密市,老牌羊肉汤烩面,113.431348,34.445052,113.431348,34.445052,洧水大道郑煤集团超化煤矿工人新村旁,18538936892,3.7,暂无,暂无,8：00——22：00
新密市,郭记猪蹄卤肉老店,113.399343,34.513903,113.399343,34.513903,矿务局西街60号,15093107789,3.7,22,暂无,8：00——22：00
新密市,香思卤肉店,113.524848,34.592146,113.524848,34.592146,白寨镇中心大道西段,0371-69911507;0371-69921604;15803855822,3.8,暂无,暂无,8：00——22：00
新密市,张亮米线凉皮,113.283887,34.550191,113.283887,34.550191,米村邮局北50米,15137103013,4.3,暂无,暂无,8：00——22：00
新密市,马家驴肉火锅(溱水路店),113.371456,34.541977,113.371456,34.541977,溱水路637号,暂无,4.2,45,青屏街,8：00——22：00
新密市,谷记秘制猪蹄(刘寨店),113.546953,34.48997,113.546953,34.48997,刘寨镇刘寨小区1号楼,13633810444,4.2,41,暂无,8：00——22：00
新密市,俏鸭头特色火锅(新密店),113.371709,34.542053,113.371709,34.542053,溱水路京轩宾馆西侧,0371-69992111;18738171210,4.1,52,青屏街,8：00——22：00
新密市,韩家卤味,113.378976,34.541396,113.378976,34.541396,开阳路702号(溱水路与开阳路交叉口南80米路西),13903842288,4.3,31,青屏街,8：00——22：00
新密市,胜利羊肉馆,113.431313,34.44523,113.431313,34.44523,申沟村申沟街中段(超化矿邮政所对面),19337108111,4.3,22,暂无,8：00——22：00
新密市,田野饭庄,113.296891,34.606259,113.296891,34.606259,伏羲山景区X025(石尖路)对面,15515635805,4.3,暂无,暂无,8：00——22：00
新密市,华莱士全鸡汉堡(新密溱水桥店),113.39746,34.541691,113.39746,34.541691,溱水路与新惠街交叉口西60米,0371-60289790,4.3,暂无,青屏街,8：00——22：00
新密市,聚鲜阁煳辣鱼(鱼羊炖锅店),113.408764,34.512908,113.408764,34.512908,城关镇楚沟村振兴路9号,16696226567,4.3,暂无,暂无,8：00——22：00
新密市,星巴克(郑州新密中强光年店),113.36155,34.536996,113.36155,34.536996,西大街与大鸿路交会处中强光年1层1013之A,0371-55092081,4.3,暂无,暂无,8：00——22：00
新密市,华莱士·全鸡汉堡,113.646003,34.519513,113.646003,34.519513,天安街与大学南路辅路交叉口西220米,暂无,4.3,暂无,暂无,8：00——22：00
新密市,幸运咖(平安街店),113.65981,34.521274,113.65981,34.521274,平安街j107号,15890091183,4.3,10,暂无,8：00——22：00
新密市,幸运咖(曲梁镇店),113.646894,34.51934,113.646894,34.51934,曲梁镇大学南路与天安街交叉口向西150米路南,15890091183,4.3,9,暂无,8：00——22：00
新密市,福有贵州水城羊肉粉,113.373836,34.534739,113.373836,34.534739,长宁街中段262号,13434794262;18703638698,4.3,13,青屏街,8：00——22：00
新密市,九多肉多(白寨镇店),113.52604,34.592333,113.52604,34.592333,白寨镇溱源路西段17号,4008050958,4.3,4,暂无,8：00——22：00
新密市,蜜雪冰城(金花路店),113.402135,34.452504,113.402135,34.452504,小白兔牙科(金花路)南侧50米,18595826183,4.3,暂无,暂无,8：00——22：00
新密市,满口香焖炒大盘鸡,113.337365,34.525249,113.337365,34.525249,未来大道与报恩街交叉口西南60米,18638925660,4.3,暂无,暂无,8：00——22：00
新密市,周家口羊肉炖锅(西城国际店),113.337281,34.541752,113.337281,34.541752,西城国际东门北60米,15303726533,4.3,暂无,暂无,8：00——22：00
新密市,傻子张大盘鸡(顺意路店),113.288094,34.550868,113.288094,34.550868,镇区大道南50米,暂无,4.3,70,暂无,8：00——22：00
新密市,麦香美汉堡(米村店),113.285144,34.549395,113.285144,34.549395,米村镇米村街转盘路东,15038097172,4.1,11,暂无,8：00——22：00
新密市,豫湘园正宗固始鹅块香辣虾干锅鹅,113.646931,34.52048,113.646931,34.52048,曲梁工业园区大学南路维也纳酒店路西侧200米,17335776183,4.2,暂无,暂无,8：00——22：00
新密市,禾森烘焙体验服务中心,113.664166,34.533023,113.664166,34.533023,曲梁产业集聚区道风尚企业新城12号楼,暂无,4.2,暂无,暂无,8：00——22：00
新密市,彩虹涮园(长乐路店),113.365839,34.532108,113.365839,34.532108,长乐路383号,0371-55500678;13303834111,4.2,79,暂无,8：00——22：00
新密市,黄湾寨甲鱼宴,113.53768,34.437756,113.53768,34.437756,周甘路029乡,暂无,4.1,52,暂无,8：00——22：00
新密市,文峰烙馍村,113.382063,34.539905,113.382063,34.539905,中共郑州市委党校新密市分校西北门南60米,13783655949,4.3,暂无,青屏街,8：00——22：00
新密市,清真云东饭店,113.607445,34.513211,113.607445,34.513211,电厂路与溱洧大街交叉口南420米,15890017206;15890107206,4,47,暂无,8：00——22：00
新密市,金利蛋糕坊(金花路),113.402008,34.453147,113.402008,34.453147,超化镇超化街,13608689123,4.1,12,暂无,8：00——22：00
新密市,如一捞火锅,113.543632,34.493264,113.543632,34.493264,新密市市场监督管理局刘寨工商所西侧,0371-85881202;15638929202,4.1,60,暂无,8：00——22：00
新密市,张军礼品芝麻盖烧饼,113.28553,34.509589,113.28553,34.509589,牛店镇S316省道古角十字路口向南联通往西50米,16696633261,4.2,暂无,暂无,8：00——22：00
新密市,大肠烩面馆,113.458962,34.509159,113.458962,34.509159,来集镇王观路裴沟海购超市东20米,15890086458,4.1,暂无,暂无,8：00——22：00
新密市,3兄弟阿明煲仔饭(长庆西街),113.368785,34.538165,113.368785,34.538165,长庆西街54号,0371-63100008,4.2,22,青屏街,8：00——22：00
新密市,天府酒家(岳村镇酒家),113.473082,34.549609,113.473082,34.549609,岳村镇桥沟村桥沟街,13838288658,4.2,34,暂无,8：00——22：00
新密市,禾润牛真不同涮牛肚火锅,113.362025,34.531625,113.362025,34.531625,大鸿城·福园东2门东北50米,暂无,4.1,暂无,暂无,8：00——22：00
新密市,新大张烙馍村,113.382736,34.563142,113.382736,34.563142,富民路16号,15038191195;15237110925,4.2,暂无,暂无,8：00——22：00
新密市,傻子张大盘鸡揽锅菜,113.475719,34.550317,113.475719,34.550317,郑登快速路s321号岳村镇乔沟孙家门13号,暂无,4.2,暂无,暂无,8：00——22：00
新密市,瑞幸咖啡,113.659486,34.521648,113.659486,34.521648,惠乐家时代广场,暂无,4.2,暂无,暂无,8：00——22：00
新密市,沙县小吃木桶饭,113.657372,34.521554,113.657372,34.521554,曲梁产业园集聚区锦荣衣天下工业园区H区29栋s102-1号,暂无,4.2,13,暂无,8：00——22：00
新密市,兄弟烧烤,113.507362,34.439259,113.507362,34.439259,大隗镇洧都花园南院东侧路北17号1楼,暂无,4.1,53,暂无,8：00——22：00
新密市,老郑州手工滋补烩面,113.646828,34.520562,113.646828,34.520562,曲梁镇产业集聚区稼祥街与地安街交叉口,13598828432,4.1,25,暂无,8：00——22：00
新密市,京味饺子馆,113.525545,34.592515,113.525545,34.592515,溱源路与翠微路交叉口东120米,15188339861,4.1,暂无,暂无,8：00——22：00
新密市,DQ(郑州中强光年城市广场店),113.361121,34.537364,113.361121,34.537364,西大街中强光年城市广场388号4楼4D-04铺位中庭位置,18137116567,4.2,26,暂无,8：00——22：00
新密市,刘婉婉生炸妙龄鸡(南文峰路店),113.381879,34.535648,113.381879,34.535648,南文峰路115号,15664149007,4.1,11,青屏街,8：00——22：00
新密市,明星御谷老碗面(西大街店),113.377087,34.535986,113.377087,34.535986,青屏办事处气象街145号,暂无,4.2,暂无,青屏街,8：00——22：00
新密市,刘记烩面,113.39865,34.542038,113.39865,34.542038,新密市新世纪学校东20米,0371-61039777;0371-61039888,4.1,暂无,暂无,8：00——22：00
新密市,臭哥儿螺蛳粉(刘寨店),113.551854,34.490113,113.551854,34.490113,刘寨镇臭哥儿螺蛳粉(刘寨店),18238646628,4.2,17,暂无,8：00——22：00
新密市,清真马家生熟牛羊肉,113.528356,34.588592,113.528356,34.588592,白寨镇盛世华庭门口,18037501601,4.2,暂无,暂无,8：00——22：00
新密市,和昌隆李记饸饹面(开阳路84号院店),113.379003,34.537318,113.379003,34.537318,开阳路566号(与西大街交叉口向北100米路西),17398989533,4.1,22,青屏街,8：00——22：00
新密市,秀海福金汤麻辣烫,113.525969,34.592386,113.525969,34.592386,白寨镇溱源路18号,13039972233,4.1,17,暂无,8：00——22：00
新密市,焙思香蛋糕(新密店),113.373606,34.53826,113.373606,34.53826,周楼街与清屏大街路口西20米金莎宾馆对面巷子里下去100米处,16696061649,4.1,37,青屏街,8：00——22：00
新密市,串门烧烤(新区大道店),113.441729,34.437748,113.441729,34.437748,新区大道与育才路交叉口西80米,13838165321,4.1,暂无,暂无,8：00——22：00
新密市,老胡家羊肉汤(春城华府店),113.388081,34.526025,113.388081,34.526025,农业路与新华路交叉口东北角春城华府13号楼下,19138028831,4.1,暂无,暂无,8：00——22：00
新密市,九多肉多(北密新路店),113.395864,34.54182,113.395864,34.54182,青屏街街道办事处溱水路与北密路交叉口西南角107号,18515181671,4.2,9,青屏街,8：00——22：00
新密市,胡云章道口烧鸡店(新密店),113.379521,34.539424,113.379521,34.539424,开阳路641号,15664053392,4.1,暂无,青屏街,8：00——22：00
新密市,老柘城羊肉汤烩面(嵩山大道店),113.357894,34.526612,113.357894,34.526612,嵩山大道与平安路交叉口路南,17638110625,4.1,24,暂无,8：00——22：00
新密市,冷水大鱼黑土风情铁锅炖,113.359091,34.53946,113.359091,34.53946,清屏大街与诚信路口往西一百米路南,0371-60287788;19139895188,4.2,暂无,青屏街,8：00——22：00
新密市,全家福餐馆,113.530344,34.526314,113.530344,34.526314,观音堂村五星水库路口向北100米,18236781828,4.1,暂无,暂无,8：00——22：00
新密市,疆湖传说-新疆炒米粉(新密店),113.369927,34.538855,113.369927,34.538855,青屏办事处长庆路55号,13592421502,4.1,15,青屏街,8：00——22：00
新密市,味莱粮匠活馅包点,113.396102,34.538297,113.396102,34.538297,北密新路217号,13700864391,4.1,暂无,暂无,8：00——22：00
新密市,东山口枣糕王,113.388696,34.544287,113.388696,34.544287,青峰路青峰祥和苑,15838332558,4.1,暂无,青屏街,8：00——22：00
新密市,臻小螺号螺蛳粉,113.655349,34.521637,113.655349,34.521637,曲梁产业聚集区平安街,13271197758;13273866758,4.2,13,暂无,8：00——22：00
新密市,洁妹披萨,113.387283,34.53919,113.387283,34.53919,青屏大街281号实验幼儿园正对面洁妹披萨,暂无,4.1,暂无,青屏街,8：00——22：00
新密市,西部大盘鸡(顺意路店),113.294323,34.550163,113.294323,34.550163,米村镇镇区大道玉美人杰对面,15036167255,4.1,36,暂无,8：00——22：00
新密市,年年有鱼(卢沟店),113.506936,34.562586,113.506936,34.562586,岳村镇,13523532911,4.1,暂无,暂无,8：00——22：00
新密市,新丽布谷布谷热干面,113.544618,34.49146,113.544618,34.49146,河南省郑州市新密市刘寨镇刘寨中街16号,15136177744;15538096918,4.1,14,暂无,8：00——22：00
新密市,周大生(金巴斗购物中心店),113.352867,34.540212,113.352867,34.540212,青屏大街与平安路交汇处向西金巴斗购物广场,4001669999,4.1,暂无,暂无,8：00——22：00
新密市,五谷渔粉(民康路店),113.388942,34.533895,113.388942,34.533895,民康路225号,18337101076,4.2,19,青屏街,8：00——22：00
新密市,逍遥镇优质牛肉胡辣汤,113.36632,34.563593,113.36632,34.563593,富民路与014乡道交叉口西140米,15669783816,4.2,暂无,暂无,8：00——22：00
新密市,震浩特色大盘鸡旗舰二分店,113.390482,34.541937,113.390482,34.541937,溱水路与府西街交叉口东南角227号,19139776618,4.2,28,青屏街,8：00——22：00
新密市,优布劳精酿啤酒吧(溱水路店),113.376987,34.542228,113.376987,34.542228,溱水路541号,15936220904,4.2,暂无,青屏街,8：00——22：00
新密市,正宗逍遥镇优质胡辣汤,113.531352,34.524887,113.531352,34.524887,刘寨镇观音堂村321省道路南20米,13938221706,4.1,暂无,暂无,8：00——22：00
新密市,老顺城全羊鲜汤烩面泡馍(龙栖湾店),113.641261,34.521991,113.641261,34.521991,龙栖湾2号院南门东200米,暂无,4.2,暂无,暂无,8：00——22：00
新密市,王贵仁砂锅麻辣烫(新密店),113.368699,34.537237,113.368699,34.537237,长庆西街20号(摩登商场东门北),15238329645,4.2,27,青屏街,8：00——22：00
新密市,西安面馆汉中米皮店,113.54462,34.490377,113.54462,34.490377,030乡道康乃馨蛋糕房旁,15903642701,4.1,20,暂无,8：00——22：00
新密市,帆霖源飘香鱼爆炒鸡,113.525608,34.592147,113.525608,34.592147,溱源路与翠微路交叉口东150米,18037490216;18037490219,4,79,暂无,8：00——22：00
新密市,马鞍河跳水鱼,113.344575,34.523279,113.344575,34.523279,金凤路与嵩山大道交叉口西北180米,暂无,4.2,暂无,暂无,8：00——22：00
新密市,张立麻辣烫,113.527308,34.592783,113.527308,34.592783,白寨镇中心大道北段,15093261132,4.1,暂无,暂无,8：00——22：00
新密市,皂角树融合餐厅,113.38174,34.5469,113.38174,34.5469,北文峰路290号,0371-69278777,4.1,40,暂无,8：00——22：00
新密市,大灶台热乎炖(白寨店),113.527268,34.590758,113.527268,34.590758,光林路与溱源路交叉口南150米,0371-56796587;13073799788,4.2,29,暂无,8：00——22：00
新密市,豫密新一代热干面(新密直营总店),113.379451,34.539545,113.379451,34.539545,青屏街街道开阳路639号,13849035672,4.4,20,青屏街,8：00——22：00
新密市,金阳光酒店,113.497735,34.395331,113.497735,34.395331,苟堂镇S323万喜厨具专卖店,暂无,4.4,暂无,暂无,8：00——22：00
新密市,陈记牛肉水煎包,113.387704,34.539703,113.387704,34.539703,农业路与青屏大街交叉口东北50米,暂无,3.8,暂无,青屏街,8：00——22：00
新密市,大隗虎字號牛肉,113.378881,34.542386,113.378881,34.542386,溱水路开阳路,13541248884;15138692141;15890064716,3.8,暂无,青屏街,8：00——22：00
新密市,江南蛋糕,113.497637,34.442143,113.497637,34.442143,王观路中国邮政东北150米,18239927282,3.8,38,暂无,8：00——22：00
新密市,京富香,113.494557,34.440694,113.494557,34.440694,周甘路与洧水大道交叉口南60米,0371-69271216,4.4,37,暂无,8：00——22：00
新密市,刘伟清真美食,113.508715,34.561025,113.508715,34.561025,岳村镇八九不离十超市南30米,13849074193,4,暂无,暂无,8：00——22：00
新密市,开阳路地锅城木柴铁锅炖,113.377936,34.542297,113.377936,34.542297,溱水路与开阳路交叉口西100米路南地锅城,13071083331;18003813659,4.4,80,青屏街,8：00——22：00
新密市,面的故事(西大街店),113.332323,34.536642,113.332323,34.536642,西大街办事处后土郭村(办事处西20米),13333867997;13838307887;13849177722,4.4,40,暂无,8：00——22：00
新密市,姐妹粥(溱水路店),113.372613,34.542685,113.372613,34.542685,溱水路与花园路交口路北姐妹粥五楼,0371-69994567;15515677939,4.4,60,青屏街,8：00——22：00
新密市,张忠烧烤海鲜美食广场,113.401079,34.537605,113.401079,34.537605,青屏大街新密美食城旁,13137125942;13598857021,4.3,47,暂无,8：00——22：00
新密市,丹东烤肉(新密溱水路总店),113.377407,34.542676,113.377407,34.542676,青屏办事处溱水路520号,暂无,4.5,69,暂无,8：00——22：00
新密市,梁记小当家猪蹄卤面,113.385643,34.542122,113.385643,34.542122,溱水路345号,13608688225;13938221282,4.3,暂无,青屏街,8：00——22：00
新密市,平顶山正宗饸饹面,113.381731,34.534544,113.381731,34.534544,文峰路74号,18538703888,4.3,暂无,青屏街,8：00——22：00
新密市,梁记老牌熟食(屏峰商场店),113.387809,34.536225,113.387809,34.536225,开阳路71号南100米,15981889292,4.3,22,青屏街,8：00——22：00
新密市,春阳饭庄,113.249024,34.603382,113.249024,34.603382,X025尖山风景区管委会隔壁,18695895693,4,暂无,暂无,8：00——22：00
新密市,利嫂桶子鸡,113.39542,34.539441,113.39542,34.539441,青屏大街60号,13526469399;13633805866,4,43,青屏街,8：00——22：00
新密市,玛乃牛肉,113.495227,34.444969,113.495227,34.444969,周甘路东50米,13526579821,4,暂无,暂无,8：00——22：00
新密市,惠民餐馆(新华医院西),113.40426,34.532533,113.40426,34.532533,嵩山大道88号惠民餐馆,13939091659,4,暂无,暂无,8：00——22：00
新密市,浩源饭店(018乡道店),113.301858,34.455291,113.301858,34.455291,平陌镇宝亮耐材公司门旁,暂无,4,暂无,暂无,8：00——22：00
新密市,常见鱼锅,113.541169,34.501995,113.541169,34.501995,028县道,15936234911,3.7,42,暂无,8：00——22：00
新密市,须水叫化鸡,113.365875,34.532275,113.365875,34.532275,长乐路与栖霞路交叉口东南角,15981987795,3.6,暂无,暂无,8：00——22：00
新密市,理博士烤全羊,113.379635,34.555478,113.379635,34.555478,壹号庄园西,暂无,4,63,暂无,8：00——22：00
新密市,张成手工面(百货大楼店),113.380144,34.542303,113.380144,34.542303,溱水路483号一号仓超市F1层,13783437901,4,20,青屏街,8：00——22：00
新密市,姐妹粥餐饮连锁(锦园店),113.392933,34.542252,113.392933,34.542252,颐和小区南门旁,0371-56004567;0371-56014567;17737776879,4.7,38,青屏街,8：00——22：00
新密市,山上人家(美景世家店),113.387475,34.54658,113.387475,34.54658,屏阳路中段槐东北街14号,15936262805,4.4,56,暂无,8：00——22：00
新密市,刚蛋夜市(西大街店),113.372333,34.536663,113.372333,34.536663,刚蛋夜市,18703811128,4.5,暂无,青屏街,8：00——22：00
新密市,丁三烧烤庄园,113.351664,34.533088,113.351664,34.533088,政通路与栖霞路交叉口西北角,13949049693,4.5,84,暂无,8：00——22：00
新密市,草原兴发涮园(溱水路店),113.390651,34.54233,113.390651,34.54233,府西街与溱水路交叉口东100米,0371-69702666;0371-69870688,4.4,86,青屏街,8：00——22：00
新密市,三八烩面馆(开阳路店),113.379439,34.540708,113.379439,34.540708,开阳路北段农业银行北30米,15136102077;17303835628,4.5,15,青屏街,8：00——22：00
新密市,大滇园火锅(新密店),113.370815,34.536044,113.370815,34.536044,西大街199号,0371-69898966;0371-69898977,4.4,61,青屏街,8：00——22：00
新密市,巧巧饭店(新华医院西),113.405384,34.532655,113.405384,34.532655,嵩山大道东段瑞居小区56号,13592631694;13598020903,3.8,12,暂无,8：00——22：00
新密市,老班长大灶台麻辣兔(曲梁店),113.591252,34.514709,113.591252,34.514709,溱洧大街与和成路交叉口西80米,13838237004,4,暂无,暂无,8：00——22：00
新密市,密县一汤,113.597267,34.514739,113.597267,34.514739,溱洧大街与富民街交叉口东140米,15038156966,4.4,22,暂无,8：00——22：00
新密市,户大姐土豆粉,113.344451,34.546882,113.344451,34.546882,西大街办事处人和四季园2号楼,暂无,4,暂无,暂无,8：00——22：00
新密市,库迪咖啡(郑州城市职业学院店),113.340888,34.546666,113.340888,34.546666,溱水路与金凤路交叉口西北500米,19838176688,4,暂无,暂无,8：00——22：00
新密市,兰州牛肉拉面,113.377825,34.526325,113.377825,34.526325,开阳路261号,17621024543,4,暂无,暂无,8：00——22：00
新密市,宴渠老烩面(银基动物王国店),113.546188,34.483288,113.546188,34.483288,银基大道,18638002135,4,暂无,暂无,8：00——22：00
新密市,幸运咖(中强光年店),113.361363,34.537826,113.361363,34.537826,中强光年商场负一楼7027,15515801100,4,9,暂无,8：00——22：00
新密市,沙县小吃(祥和·新街坊店),113.356209,34.530521,113.356209,34.530521,西大街街道平安路78号祥和·新街坊,暂无,4,19,暂无,8：00——22：00
新密市,绝味鸭脖(中强光年城市广场店),113.361834,34.537529,113.361834,34.537529,大鸿路与晴岚街交叉口西南100米,15093462653,4,暂无,暂无,8：00——22：00
新密市,一只酸奶牛(中强光年店),113.361121,34.537364,113.361121,34.537364,青屏街道办事处大鸿路与西大街交叉口中强光年城市广场四楼4004B,暂无,4,12,暂无,8：00——22：00
新密市,晓田祥(天安街店),113.646972,34.519499,113.646972,34.519499,曲梁工业园区天安街晓田祥,16696605866,4,13,暂无,8：00——22：00
新密市,大叔拌饭(新密中强光年店),113.361124,34.537367,113.361124,34.537367,西大街372号(中强光年负一楼),18037898858,4,暂无,暂无,8：00——22：00
新密市,LINLEE林里·手打柠檬茶(中强光年城市广场店),113.361655,34.537758,113.361655,34.537758,中强光年广场光年里街区二楼,17203717778,4,14,暂无,8：00——22：00
新密市,益禾堂(新密长庆西街店),113.368641,34.537067,113.368641,34.537067,长庆西街与西大街交叉口北80米,17337119699,4,11,青屏街,8：00——22：00
新密市,尝香思熟食,113.362619,34.514597,113.362619,34.514597,长乐路与老城东街交叉口北220米,暂无,4,暂无,暂无,8：00——22：00
新密市,胡轶麻辣烫酸菜鱼(大隗餐厅),113.497029,34.443777,113.497029,34.443777,大隗镇南湾车站万家超市西20米路北,15012835006,4,15,暂无,8：00——22：00
新密市,赛可赛西汉堡店(白寨店),113.527703,34.592735,113.527703,34.592735,政通路323号,13203723185,4,暂无,暂无,8：00——22：00
新密市,益禾堂(新密屏峰商场店),113.387807,34.537083,113.387807,34.537083,屏峯商场南门旁,15791851755,4,10,青屏街,8：00——22：00
新密市,百香林西点,113.54484,34.493341,113.54484,34.493341,刘寨镇百香林西店,17788124663,4,暂无,暂无,8：00——22：00
新密市,景烁餐饮五谷渔粉(新密东大街店),113.38747,34.536652,113.38747,34.536652,农业路天都商场,13783585898,4,88,青屏街,8：00——22：00
新密市,一品卤味坊(荣升花苑店),113.36626,34.5414,113.36626,34.5414,长乐路北段585号,13273783757,4,暂无,青屏街,8：00——22：00
新郑市,兰州拉面(东方国际店),113.770589,34.392182,113.770589,34.392182,东方国际19号-2-108商铺,19157221587,4.2,暂无,新烟,8：00——22：00
新郑市,老安牛肉拉面馆,113.774525,34.383875,113.774525,34.383875,新烟街道道西路295号,15713891139,4.3,26,暂无,8：00——22：00
新郑市,香香小厨(五里堡店),113.71128,34.530526,113.71128,34.530526,郭店镇五里口管桩厂对面,暂无,4.3,13,暂无,8：00——22：00
新郑市,二勇米皮(龙湖店),113.757099,34.605715,113.757099,34.605715,恒基·水榭华城2期西门旁,18539913332,4.3,12,暂无,8：00——22：00
新郑市,建伟馋嘴饼(文苑小区店),113.822628,34.482384,113.822628,34.482384,航空港区文苑小区C区52号,13598052500,4,28,暂无,8：00——22：00
新郑市,铁蛋家常菜,113.741742,34.40355,113.741742,34.40355,新华路街道中华路与陶文路交叉口向北50米路东,13653843806;13938502868,4,13,暂无,8：00——22：00
新郑市,黄记川菜馆,113.691524,34.488611,113.691524,34.488611,008乡道艾美妆园美容养生会所对面,15290823265,4.1,暂无,暂无,8：00——22：00
新郑市,老正家农家院,113.553475,34.328875,113.553475,34.328875,青岗庙水库向上500米,13598812229,4.2,暂无,暂无,8：00——22：00
新郑市,四季美酒家,113.787156,34.375733,113.787156,34.375733,炎黄大道,0371-62609949;13525572234,4.1,暂无,暂无,8：00——22：00
新郑市,四季红川菜馆(高坡岩步行街店),113.713376,34.611432,113.713376,34.611432,双湖大道391附近,13676980679,4.2,25,暂无,8：00——22：00
新郑市,秘制地锅村新郑店,113.721814,34.409242,113.721814,34.409242,阁老路394号,18903850135,4.2,27,暂无,8：00——22：00
新郑市,壹品农家驴肉火锅,113.724682,34.497782,113.724682,34.497782,郭店镇008乡道,15093239600,3.8,暂无,暂无,8：00——22：00
新郑市,李记烩面(商贸路店),113.599901,34.379348,113.599901,34.379348,商贸路与居易大道交叉口南160米,13523523312,3.9,28,暂无,8：00——22：00
新郑市,地锅大院铁锅炖(新郑店),113.765129,34.384739,113.765129,34.384739,渔夫子路与烟厂大街交叉口东北角,18137813819,4.4,48,新烟,8：00——22：00
新郑市,郑州西亚斯学院第五餐厅,113.761941,34.398835,113.761941,34.398835,新烟街道人民路168号,暂无,4.6,14,暂无,8：00——22：00
新郑市,烙馍村手擀面(孟庄店),113.816496,34.583416,113.816496,34.583416,孟祥路地铁城郊乡往南200米枣福小区24号,15637586333,4.4,27,暂无,8：00——22：00
新郑市,脆皮香酥蛋糕专卖,113.714575,34.433918,113.714575,34.433918,核桃园路西56-1号,13526761987;13849103021,3.8,暂无,暂无,8：00——22：00
新郑市,新天地大酒店(郑州经贸学院店),113.711464,34.613203,113.711464,34.613203,龙湖镇双湖大道高坡岩西一街九九一品大虾北200米,0371-55882318;15515269688,4.4,暂无,暂无,8：00——22：00
新郑市,夏夏烧烤大排档(山西乔店),113.622062,34.595234,113.622062,34.595234,山西乔村委会向西200米路南,13298172286;15516778060,4,暂无,暂无,8：00——22：00
新郑市,兰州哈三牛肉拉面辛集,113.789693,34.375607,113.789693,34.375607,神州路与炎黄大道交叉口向西450米路北,13333848820;15120475778,4,暂无,暂无,8：00——22：00
新郑市,川味餐馆,113.774271,34.381983,113.774271,34.381983,道西路199号,15937194273,4,暂无,新烟,8：00——22：00
新郑市,兴隆早餐店,113.773092,34.382693,113.773092,34.382693,烟厂大街315号,15738371973,4.3,暂无,新烟,8：00——22：00
新郑市,罗记饭庄,113.777392,34.376151,113.777392,34.376151,炎黄大道东段130号,13014658712,4.3,暂无,暂无,8：00——22：00
新郑市,全有红光肉店(新村店),113.714613,34.433681,113.714613,34.433681,桃园路南30米路西,0371-62623599,4.5,34,暂无,8：00——22：00
新郑市,潮河憩园农庄,113.766431,34.586317,113.766431,34.586317,洪府村1号,17303810888,4.2,暂无,暂无,8：00——22：00
新郑市,槐树林饭庄(机场店),113.824715,34.52755,113.824715,34.52755,航空港区机场豫港大道机场飞机灯光带西侧,暂无,4.4,暂无,暂无,8：00——22：00
新郑市,聚民美食城,113.605666,34.389051,113.605666,34.389051,辛店镇第一初中北门西60米,13027720789,4.4,17,暂无,8：00——22：00
新郑市,得一馆足疗(总店),113.755808,34.383381,113.755808,34.383381,溱水路中段,0371-69902588,4.7,268,暂无,8：00——22：00
新郑市,魏记叫花鸡猪蹄手擀面(新郑分店),113.729123,34.426732,113.729123,34.426732,郑新路宏基王朝,15736778828,4.2,暂无,暂无,8：00——22：00
新郑市,登封烧饼,113.772172,34.389418,113.772172,34.389418,振兴路与解放路交叉口东40米,15838221859,4.2,暂无,新烟,8：00——22：00
新郑市,穆兰餐馆,113.734748,34.395236,113.734748,34.395236,人民路23号,0371-62599100,4.4,8,暂无,8：00——22：00
新郑市,云都川菜小馆(一江弘城店),113.768965,34.408008,113.768965,34.408008,一江弘城12-119,暂无,4.5,30,暂无,8：00——22：00
新郑市,麻辣鲜鱼坊(友谊路店),113.800395,34.489168,113.800395,34.489168,薛店镇友谊路与薛店大道交叉口东100米,18695812349,4.5,51,暂无,8：00——22：00
新郑市,好之味北京烤鸭(中华路店),113.741745,34.40131,113.741745,34.40131,中华路黄水路交叉口向北150米路东,15093199317,4.4,20,暂无,8：00——22：00
新郑市,瑞和园,113.685674,34.392276,113.685674,34.392276,323省道,0371-62660678;0371-62697678,4.4,47,暂无,8：00——22：00
新郑市,居易生态园,113.703023,34.38782,113.703023,34.38782,新密路与蓝晶路交汇处南300米路西,0371-62669888,4.7,暂无,暂无,8：00——22：00
新郑市,魏苑大酒店,113.691956,34.598127,113.691956,34.598127,龙湖镇六合路东段路北,0371-62560888;19937119365,4.4,62,暂无,8：00——22：00
新郑市,四大碗酒店,113.826664,34.374376,113.826664,34.374376,航空港区炎黄大道南50米,13503993355,4.4,72,暂无,8：00——22：00
新郑市,地锅里辣(解放路),113.773373,34.39881,113.773373,34.39881,解放路附近,15517510156,4.4,35,暂无,8：00——22：00
新郑市,清芳园(龙湖店),113.67849,34.593855,113.67849,34.593855,龙湖镇淮海路与翠竹路交叉口向北200米路东,0371-62575666,4.7,80,暂无,8：00——22：00
新郑市,金沙湾酒店(玉前路),113.754302,34.389609,113.754302,34.389609,新华路与玉前路与交叉口转盘处,0371-62682288,4.5,暂无,暂无,8：00——22：00
新郑市,徐记米皮店,113.68558,34.606343,113.68558,34.606343,文昌路与祥安路交叉口西北300米,13838371861,4.2,11,暂无,8：00——22：00
新郑市,冠军大盘鸡,113.689104,34.333536,113.689104,34.333536,开源大道与康田西路交叉口西北20米,13838363816,4.1,暂无,暂无,8：00——22：00
新郑市,步步龙虾(玉前路店),113.759017,34.38586,113.759017,34.38586,玉前路378号,13938267789;15890150992,3.7,51,暂无,8：00——22：00
新郑市,枣花香家常菜,113.811595,34.582799,113.811595,34.582799,孟庄镇枣花香家常菜,15238398103,4.3,暂无,暂无,8：00——22：00
新郑市,塔斯汀中国汉堡(新郑市郭店店),113.711386,34.53731,113.711386,34.53731,郭店镇黄金大道与老郑新路交叉口东北角50米路东,18837115326,4.4,20,暂无,8：00——22：00
新郑市,满米酸奶(新郑华盛奥特莱斯店),113.727814,34.604355,113.727814,34.604355,龙湖镇华盛奥特莱斯购物中心四层B区A411,15956535721,4.4,21,暂无,8：00——22：00
新郑市,豫小七鸡汤烧饼(高坡岩店),113.712265,34.6114,113.712265,34.6114,高坡岩西二街3-102号,15225151496,4.4,8,暂无,8：00——22：00
新郑市,川奇麻辣香锅(龙安店),113.85469,34.438972,113.85469,34.438972,河南省郑州市新郑市龙王乡航空港经济综合实验区龙安社区三号院商业步行街1-1007南侧,13007541531,4.4,暂无,暂无,8：00——22：00
新郑市,蜜雪冰城,113.706475,34.643325,113.706475,34.643325,滨湖路与学文路交叉口东南60米,暂无,4.4,9,暂无,8：00——22：00
新郑市,华莱士(龙湖前胡店),113.687687,34.605153,113.687687,34.605153,龙湖镇文昌路与祥安路交叉口向北100米路西,暂无,4.4,19,暂无,8：00——22：00
新郑市,曹氏鸭脖(郑州西亚斯学院店),113.766961,34.397411,113.766961,34.397411,新烟街道西亚斯国际学院欧洲街,15079421123;15179462699,4.5,19,新烟,8：00——22：00
新郑市,小凤阁秘制鸡虾煲(新郑新田360店),113.742969,34.420688,113.742969,34.420688,新田360广场(新郑新壹城店),18595432167,4.5,40,暂无,8：00——22：00
新郑市,幸运咖(孟庄中心社区店),113.817095,34.580573,113.817095,34.580573,孟庄镇中心社区C区商业20号,18638790790,4.4,10,暂无,8：00——22：00
新郑市,袁记云饺(西亚斯学院店),113.761946,34.401778,113.761946,34.401778,西亚斯学院伦敦街13号楼015号,暂无,4.4,22,暂无,8：00——22：00
新郑市,luckin coffee 瑞幸咖啡(河南机电职业学院店),113.715493,34.588483,113.715493,34.588483,双龙路与龙泉西路交叉口西140米,暂无,4.4,暂无,暂无,8：00——22：00
新郑市,陈记江南糕点,113.742023,34.385928,113.742023,34.385928,金城路168号,19503898359,4.4,13,暂无,8：00——22：00
新郑市,鸡械手炒鸡(比亚迪店),113.931884,34.400464,113.931884,34.400464,航空港区福广街与鸿泽路交叉口北60米,17788110197,4.4,29,暂无,8：00——22：00
新郑市,塔斯汀中国汉堡(郑州理工职业学院开源校区店),113.694084,34.343234,113.694084,34.343234,103省道与北环交叉口,18637866110,4.4,暂无,暂无,8：00——22：00
新郑市,胖烩长小菜园老卤鲜汤烩面,113.8157,34.488166,113.8157,34.488166,航空港区胖烩长小菜园,17329326981,4.4,41,暂无,8：00——22：00
新郑市,塔斯汀中国汉堡(西校区郑州工业应用技术学院店),113.714266,34.427799,113.714266,34.427799,工业应用学院西校区,18436918874,4.4,暂无,暂无,8：00——22：00
新郑市,茶百道(升达大学店),113.742931,34.420018,113.742931,34.420018,新田360广场(新壹城店)门口1号位,13323840708,4.5,暂无,暂无,8：00——22：00
新郑市,炸鸡皇后如荼路店,113.839072,34.481859,113.839072,34.481859,航空港区17号地好又多超市门口,13949028115,4.4,9,暂无,8：00——22：00
新郑市,姐妹小吃(园博美丽新城店),113.879636,34.439271,113.879636,34.439271,航空港区园博美丽新城,18624991557,4.5,12,暂无,8：00——22：00
新郑市,蜜雪冰城(褚庄路店),113.716827,34.403434,113.716827,34.403434,帝都佳苑西门旁,18503838578,4.4,5,暂无,8：00——22：00
新郑市,私房小厨,113.856638,34.583785,113.856638,34.583785,航空港区正弘·中央公园花语苑东门东北90米,15138948998,4.4,33,中牟新区,8：00——22：00
新郑市,沙县小吃(郑老庄社区店),113.717688,34.620233,113.717688,34.620233,祥和路与经二路交叉口东240米,17638152010;18595629661,4.4,20,暂无,8：00——22：00
新郑市,张亮麻辣烫(绿都丹石街区店),113.703928,34.634229,113.703928,34.634229,龙湖镇绿都丹石街区B-B108商铺,18236993340,4.4,17,暂无,8：00——22：00
新郑市,七若滋·蛋糕面包(一江弘城店),113.76895,34.408335,113.76895,34.408335,弘远路东侧学院路北侧一江弘城13号楼,17319711882,4.4,30,暂无,8：00——22：00
新郑市,千里香馄饨面,113.711528,34.612158,113.711528,34.612158,高坡岩小吃街,15617755466,4.4,12,暂无,8：00——22：00
新郑市,秦芝香米皮(米兰小镇店),113.75812,34.419496,113.75812,34.419496,新区管委会和谐街东侧创业路南侧米兰小镇6号楼2单元114门面房,0371-63207139,4.4,16,暂无,8：00——22：00
新郑市,沪上阿姨·精选茶饮(郑州新郑文化路店),113.736256,34.396324,113.736256,34.396324,文化路373号沪上阿姨,18937120692,4.4,12,暂无,8：00——22：00
新郑市,龙湖郏县饸饹面(翠竹路店),113.67825,34.600536,113.67825,34.600536,泰山路翠竹路交叉口北50米路西,15237126003,4.4,10,暂无,8：00——22：00
新郑市,罗山大肠汤(郭店店),113.711388,34.535296,113.711388,34.535296,郭店镇黄金大道与老新郑路向南50米路东,13938217019,4.4,21,暂无,8：00——22：00
新郑市,傻子张大盘鸡(辛店镇商贸街店),113.598128,34.37656,113.598128,34.37656,新店镇商贸街三街南口,15093481016,4.4,28,暂无,8：00——22：00
新郑市,樊老七乡村地锅柴鸡(水榭华城店),113.757225,34.605375,113.757225,34.605375,恒基·水榭华城2期西门南80米,18135773187,4.4,52,暂无,8：00——22：00
新郑市,川湘缘麻辣香锅(祥和四街店),113.747892,34.389459,113.747892,34.389459,祥和四街与新华路交叉口向北15米路东,15903608987,4.3,28,新华路,8：00——22：00
新郑市,李记卤肉老店,113.799285,34.495402,113.799285,34.495402,薛店府后街中段路南,13592430378,3.9,15,暂无,8：00——22：00
新郑市,谷三烩面城,113.62527,34.391326,113.62527,34.391326,343国道与009乡道交叉口西160米,13838576525,3.9,暂无,暂无,8：00——22：00
新郑市,杭州小笼包(祥和路店),113.690047,34.618818,113.690047,34.618818,龙湖镇祥和路荆垌市场2排011号,18503860887,3.8,20,暂无,8：00——22：00
新郑市,辣风火锅(薛店),113.805777,34.498661,113.805777,34.498661,世纪大道与府前街交叉路口往北约100米(磊鑫尚东郡),0371-63207188,4.2,71,暂无,8：00——22：00
新郑市,乐天郭府家宴城,113.607581,34.387854,113.607581,34.387854,辛店镇辛店村矿区人民医院南170米路西,0371-62526688,4.2,33,暂无,8：00——22：00
新郑市,华源美食城,113.583168,34.344565,113.583168,34.344565,辛店镇千户寨同源街,0371-62400711,4.3,暂无,暂无,8：00——22：00
新郑市,正宗尉氏羊肉汤(金城路店),113.736974,34.386376,113.736974,34.386376,金城路与金福巷交叉口西40米,15286088508;15286808508,4.2,24,暂无,8：00——22：00
新郑市,巴黎星咖啡(玉前路店),113.757986,34.386772,113.757986,34.386772,新华路街道玉前路公安局对面335号,15210333677,4.1,25,暂无,8：00——22：00
新郑市,兰州牛肉拉面(神州路店),113.795062,34.381308,113.795062,34.381308,神州路东50米,19937074945,4.3,21,暂无,8：00——22：00
新郑市,霸王茶姬(郑州龙湖升达学院店),113.687361,34.595663,113.687361,34.595663,龙湖镇宝相寺南二街最东头1层第2号门面房,4008788359,4.3,暂无,暂无,8：00——22：00
新郑市,刘婉婉生炸妙龄鸡(港区锦绣翠园店),113.849861,34.580327,113.849861,34.580327,航空港区凌霜街与桥航路交叉口东北60米,13653975765,4.3,11,暂无,8：00——22：00
新郑市,冰淳茶饮(宝相寺店),113.687247,34.595632,113.687247,34.595632,文昌路与宝相寺步行街交叉口北40米,18569852639,4.3,暂无,暂无,8：00——22：00
新郑市,麦嘎音乐火锅(华祥国贸店),113.681355,34.611048,113.681355,34.611048,双湖大道91号华祥国贸大厦F5层,暂无,4.3,41,暂无,8：00——22：00
新郑市,苗岭啤酒鸭(园博家园店),113.874259,34.440657,113.874259,34.440657,航空港区龙王办园博家园商业步行街1-901号,17516216056,4.3,20,暂无,8：00——22：00
新郑市,韩磊东北大碗麻辣烫,113.801611,34.489068,113.801611,34.489068,薛店镇雏鹰路南世纪花园1单元1-2层103一楼,18339491522,4.3,13,暂无,8：00——22：00
新郑市,九多肉多(锦绣翠园店),113.850253,34.58233,113.850253,34.58233,航空港区大航路与凌霜街交叉口东40米,4008050958,4.3,10,暂无,8：00——22：00
新郑市,川奇麻辣香锅(薛店店),113.800361,34.489131,113.800361,34.489131,薛店镇友谊路中段16号,13838501109,4.3,17,暂无,8：00——22：00
新郑市,吕小哥(新郑水榭华城店),113.75693,34.60626,113.75693,34.60626,华南城一路与团结路交叉口向北300米路西104号,13343725017,4.3,11,暂无,8：00——22：00
新郑市,鸡柳大人(沙窝李店),113.687326,34.627227,113.687326,34.627227,沙窝李市场南一街向西一百米路北,18737887380,4.3,14,暂无,8：00——22：00
新郑市,柘城垛子羊肉(龙湖店),113.722472,34.604031,113.722472,34.604031,康桥溪桂园北门旁,18574154999,4.3,317,暂无,8：00——22：00
新郑市,大叔烤肉,113.727625,34.604875,113.727625,34.604875,龙湖镇华盛奥特莱斯四楼,15981817166,4.3,63,暂无,8：00——22：00
新郑市,蜜雪冰城(观音寺店),113.68907,34.330022,113.68907,34.330022,观音寺镇人民政府西门西北50米,19939939701,4.3,5,暂无,8：00——22：00
新郑市,锅圈食汇火锅烧烤食材超市(水榭华城店),113.757107,34.605306,113.757107,34.605306,孟庄镇团结路水榭华城40号楼2单元1层门面房,13663817177,4.3,暂无,暂无,8：00——22：00
新郑市,郑州航空港区龙王办干锅鹅尚鲜,113.854473,34.437991,113.854473,34.437991,航空港区龙安商业步行街附近,15036152001,4.3,40,暂无,8：00——22：00
新郑市,七若滋(薛店店),113.79856,34.487891,113.79856,34.487891,白象食品集团东南门北170米,0371-62588990;17630000057,4.3,32,暂无,8：00——22：00
新郑市,五谷渔粉(龙安社区2号院店),113.85854,34.439976,113.85854,34.439976,航空港区龙安社区二号院,18637852876,4.3,暂无,暂无,8：00——22：00
新郑市,张大嘴茶香猪蹄(龙王店),113.858405,34.440022,113.858405,34.440022,航空港区龙安社区二号院商业街,13383827621,4.3,19,暂无,8：00——22：00
新郑市,孟夫子煎包(二社区店),113.745618,34.431293,113.745618,34.431293,政通路与鸿福路交叉口东北角,18236999258,4.3,12,暂无,8：00——22：00
新郑市,中国·兰州牛肉拉面(和昌盛世城邦润园店),113.83065,34.470232,113.83065,34.470232,郑州航空港区山景御景园19号楼114号,15136124434,4.3,33,暂无,8：00——22：00
新郑市,五谷渔粉(机场店),113.832996,34.536678,113.832996,34.536678,航空港区翠园别墅西北门西北60米,13503480576,4.3,15,暂无,8：00——22：00
新郑市,雪花啤酒,113.806633,34.447448,113.806633,34.447448,航空港区万邓路与神州路交叉口东400米,13083712199;13783691739,4.3,暂无,暂无,8：00——22：00
新郑市,七若滋·蛋糕面包新中式点心专门店(人民路店),113.73799,34.395277,113.73799,34.395277,人民路西段121号,0371-62686546;17319711882,4.3,13,暂无,8：00——22：00
新郑市,老北京火锅(龙湖店),113.711734,34.59601,113.711734,34.59601,富田·兴龙湾2号门西北70米,0371-55882202;18300660158,4.1,44,暂无,8：00——22：00
新郑市,叶大兴炖肉胡辣汤(文昌路店),113.687588,34.606624,113.687588,34.606624,龙湖镇文昌路155号,13383850631,4.1,8,暂无,8：00——22：00
新郑市,众合辣椒厨房(如荼路老店),113.823592,34.482008,113.823592,34.482008,航空港区盛世文园南2门东110米,0371-89907257;18538268377;19903715919,4.2,58,暂无,8：00——22：00
新郑市,牛记北京片皮烤鸭,113.678343,34.60187,113.678343,34.60187,泰山路与梅山路交口向北300米路西,17337154859;18103718516,4.1,41,暂无,8：00——22：00
新郑市,御轩阁谭家私房菜,113.686316,34.59674,113.686316,34.59674,龙湖镇升达大学宝相寺北一街16号,15249692169,4.1,39,暂无,8：00——22：00
新郑市,三秦世家(和庄店),113.783255,34.39687,113.783255,34.39687,河赵社区西北1门南80米,17788151853,4.3,暂无,暂无,8：00——22：00
新郑市,七玖大虾茶树菇香辣鸡煲,113.689575,34.537625,113.689575,34.537625,郭店镇黄金大道与107交叉口东200米路北,15515531988;18137859882,4.3,38,暂无,8：00——22：00
新郑市,信阳山庄,113.699502,34.599464,113.699502,34.599464,龙湖镇龙湖新城法官学院院内进门左转丁字路口右转直行500米蓝色别墅,15093133298,4,暂无,暂无,8：00——22：00
新郑市,郭彦立烤面筋店,113.737975,34.393017,113.737975,34.393017,新郑炎黄广场东1门南250米,13071089279;13071089579,4,暂无,暂无,8：00——22：00
新郑市,三联卤肉老店,113.771405,34.388293,113.771405,34.388293,解放路南段276号(三联印刷厂门口),13503828675,4.2,35,新烟,8：00——22：00
新郑市,杨记狗肉兔肉火锅,113.729071,34.372999,113.729071,34.372999,郑许路新郑和兴泡沫厂,0371-62650926,4,暂无,暂无,8：00——22：00
新郑市,秘制地锅柴鸡(港区总店),113.833647,34.539729,113.833647,34.539729,航空港区振兴北路商业楼106号,15738866882,4.2,暂无,暂无,8：00——22：00
新郑市,舔狗烧烤 秘制地锅柴鸡(双湖大道店),113.739455,34.61268,113.739455,34.61268,孟庄镇宽视界林丰路A8-1,13033923197;13103812373,4.1,34,暂无,8：00——22：00
新郑市,王记烙凉皮店(中华路店),113.741506,34.39455,113.741506,34.39455,中华路与人民路交叉口南80米,13676994953;15538300776,4.1,15,暂无,8：00——22：00
新郑市,晓广拉面,113.733414,34.39531,113.733414,34.39531,新建路268号,15617986216,4,26,暂无,8：00——22：00
新郑市,麒麟大口茶(郑州龙湖锦艺城店),113.726117,34.613188,113.726117,34.613188,龙湖镇双湖大道152号龙湖锦艺城购物中心3层3-12A号,17700656037,4.1,17,暂无,8：00——22：00
新郑市,蘭茗雪(新郑薛店店),113.798978,34.490333,113.798978,34.490333,友谊路3号,暂无,4.1,12,暂无,8：00——22：00
新郑市,S-pizza披萨速递(西亚斯店),113.765979,34.39531,113.765979,34.39531,新烟街道人民路401号,18595572535,4.1,暂无,新烟,8：00——22：00
新郑市,七若滋·蛋糕面包(东方国际店),113.772567,34.393172,113.772567,34.393172,解放路91号,0371-60987878,4.1,29,新烟,8：00——22：00
新郑市,幸运咖(富田兴龙湾店),113.712537,34.598904,113.712537,34.598904,双湖大道7号,18137779952,4.2,11,暂无,8：00——22：00
新郑市,大胡子烧烤,113.678276,34.600531,113.678276,34.600531,翠竹路168号,暂无,4.2,59,暂无,8：00——22：00
新郑市,吕小哥(新郑轩辕路店),113.72197,34.399597,113.72197,34.399597,新建路街道博物馆家属院轩辕路232-18号,15639270607,4.1,14,暂无,8：00——22：00
新郑市,嗦乐吖武汉黑鸭煲,113.712715,34.611664,113.712715,34.611664,高坡岩西街2巷503号,18236444423,4.2,35,暂无,8：00——22：00
新郑市,逍遥镇胡辣汤(港区店),113.833433,34.533126,113.833433,34.533126,航空港区郑港街道空港迎宾大道16号蓝翔花园,暂无,4.2,10,暂无,8：00——22：00
新郑市,熊家无二·韩式炸鸡(西亚斯店),113.763675,34.394475,113.763675,34.394475,新烟街道渔公二街68号,18137159091,4.2,16,新烟,8：00——22：00
新郑市,临榆炸鸡腿(经贸学院店),113.719084,34.618669,113.719084,34.618669,郑州经贸学院校内新商业街6-07号,4006586528,4.1,暂无,暂无,8：00——22：00
新郑市,重庆鸡公煲,113.711779,34.611598,113.711779,34.611598,龙湖镇双湖大道高坡岩西一街重庆鸡公煲,18838093480,4.2,26,暂无,8：00——22：00
新郑市,幸运咖(亿佰佳店),113.687479,34.611165,113.687479,34.611165,亿佰佳生活广场东门旁,13939490532,4.1,11,暂无,8：00——22：00
新郑市,兄弟情大盘鸡,113.815547,34.488066,113.815547,34.488066,航空港区航南新城宜之街60号楼06号商铺,15036103608,4.1,20,暂无,8：00——22：00
新郑市,书亦烧仙草(郑州新郑富田幸福里店),113.696373,34.635821,113.696373,34.635821,富田幸福里购物中心2层,13017660218,4.2,11,暂无,8：00——22：00
新郑市,瑞幸咖啡(新郑服务区西区店),113.810642,34.456521,113.810642,34.456521,航空港综合实验区京港澳高速新郑服务区西区一楼01号商铺,19602121817,4.1,16,暂无,8：00——22：00
新郑市,蘭茗雪(龙湖锦艺城店),113.728663,34.615102,113.728663,34.615102,龙湖镇龙湖锦艺城便民店27号楼1单元1层131号,暂无,4.1,13,暂无,8：00——22：00
新郑市,老范家牛肉水煎包胡辣汤,113.702997,34.625273,113.702997,34.625273,龙湖镇滨湖路44号国瑞城爵士苑8号楼1单元104号,暂无,4.2,暂无,暂无,8：00——22：00
新郑市,W·法式蛋糕(新郑龙湖店),113.702861,34.606268,113.702861,34.606268,南二街与东一街交叉口,15203716645,4.1,暂无,暂无,8：00——22：00
新郑市,俏厨姐麻辣烫,113.712546,34.612141,113.712546,34.612141,高坡岩3-306号,18538164000,4.1,13,暂无,8：00——22：00
新郑市,食尚御膳叉骨炸鸡(龙湖锦艺城高层3组团店),113.73002,34.615335,113.73002,34.615335,龙湖锦艺城高层3组团,15896753360,4.2,暂无,暂无,8：00——22：00
新郑市,益禾堂(升达老兵餐厅店),113.691553,34.59136,113.691553,34.59136,升达经贸管理学院,15535968342,4.1,13,暂无,8：00——22：00
新郑市,德克士(湖滨壹号店),113.749385,34.418918,113.749385,34.418918,湖滨路与创业路交叉口东南角万佳省心店一楼,0371-53329996,4.1,21,暂无,8：00——22：00
新郑市,陆藜·开了个方子(升达大学店),113.687607,34.59597,113.687607,34.59597,龙湖镇宝相寺步行街南二街路北从东向西数第六间6号,暂无,4.1,15,暂无,8：00——22：00
新郑市,孟夫子水煎包,113.766179,34.393173,113.766179,34.393173,渔夫子路与永和街交叉口北30米路西,13223031636,4.2,14,新烟,8：00——22：00
新郑市,港王烧腊牛腩饭,113.768495,34.395513,113.768495,34.395513,人民路渔夫路交叉口向东200米路南,13838023961,4.2,15,新烟,8：00——22：00
新郑市,小溪哩共享茶室(新郑机场店),113.840342,34.533829,113.840342,34.533829,航空港区货运路与长鹰路交叉口鹭港里商业中心1号楼2楼201室,18581661058,4.2,暂无,暂无,8：00——22：00
新郑市,卤双汇熟食,113.700509,34.629722,113.700509,34.629722,沙窝李新型社区48号商铺,13523470382,4.2,10,暂无,8：00——22：00
新郑市,鱼你在一起(郑州华盛奥特莱斯店),113.727897,34.604359,113.727897,34.604359,环西路华盛奥特莱斯4层,15617555868,4.1,33,暂无,8：00——22：00
新郑市,李吃吃火锅烧烤食材(万达公园里店),113.756385,34.392702,113.756385,34.392702,万达公园里B2-02,13673992221,4.1,52,暂无,8：00——22：00
新郑市,蘭茗雪鲜果茶(龙湖店),113.687625,34.598525,113.687625,34.598525,龙湖镇文昌路龙湖广场南100米路西,暂无,4.1,暂无,暂无,8：00——22：00
新郑市,益禾堂(新郑薛店镇店),113.798518,34.488109,113.798518,34.488109,友谊路11号,13353835250,4.1,13,暂无,8：00——22：00
新郑市,高粱雨辣椒厨房(新郑新区第二社区店),113.739061,34.432856,113.739061,34.432856,新区管委会苟郑社区北院3号楼1-3-3号门面房,暂无,4.2,45,暂无,8：00——22：00
新郑市,刘记烩面豫菜酒楼,113.71018,34.433243,113.71018,34.433243,008乡道与107国道交叉口东北50米,13525515991;15515866508;17329442826,4.2,暂无,暂无,8：00——22：00
新郑市,围辣小火锅(郑老庄社区店),113.717587,34.621128,113.717587,34.621128,龙湖镇梧桐二路郑老庄西门69号商铺,17838323657,4.1,20,暂无,8：00——22：00
新郑市,瑞幸咖啡(西亚斯学院图书馆店),113.764448,34.401526,113.764448,34.401526,人民路11号,4000100100,4.1,13,暂无,8：00——22：00
新郑市,豫盛丰滋补烩面馆(小石庄新型社区店),113.812339,34.596868,113.812339,34.596868,孟庄镇小石庄新型社区31-32一楼门面房,暂无,4.2,暂无,暂无,8：00——22：00
新郑市,蜀蜀的粉观澜郡店,113.692526,34.629126,113.692526,34.629126,观澜郡一期南门西侧(紫荆山路西50米路北),13523528283,4.2,15,暂无,8：00——22：00
新郑市,好地道小烧饼农家菜(紫荆山南路店),113.695023,34.636132,113.695023,34.636132,尚美口腔西南侧130米,15838397856,4.1,22,暂无,8：00——22：00
新郑市,吕小哥(新郑薛店镇店),113.798676,34.488613,113.798676,34.488613,薛店大道与友谊路交叉口西南60米,15517231732,4.1,11,暂无,8：00——22：00
新郑市,麦多馅饼(褚庄路店),113.716808,34.40361,113.716808,34.40361,褚庄路35号,18703610908,4.1,暂无,暂无,8：00——22：00
新郑市,吕小哥(龙湖锦艺城店),113.727425,34.613985,113.727425,34.613985,龙湖镇锦艺城购物中心3号门正对面,13623841571,4.2,11,暂无,8：00——22：00
新郑市,沙县小吃(老郑新路店),113.711364,34.535348,113.711364,34.535348,老郑新路与黄金大道交叉口南120米,15890675087;18336521057,4.1,暂无,暂无,8：00——22：00
新郑市,李记老北京涮羊肉(祥安路店),113.690171,34.604464,113.690171,34.604464,文昌路与祥安路交叉口向东150米路北,18454011088,4.2,28,暂无,8：00——22：00
新郑市,隆江猪脚饭(美创国际科技产业园A区店),113.837231,34.476954,113.837231,34.476954,航空港区美创国际科技产业园A区南门旁,暂无,4.1,暂无,暂无,8：00——22：00
新郑市,厨状元,113.765275,34.394975,113.765275,34.394975,渔公一街32号,13204658967,4.1,51,新烟,8：00——22：00
新郑市,橙语熙成都名小吃(新壹城店),113.743995,34.420745,113.743995,34.420745,新壹城新田360广场,15037148591,4.2,19,暂无,8：00——22：00
新郑市,老街坊劈柴院(敬老院店),113.919776,34.369366,113.919776,34.369366,航空港区岗李乡一中南500米,13069309585,4.1,暂无,暂无,8：00——22：00
新郑市,酸小哥石锅酸菜鱼米饭,113.76447,34.395346,113.76447,34.395346,人民路中段353号,18836821109,4.1,32,新烟,8：00——22：00
新郑市,小谷姐姐麻辣拌·麻辣烫(新郑店),113.737692,34.392445,113.737692,34.392445,新华办毛园街6号,15003994789,4.1,51,暂无,8：00——22：00
新郑市,高记正宗郏县饸饹面豆腐菜,113.691732,34.536906,113.691732,34.536906,郭店镇黄金大道任坡沟57号,13613850539,4.2,暂无,暂无,8：00——22：00
新郑市,鲁山揽锅菜(龙湖锦艺城店),113.726101,34.614378,113.726101,34.614378,郑新快速通道与双湖大道交叉口北280米,13027712157,4.2,17,暂无,8：00——22：00
新郑市,麦加美汉堡(莲鹤苑店),113.837543,34.407435,113.837543,34.407435,航空港区莲鹤苑,18838161278,4.2,19,暂无,8：00——22：00
新郑市,吕小哥(新郑康庄大道店),113.756551,34.395854,113.756551,34.395854,康庄路与人民路交叉口东南20米,15639775099,4.1,15,暂无,8：00——22：00
新郑市,诺杯鲜果茶(河南新郑店),113.716381,34.402323,113.716381,34.402323,褚庄路50-1,15617639111;15637155333,4.1,15,暂无,8：00——22：00
新郑市,九多肉多(新郑康庄大道店),113.756416,34.395943,113.756416,34.395943,人民路172号,4008050958,4.2,8,暂无,8：00——22：00
新郑市,多美士炸鸡汉堡(沙窝里新型社区),113.700577,34.629207,113.700577,34.629207,龙湖镇祥云路沙窝李新型社区12号楼53号门面房,13283825086,4.2,13,暂无,8：00——22：00
新郑市,京慧园麻辣香锅麻辣烫(盛世和园店),113.822976,34.48055,113.822976,34.48055,航空港区梅苑小区西门D18商铺,18703695245,4.2,24,暂无,8：00——22：00
新郑市,明星御谷老碗面(锦艺城店),113.727915,34.617525,113.727915,34.617525,锦艺城一期14-1-104,15039096995;18137331222,4.2,暂无,暂无,8：00——22：00
新郑市,石猫与茶,113.744583,34.432382,113.744583,34.432382,新郑新区第二社区2期南区北门东140米,13938524396,4.2,暂无,暂无,8：00——22：00
新郑市,偶遇饭先森-干锅焖饭(新郑店),113.735897,34.397307,113.735897,34.397307,文化路苑陵胡同2号,13949079526;18039506519,4.2,13,暂无,8：00——22：00
新郑市,石猫与茶龙安店,113.854616,34.438451,113.854616,34.438451,航空港区龙王办事处龙安社区商业步行街北出口,17729762601,4.1,14,暂无,8：00——22：00
新郑市,咕咕荟老汤卤鸡爪文化路,113.736307,34.397285,113.736307,34.397285,苑陵中学西(文化路)425号,13503828199;15137176859,4.1,暂无,暂无,8：00——22：00
新郑市,农夫大盘鸡,113.786047,34.607113,113.786047,34.607113,孟庄镇碾卢村,15239636373,4.1,38,暂无,8：00——22：00
新郑市,老潼关肉夹馍(龙湖锦艺城店),113.728038,34.617482,113.728038,34.617482,龙湖锦艺城27号楼2单元105,13525579264,4.2,暂无,暂无,8：00——22：00
新郑市,菊花开手撕藤椒鸡龙湖智慧城店,113.701586,34.644811,113.701586,34.644811,智慧城二期57号楼108号商铺3门面房,18203673218,4.1,24,暂无,8：00——22：00
新郑市,恰好魚见你龙安店,113.85467,34.438122,113.85467,34.438122,航空港区龙安社区3号院商业街中段,暂无,4.2,32,暂无,8：00——22：00
新郑市,逍遥镇老张家胡辣汤(祥和路店),113.691707,34.619073,113.691707,34.619073,祥和路工程学院南门,13137131925;15093199765,4.1,暂无,暂无,8：00——22：00
登封市,清真麻辣刀削面,112.883667,34.366125,112.883667,34.366125,石道乡路北石道村村民委员会西30米,15093216074,4.1,暂无,暂无,8：00——22：00
登封市,马杰烩面馆,113.021743,34.453049,113.021743,34.453049,豫嵩向阳小区南门旁,暂无,4,暂无,嵩阳,8：00——22：00
登封市,跃杰幸福小吃(谷路街店),113.038134,34.449401,113.038134,34.449401,洧苑小区西门旁,13213152883,4.4,9,嵩阳,8：00——22：00
登封市,郏县经一路豆腐粉条菜(福佑路店),113.08082,34.457077,113.08082,34.457077,锦鹏·观山悦北门旁,13838211118;15981816350,4.3,14,暂无,8：00——22：00
登封市,王小国西凤餐厅,112.976468,34.368078,112.976468,34.368078,二O七国道与三二三省道交汇处向南200米,0371-62760678,4.3,25,暂无,8：00——22：00
登封市,金福蛋糕,112.759235,34.415551,112.759235,34.415551,031县道与024乡道交叉口西南140米,13213209628;13213212608,3.7,暂无,暂无,8：00——22：00
登封市,少林禅武大酒店,113.017065,34.470826,113.017065,34.470826,大禹路西段鹅坡岭,0371-62808888,4.8,暂无,暂无,8：00——22：00
登封市,属于JM的披萨店(书院河路店),113.045634,34.448302,113.045634,34.448302,书院河路与洧河路交叉口南120米,暂无,4.1,暂无,嵩阳,8：00——22：00
登封市,再相会饺子馆(卢店镇店),113.152821,34.458849,113.152821,34.458849,名镇小区西门旁,15138972381;15250858209,4.1,暂无,暂无,8：00——22：00
登封市,香辣炒鸡(告成镇店),113.158717,34.395695,113.158717,34.395695,告成镇告成矿工人新村东200米路北,18638576326,4.2,暂无,暂无,8：00——22：00
登封市,天福食府,113.242493,34.388786,113.242493,34.388786,宣化镇寺沟村,13783412307,4.1,34,暂无,8：00——22：00
登封市,金店饭庄,112.979775,34.375667,112.979775,34.375667,大金店镇金中村347号,0371-62760868;15838391953,4.1,12,暂无,8：00——22：00
登封市,正宗特味刀削面,113.264332,34.367399,113.264332,34.367399,兴阳线与044县道交叉口东120米,13526743087,4.1,暂无,暂无,8：00——22：00
登封市,艾小七烧烤涮锅,112.815302,34.407269,112.815302,34.407269,南洼村服务站南侧200米,15093295789,3.8,暂无,暂无,8：00——22：00
登封市,欢喜蛋糕房(宏发世纪百货店),113.035465,34.453805,113.035465,34.453805,嵩山路38号,0371-62857201;15038283081,3.7,暂无,嵩阳,8：00——22：00
登封市,登封山村农家院,112.994248,34.488714,112.994248,34.488714,少林街道西十里铺村住宿民餐饮美食附近好的宾馆,15838237268,4.4,暂无,暂无,8：00——22：00
登封市,颍阳水席饭店(登封店),113.04023,34.46889,113.04023,34.46889,大禹路积翠园1巷1号,0371-60165333,4.3,31,暂无,8：00——22：00
登封市,门师傅香辣土豆片夹馍(嵩山路店),113.035963,34.456394,113.035963,34.456394,嵩山路与东关街交叉口南60米,17752513412,4.3,9,嵩阳,8：00——22：00
登封市,鼎盛火锅烧烤食材,113.087739,34.457758,113.087739,34.457758,中岳办玉带路新店小区正路口东10米,13783582636,4.2,暂无,暂无,8：00——22：00
登封市,聚仙阁庄园,113.266442,34.351428,113.266442,34.351428,宣化大酒店西南门旁,15639939108,4.7,40,暂无,8：00——22：00
登封市,洛阳程家牛肉汤(白龙小区店),113.035621,34.451118,113.035621,34.451118,嵩山路与洧河路口向东50米路北,13523094493;15565079189,4.2,暂无,嵩阳,8：00——22：00
登封市,百家烩羊肉,113.053033,34.461291,113.053033,34.461291,鹿鸣山庄对面,15038075371,4.3,64,嵩阳,8：00——22：00
登封市,嵩山不一般水席文化餐厅,113.018493,34.449754,113.018493,34.449754,颍河路330号,0371-62788999,4.4,91,嵩阳,8：00——22：00
登封市,蒋记私家汤(登封店),113.03709,34.470116,113.03709,34.470116,嵩山路北段(七星街居委会),暂无,4.3,48,嵩阳,8：00——22：00
登封市,爱尚嘉蛋糕坊(卧龙小区店),113.034293,34.451477,113.034293,34.451477,嵩山路与洧河路交叉口西60米路北,15838272983,4.4,26,嵩阳,8：00——22：00
登封市,刘家老店,113.162934,34.45507,113.162934,34.45507,中国石化卢中加油站东侧130米路南,0371-62986899;13460336890,4.5,暂无,暂无,8：00——22：00
登封市,少室山苑民宿农家院,112.975502,34.515335,112.975502,34.515335,石牌坊正对面,18137868763,3.7,暂无,暂无,8：00——22：00
登封市,佰鑫园金汤饸饹面,112.895765,34.307907,112.895765,34.307907,乌海线西北侧,13783500820,4.2,暂无,暂无,8：00——22：00
登封市,馍菜汤(中岳庙馨园店),113.082286,34.45861,113.082286,34.45861,中岳庙馨园东门旁,15136255994,4.1,26,暂无,8：00——22：00
登封市,杨君麻辣酱炒牛肉店,112.883958,34.365855,112.883958,34.365855,石道乡第一超市旁,13592553496,4.2,暂无,暂无,8：00——22：00
登封市,吉百式蛋糕(东华店),113.049388,34.377316,113.049388,34.377316,东华大道中段,15617622148,4.1,暂无,暂无,8：00——22：00
登封市,金福利蛋糕坊,112.89802,34.312332,112.89802,34.312332,送表矿区初级中学门口,15136235732,4.2,暂无,暂无,8：00——22：00
登封市,长虹大酒店(登徐线),113.074593,34.38703,113.074593,34.38703,东华镇石桥村,暂无,4.4,暂无,暂无,8：00——22：00
登封市,特色大盘鸡,113.262959,34.367746,113.262959,34.367746,兴阳线与044县道交叉口北40米,13783516331,3.9,暂无,暂无,8：00——22：00
登封市,兴峪大酒店,113.16935,34.318382,113.16935,34.318382,兴峪大道123号,13103855333,5,暂无,暂无,8：00——22：00
登封市,蜜雪冰城,113.026475,34.460325,113.026475,34.460325,少室路与中岳大街交叉口东南20米,暂无,4.4,9,嵩阳,8：00——22：00
登封市,朴大叔拌饭(登封大禹城店),113.043201,34.456116,113.043201,34.456116,东关街113号,18839793799,4.5,20,嵩阳,8：00——22：00
登封市,美食加川菜,113.037211,34.4615,113.037211,34.4615,百货大楼/中天广场爱民路,15138907769,4.3,暂无,嵩阳,8：00——22：00
登封市,登封马老四清真烧烤涮锅城,113.032717,34.468568,113.032717,34.468568,大禹路与嵩阳路交叉口,13103858566,3.7,暂无,嵩阳,8：00——22：00
登封市,杨记羊肉馆,113.225469,34.409173,113.225469,34.409173,044县道与三凤线交叉口北80米,13700854448,4.1,暂无,暂无,8：00——22：00
登封市,胖子饭庄,113.170677,34.317946,113.170677,34.317946,徐庄镇马汝线徐庄乡第一中心小学,15039066657,4.2,暂无,暂无,8：00——22：00
登封市,四川烧菜馆,112.81767,34.419705,112.81767,34.419705,君召乡文颖线雨露社区,15803858009,3.8,暂无,暂无,8：00——22：00
登封市,温记饭店(阳城区社会服务管理中心西北),113.152863,34.382382,113.152863,34.382382,北烟庄村委东南侧140米,13140069167,4.3,25,暂无,8：00——22：00
登封市,耿庄美食城,113.001183,34.431635,113.001183,34.431635,耿庄桥西100米路北,13938263151,4.3,暂无,暂无,8：00——22：00
登封市,茉莉奶白(郑州登封大禹城店),113.043055,34.456605,113.043055,34.456605,中岳大街549号大禹城西门,15538037967,4.3,15,嵩阳,8：00——22：00
登封市,九厘九·夜包子豆腐脑 二店,113.029631,34.444663,113.029631,34.444663,嵩阳路与颖上路交叉口东南角1125号,暂无,4.3,暂无,暂无,8：00——22：00
登封市,华莱士·全鸡汉堡(登封新天地店),113.052705,34.451857,113.052705,34.451857,少林大道与守敬路交叉口南50米(嵩山新天地),15003866754,4.3,16,嵩阳,8：00——22：00
登封市,钱摊摊安顺夺夺粉火锅(登封店),113.038026,34.448779,113.038026,34.448779,谷路街312号,17737170766,4.3,61,嵩阳,8：00——22：00
登封市,太子浓心·招牌炸酱小锅米线(大禹城店),113.044964,34.456655,113.044964,34.456655,中岳大街大禹城东门,13503818805,4.3,26,嵩阳,8：00——22：00
登封市,贺功夫大盘鸡店,113.030597,34.449284,113.030597,34.449284,嵩阳街道嵩阳路1061号,18603819588,4.3,18,嵩阳,8：00——22：00
登封市,正新鸡排(苹果园店),113.034766,34.451112,113.034766,34.451112,嵩阳街道洧河路与嵩山路交叉口西南角1013号,18837119450;19137125688,4.3,暂无,嵩阳,8：00——22：00
登封市,七若滋·蛋糕面包(嵩景店),113.027876,34.445696,113.027876,34.445696,嵩阳街道嵩景花园17号楼102-103,暂无,4.3,47,暂无,8：00——22：00
登封市,姥家大锅台(登封少室路店),113.023135,34.446109,113.023135,34.446109,南一环与少室路交叉口向南50米路西1202号,17629357588,4.3,85,暂无,8：00——22：00
登封市,麻辣诱惑刀削面,112.895399,34.370955,112.895399,34.370955,石道乡343石道派出所东侧,13525515519,4.3,26,暂无,8：00——22：00
登封市,汇光皇后卤味(登唐线店),113.051182,34.3769,113.051182,34.3769,登唐线中国邮政储蓄银行旁,15188310739,4.3,暂无,暂无,8：00——22：00
登封市,巷子里的纯咖啡,113.039608,34.467666,113.039608,34.467666,大禹路桥头向南100米路西17巷5号,18603825033,4.1,34,嵩阳,8：00——22：00
登封市,丁记牛羊肉饭店,112.88315,34.365842,112.88315,34.365842,石道乡车站西200米,0371-62782686,4.1,暂无,暂无,8：00——22：00
登封市,老洛阳驴肉汤馆,112.754875,34.414749,112.754875,34.414749,颖阳镇客车站对面,暂无,4.3,16,暂无,8：00——22：00
登封市,丁丽牛羊肉馆(清真),112.872173,34.366065,112.872173,34.366065,石道乡加油站西600米路南,15838067713;18530826995,4.3,暂无,暂无,8：00——22：00
登封市,李记煨道瓦罐(登封店),113.037102,34.461506,113.037102,34.461506,嵩阳街道爱民路与嵩山路交叉口向东20米路北,0371-62871113;15981925481,4.2,19,嵩阳,8：00——22：00
登封市,擀面皮大王(二分店),113.03793,34.445261,113.03793,34.445261,银河小区西门南50米,13123243967;15294607556,4.1,11,嵩阳,8：00——22：00
登封市,贺记羊肉馆,112.976685,34.367661,112.976685,34.367661,大金店镇新英幼儿园(207国道西),13592569505,4.2,暂无,暂无,8：00——22：00
登封市,小擀杖老烩面(登封店),113.032187,34.444842,113.032187,34.444842,嵩阳街道南环一路18号登封市经济适用房,18595808816,4.1,14,嵩阳,8：00——22：00
登封市,惠德酒家,112.818364,34.417249,112.818364,34.417249,迎君大道与狂河路交叉口东北80米,15738355075,4.2,暂无,暂无,8：00——22：00
登封市,豪利糕手,113.042827,34.46316,113.042827,34.46316,崇高路600号(崇高路与滨河路交叉口东北角),0371-62828958;15890066956,4,27,暂无,8：00——22：00
登封市,印锋陕西面馆,113.030802,34.453203,113.030802,34.453203,嵩阳路与少林路交叉口向南150米路西,暂无,4,16,嵩阳,8：00——22：00
登封市,四川烧菜馆(分店),113.152073,34.457187,113.152073,34.457187,文化路与少林大道交叉口南260米,15838291020,4.2,暂无,暂无,8：00——22：00
登封市,开碗笑休闲小吃(大金店总店),112.978775,34.372371,112.978775,34.372371,大金店镇金西邮政储蓄银行南30米,15038065239;15939012348,4.1,暂无,暂无,8：00——22：00
登封市,绝味刀削面,113.144817,34.490899,113.144817,34.490899,唐庄乡康家超市斜对面沈福路109号,18300706345,4.2,19,暂无,8：00——22：00
登封市,锦江饭店(少室路店),113.028381,34.468638,113.028381,34.468638,少室路195号,13526697233;13849098051,4.2,41,嵩阳,8：00——22：00
登封市,塔斯汀中国汉堡(嵩景花园店),113.027029,34.445943,113.027029,34.445943,嵩阳路与南环一路交叉口西北角嵩景花园18号楼1单元1层106铺,18638710330,4.2,17,暂无,8：00——22：00
登封市,库迪咖啡(登封嵩景花园南门店),113.027519,34.445677,113.027519,34.445677,南一环566号,15136021519,4.2,12,暂无,8：00——22：00
登封市,W·法式蛋糕(登封店),113.034975,34.460425,113.034975,34.460425,嵩阳街道中天广场8号楼122号,13781575342,4.1,47,嵩阳,8：00——22：00
登封市,高记削面馆,113.046275,34.452825,113.046275,34.452825,和平雅居西门南50米,13683815053,4.2,16,嵩阳,8：00——22：00
登封市,麦香源青海牛肉拉面,113.086223,34.448278,113.086223,34.448278,颍河路与汉武路交叉口西120米,暂无,4.2,32,暂无,8：00——22：00
登封市,花小小新疆炒米粉(菜园路店),113.042592,34.454669,113.042592,34.454669,菜园路150号,暂无,4.1,18,嵩阳,8：00——22：00
登封市,刘婉婉生炸妙龄鸡(东城花园店),113.084966,34.457629,113.084966,34.457629,玉带路东城花园南门向东100米路北,15515661399,4.2,11,暂无,8：00——22：00
登封市,老街坊劈柴院(登封总店),113.053909,34.461319,113.053909,34.461319,崇高路守敬路西10米路南,18137844000,4.1,暂无,嵩阳,8：00——22：00
登封市,栖花里(东区店),113.087733,34.457566,113.087733,34.457566,玉带路与汉武路交叉口向东五十米路北轻素栖花里,18530967111,4.2,暂无,暂无,8：00——22：00
登封市,品意德北京烤鸭(登封店),113.087336,34.459544,113.087336,34.459544,中岳街道汉武路与地中路交叉口向南50米路东42号门面,17513251688,4.2,15,暂无,8：00——22：00
登封市,大胡子烧烤,112.816376,34.412716,112.816376,34.412716,迎君大道与君召大街交叉口北140米,暂无,4.1,暂无,暂无,8：00——22：00
登封市,九多肉多(嵩山路店),113.034944,34.451503,113.034944,34.451503,嵩阳街道嵩山路1560号卧龙小区,4008050958,4.1,9,嵩阳,8：00——22：00
登封市,越王煲肉-牛腩牛杂煲,113.040542,34.45826,113.040542,34.45826,中岳大街与菜园路交叉口往西100米路北人力资源部对面,暂无,4.1,暂无,嵩阳,8：00——22：00
登封市,蜜雪冰城(颍阳店),112.759604,34.414577,112.759604,34.414577,颍阳镇南街4号院6号农行北20米,18839563333,4.1,6,暂无,8：00——22：00
登封市,蜜雪冰城(鸿祥芙蓉苑店),113.086955,34.45078,113.086955,34.45078,鸿祥芙蓉苑,暂无,4.2,9,暂无,8：00——22：00
登封市,悟茶山(少林大道店),113.158221,34.459183,113.158221,34.459183,少林大道与237省道辅路交叉口东200米,16696692787,4.1,暂无,暂无,8：00——22：00
登封市,曹氏鸭脖,113.032961,34.457213,113.032961,34.457213,东关街859号,17303842620,4.1,24,嵩阳,8：00——22：00
登封市,焙思香蛋糕(登封店),113.034408,34.462816,113.034408,34.462816,嵩阳商场西二街22号,暂无,4.1,31,嵩阳,8：00——22：00
登封市,橘婆婆地锅柴鸡(嵩颍路店),113.138979,34.397275,113.138979,34.397275,告成镇石淙巷子122-123号,18037798909,4.2,暂无,暂无,8：00——22：00
登封市,第一部落烤串(颍阳镇店),112.75968,34.414655,112.75968,34.414655,颍阳镇南街167号,17740403696,4.2,18,暂无,8：00——22：00
登封市,绝味鸭脖(登封汉武路店),113.08702,34.45772,113.08702,34.45772,栖凤园西院,15617794123,4.2,暂无,暂无,8：00——22：00
登封市,新泉沙县小吃店(少林小区店),113.010603,34.461492,113.010603,34.461492,少林办少林小区永泰路南段,暂无,4.2,暂无,暂无,8：00——22：00
登封市,围辣串串香旗舰店(创佳·紫薇城店),113.084454,34.448272,113.084454,34.448272,创佳·紫薇城南门西120米,15538005511,4.1,暂无,暂无,8：00——22：00
登封市,蜜雪冰城(大金店),112.975809,34.370542,112.975809,34.370542,乌海线东南40米,4000608888,4.2,10,暂无,8：00——22：00
登封市,二胖温李记擀面皮,113.036435,34.456996,113.036435,34.456996,西商阜街与东关街交叉口往东五十米路北,13643866913,4.2,12,嵩阳,8：00——22：00
登封市,517花甲(登封分店),113.037479,34.443916,113.037479,34.443916,豫鑫苑商贸城东南门北60米,15515595389;15538148567,4.1,13,嵩阳,8：00——22：00
登封市,傻子张大盘鸡(东华店),113.050634,34.377372,113.050634,34.377372,东华镇,暂无,4.2,42,暂无,8：00——22：00
登封市,陈记一品炒鸡,112.77166,34.410855,112.77166,34.410855,颍阳镇紫云小区东门15号,18239752522,4.1,35,暂无,8：00——22：00
登封市,李家饸饹面(嵩基·鸿润城店),113.045632,34.445208,113.045632,34.445208,书院河路613号(鸿润城东门),13949135000,4.1,暂无,嵩阳,8：00——22：00
登封市,蘭亭小炊川菜故事(嵩山路店),113.036868,34.460393,113.036868,34.460393,市区嵩山路960号,15638108688,4.1,暂无,嵩阳,8：00——22：00
登封市,王伟逍遥镇胡辣汤(嵩湖花园店),113.02697,34.445365,113.02697,34.445365,嵩阳街道南一环505嵩湖花园,15093067506,4.2,暂无,暂无,8：00——22：00
登封市,麦加美汉堡(东华店),113.049052,34.377035,113.049052,34.377035,东华大街108号,0371-62845993,4.1,20,暂无,8：00——22：00
登封市,蜀面堂(中岳大街店),113.048629,34.457051,113.048629,34.457051,东升家属院西南门旁,13213151123,4.1,暂无,嵩阳,8：00——22：00
登封市,西华正宗逍遥镇牛肉胡辣汤(鑫鑫花园店),113.024172,34.449449,113.024172,34.449449,嵩颍花苑西门旁,15238653063,4.1,暂无,嵩阳,8：00——22：00
登封市,老台门汤包(崇高路小学店),113.049299,34.461806,113.049299,34.461806,崇高路与日昣街交叉口西60米,13253511608;15038060608,4.1,9,嵩阳,8：00——22：00
登封市,无名缘米粉(大禹城店),113.044754,34.456296,113.044754,34.456296,嵩阳街道大禹城负一楼电影院入口处,18595616026,4.2,暂无,嵩阳,8：00——22：00
登封市,梧桐树中西餐(大禹路),113.034923,34.468495,113.034923,34.468495,嵩阳街道大禹路173号嵩阳里街正对面,0371-62737518,4.2,56,嵩阳,8：00——22：00
登封市,顺和叫花鸡猪蹄(盛世嘉园店),113.155603,34.456378,113.155603,34.456378,卢店振兴路盛世嘉园,13937108317,4.2,暂无,暂无,8：00——22：00
登封市,乐焙蛋糕DIY体验店,113.087781,34.457753,113.087781,34.457753,中岳办事处玉带路与福佑路交叉口向东300米路北,15890081161;18538576768,4.1,暂无,暂无,8：00——22：00
登封市,清真羊肉烩面馆,113.267983,34.435624,113.267983,34.435624,冶南村居民新区门口正东方向60米,暂无,4.1,暂无,暂无,8：00——22：00
登封市,一品香削面馆(迎君大道),112.818698,34.41837,112.818698,34.41837,迎君大道与政通街交叉口南40米,13938561500,4.2,暂无,暂无,8：00——22：00
登封市,法式脆皮生日蛋糕,113.04743,34.456789,113.04743,34.456789,中岳大街325号,13333866278,4,12,嵩阳,8：00——22：00
登封市,刘氏鱼庄(白坪新区店),113.039198,34.444076,113.039198,34.444076,南一环与菜园路交叉口向西170米路南,0371-62822888,4.5,63,嵩阳,8：00——22：00
登封市,红色年代·得劲湘菜(武记餐饮),113.04105,34.442063,113.04105,34.442063,菜园路与石淙路交叉口东北角,暂无,4.6,46,嵩阳,8：00——22：00
登封市,马遂林烩面馆,113.027033,34.464143,113.027033,34.464143,崇高路与少室路交叉口,13373954111;15039056888,4.4,21,嵩阳,8：00——22：00
登封市,伊馨斋早餐,112.883733,34.365802,112.883733,34.365802,343国道与偃杨线交叉口西100米,13623481308;13623841308,3.6,暂无,暂无,8：00——22：00
登封市,跃龙清真羊肉馆,112.882908,34.365847,112.882908,34.365847,343国道与偃杨线交叉口西180米,暂无,3.6,暂无,暂无,8：00——22：00
登封市,小擀杖老烩面(总店),113.082266,34.45803,113.082266,34.45803,中岳庙馨园东2门旁,13783406789;17788118799,4,暂无,暂无,8：00——22：00
登封市,清真团杰羊肉饸饹面烧烤城,113.031778,34.463612,113.031778,34.463612,嵩阳路520号,0371-55855168;18939250678,4.3,20,嵩阳,8：00——22：00
登封市,伊香源饭店,113.155681,34.454648,113.155681,34.454648,卢店镇西五司路口,13663716104,4.3,暂无,暂无,8：00——22：00
登封市,合粥园川湘菜,113.084731,34.44831,113.084731,34.44831,创佳·紫薇城南门西90米,0371-62789858;13017683862,3.6,暂无,暂无,8：00——22：00
登封市,常福记农家大盆骨(登封店),113.03227,34.465796,113.03227,34.465796,嵩阳路231号,13223078860,4.1,17,嵩阳,8：00——22：00
登封市,卢店冯记羊肉馆,113.041155,34.468701,113.041155,34.468701,积翠园小区南门旁,13803862117,4.2,暂无,暂无,8：00——22：00
登封市,伟利炒面王,113.032923,34.468606,113.032923,34.468606,大禹路与嵩阳路交叉口东60米,15638898680;18339283991,4.3,14,嵩阳,8：00——22：00
登封市,武记半份菜,113.041093,34.442606,113.041093,34.442606,阳光美景西门南50米,13674999686;15290866979,4.4,27,嵩阳,8：00——22：00
登封市,凤凰烩面馆,113.02876,34.464487,113.02876,34.464487,崇高路与少室路路口东20米路北,15838390684,4.3,23,嵩阳,8：00——22：00
登封市,宴福楼,113.082216,34.459149,113.082216,34.459149,中岳庙馨园东门旁,13592469398,4.4,暂无,暂无,8：00——22：00
登封市,李记蒸碗豆腐脑(教育局店),113.033661,34.463735,113.033661,34.463735,崇高路教育局斜对面,13783580073,4.3,暂无,嵩阳,8：00——22：00
登封市,登封第一汤,113.053193,34.454974,113.053193,34.454974,城东家属院西2门旁,13653810371,4.3,7,嵩阳,8：00——22：00
登封市,好来の利(白坪新区店),113.037683,34.445441,113.037683,34.445441,豫鑫苑北区东门旁,0371-62868123;16696003995,4.3,27,嵩阳,8：00——22：00
登封市,登封清林羊肉馆总店,113.028696,34.468733,113.028696,34.468733,大禹路与少室路交叉口东南角889号,15093218787,4.5,33,嵩阳,8：00——22：00
登封市,张李记脆皮麻花(郑州登封市),113.035799,34.455681,113.035799,34.455681,嵩山路商埠街小学对面1239号,13213112588;18530807790,3.7,9,嵩阳,8：00——22：00
登封市,汤王早餐总店,113.052594,34.454284,113.052594,34.454284,守敬路迎仙阁,13849051333;15093456939,3.9,暂无,嵩阳,8：00——22：00
登封市,东北一家人饺子馆(少林小区店),113.009524,34.462184,113.009524,34.462184,少林街道少林小区,18860387115,4.4,22,暂无,8：00——22：00
登封市,眷茶(登封少林小区店),113.009526,34.459048,113.009526,34.459048,少林街道少林小区明月街E5区8号明月街与广惠路交叉口南20米路北,17513111298,4,暂无,暂无,8：00——22：00
登封市,福记饺子馆,113.087152,34.451316,113.087152,34.451316,汉武路与汉阙路交叉口北40米,暂无,4,暂无,暂无,8：00——22：00
登封市,黄记正宗逍遥镇优质胡辣汤,113.027684,34.466015,113.027684,34.466015,少室路东26巷一层,15137166698;15736795655,4,暂无,嵩阳,8：00——22：00
登封市,库迪咖啡(大禹城店),113.04321,34.457019,113.04321,34.457019,中岳大街151号大禹城F1层,暂无,4,12,嵩阳,8：00——22：00
登封市,CHIROSE七若滋烘焙(尚城名都店),113.087851,34.450734,113.087851,34.450734,尚城名都北门西60米,暂无,4,暂无,暂无,8：00——22：00
登封市,暴走花甲,113.144353,34.397506,113.144353,34.397506,禹都路与石淙街东北角,13203831789,4,12,暂无,8：00——22：00
登封市,逍遥镇胡辣汤(乌海线店),112.976148,34.369607,112.976148,34.369607,金安苑西北侧160米,18336330508,4,暂无,暂无,8：00——22：00
登封市,帅小滋(偃杨线店),112.886344,34.366675,112.886344,34.366675,偃杨线与343国道交叉口东160米,17334887111,4,暂无,暂无,8：00——22：00
登封市,老城根饸饹面(玉带路店),113.08632,34.457711,113.08632,34.457711,东城花园南门东150米,13938585185,4,暂无,暂无,8：00——22：00
登封市,围辣小火锅(围辣小火锅(中天广场店)),113.033574,34.459238,113.033574,34.459238,中岳大街与鸡鸣街交叉口向北100米路东二楼,暂无,4,暂无,嵩阳,8：00——22：00
登封市,DQ(登封万佳中心城店),113.044073,34.456787,113.044073,34.456787,中岳大街151大禹城,0371-56771618,4,30,嵩阳,8：00——22：00
登封市,鑫鑫饭店(G343店),112.895487,34.370949,112.895487,34.370949,登封市公安局石道派出所户籍室东侧,13592622848,4,暂无,暂无,8：00——22：00
登封市,听渔轩渔具店,113.032335,34.447563,113.032335,34.447563,嵩颍小区北门旁,13343836000,4,暂无,嵩阳,8：00——22：00
登封市,逍遥镇牛羊肉胡辣汤店,113.037014,34.461421,113.037014,34.461421,爱民路与嵩山路交叉口东40米,13783500885;15225188806,4,11,嵩阳,8：00——22：00
登封市,石道酱炒牛肉(登封市建筑公司家属院店),113.042431,34.460439,113.042431,34.460439,爱民路97号,15038055168,4.1,64,嵩阳,8：00——22：00
登封市,老三特色炒鸡(少林小区店),113.011018,34.462072,113.011018,34.462072,少林街道少林小区,暂无,4.1,暂无,暂无,8：00——22：00
登封市,菊红手工凉皮鬼子六烧饼,113.04988,34.461678,113.04988,34.461678,中岳街道崇高路小学日珍街口,13643837320,4.2,13,嵩阳,8：00——22：00
登封市,香福馍菜汤(崇高路店),113.045019,34.462772,113.045019,34.462772,崇高路526号,18339900209;18339900239,4.2,暂无,暂无,8：00——22：00
登封市,汉风食府(大禹路店),113.034356,34.468576,113.034356,34.468576,嵩阳里街南门西南90米,0371-62832899,4.2,39,嵩阳,8：00——22：00
登封市,川味一家,113.036951,34.461541,113.036951,34.461541,爱民路322号,13592495116,4.1,22,嵩阳,8：00——22：00
登封市,洛阳老城牛肉汤(登封店),113.045738,34.448306,113.045738,34.448306,滨河路15号靠近亿家亲午托部,13592489111;13783555585,4.3,15,嵩阳,8：00——22：00
登封市,刘福羊肉汤,112.999771,34.416026,112.999771,34.416026,乌海线与南朱线交叉口北40米,18737101055,4.2,暂无,暂无,8：00——22：00
登封市,优果(嵩山路店),113.036174,34.456863,113.036174,34.456863,东关街嵩山路交叉口擀面皮大王对面,15890133732,4.2,9,嵩阳,8：00——22：00
登封市,酒来久往简餐吧(龙祥家属院店),113.042414,34.446754,113.042414,34.446754,颖河路358号,17837136308,4,60,嵩阳,8：00——22：00
登封市,小羊火锅(登封店),113.04595,34.459176,113.04595,34.459176,书院河路与爱民路交叉口东南160米,暂无,4.4,暂无,嵩阳,8：00——22：00
登封市,十三棍烩羊肉,113.052917,34.453888,113.052917,34.453888,少林大道与守敬路交叉口向北80米路东,暂无,4.4,29,嵩阳,8：00——22：00
登封市,徐记江湖菜馆,113.026014,34.464445,113.026014,34.464445,崇高路西段,15515923715,4.4,23,嵩阳,8：00——22：00
登封市,牛7剁椒面(大禹城店),113.043451,34.456465,113.043451,34.456465,中岳大街151号大禹城F1层,15225085687;15333823451,4.4,17,嵩阳,8：00——22：00
登封市,十三棍烩羊肉(紫薇城店),113.085172,34.448279,113.085172,34.448279,创佳·紫薇城南门旁,13783428096;15290892033,4.2,暂无,暂无,8：00——22：00
登封市,娜娜烘焙,113.030796,34.453255,113.030796,34.453255,少林路与嵩阳路交叉口向南150米路西,15565076192,4.1,37,嵩阳,8：00——22：00
登封市,半个椒串串火锅,113.026646,34.445906,113.026646,34.445906,颖上路与通达路交叉口东北角,0371-62827988;18539561988,4.7,47,暂无,8：00——22：00
登封市,大师傅蛋糕(嵩山路店),113.036021,34.456742,113.036021,34.456742,嵩山路与东关街交叉口东南20米,0371-62896757;13598057158,4.3,16,嵩阳,8：00——22：00
登封市,JM私家清真意式披萨,113.045738,34.448366,113.045738,34.448366,少林街道南环路桥头天骄幼儿园北200米,15515764607,4.2,32,嵩阳,8：00——22：00
登封市,中州华鼎饭店,113.080326,34.462356,113.080326,34.462356,中岳街道地中路与福佑路交汇处北50米,0371-56555999;15981827716,4.8,暂无,暂无,8：00——22：00
登封市,小泡芙烘焙,113.265091,34.36695,113.265091,34.36695,暂无,13525575942,3.8,暂无,暂无,8：00——22：00
登封市,少林服务区快捷餐厅,112.929723,34.427016,112.929723,34.427016,少林服务区南区,暂无,3.7,暂无,暂无,8：00——22：00
登封市,小锅焖面卤肉铺,113.031946,34.451876,113.031946,34.451876,洧河路65号,17513193222,4.3,13,嵩阳,8：00——22：00
登封市,郝佬大北京烤鸭(汉武路店),113.087398,34.458784,113.087398,34.458784,汉武路栖凤园小区西门南第二间门市,19939953799,4.3,15,暂无,8：00——22：00
登封市,方城明发烩面,113.084511,34.448272,113.084511,34.448272,创佳·紫薇城南门西120米,暂无,4.3,暂无,暂无,8：00——22：00
登封市,碗碗笑休闲小吃,113.141755,34.398731,113.141755,34.398731,告成镇告成大街147号,18638585683,4.3,暂无,暂无,8：00——22：00
登封市,登封特味刀削面(坤田名邸西区店),113.041572,34.449316,113.041572,34.449316,菜园路洧河路交叉口西南角农业银行南隔壁,15093060060,4.3,暂无,嵩阳,8：00——22：00
登封市,高家羊肉冲汤,113.03625,34.450772,113.03625,34.450772,洧河路927号,13283841018;15039078707,4.3,15,嵩阳,8：00——22：00
登封市,长虹大酒店告成二分店(嵩颖路店),113.137858,34.398384,113.137858,34.398384,告城镇嵩颖路,18236981555,4.3,暂无,暂无,8：00——22：00
登封市,武记石道鲜牛庄,112.900376,34.368938,112.900376,34.368938,颖福花园西院南侧90米,15238344477,4.3,68,暂无,8：00——22：00
登封市,兴隆家宴城,113.007318,34.44055,113.007318,34.44055,乌海线西北30米,13939089778;18538010708;18625532316,4.3,12,暂无,8：00——22：00
登封市,颍阳卤肉(中天广场店),113.033951,34.460331,113.033951,34.460331,中岳大街与鸡鸣街交叉口向北100米路东111号,15225164521,4.3,15,嵩阳,8：00——22：00
登封市,西麦新语(嵩山路店),113.036627,34.460917,113.036627,34.460917,嵩山路登封市水务局,暂无,4.3,21,嵩阳,8：00——22：00
登封市,三也蛋糕店,113.087093,34.458526,113.087093,34.458526,汉武路,15225121052,4.3,暂无,暂无,8：00——22：00
登封市,五角王超级麻辣烫店,113.044603,34.455841,113.044603,34.455841,万佳中心城南广场对面东关街南一巷九号,15093338032,4.3,23,嵩阳,8：00——22：00
登封市,米分堂(新疆米粉),113.03812,34.456785,113.03812,34.456785,东关街362号,13592666305,4.3,11,嵩阳,8：00——22：00
登封市,二民羊肉馆,113.123679,34.461496,113.123679,34.461496,产业集聚区禹都大街与玉京大道交叉口向南50米,13783412277,4.3,暂无,暂无,8：00——22：00
登封市,汝州香酥锅盔,113.010721,34.462376,113.010721,34.462376,少林小区永泰路53号,17739783330;18860281267,4.3,暂无,暂无,8：00——22：00
登封市,特味刀削面,113.04631,34.377186,113.04631,34.377186,东华镇第一初级中学东侧250米,暂无,4.3,暂无,暂无,8：00——22：00
登封市,雷哥勾魂拌面,113.048166,34.457391,113.048166,34.457391,中岳大街日珍街北20米路东,15936269897,4.3,暂无,嵩阳,8：00——22：00
登封市,好来の利(东桥店),113.04735,34.457251,113.04735,34.457251,市区中岳大街东段(东关浴池对面),16696003991,4.3,82,嵩阳,8：00——22：00
登封市,滋补鸡血汤(菜园路店),113.043261,34.461301,113.043261,34.461301,滨河路2号,13523070766;15981830768,4.3,13,嵩阳,8：00——22：00
登封市,杭州小笼包健康营养粥,113.036204,34.456871,113.036204,34.456871,百货大楼/中天广场市区西商埠街中段,18039226615,4.2,暂无,嵩阳,8：00——22：00
登封市,汤王(卢店分店),113.159879,34.454818,113.159879,34.454818,237省道口乐大酒店西100米,18638658318,3.6,暂无,暂无,8：00——22：00
登封市,亚米蛋糕(中岳庙馨园店),113.081899,34.457639,113.081899,34.457639,中岳庙馨园南门东150米,15138457571,3.6,暂无,暂无,8：00——22：00
登封市,中州酒家,113.050391,34.376942,113.050391,34.376942,东华大道(万客隆购物广场东侧约150米),18236913500,3.9,暂无,暂无,8：00——22：00
登封市,鲜鑫羊肉汤(盛世嘉园店),113.155701,34.455252,113.155701,34.455252,237省道,15039061389,4,暂无,暂无,8：00——22：00
登封市,溪溪半份菜,113.053175,34.455395,113.053175,34.455395,守敬路与中岳大街交叉口向南20米路东半份菜,暂无,4,47,嵩阳,8：00——22：00
登封市,清真·金润斋北京烤鸭(登封总店),113.031396,34.452057,113.031396,34.452057,嵩阳路与洧河路交叉口向东15米路北,15137513203,4.2,48,嵩阳,8：00——22：00
登封市,天方美食烧烤,113.027355,34.468829,113.027355,34.468829,大禹路919号,13838215211;18625551355,4.2,暂无,嵩阳,8：00——22：00
登封市,御茶楼(崇高路),113.056106,34.461274,113.056106,34.461274,崇高路阳城路与交叉口向西110米路北,13103838777,4.1,暂无,暂无,8：00——22：00
登封市,清真李记北京烤鸭,113.037003,34.463515,113.037003,34.463515,嵩阳花苑北门东110米,13733837619;13849050535,3.9,暂无,嵩阳,8：00——22：00
登封市,淳味包子店,113.041992,34.449393,113.041992,34.449393,坤田名邸南1门西150米,15837114456,3.7,23,嵩阳,8：00——22：00
登封市,须水叫化鸡猪蹄(崇福路店),113.045609,34.46099,113.045609,34.46099,嵩阳街道崇高路崇福路康桥足道对面,13643715192,3.8,暂无,嵩阳,8：00——22：00
登封市,咖啡说咖啡馆(积翠园小区店),113.04106,34.46869,113.04106,34.46869,积翠园小区南门旁,18736088960,3.8,暂无,暂无,8：00——22：00
登封市,冯记正宗卤肉卤面,113.164266,34.460665,113.164266,34.460665,卢店镇少林大道东段,15238056222,3.9,暂无,暂无,8：00——22：00
登封市,宏海烧饼卤肉店,113.085931,34.457027,113.085931,34.457027,东城花园对面,13838261458,4.3,暂无,暂无,8：00——22：00
登封市,韩氏正宗黄焖鸡米饭(卧龙小区店),113.035049,34.452385,113.035049,34.452385,嵩山路1516号,15038007890,4.1,12,嵩阳,8：00——22：00
登封市,兰州牛肉拉面(少室路店),113.029213,34.474359,113.029213,34.474359,芦草沟镇乌拉斯台一街005号,18699955839,3.9,暂无,暂无,8：00——22：00
登封市,马记羊肉馆,112.879248,34.366302,112.879248,34.366302,石道乡加油站东隔壁,15093136259,4,暂无,暂无,8：00——22：00
登封市,紫云餐厅,112.765606,34.413107,112.765606,34.413107,颖阳镇紫云小区十字路口,15038361135,4,暂无,暂无,8：00——22：00
登封市,凉凉慕水果捞,113.0444,34.456007,113.0444,34.456007,东关街5号,暂无,4.2,暂无,嵩阳,8：00——22：00
登封市,冯记羊肉馆,113.160007,34.460383,113.160007,34.460383,卢店镇雪佳面粉厂东10米,15639714985;15938792062,4.2,暂无,暂无,8：00——22：00
登封市,马家刀削面,113.041032,34.442731,113.041032,34.442731,阳光美景西门旁,15038054150,4.2,暂无,嵩阳,8：00——22：00
登封市,玉宴私房菜,113.096728,34.45758,113.096728,34.45758,磴槽锦园南1门旁,18236769222,4.1,暂无,暂无,8：00——22：00
登封市,胖胖东自助烤肉餐厅,113.036882,34.460457,113.036882,34.460457,嵩山路与中岳大街交叉口向北200米路东,13676923700,4.1,56,嵩阳,8：00——22：00
登封市,口乐中州宴,113.161885,34.454494,113.161885,34.454494,中国石化卢中加油站南侧110米,18638261187,4.2,暂无,暂无,8：00——22：00
登封市,老友麻辣兔,113.023984,34.446363,113.023984,34.446363,南环一路595号,暂无,4.1,37,暂无,8：00——22：00
登封市,榴不二榴莲千层东关街,113.040092,34.456583,113.040092,34.456583,东关街49号,15638502688,4.2,37,嵩阳,8：00——22：00
登封市,登封特产芝麻焦盖烧饼,113.042375,34.462425,113.042375,34.462425,崇高路与书院河路交叉口西南北朝北,13783508417,4.1,暂无,嵩阳,8：00——22：00
