金水区,50100,中餐厅,野果Yeego(郑州郑东万象城店),东风南路与七里河北路交叉口6号门正下方南区负一楼野果,113.765831,34.764666,17319733006,8：00——22：00
金水区,50100,中餐厅,葛记焖饼(经一路店),农业路与经一路,113.697741,34.787763,0371-66305359;15890187055,8：00——22：00
金水区,50100,中餐厅,阿五黄河大鲤鱼(英协路店),英协路229号,113.718661,34.760293,0371-65850888,8：00——22：00
金水区,50100,中餐厅,张福记(纬五店),纬五路38号,113.685896,34.771724,0371-66619618;0371-66619628,8：00——22：00
金水区,50100,中餐厅,阿庄新豫菜(通泰路店),通泰路66-3商都路(通泰路地铁站C口步行490米),113.732946,34.744396,0371-60309666;18903713983,8：00——22：00
金水区,50100,中餐厅,城墙根老茶馆·新豫菜(金水店),金水路99建达大厦F1层,113.668374,34.764071,0371-53361177,8：00——22：00
金水区,50100,中餐厅,阿五黄河大鲤鱼(纬三路店),经八路街道经五路与纬三路交叉口中州国际饭店三楼,113.678243,34.769413,0371-60275555,8：00——22：00
金水区,50100,中餐厅,谷雨春红烧黄河大鲤鱼,东风南路与祥盛街交叉口向东20米路北绿地原盛国际4号楼2层3层,113.767893,34.766605,0371-53386999,8：00——22：00
金水区,50100,中餐厅,半闲斋羊肉铺(如意东路店),如意东路与东风东路交叉口西南角,113.735857,34.787538,0371-55558889;18037877700,8：00——22：00
金水区,50100,中餐厅,阿庄新豫菜(尚座中心店),农业南路81号尚座中心F6层,113.75704,34.764049,0371-89838777;0371-89839666,8：00——22：00
金水区,50100,中餐厅,谷雨春红烧黄河大鲤鱼(旗舰店),农业南路与祥盛街交叉口西南角,113.755474,34.762514,0371-63920099,8：00——22：00
金水区,50100,中餐厅,苏园·禧宴(黄河路店),南阳路与黄河路交汇处西北角,113.647262,34.773624,0371-69158666,8：00——22：00
金水区,50100,中餐厅,阿五黄河大鲤鱼(郑州天泽街店),郑东新区东风路与天泽街交汇南200米,113.737732,34.784989,0371-69355555,8：00——22：00
金水区,50100,中餐厅,皇宫大酒店(经三路店),经三路鑫苑路交叉口西北角鑫苑路8号,113.691953,34.797421,0371-68566666;0371-68588888,8：00——22：00
金水区,50100,中餐厅,布孃孃·云南酸菜牛肉火锅(金融岛银泰inpark店),郑州金融岛银泰inPARK2区3楼(2号停车场1号直梯直达),113.735999,34.81511,0371-60225319;19937162056,8：00——22：00
金水区,50100,中餐厅,龙园涮羊肉(丰庆路店),丰庆路15号青藤苑一楼,113.650089,34.794076,0371-86509629;15565056905,8：00——22：00
金水区,50100,中餐厅,唐河王记·南阳民间菜(天泽街店),天泽街天赋路交叉口东南角,113.738242,34.784863,0371-85515999,8：00——22：00
金水区,50100,中餐厅,口福老店熬炒鸡(红旗路店),红旗路88-1号(省人民医院地铁站D口步行470米),113.689895,34.776784,0371-56677760,8：00——22：00
金水区,50100,中餐厅,阿五黄河大鲤鱼(建业路店),建业路88-3号,113.722262,34.751711,0371-60278888,8：00——22：00
金水区,50100,中餐厅,食欲老院子民间菜(红专路店),红专路经五路南50米,113.676572,34.779192,0371-55980065,8：00——22：00
金水区,50100,中餐厅,宝正臻包子总店,天明路与群办路向南50米路西,113.645441,34.794674,0371-86010603,8：00——22：00
金水区,50100,中餐厅,红麻婆辣子鸡,农业东路与天泽街交叉口向北50米路东,113.738021,34.784251,0371-68098673;15803803013;17803832431,8：00——22：00
金水区,50100,中餐厅,山重浪重庆耙火锅,未来路街道玉凤路361号商铺9-10号楼1层10号,113.711227,34.753626,15609080304,8：00——22：00
金水区,50100,中餐厅,中和豫宴·新豫菜(北龙湖金融岛店),"龙湖金融岛郑州银泰inPARK商业4区2-3层2001,3001,3002",113.731663,34.809998,0371-65838868;0371-86515555,8：00——22：00
金水区,50100,中餐厅,连鹭海鲜(郑州店),黄河南路与七里河北路交叉口东北角,113.745683,34.752787,0371-62382888,8：00——22：00
金水区,50100,中餐厅,食欲老院子民间菜(农业路店),农业路附近,113.675133,34.787252,13103859121,8：00——22：00
金水区,50100,中餐厅,巴奴毛肚火锅(国贸360店),花园路39号新田360广场c208c209号铺,113.679386,34.784068,18538325760,8：00——22：00
金水区,50100,中餐厅,清真·合记(省博物院店),文博东路与科源路交叉口东北角,113.673276,34.794778,0371-86599859;15638295808,8：00——22：00
金水区,50100,中餐厅,额尔敦传统涮(北龙湖直营店),郑东新区如意西路93号神马资本运营中心一楼104,113.733424,34.801248,0371-65327877,8：00——22：00
金水区,50100,中餐厅,湘遇湘知·地道湘菜(建业路店),金水路201号11号楼2层(建业路与交叉口向南50米),113.722067,34.761496,0371-65352577,8：00——22：00
金水区,50100,中餐厅,粗粮厨掌柜(林科路店),乾坤花园北门旁,113.698415,34.788936,0371-69993999;16638108606,8：00——22：00
金水区,50100,中餐厅,因味疆来新疆小馆(红专路店),经三路与红专路交叉口东南角,113.693308,34.779787,0371-63219555;18137662886,8：00——22：00
金水区,50100,中餐厅,鲁班张中原家宴(马庄街店),马庄街3号,113.711618,34.788872,0371-68090888;13526816381,8：00——22：00
金水区,50100,中餐厅,那拉提新疆特色餐厅(祭城店),畅和街大旺城对面二楼(祭城地铁站D口步行420米),113.768815,34.779448,0371-58528881;17737603366,8：00——22：00
金水区,50100,中餐厅,至尊强仔餐厅(正光北街店),农业南路与正光北街交叉口东50米,113.754982,34.771566,0371-55006688,8：00——22：00
金水区,50100,中餐厅,清真·领头羊铜锅涮,三全路索凌路交叉口向西100米路南,113.639122,34.830678,0371-68977777;15515772755,8：00——22：00
金水区,50100,中餐厅,白味汤馆·靓汤·粤菜·茶点(黄河南路店),郑东新区正光路与民生西街交叉口西北角黄河路便民服务中心,113.746124,34.767523,0371-60556999,8：00——22：00
金水区,50100,中餐厅,瓦舍茶馆(聚源路店),商都路与聚源路交叉口向北150米路东,113.740261,34.750443,18790299029,8：00——22：00
金水区,50100,中餐厅,小v家火锅鸡(直营店旗舰店),东风路街道东风路与信息学院路交叉口向西200米北二楼,113.656223,34.799891,15981868586,8：00——22：00
金水区,50100,中餐厅,点都德(郑州正弘城),花园路126号郑州正弘城L6层(东风路地铁站C口旁),113.680473,34.795836,0371-55387590,8：00——22：00
金水区,50100,中餐厅,解家河南菜(宝龙广场店),农业东路33号-宝龙城市广场A区2165-2166号与如意东路辅路交叉口东南角,113.734986,34.782776,0371-67626333,8：00——22：00
金水区,50100,中餐厅,胡桃里音乐酒馆(郑汴路店),郑汴路与英协路交叉口向西200米路南(环球大厦B座东侧),113.71618,34.746456,18838281919,8：00——22：00
金水区,50100,中餐厅,钱塘人家(北环店),北三环6-4号,113.69582,34.810228,0371-68523333,8：00——22：00
金水区,50100,中餐厅,南城十里味道信阳,金水东路88一1号楷林lFC-C座1楼,113.77231,34.770541,15981820666;19937751999,8：00——22：00
金水区,50100,中餐厅,唐河王记·宛宴十三味(国基路店),国基路263号,113.673654,34.819388,0371-67822888,8：00——22：00
金水区,50100,中餐厅,裕丰源(金鼎店),郑东新区众意西路6号,113.715286,34.78263,0371-69102888,8：00——22：00
金水区,50100,中餐厅,58度品质川菜馆(林科路店),经一路(林科路口东北侧),113.697999,34.789191,0371-67715588,8：00——22：00
金水区,50100,中餐厅,仲记酒楼(花园路店),花园路与东风路交叉口向北100米路西136-40号,113.681038,34.802008,0371-65821218;13598039572,8：00——22：00
金水区,50100,中餐厅,文思豫宴(烤鸭·烩面),博学路与学理路便民服务中心1-2层,113.800975,34.772825,0371-68776111,8：00——22：00
金水区,50100,中餐厅,YUOZUO渝作·川渝冒肚(国贸店),农业科学院东北门南50米(关虎屯地铁站G口旁),113.681384,34.788876,15603718536,8：00——22：00
金水区,50100,中餐厅,淮扬厨子(省体育场店),优胜南路健康路东100米路北,113.665303,34.767003,0371-63619001;0371-63619002,8：00——22：00
金水区,50100,中餐厅,58度川菜馆(大石桥店),大石桥街道南阳路SOHO广场A座1层1-2号,113.654385,34.765461,0371-55055571,8：00——22：00
金水区,50100,中餐厅,合记(老街小吃街店),人民路3号(丹尼斯旁),113.67503,34.758132,0371-66228026,8：00——22：00
金水区,50100,中餐厅,阿五黄河大鲤鱼(海尚店),东风路32号瀚海海尚4楼423-425号,113.646144,34.800179,0371-65325555,8：00——22：00
金水区,50100,中餐厅,豫满楼(农业路店),豫博大厦北门旁(关虎屯地铁站C口步行260米),113.683288,34.78614,0371-68789999;15003880012,8：00——22：00
金水区,50100,中餐厅,椒馋小馆(红专路店),丰产路街道经一路北31号新佳园小区,113.698284,34.780049,13938487905;18503711186,8：00——22：00
金水区,50100,中餐厅,南棠宴·粤文化地标餐厅,农业南路与榆林北路交叉口东南角,113.758425,34.756222,0371-66777377;13343820305,8：00——22：00
金水区,50100,中餐厅,一家人(东明路店),东明路北174-1号,113.700002,34.778239,0371-65942188;0371-67605666;17797758883,8：00——22：00
金水区,50100,中餐厅,南泥湾(大石桥店),金水路37号院,113.654394,34.764408,0371-63682266;0371-63683388,8：00——22：00
金水区,50100,中餐厅,泮金大塘(农业路店),南阳路66号(农业路口东北角),113.642506,34.786284,0371-63296929;17737150329,8：00——22：00
金水区,50100,中餐厅,食欲老院子荆芥疙瘩汤(经五路店),经五路66号,113.677436,34.785261,15638484588,8：00——22：00
金水区,50100,中餐厅,豫宴玺堂,东风路与信息学院路交叉口,113.657814,34.799823,0371-65667866;15638587166,8：00——22：00
金水区,50100,中餐厅,知山海·野山珍养生宴,九如东路龙湖外环路22-7商铺一层拖二层,113.743133,34.778037,0371-66996168;18803719896,8：00——22：00
金水区,50100,中餐厅,沐锦佳宴,平安大道与中道东路交叉口东南角信息产业大厦一号楼四楼,113.808342,34.791907,0371-69155898;17344899489,8：00——22：00
金水区,50100,中餐厅,小食候湘·湘菜馆(郑州金水店),建业路131号2号楼1号商铺,113.722483,34.74514,17703830537,8：00——22：00
金水区,50100,中餐厅,因味疆来.新疆小馆(建业花园店),凤凰台街道郑汴路建业路交叉口建业路90号建业新天地桂园,113.722386,34.749674,17761667568,8：00——22：00
金水区,50100,中餐厅,俏江南(中瑞国际店),金水区如意东路50号中瑞国际,113.737342,34.80087,13140072925,8：00——22：00
金水区,50100,中餐厅,阿庄新豫菜(黄河南路店),郑东新区黄河南路8-53,113.744004,34.766178,0371-60399288;0371-68109081;18003719961,8：00——22：00
金水区,50100,中餐厅,徐升记不改良老火锅( 郑州东十里铺店 ),十里铺街郑东奥兰门诊部旁,113.729711,34.752799,15738392787,8：00——22：00
金水区,50100,中餐厅,钱塘人家(通泰路店),通泰路与商都路交叉口北300米路西,113.732943,34.751054,0371-53765788,8：00——22：00
金水区,50100,中餐厅,杭州宴(CBD店),郑东新区商务外环路13号绿地峰会天下3楼(近丹尼斯6天地),113.720008,34.777174,0371-66586699,8：00——22：00
金水区,50100,中餐厅,生态全牛宴总店(清真),通泰路宏图街交叉口南100米路东,113.733559,34.751272,0371-86616955;15188359799,8：00——22：00
金水区,50100,中餐厅,遇三蜂涮烤回转自助(国贸360店),新田360广场(郑州国贸店),113.68118,34.785408,18595876633,8：00——22：00
金水区,50100,中餐厅,裕丰源(福彩路店),晨旭路8号,113.698545,34.80216,0371-55936111;0371-55936333,8：00——22：00
金水区,50100,中餐厅,汕之味·焯粤潮州菜(民生东街店),正光北街(民生东街)9-5号,113.751286,34.769584,19900915550;19900915553,8：00——22：00
金水区,50100,中餐厅,三人行信阳味馆,金水东路88号楷林IFC国际金融中心D座(与心怡路交叉口),113.771853,34.77046,13837139222,8：00——22：00
金水区,50100,中餐厅,芸河荟艺术餐厅,绿地原盛国际6号楼B座附18号,113.769317,34.767339,0371-86556882,8：00——22：00
金水区,50100,中餐厅,解家河南菜(名门广场店),金水路与玉凤路交叉口东南角297号名门城市广场F1(农夫刘先生旁),113.71247,34.761819,13674902320,8：00——22：00
金水区,50100,中餐厅,那拉提新疆特色餐厅(三全路店),三全路渠东路交叉口向东100米路南,113.663383,34.828622,18039571372,8：00——22：00
金水区,50100,中餐厅,渔珺石锅鱼(龙子湖店),育翔小区东南门东150米,113.805667,34.816767,0371-55030196,8：00——22：00
金水区,50100,中餐厅,知青老食堂(沙口路店),沙口路115号(摩尔时代对面),113.642105,34.767306,0371-86067736;15290432181,8：00——22：00
金水区,50100,中餐厅,金元甲甲鱼馆(经三路店),经三路与红专路交叉口向东20米路北,113.693257,34.780115,16696691988,8：00——22：00
金水区,50100,中餐厅,黑土风情铁锅炖大鹅(十里铺店),东十里铺社区南门旁(东十里铺地铁站F口步行330米),113.729285,34.74792,0371-55625177;19900945117,8：00——22：00
金水区,50100,中餐厅,谷雨春红烧黄河大鲤鱼(紫荆山店),经八路街道金水路13号(紫荆山地铁站E口步行310米),113.680636,34.764324,0371-65529800;15638115151,8：00——22：00
金水区,50100,中餐厅,华豫川酒家(金水路店),金水路106号(紫荆山地铁站E口步行440米),113.678416,34.763701,0371-86681984,8：00——22：00
金水区,50100,中餐厅,观淮·信阳味道(姚寨路店),黄河路金城时代广场3号楼1层外场111号,113.704411,34.775569,0371-63221182,8：00——22：00
金水区,50100,中餐厅,西郊竹园甲鱼面(金融岛店),金融岛郑州银泰inPARK1区2楼B-L2001-2,113.736833,34.810197,0371-67545000,8：00——22：00
金水区,50100,中餐厅,西子品宴,英协路与凤凰东路交叉口向南50米路西,113.718025,34.743775,0371-55317555;19138010999;19900928567,8：00——22：00
金水区,50100,中餐厅,霸王别姬新派打边炉(天时路店),天赋路36号27号楼1-2层25号,113.752513,34.784124,18538760990,8：00——22：00
金水区,50100,中餐厅,江西老妈菜馆(国基路店),国基路89号9-102,113.645251,34.819649,15378778298;17638518379,8：00——22：00
金水区,50100,中餐厅,因味疆来新疆小馆(经三路店),经三路与东风路交叉口79-9号,113.692903,34.794042,19138021117,8：00——22：00
金水区,50100,中餐厅,西牧尚品新疆菜·土坑烤全羊,通泰路与金水路交叉口向北50米路东,113.733126,34.761841,0371-86598888,8：00——22：00
金水区,50100,中餐厅,桂府花园信阳菜,东风南路与七里河南路交叉口向西150米路南,113.766141,34.76143,0371-55238366,8：00——22：00
金水区,50100,中餐厅,华豫川酒家(英协路店),商城东路北商贸路西5号楼1单元1层6号,113.718068,34.753088,0371-60680666;0371-60680888,8：00——22：00
金水区,50100,中餐厅,山有月·茶与餐,北龙湖金融岛银泰inPark4区CL3022,113.729111,34.811433,15303715917,8：00——22：00
金水区,50100,中餐厅,重庆渝井巷老火锅(郑州天泽街店),逸水湾东门西南100米,113.738358,34.786022,16623658885,8：00——22：00
金水区,50100,中餐厅,蓉亭食贝(金融岛店),金融岛银泰4c2004-2005,113.7316,34.809769,0371-60101999,8：00——22：00
金水区,50100,中餐厅,食欲老院子荆芥疙瘩汤(尚座中心店),金水东路35号尚座中心一楼北广场,113.757194,34.76467,19900909665,8：00——22：00
金水区,50100,中餐厅,那拉提新疆特色餐厅(百福街店),郑东新区百福街与宏图街交叉口15-10号,113.736527,34.751918,13073726535,8：00——22：00
金水区,50100,中餐厅,西郊竹园甲鱼面(龙子湖店),尚贤街与明理路交叉口西北100米,113.809479,34.788799,0371-63959111,8：00——22：00
金水区,50100,中餐厅,苏园·家宴(众意路店),农业东路28号,113.722404,34.785918,0371-66752666,8：00——22：00
金水区,50100,中餐厅,张老炝方城炝锅烩面(郑州龙湖金融岛店),郑州银泰inPARK东门西南350米,113.73758,34.81057,0371-60982358;19137636958,8：00——22：00
金水区,50100,中餐厅,锦时山坊·江浙菜台州海鲜(创智天地店),郑东新区中道东路智慧岛创智天地3楼,113.807983,34.795646,0371-67971333;16603843339,8：00——22：00
金水区,50100,中餐厅,学长大盘鸡(龙子湖店),平安大道建业智慧港S1号,113.807334,34.791772,0371-60994776;13021405118,8：00——22：00
金水区,50100,中餐厅,杨生三味,金水区农业路与政七街交叉口向北80米路西,113.687347,34.787934,15538113615,8：00——22：00
金水区,50100,中餐厅,松针蔡记蒸饺(花园路店),花园路61号(黄河路地铁站D口步行250米),113.681529,34.776038,0371-55222198,8：00——22：00
金水区,50100,中餐厅,西郊竹园甲鱼面(豫海奥迪店),金水路与中州大道交汇处216号(广汇PAMA小区东门区正门向北50米),113.721087,34.764635,0371-65870000,8：00——22：00
金水区,50100,中餐厅,盘牛匠自助烤肉(郑东绿地店),金水东路80号绿地新都会F6层,113.766492,34.770326,13938560545,8：00——22：00
金水区,50100,中餐厅,本味·焖罐源(天泽街店),天泽街1之2-3,113.739271,34.786968,0371-68891199;15038078854,8：00——22：00
金水区,50100,中餐厅,福满苑酒楼,文化路48-1号,113.666963,34.780635,15515786267,8：00——22：00
金水区,50100,中餐厅,洛九门·洛阳涮牛肚(健康路店),经八路街道优胜南路36号明辉城市花园,113.664393,34.766695,18236802794,8：00——22：00
金水区,50100,中餐厅,仲和小馆(花园路老店正弘城店),花园路136号附31号(北三环地铁站B口步行400米),113.681059,34.801286,0371-88917188;19603719573,8：00——22：00
金水区,50100,中餐厅,十二道街川湘味菜馆(相济路店),熊儿河路与相济路交叉口东50米路南,113.770416,34.782489,0371-63336337,8：00——22：00
金水区,50100,中餐厅,秦姐鲜炒花椒鸡,升龙广场E区北6门东220米,113.708338,34.761472,18315479823,8：00——22：00
金水区,50100,中餐厅,豫雅园·烤鸭烩面,金水东路与心怡路交汇处东南角东方雅宝国际广场院内A岛1-3层,113.772601,34.768644,0371-55917878;15138951453,8：00——22：00
金水区,50100,中餐厅,郑州烤鸭总店(人民路店),紫荆山地铁站D口步行250米,113.680521,34.761536,0371-66231074;0371-66252796;0371-66266197,8：00——22：00
金水区,50100,中餐厅,小城外品质民间菜(国基路店),国基路98号院4号楼106/107商铺,113.644406,34.819655,0371-55022858,8：00——22：00
金水区,50100,中餐厅,豫满楼(正光路店),王鼎·国贸大厦东南门旁,113.751859,34.768798,0371-88888017,8：00——22：00
金水区,50100,中餐厅,徐升记不改良老火锅(郑州丰乐路店),南阳路街道丰乐路泉舜上城润泉苑12-112,113.654154,34.777382,18703667119,8：00——22：00
金水区,50100,中餐厅,阿海小馆(楷林IFC店),金水东路88号2号楼3层311号,113.772321,34.77047,15890089509,8：00——22：00
金水区,50100,中餐厅,解家河南菜(未来路店),纬五路东段66号金陵海悦酒店一楼门面房,113.707018,34.772473,0371-67547000,8：00——22：00
金水区,50100,中餐厅,寻味小馆(政七街店),农业路与政七街交叉口向北150米路西,113.68728,34.788374,0371-66208899;15515536209,8：00——22：00
金水区,50100,中餐厅,四囍·冰城小馆锅包肉,政六街与纬五路交叉口向北100米路东,113.68495,34.772898,0371-65528115;17752551236,8：00——22：00
金水区,50100,中餐厅,一天一头牛·鲜牛肉火锅(天明路店),红专路与天明路交叉口西北角,113.655781,34.779791,0371-63939521;18848820856,8：00——22：00
金水区,50100,中餐厅,解家河南菜(金水路店),金水路与健康路交叉口东北角24号润华商务C座南,113.664609,34.764624,0371-67517555,8：00——22：00
金水区,50100,中餐厅,汕之味.潮州菜(英协路店),郑汴路138号14号楼1-2层5,113.718749,34.748626,17630011688;17734817222,8：00——22：00
金水区,50100,中餐厅,柘城垛子羊肉旗舰店(李柱美食),通泰路与宏图街交叉口向南90米路东,113.733564,34.751573,0371-88881728;15617612340,8：00——22：00
金水区,50100,中餐厅,肆月河豚·新淮扬(郑州东站店),创业路6号艾尚酒店西侧,113.765802,34.760786,0371-66221899;19943866568,8：00——22：00
金水区,50100,中餐厅,金元甲甲鱼馆(博颂路店),博颂路38号豫军长基花园2号楼1-2层106号商铺,113.641948,34.808762,13213004229;15938787688,8：00——22：00
金水区,50100,中餐厅,费大厨辣椒炒肉(郑州郑东万象城店),金水东路辅路与才高街交叉口东南200米郑州郑东万象城L6层,113.763361,34.766434,0371-53370703,8：00——22：00
金水区,50100,中餐厅,天堂鸟水煮鱼·烟火川菜(索凌路店),索凌路与信基路交叉口北50米路西8号,113.638742,34.816019,0371-60119555,8：00——22：00
金水区,50100,中餐厅,疆游记·丝路盛宴,福元路与建业路交叉口东南20米,113.722435,34.757364,15713873051,8：00——22：00
金水区,50100,中餐厅,仲和晓院(丰庆路店),丰庆路与文劳路交叉口,113.647589,34.805219,0371-65168868;15637183388,8：00——22：00
金水区,50100,中餐厅,苏园茗宴(郑州银泰inPARK店),郑州银泰inPARK东门西南60米,113.738853,34.812466,0371-63603666;15649856444,8：00——22：00
金水区,50100,中餐厅,兰舍小院味道,南阳路41号,113.647256,34.779534,0371-63220506,8：00——22：00
金水区,50100,中餐厅,双合园·海鲜水饺青岛菜(郑州经三路店),豫水大厦西门旁(省人民医院地铁站D口步行320米),113.692737,34.777994,15838340061;18539990085,8：00——22：00
金水区,50100,中餐厅,名人名家·浙菜(通泰路店),雄鹰商务西门旁,113.733328,34.762262,0371-60811111;19837102078,8：00——22：00
金水区,50100,中餐厅,杨掌柜辣椒炒肉(龙子湖店),平安大道与博学路交汇处局外太格茂购物中心6层2号,113.801544,34.793713,0371-55959191;17335591569,8：00——22：00
金水区,50100,中餐厅,宋风雅宴·宋文化餐厅(尚座中心店),金水东路与农业南路交叉口向南100路东(尚座中心A座四楼),113.756145,34.763443,0371-67602555;17839981151,8：00——22：00
金水区,50100,中餐厅,渔珺石锅鱼(广电南路店),广电南路嘉和园小区1号楼9-14号,113.683963,34.805461,0371-63908883,8：00——22：00
金水区,50100,中餐厅,兰湘子.湘菜小炒(郑州银泰inPARK店),龙湖金融岛郑州银泰inPARK商业二区2层L2006室,113.737775,34.814412,13937416215,8：00——22：00
金水区,50100,中餐厅,小豆莽口味馆长沙市井菜(红专路店),红专路7号院经七路向西200米路北1号临街门面房,113.669749,34.780037,13663853906,8：00——22：00
金水区,50100,中餐厅,汕之味潮州菜(众意路店),东风东路与众意路交叉口向北200米路东,113.722843,34.788638,18037873588;19903866692,8：00——22：00
金水区,50100,中餐厅,老白记烩面手抓牛骨头(沙口路店),沙口路与金水路交叉路口向北一百米路西,113.645874,34.76329,0371-55963856;15890020908,8：00——22：00
金水区,50100,中餐厅,老友记打边炉(河南省国税局家属院店),丰产路109号附35号,113.697867,34.783566,0371-55006988;13526621887,8：00——22：00
金水区,50100,中餐厅,西部来客大盘鸡(全国总店),东岸尚景A区南门旁,113.664485,34.824331,13526623871,8：00——22：00
金水区,50100,中餐厅,须水邓记叫化鸡(熊儿路店),东风南路与熊儿河路交汇处向东200路南,113.763013,34.777449,0371-55657757,8：00——22：00
金水区,50100,中餐厅,垭芈汤锅(郑州银泰inPARK店),龙湖金融岛北银泰2区3楼垭芈汤锅(二十四节气锅专门店),113.736586,34.81485,0371-86182168,8：00——22：00
金水区,50100,中餐厅,九味川香麻婆豆腐(心怡路店),祭城心怡路与相济路交叉口,113.770432,34.782644,13683837062,8：00——22：00
金水区,50100,中餐厅,米喜鱼·烤活鱼(天泽街店),顺驰第一大街沁水湾西门西南180米,113.738581,34.785427,19900919191,8：00——22：00
金水区,50100,中餐厅,天堂鸟水煮鱼·烟火川菜(商都路店),商都路聚源路向西100米路北,113.737125,34.749101,0371-53673337;0371-53673338,8：00——22：00
金水区,50100,中餐厅,绿茶餐厅(郑州绿地新都会店),金水东路80号新田360广场4楼,113.766625,34.770025,0371-60939515,8：00——22：00
金水区,50100,中餐厅,状元甲(万安街店),黄河东路89号4号楼1-2层89-2-26,113.746632,34.755744,19034168876;19937537388,8：00——22：00
金水区,50100,中餐厅,湘遇湘知·地道湘菜(雅宝国际店),金水东路心怡路雅宝东方国际广场60-7号,113.773427,34.76843,0371-60999930;18939577954,8：00——22：00
金水区,50100,中餐厅,肆月河豚·新淮扬(众意路店),农业路与众意路交叉口建业联盟新城一期10号楼1-7号,113.722535,34.786486,19900909778,8：00——22：00
金水区,50100,中餐厅,蓉亭食贝(郑州郑东万象城店),金水东路辅路与才高街交叉口东南200米郑州郑东万象城L4层CL416,113.76505,34.764723,0371-67895666,8：00——22：00
金水区,50100,中餐厅,阿嫲·粗粮人家·蓉园(杨金路店),杨金路与宣礼路交叉口向南50米路东8号聚方科技园A1西裙楼1层17户,113.739358,34.844594,19937884599,8：00——22：00
金水区,50100,中餐厅,谷雨春红烧黄河大鲤鱼(园田店),东风路街道园田路与博颂路交叉口西北角18号,113.652403,34.809335,13213084602,8：00——22：00
金水区,50100,中餐厅,饭湘(政七街店),农业路与政七街向北100米路西,113.687334,34.788496,15617028175,8：00——22：00
金水区,50100,中餐厅,宴蘇禾·江浙小馆,经三路红专路交叉口向东10米路南,113.693023,34.779827,0371-55892999;0371-58551222,8：00——22：00
金水区,50100,中餐厅,兰湘子.湘菜小炒(大卫城店),丹尼斯大卫城10楼,113.666037,34.757269,0371-55031799;15093085769,8：00——22：00
金水区,50100,中餐厅,樊老七乡野地锅柴鸡(相济路店),祭城路街道庙张街2号观屿国际门面2-32号,113.772551,34.782778,19900937187,8：00——22：00
金水区,50100,中餐厅,阿森九记 猪肚鸡/毋米粥,红专路130号1层附128-130号,113.705892,34.780134,18135687726;19137638229,8：00——22：00
金水区,50100,中餐厅,葛记焖饼(索凌路),索凌路10号院瑞祥如意世家7号楼1-2层701号,113.638136,34.813038,0371-55091926,8：00——22：00
金水区,50100,中餐厅,东来顺饭庄(经三路店),纬四路19号二层,113.693213,34.770028,0371-69396888,8：00——22：00
金水区,50100,中餐厅,同胜祥(正光路店),"郑东新区正光路109号B1号楼5,6号门面房",113.769485,34.772586,0371-86505959;15838134151,8：00——22：00
金水区,50100,中餐厅,荆九爷桥头三嫩(会展中心店),民航路19号,113.718576,34.764519,15138952979,8：00——22：00
金水区,50100,中餐厅,张老炝方城炝锅烩面(自贸大厦店),心怡路祥盛街交口向东150米路北,113.773512,34.767423,0371-55915897,8：00——22：00
金水区,50100,中餐厅,橘婆婆地锅柴鸡(经一路店),经一路与农业路交叉口北100米,113.697743,34.787645,0371-55982378;15738387095;19037177900,8：00——22：00
金水区,50100,中餐厅,稻咱家(郑东新区正光路店),正光路109号晖达·新领地西区,113.767636,34.77212,0371-58550899;17752510188,8：00——22：00
金水区,50100,中餐厅,鲜咖鲜客(中国特色商业街店),农科路25-38号(东风路地铁站B口步行480米),113.684341,34.792226,15803839008,8：00——22：00
金水区,50100,中餐厅,無名冒菜,沙口路129号蜜油创意园9号楼1号,113.640251,34.773193,15136276697,8：00——22：00
金水区,50100,中餐厅,龙子湖·粤萃家宴,龙子湖南路与龙子湖西路交叉口东北180米,113.79628,34.787015,15515577972,8：00——22：00
金水区,50100,中餐厅,客家菜馆(政七街),东风路与政七街交汇处向南200米路西,113.687669,34.79388,15936233866,8：00——22：00
金水区,50100,中餐厅,京兆轩铜锅涮(顺驰第一大街逸水湾店),东风路与天泽街西南角,113.738862,34.787186,0371-55283777;17737772568,8：00——22：00
金水区,50100,中餐厅,古鲁特烤肉自助餐厅(郑州曼哈顿店),未来路街道金水路305号金水路曼哈顿商业中心-层,113.704918,34.761601,19339900155,8：00——22：00
金水区,50100,中餐厅,京小凤鲜炒大盘鸡(曼哈顿店),升龙广场18号楼东门南60米,113.708616,34.759907,18639889316;18937175568,8：00——22：00
金水区,50100,中餐厅,姐弟俩土豆粉(郑州正弘城店),花园路与东风路交叉口正弘城负一楼姐弟俩土豆粉,113.679432,34.796237,19339992854,8：00——22：00
金水区,50100,中餐厅,张老炝方城炝锅烩面(博雅广场店),郑东新区明理路与平安大道西南角博雅广场1层,113.809858,34.791686,0371-55059908;19103831408,8：00——22：00
金水区,50100,中餐厅,信阳红厨意(民生东街店),正光路与民生东街向北50米路东,113.751395,34.769125,0371-61283666;0371-61283777;15736736079,8：00——22：00
金水区,50100,中餐厅,小菜园新徽菜(郑州金水大卫城店),西太康路与二七路交汇处丹尼斯大卫城10楼,113.666236,34.757621,18761615129,8：00——22：00
金水区,50100,中餐厅,久如香 小龙虾·羊蝎子(九如路店),九如路27-6号与农业东路交叉口北100米路东,113.740722,34.783366,0371-68872288,8：00——22：00
金水区,50100,中餐厅,胖哥俩肉蟹煲(郑州正弘城店),东风路与花园路西正弘城8楼,113.679805,34.795523,0371-55636696;18292306756,8：00——22：00
金水区,50100,中餐厅,锦珍锦顺德开煲(农科路店),农科路花园路交汇处向东200米路南,113.685138,34.792226,0371-86686806;0371-86686808,8：00——22：00
金水区,50100,中餐厅,李茗朵全民素食自助(郑州市瀚海海尚店),东风路32号瀚海海尚F1104号,113.646465,34.801566,17319766696,8：00——22：00
金水区,50100,中餐厅,豫满楼(郑东新区店),商务外环路与商务东五街交汇处西100米路北,113.732452,34.76815,0371-88888012;0371-88888013,8：00——22：00
金水区,50100,中餐厅,华豫川酒家(大卫城店),二七路大卫城11层B002号,113.665778,34.757188,0371-66001984;18538211984,8：00——22：00
金水区,50100,中餐厅,曼玉餐厅(绿地新都会店),金水东路80号新田360广场B馆2层,113.768743,34.769883,0371-55338056;19937850837,8：00——22：00
金水区,50100,中餐厅,华豫川餐厅(丹尼斯.七天地店),郑东新区丹尼斯七天地2层72F-001号,113.722674,34.77778,0371-88883030,8：00——22：00
金水区,50100,中餐厅,九味川香·麻婆豆腐(国基路店),花园路与国基路交叉口向西300米路南(花园路口西侧)53-9,113.674356,34.819396,18538502606,8：00——22：00
金水区,50100,中餐厅,巴奴毛肚火锅(郑东万象城店),金水东路辅路与才高街交叉口东南200米郑州郑东万象城L7层,113.763336,34.766468,0371-63358577,8：00——22：00
金水区,50100,中餐厅,无名冒菜(郑州银泰inPARK店),龙湖金融岛郑州银泰inPARK商业1区1层B-L1014号,113.738546,34.81135,13949049458,8：00——22：00
金水区,50100,中餐厅,聚味美鲜炒大盘鸡(政六街店),政六街18-5号,113.684644,34.778539,17398969986,8：00——22：00
金水区,50101,综合酒楼,闽南酒楼(宏昌街店),百福街与宏昌街交叉口东北角,113.736541,34.750317,0371-55029996;13838243381,8：00——22：00
金水区,50101,综合酒楼,越秀酒家(任寨北街店),任寨北街6-13号,113.669141,34.77065,0371-63837666;0371-63837888;15136208800,8：00——22：00
金水区,50101,综合酒楼,新通汇酒楼,金水路20号附15号,113.668753,34.764956,18638516228,8：00——22：00
金水区,50101,综合酒楼,丽都酒楼(经五路店),关虎屯商业步行街与经五路交叉口东50米,113.678115,34.782922,0371-65711803;0371-65730468;18625578374,8：00——22：00
金水区,50101,综合酒楼,黎你很近·惠灵顿牛排臻选,农业南路与祥盛街交叉口新华尚座二楼,113.756657,34.763919,17630065013,8：00——22：00
金水区,50101,综合酒楼,豫满楼(红旗路店),红旗路34号(郑州人民医院地铁站E口步行180米),113.666061,34.776958,0371-63868999;15003889449,8：00——22：00
金水区,50101,综合酒楼,廣順鑫猪肚鸡(新建文店),经八路11号院1号楼1层,113.669516,34.775332,0371-55953326;15378725033;18625803326,8：00——22：00
金水区,50101,综合酒楼,西湖春天(金水路店),金水路115号中州智选假日酒店1楼(近紫荆山公园),113.693035,34.76269,0371-65858001;0371-65858002;18003719686,8：00——22：00
金水区,50101,综合酒楼,东盛丽都(东盛国际店),花园路25-1号东盛国际,113.682448,34.779547,0371-65957318;0371-65965260,8：00——22：00
金水区,50101,综合酒楼,小零西餐厅(魔法世界主题)清真,双河湾北门旁,113.729299,34.783912,0371-66360888,8：00——22：00
金水区,50101,综合酒楼,爱芳爱德酒家(政二街店),花园路街道政二街金水路交叉口,113.684695,34.763996,0371-65999567,8：00——22：00
金水区,50101,综合酒楼,豫宴泓园,平安大道199号建业智慧港1-2层,113.807142,34.790461,0371-65667566,8：00——22：00
金水区,50101,综合酒楼,西塔老太太泥炉烤肉(郑州国贸新田360广场店),花园路国贸360商场C308铺位,113.679625,34.784175,0371-66326696;15517128175,8：00——22：00
金水区,50101,综合酒楼,铁锅宴秘制地锅柴鸡(金阳光居易店),天明路与群办路交叉口向南80米路西,113.64544,34.794692,17596118011,8：00——22：00
金水区,50101,综合酒楼,范师傅·香菇牛肉面·烧烤(三全路店),三全路89号东岸尚景B区2号楼7商铺,113.663078,34.828652,19139862538,8：00——22：00
金水区,50101,综合酒楼,金经有味小馆子(经二路店),经二路2号,113.695299,34.764408,0371-60940822;13673990033,8：00——22：00
金水区,50101,综合酒楼,知青村康养餐厅,民航路12号附1号(民航路地铁站H口步行270米),113.716764,34.764608,0371-65366926,8：00——22：00
金水区,50101,综合酒楼,久久缘盛宴,郑汴路英协路6号,113.717585,34.749077,0371-55520990,8：00——22：00
金水区,50101,综合酒楼,福状元(英协路店),英协路299号,113.718707,34.748289,0371-60207686;17803852705,8：00——22：00
金水区,50101,综合酒楼,阿国一品炒鸡(白庄社区店),白庄社区西门北120米,113.730211,34.741095,13513716267,8：00——22：00
金水区,50101,综合酒楼,高丽烤肉專門店(百福街店),郑东新区通泰路43号院龙杰苑14号楼1-2层附2号,113.736083,34.756526,0371-55207799;18638925521,8：00——22：00
金水区,50101,综合酒楼,老宛诚卤山羊(聚源路店),聚源路与宏昌街交叉口西北角,113.739321,34.750179,0371-58561388;15638886991,8：00——22：00
金水区,50101,综合酒楼,鱼库秘制烤鱼(大旺城店),陈庄街与畅和街交叉口向南50米路东(折扣牛旁边二楼),113.768115,34.779204,13439081203;18338353396,8：00——22：00
金水区,50101,综合酒楼,柘城垛子羊肉,祭城路街道心怡路26号祭城2号院东区,113.770431,34.777447,13783688040;18236768852,8：00——22：00
金水区,50101,综合酒楼,福满楼烤鸭(时埂社区店),时埂社区西4门南60米,113.797847,34.811365,13253689860,8：00——22：00
金水区,50101,综合酒楼,超姐家(生啫煲仔),宝龙广场A区一层1156号(喜鹊愉家西南角),113.733432,34.781058,18530003881,8：00——22：00
金水区,50101,综合酒楼,小波烧烤小吃(铁道·丽景苑店),桐柏路街道嵩山北路105号,113.63202,34.767507,13733176834,8：00——22：00
金水区,50101,综合酒楼,醉面肉酱面是一绝(宝龙广场店),郑东新区农业东路33号2号楼一层38,113.737357,34.782532,13525544858,8：00——22：00
金水区,50101,综合酒楼,王福记(天泽街店),东风东路与天泽街交叉口东南角,113.739343,34.787079,18539913576,8：00——22：00
金水区,50101,综合酒楼,庖丁堂(会展中心店),金水东路与通泰路交叉口向北20米路东,113.732883,34.76396,0371-88889000,8：00——22：00
金水区,50101,综合酒楼,新人和食府(红专路店),红专路128号18号楼,113.702872,34.779817,0371-65712222,8：00——22：00
金水区,50101,综合酒楼,杨掌柜辣椒炒肉(天明路店),天明路建业森林半岛29-17,113.640222,34.802751,0371-60937578,8：00——22：00
金水区,50101,综合酒楼,三厂烩羊肉(新村路店),丰庆路瑞穗苑11号商铺,113.648235,34.827989,0371-67551619,8：00——22：00
金水区,50101,综合酒楼,鱼库秘制烤鱼(丰乐路店),东风路与丰乐路交叉口向南200米路西,113.63994,34.795371,18638226318,8：00——22：00
金水区,50101,综合酒楼,醉巴鲜烤鱼(瀚海北金店),瀚海北金商场3楼,113.665823,34.809201,15303845138,8：00——22：00
金水区,50101,综合酒楼,豪佳香,经八路街道黄河路89号,113.661808,34.774455,0371-63872333,8：00——22：00
金水区,50101,综合酒楼,大客堂茶馆,鑫苑西路6号院6号楼,113.673454,34.801476,15238018333,8：00——22：00
金水区,50101,综合酒楼,遣生烧烤(郑州市黄河河务局家属院店),丰产路73-3号,113.685997,34.783619,15936219085,8：00——22：00
金水区,50101,综合酒楼,豫发馍菜汤(绿洲·银郡店),经三路56号院综合楼裙楼二层,113.69226,34.79108,0371-63389770,8：00——22：00
金水区,50101,综合酒楼,本穆青海牛肉拉面(纬五路店),纬五路39号河南水利·科学研究综合楼1层大厅西侧第二间商铺,113.687813,34.771723,18037805178,8：00——22：00
金水区,50101,综合酒楼,老一楼(红旗路店),红旗路88号绿云都市家园,113.689582,34.777017,15238022026,8：00——22：00
金水区,50101,综合酒楼,老雷酒记(宋基店),九如东路22-9号,113.742951,34.778384,13938455187,8：00——22：00
金水区,50101,综合酒楼,百福驴肉(通泰路店),通泰路与宏昌街交口北行50米路西,113.732937,34.750679,13838360675,8：00——22：00
金水区,50101,综合酒楼,龙场驿·24节气餐厅(雄鹰商务店),金水东路与通泰路交叉口东北角雄鹰商务c区2-14号,113.733074,34.762364,0371-65029999,8：00——22：00
金水区,50101,综合酒楼,刘文祥麻辣烫(龙子湖木华广场店),正商木华广场1号楼110商铺,113.809708,34.795002,17353654325,8：00——22：00
金水区,50101,综合酒楼,粗粮小厨羊肉大串鲜炒鸡,时埂社区东南门东北110米,113.800337,34.80978,17055556111,8：00——22：00
金水区,50101,综合酒楼,信阳春天(心怡路店),祭城社区心怡路36号院东门北70米,113.770394,34.781892,0371-86185681,8：00——22：00
金水区,50101,综合酒楼,信阳南湾鱼(陈庄街专卖店),陈庄街正光路交叉口东北角(祭城地铁站A口步行370米),113.767414,34.772832,0371-87550556,8：00——22：00
金水区,50101,综合酒楼,大宋官窖,中义·阿卡迪亚东门南160米,113.743937,34.764218,18736001191,8：00——22：00
金水区,50101,综合酒楼,张纳炒鸡,水利水电工程质量检测中心综合实验楼北1门西南50米,113.687237,34.771388,0371-66567837;13253386108;13949112671,8：00——22：00
金水区,50101,综合酒楼,辣妹子家常菜(经三路店),经三路56号综合楼1-2层3号,113.69226,34.791332,13633824788,8：00——22：00
金水区,50101,综合酒楼,二毛川菜馆(丰产路店),丰产路26号院综合楼1层临街西6号商铺,113.669981,34.783762,17396242495;18860366262,8：00——22：00
金水区,50101,综合酒楼,老二碳锅鱼海鲜烧烤大排档,嵩山北路与农业路交叉口北150米路东,113.623955,34.778736,13938258662,8：00——22：00
金水区,50101,综合酒楼,至善阁家常菜(海联大厦店),商务外环路海联大厦1层,113.733412,34.776576,0371-55126669,8：00——22：00
金水区,50101,综合酒楼,地锅根据地(凤鸣路店),建业路凤鸣路交叉口向东100米路南,113.723064,34.749743,15037038723,8：00——22：00
金水区,50101,综合酒楼,松间照私厨(蓝城兰园店),中环南路与龙腾一街交叉口东南角天创商务中心一楼,113.731109,34.792476,0371-68697666;15003826428,8：00——22：00
金水区,50101,综合酒楼,大叔专业烧烤,黑朱庄路107-9,113.716761,34.767116,15638200277,8：00——22：00
金水区,50101,综合酒楼,季季火铁板烧,顺河路燕东路107号,113.708951,34.759475,18838186987,8：00——22：00
金水区,50101,综合酒楼,蜀蜀的粉永和时光里店,平安大道197号永和时光里三楼29铺,113.805675,34.791425,13060801911,8：00——22：00
金水区,50101,综合酒楼,荷香居(东校区郑州航空工业管理学院店),郑州东区航院专家公寓物业中心,113.791272,34.791202,13781402691,8：00——22：00
金水区,50101,综合酒楼,康味源黄焖鸡绿地之窗店,普惠路80号1号楼1-3层附7号一楼,113.770483,34.760971,19139950068,8：00——22：00
金水区,50101,综合酒楼,豪享来(龙湖中环东路店),"龙湖中环路南,秋澄街西(秋澄街便民服务中心)A栋1号楼二层B2号商铺",113.764523,34.79556,0371-55028828,8：00——22：00
金水区,50101,综合酒楼,leckeres leben巴伐利亚德国啤酒餐厅(龙湖里店),九如路与龙湖中环路交会处龙湖里4层A栋,113.741501,34.791175,19949184777,8：00——22：00
金水区,50101,综合酒楼,王春光美食汇人保大厦店,商务外环路与九如东路交叉口西北80米,113.735334,34.773533,19138060606,8：00——22：00
金水区,50101,综合酒楼,One Smile 美式烟熏慢烤(郑州银泰inPark店),北龙湖湖滨银泰1区B-L1017,113.738381,34.811666,15638878770,8：00——22：00
金水区,50101,综合酒楼,开封黄家羊双肠(王庄新区店),王庄新区北门旁,113.716225,34.739825,13526834268,8：00——22：00
金水区,50101,综合酒楼,豪客来牛排(丹尼斯1天地店),商务外环路1号丹尼斯1天地F3层,113.724005,34.76706,0371-86631688,8：00——22：00
金水区,50101,综合酒楼,碗碗面(丹尼斯四天地店),丹尼斯四天地三楼碗碗面,113.719115,34.772705,15286804352,8：00——22：00
金水区,50101,综合酒楼,合豐马坡烧烤111店,学府广场A座商业街108号,113.800824,34.794966,18860399064,8：00——22：00
金水区,50101,综合酒楼,穆记涮锅(郑州国际城店),宏明路与沙门西路交叉口西北角16-2商铺,113.66948,34.824215,17638540999,8：00——22：00
金水区,50101,综合酒楼,岭里丽东北大馅水饺家常菜(岗杜街店),优胜北路与卫生路交叉口向东30米路北,113.656036,34.769316,15516961020,8：00——22：00
金水区,50101,综合酒楼,五哥碳锅鱼火锅,恒大名都东1门旁(白庙地铁站E口步行400米),113.670041,34.79768,13057555218,8：00——22：00
金水区,50101,综合酒楼,李记山野菜豆腐汤(经八路9号院店),经八路与红旗路交叉口南60米,113.669788,34.776188,15638866203,8：00——22：00
金水区,50101,综合酒楼,月老喇叭哥麻辣烫(郑州店),金水路二七路交叉口向西50米路南97-6号,113.666341,34.764137,15617598287,8：00——22：00
金水区,50101,综合酒楼,The boots泥靴Get holiday(大卫城店),金水区西太康路与二七路交会处丹尼斯大卫城BF-092(负一楼下沉广场),113.666557,34.758578,0371-55238882;19339985573,8：00——22：00
金水区,50101,综合酒楼,永味居(索克豫发大厦B座店),索克大厦B座锦江都城酒店2楼永味居餐厅,113.675061,34.765871,0371-65866616;18939179898,8：00——22：00
金水区,50101,综合酒楼,豫姥家大锅台鑫苑金融广场店,经三路99号,113.693352,34.806952,18203613559,8：00——22：00
金水区,50101,综合酒楼,固始院子(私房菜),南阳路群英路交叉口路西,113.640598,34.787631,13673602955,8：00——22：00
金水区,50101,综合酒楼,香格里拉酒馆(普罗市集店),普罗旺世普罗市集二楼,113.635653,34.823555,15515719859,8：00——22：00
金水区,50101,综合酒楼,同乐烧烤海鲜大排档·小龙虾(健康路店),同乐路13号院北2门旁,113.663486,34.771832,13526537776,8：00——22：00
金水区,50101,综合酒楼,云南一品过桥米线(政六街综合楼店),政六街17号,113.684622,34.778964,18737655980,8：00——22：00
金水区,50101,综合酒楼,One Smile 美式烟熏慢烤(郑东万象城店),郑东万象城南区负一下沉广场One Smile Fire&Fire,113.766073,34.764201,18603829855,8：00——22：00
金水区,50101,综合酒楼,YOLO厨房西餐厅,金融岛1区3楼保龄球旁边,113.737839,34.810957,18838108589,8：00——22：00
金水区,50101,综合酒楼,小小饺子馆(政六街综合楼店),政六街,113.684627,34.778995,13598011269,8：00——22：00
金水区,50101,综合酒楼,桥下炙子烤肉(金沙小区店),金水路49号绿地原盛国际,113.646494,34.76123,13603456740,8：00——22：00
金水区,50101,综合酒楼,烹厨酸菜鱼农家菜红旗路店,红旗路26号广厦城市之巅5号楼1层107-108,113.662964,34.777067,0371-55672558;13523005362,8：00——22：00
金水区,50101,综合酒楼,项师傅炸鸡汉堡(百脑汇店),白庙路与文博西路交叉口向北100路西恒大名都66号6-109项师傅汉堡炸鸡,113.670107,34.796402,18837843000,8：00——22：00
金水区,50101,综合酒楼,真鱿味(兴荣街店),郑东新区商鼎路12号龙祥苑小区58商铺,113.737191,34.757976,13255925953,8：00——22：00
金水区,50101,综合酒楼,鹤城烧烤(裕华文锦园店),南阳路生产路裕华文景园7号院1号楼1层10号,113.64595,34.783494,15237178086,8：00——22：00
金水区,50101,综合酒楼,面饺香私房菜(经三路店),经三路和纬二路交叉口向南150米路东,113.692788,34.766443,0371-86556967;13223038882;13674967779,8：00——22：00
金水区,50101,综合酒楼,郑州大玉米G PLUS空中观景餐厅,郑东新区商务中央公园2号1号楼59层,113.727493,34.770914,0371-86055959,8：00——22：00
金水区,50101,综合酒楼,田二哥炒鸡,政四街14号院13-4号,113.69929,34.765592,18203603713;18837188422,8：00——22：00
金水区,50101,综合酒楼,克罗克炸鸡汗堡城北路店,城东路与城北路交叉口向西100米路北22号,113.689359,34.755691,13007528961,8：00——22：00
金水区,50101,综合酒楼,信湘苑酒家,丰产路32号,113.674668,34.783829,0371-63697369;15136459001,8：00——22：00
金水区,50101,综合酒楼,番茄厨房,雅颂居小区4-102,113.684129,34.766374,19137615912,8：00——22：00
金水区,50101,综合酒楼,清享荟融合菜,郑东新区九如路东风东路交叉口往南100米路东,113.741355,34.78625,0371-85093888,8：00——22：00
金水区,50101,综合酒楼,盛·星廷牛排餐厅,郑州美盛喜来登4层(农业南路地铁站C口步行220米),113.754664,34.763882,0371-56967978,8：00——22：00
金水区,50101,综合酒楼,甲鱼铺子(清华·紫光园店),丰庆路与博远路交叉口向西150米路北,113.646224,34.81793,18603853112,8：00——22：00
金水区,50101,综合酒楼,杨家饺子馆,青年路凤台路交叉口向南一百米,113.714148,34.741092,18503845809,8：00——22：00
金水区,50101,综合酒楼,咩咩羊鲜汤(琉璃寺小区店),文化路与魏河北路交叉口西北角96-3,113.654163,34.840002,18003818888,8：00——22：00
金水区,50101,综合酒楼,紫荆顺合餐饮饭店,金水路顺河北街108号-1-6区,113.685812,34.762567,17788161086,8：00——22：00
金水区,50101,综合酒楼,大飞哥烤肉(金水店),明达路2-25号,113.641992,34.806316,18639022477,8：00——22：00
金水区,50101,综合酒楼,沙县小吃黄焖鸡米饭(庙李综合市场店),索凌路与博颂路东300米,113.639558,34.808529,18037572850,8：00——22：00
金水区,50101,综合酒楼,刘大超老式麻辣烫,红专路与政六街交叉口东100米,113.685811,34.780121,16696111595,8：00——22：00
金水区,50101,综合酒楼,柒粤餐厅,如意西路与地润路交叉口东二百米南停车场内,113.730496,34.78467,0371-65017717;18574179666,8：00——22：00
金水区,50101,综合酒楼,大富蚝烧烤酒场,中方园路66号郑州1908艺境商业广场7号楼1层7108商铺,113.656027,34.824482,18737159255,8：00——22：00
金水区,50101,综合酒楼,塞外二蛋•老北京铜锅鲜涮坊,文博东路29号1号商业街1层108,113.674082,34.792373,0371-88812020;15638582020,8：00——22：00
金水区,50101,综合酒楼,时光夜巷(永和龙子湖中央广场店),平安大道197号永和龙子湖中央广场F1层,113.805775,34.790625,13525531095,8：00——22：00
金水区,50101,综合酒楼,春芳饺子(金庄社区8号院店),郑东新区金庄社区8号院安置小区北大门东一户一层,113.774736,34.779097,13103820065,8：00——22：00
金水区,50101,综合酒楼,筱金枝燕(中盟龙湖里店),九如路与龙湖中环南路交叉口西南龙湖里商业体验中心,113.742525,34.791275,18236788884,8：00——22：00
金水区,50101,综合酒楼,正月乔乔记米线(广电南路店),花园路148号豫港综合楼东一商铺,113.680819,34.805204,15224946777,8：00——22：00
金水区,50101,综合酒楼,郭百味串串香(博颂路店),庙李综合市场北1门西50米,113.63919,34.808485,13213216667;15981810318,8：00——22：00
金水区,50101,综合酒楼,正宗襄县焖面(多之彩农贸市场店),丰产路街道丰产路126号多之彩农贸市场综合区16号-3,113.705052,34.784002,18039570058,8：00——22：00
金水区,50101,综合酒楼,盘中仙(宏远小区店),红专路经一路西南角盘中仙饺子馄饨,113.697143,34.77983,17260666670,8：00——22：00
金水区,50101,综合酒楼,阿飛柳州螺蛳粉,文化路78号轻工业学院临街综合楼一层自北向南第4间附2门面,113.664725,34.807237,15036666711,8：00——22：00
金水区,50101,综合酒楼,刘记全羊鲜汤,沙口路(第九人民医院对面),113.628579,34.78662,13223055416,8：00——22：00
金水区,50101,综合酒楼,竹林蜀香居(河南省国税局家属院店),丰产路109号,113.697769,34.783097,15225056162;18458076062,8：00——22：00
金水区,50101,综合酒楼,芳芳饺子馆(庙李家园东苑店),园田路博卉路西50米路南,113.651784,34.815276,13938550230,8：00——22：00
金水区,50101,综合酒楼,山西老面馆(蓝天空港店),兴荣街与通泰路交叉口西北角济空综合楼3号楼,113.732297,34.758466,15515605264,8：00——22：00
金水区,50101,综合酒楼,地盘薄比萨·炸鸡(YoYoPark店),国基路87号信万广场F6层,113.64741,34.818704,0371-60930277;15538306857,8：00——22：00
金水区,50101,综合酒楼,千百度音乐酒吧西餐(国贸360店),丰产路街道花园路26号科学院家属院,113.683361,34.780072,0371-53369666;18637179888,8：00——22：00
金水区,50101,综合酒楼,杨姐胡辣汤慢熬粥,丰庆路宏明西路东南角,113.64884,34.825025,13027762022,8：00——22：00
金水区,50101,综合酒楼,夜猫子烧烤海鲜夜市大排档,园田路博远路交叉口东北角,113.653075,34.817965,18539990769;19037178599,8：00——22：00
金水区,50101,综合酒楼,海容大酒店西餐厅,正光路与民生路交汇处海容大酒店1层,113.749551,34.768486,0371-86605188,8：00——22：00
金水区,50101,综合酒楼,白记牛羊肉(庙李综合市场店),宋砦小区1号院北门旁,113.639333,34.808488,13569432888,8：00——22：00
金水区,50101,综合酒楼,山西刀削面(庙李综合市场店),宋砦小区1号院北门旁,113.639421,34.808487,13938375162,8：00——22：00
金水区,50101,综合酒楼,中原第一猪蹄(盛和街),祭城村商铺东九区7号,113.772076,34.773237,13949130034,8：00——22：00
金水区,50101,综合酒楼,福建千里香馄饨王(顺河东街店),顺河东街综合楼二房屋中,113.68589,34.759648,13159332381,8：00——22：00
金水区,50101,综合酒楼,扬名四川担担面,经三路56号综合楼,113.692265,34.791564,15136156582,8：00——22：00
金水区,50101,综合酒楼,迪欧咖啡(英协路店),英协路138号英协宾馆1-2楼,113.718771,34.749005,15803807198,8：00——22：00
金水区,50101,综合酒楼,ROIIN用心(郑州首店)(暂停营业),正弘城7楼3号直梯右边直走,113.680855,34.796196,19137609885,8：00——22：00
金水区,50101,综合酒楼,品香阁(建业总部港店),如意西路建业总部港a座1楼中庭花园,113.731858,34.787285,13903816335,8：00——22：00
金水区,50102,四川菜(川菜),四川饭庄酸菜鱼,勤工路农业路交叉口向北50米路西,113.662616,34.788153,18503887606,8：00——22：00
金水区,50102,四川菜(川菜),仨锅逗名家川菜(博颂路店),索凌路博颂路口长基花园南门2-004,113.641889,34.808757,0371-55080570;18096378295,8：00——22：00
金水区,50102,四川菜(川菜),阿毛老川菜(林科路店),非常国际2期南门东110米,113.705923,34.789296,15136168861,8：00——22：00
金水区,50102,四川菜(川菜),四川阿彭回锅肉饭店(百福街店),百福街龙祥苑小区23-24号商铺,113.736489,34.75706,15515944611;18134741118,8：00——22：00
金水区,50102,四川菜(川菜),论味道·58度品质川菜(三全路旗舰店),中州大道468号教学楼1层1,113.692977,34.828554,0371-65855589,8：00——22：00
金水区,50102,四川菜(川菜),上河帮老川菜(恒升府第3期店),恒升府第3期西2门旁,113.698991,34.802985,0371-86235736;13598093069,8：00——22：00
金水区,50102,四川菜(川菜),二毛川菜馆(黄河路店),黄河路18号,113.676431,34.774827,0371-86009108;18695857215,8：00——22：00
金水区,50102,四川菜(川菜),老四川鲜拌鸡(四季鲜农贸市场店),红旗路经五路交叉口向东两米,113.6779,34.776756,15090270852,8：00——22：00
金水区,50102,四川菜(川菜),金之禾馍菜汤川菜馆(明珠小城店)1,沙口路118号,113.644475,34.7648,0371-55012122;13384008409,8：00——22：00
金水区,50102,四川菜(川菜),四川回锅肉饭店(博瑞花园店),凤台路东金英路北滨河路南5幢1层29号房(近金英街),113.714478,34.751126,15225139858;18300703589,8：00——22：00
金水区,50102,四川菜(川菜),四川小吃,四川小吃(德蓉记),113.682494,34.769641,18538500153,8：00——22：00
金水区,50102,四川菜(川菜),川菜香家常菜(东风路店),电子大厦附近东风路9号,113.66301,34.799408,0371-55259875;18301211765,8：00——22：00
金水区,50102,四川菜(川菜),蜀七哥川味砂锅(凤凰茶城店),升龙凤凰城C区(凤凰台南地铁站D1口步行220米),113.706112,34.74023,15617783797,8：00——22：00
金水区,50102,四川菜(川菜),陈老幺四川担担面(金城时代广场店),黄河路与姚砦路交叉口向北100米路东,113.704469,34.775836,15238361208,8：00——22：00
金水区,50102,四川菜(川菜),小馋猫川菜,健康路与优胜南路交叉口向东50米路北,113.664617,34.767018,13783531078;18538259779,8：00——22：00
金水区,50102,四川菜(川菜),蓄味已久•川湘赣下饭菜(建文店),建文新世界商厦南门旁,113.669494,34.773704,17760739726,8：00——22：00
金水区,50102,四川菜(川菜),川味食府(金水升龙广场曼哈顿店),金水路288号金水升龙广场A区1F层,113.705701,34.761775,15038323103;18771022660,8：00——22：00
金水区,50102,四川菜(川菜),满娃川味现炒猛火砂锅菜,丰庆路博卉路向东100米路南,113.649319,34.81537,15225156486,8：00——22：00
金水区,50102,四川菜(川菜),四川菜馆,丰产路27号附9号,113.672844,34.783561,0371-63922145;13838153786,8：00——22：00
金水区,50102,四川菜(川菜),晓蓉城老火锅(小夏街店),北三环与小夏街交叉口西北角,113.797095,34.807779,18638545878,8：00——22：00
金水区,50102,四川菜(川菜),川味小厨(南阳路),南阳路跃进路交叉口向北50路西,113.639018,34.789937,18237178862;18739928931,8：00——22：00
金水区,50102,四川菜(川菜),小笨椒川味小炒,国基路与沙门西路交叉口向北500米文雅小区7号楼西侧11-18商铺,113.669994,34.82118,13203859005,8：00——22：00
金水区,50102,四川菜(川菜),四川天府菜馆(东区店),郑东新区祭城社区郑河二期区31号商铺,113.766531,34.775128,15003817727,8：00——22：00
金水区,50102,四川菜(川菜),幺妹家常菜馆(东里路店),东里路34号(紫荆山公交站C口步行460米),113.682913,34.758296,18937131097,8：00——22：00
金水区,50102,四川菜(川菜),跃龙门(上帮川菜)-花园路店,花园路纬五路口向南10米路,113.681828,34.771684,0371-65967877,8：00——22：00
金水区,50102,四川菜(川菜),四川回锅肉重庆小面,经三路丰产路交叉口向东50米路北,113.693398,34.783861,15803998309,8：00——22：00
金水区,50102,四川菜(川菜),二毛川菜馆(任寨北街店),任寨北街4-1-3,113.66564,34.770588,15890059800;17396242495,8：00——22：00
金水区,50102,四川菜(川菜),川栅子-川菜小炒(金融岛郑州银泰inPARK店),郑州银泰inPARK商业1区2楼(9号电梯直达),113.737689,34.81093,19337865906,8：00——22：00
金水区,50102,四川菜(川菜),喜洪崖川菜馆(泉舜上城锦泉苑店),丰乐路红专路交叉口向西五十米路,113.652617,34.777997,17838357797,8：00——22：00
金水区,50102,四川菜(川菜),川味满堂稻田蛙(瀚海·璞丽中心店),璞丽中心a座三楼观光电梯旁,113.696289,34.775145,17737196355,8：00——22：00
金水区,50102,四川菜(川菜),重庆幺妹小面私房菜,建业路桂园步行街南北街,113.724329,34.748333,15938751398,8：00——22：00
金水区,50102,四川菜(川菜),四川菜馆,丰产路91号,113.690507,34.783533,13320338666,8：00——22：00
金水区,50102,四川菜(川菜),四川饭庄(瀚海晴洲店),国基路瀚海晴洲西门2号楼2-109商铺,113.672016,34.820692,18738136768,8：00——22：00
金水区,50102,四川菜(川菜),天府川菜,煤炭公司家属院东3门旁,113.693996,34.78383,13462270499,8：00——22：00
金水区,50102,四川菜(川菜),四川菜馆(五行嘉园店),五行嘉园-B座(会展中心地铁站D口步行360米),113.722143,34.769261,15601883417,8：00——22：00
金水区,50102,四川菜(川菜),重庆家常菜(经五路店),经五路20号(关虎屯地铁站C口步行470米),113.677594,34.785681,15084465589,8：00——22：00
金水区,50102,四川菜(川菜),川香家常菜(徐砦小区店),花园路与广电南路徐寨小区童话流域1号楼1-18,113.678633,34.80495,18523770218,8：00——22：00
金水区,50102,四川菜(川菜),四川菜馆(经五路店),经五路66-6号(关虎屯地铁站C口步行460米),113.677583,34.785767,15736343288,8：00——22：00
金水区,50102,四川菜(川菜),川味小厨(兴达通苑店),金水路95-6兴达通苑,113.664273,34.764065,13838001548,8：00——22：00
金水区,50102,四川菜(川菜),蜀昕源川味菜馆(海逸名门店),郑东新区商务内环路22号楼1-3层6号,113.733315,34.774599,13598878167,8：00——22：00
金水区,50102,四川菜(川菜),康大蜀川菜馆(泉舜上城锦泉苑店),喜洪崖川菜馆,113.652617,34.777997,17703819884;17838357797,8：00——22：00
金水区,50102,四川菜(川菜),品味居·重庆江湖菜(正商园田花园店),丰庆路与宏达路交叉口向东50路北,113.649241,34.822841,13783588735;18037879837,8：00——22：00
金水区,50102,四川菜(川菜),四川老麻抄手·牛肉面(富田丽景花园店),东风路南阳路西100米路南,113.634567,34.794812,17337175698,8：00——22：00
金水区,50102,四川菜(川菜),小四川回锅肉酸菜鱼(21世纪社区店),国基路街道郑花路59号21世纪社区新楼中楼,113.693794,34.81729,13271560928,8：00——22：00
金水区,50102,四川菜(川菜),二姐川菜担担面,文化路85号A时代广场F1层,113.666056,34.795262,13228519063;15515588723,8：00——22：00
金水区,50102,四川菜(川菜),天府川菜(凤凰东路店),凤凰城公寓北院北门旁(凤凰台地铁站A口步行420米),113.715231,34.744299,19139795585,8：00——22：00
金水区,50102,四川菜(川菜),重庆家常菜(江山商界店),经三路北65号江山商界A座,113.693077,34.791587,19303979469,8：00——22：00
金水区,50102,四川菜(川菜),砂小四川担担面凤鸣路店,凤鸣路建业城市花园南门向西10米路北,113.723931,34.74994,16638161616,8：00——22：00
金水区,50102,四川菜(川菜),蜀厨娘妈妈菜,万达金街10号楼231,113.67742,34.793544,19037176158,8：00——22：00
金水区,50102,四川菜(川菜),红辣椒川菜(双铺路店),园田路与双铺路向东150米路南,113.654321,34.794348,15639911654,8：00——22：00
金水区,50102,四川菜(川菜),老沈记四川担担面(国基路店),花园路与金牛路向东700米,113.686115,34.82033,13071072181;18137835772,8：00——22：00
金水区,50102,四川菜(川菜),四川鲜面条(文劳路店),文化绿城南门西南70米,113.649862,34.805187,15223736326;15237158135,8：00——22：00
金水区,50102,四川菜(川菜),川渝川菜美食(华水店),龙子湖南路华水北院,113.796185,34.784477,18695839852,8：00——22：00
金水区,50102,四川菜(川菜),四川家常菜(博学路),磨李社区西北门北180米,113.793941,34.811354,15038126381,8：00——22：00
金水区,50102,四川菜(川菜),万师傅乡村农家菜,金水区陈庄街,113.767152,34.773505,13213057419,8：00——22：00
金水区,50102,四川菜(川菜),川味小炒(张砦南街1号院店),华盛街,113.669428,34.758393,13283855907,8：00——22：00
金水区,50102,四川菜(川菜),川菜名优小吃(应天公寓店),丰庆路街道中方园路8号应天公寓,113.656798,34.817443,13783712519,8：00——22：00
金水区,50102,四川菜(川菜),四川鲜面条(宇新街店),丰产路街道红专一街7号豫财社区,113.687473,34.781032,13283805978,8：00——22：00
金水区,50102,四川菜(川菜),朱熙熙三不炒(郑州白庄店),十里铺街与白庄街交叉口白庄社区42号楼5号商铺,113.73062,34.742418,15639287757,8：00——22：00
金水区,50102,四川菜(川菜),四川担担面(建业路店),金水路建业路,113.721995,34.76118,15003866608,8：00——22：00
金水区,50102,四川菜(川菜),川味情(郑州宏鹏商业街店),河南省轻工业职工大学艺术系北门东南80米,113.652687,34.794296,13592551093;19937100233,8：00——22：00
金水区,50102,四川菜(川菜),晓蓉城老火锅(时光里店),龙子湖中央广场时光里四楼,113.806234,34.790786,18638545878,8：00——22：00
金水区,50102,四川菜(川菜),渝味市井美蛙鱼头(郑州金泰购物中心店),郑东新区祭城办事处盛和街8-96号,113.774338,34.779167,15716515731,8：00——22：00
金水区,50102,四川菜(川菜),老四川麻辣鱼(郑州金水区),陈庄街(祭城地铁站A口步行310米),113.76724,34.773287,17723646959,8：00——22：00
金水区,50102,四川菜(川菜),川菜馆(煤炭北街店),文化路煤炭北街西50米路北(硅谷广场B座旁),113.665242,34.797219,13721413171;13838043089,8：00——22：00
金水区,50102,四川菜(川菜),川厨馋私房菜,金成时代广场11号楼(红旗路与姚砦路交叉口向北20米路东),113.704421,34.777378,13027769666,8：00——22：00
金水区,50102,四川菜(川菜),锅大侠市集火锅(永和时光里店),平安大道与中道西路交汇处永和时光里购物中心4层好莱坞影城内,113.805713,34.791017,0371-55692315,8：00——22：00
金水区,50102,四川菜(川菜),杨记隆府重庆江湖菜(郑州绿地新田360广场店),金水东路80号新田360广场郑州绿地店F5层,113.765768,34.770279,0371-65779698,8：00——22：00
金水区,50102,四川菜(川菜),川味小炒(农业路),农业路67-6号(农业大学地铁站D口步行420米),113.669714,34.785883,13674915171,8：00——22：00
金水区,50102,四川菜(川菜),王幺妈成都砂锅菜(郑州绿地新田360店),金水东路80号新田360广场郑州绿地店F4层,113.768275,34.769625,15516028637,8：00——22：00
金水区,50102,四川菜(川菜),王老九砂锅菜,普庆路和博远路交叉口向东五十米路南,113.644588,34.817616,19803997678,8：00——22：00
金水区,50102,四川菜(川菜),四川担担面(杜岭中街158号院店),杜岭街153-3号,113.671795,34.759023,13838551161;15324857728,8：00——22：00
金水区,50102,四川菜(川菜),巷刻川味锅魁(瀚海海尚店),东风路街道东风路32号院银河公司家属院10号楼1层3号,113.646213,34.799393,17839923728,8：00——22：00
金水区,50102,四川菜(川菜),蓉辰鱼府川菜馆(百福街店),郑东新区宏图街与百福街交叉口崔庄花园8号楼三单元1层15-24号,113.736522,34.750588,0371-86581886,8：00——22：00
金水区,50102,四川菜(川菜),幺妹川菜馆(恒大名都店),白庙路66-7号(白庙地铁站C口步行280米),113.666944,34.795569,18512307616,8：00——22：00
金水区,50102,四川菜(川菜),巴奴毛肚火锅(概念餐厅店),金水路7号河南省金河宾馆院内一栋三层独立餐饮楼,113.693234,34.763851,0371-63615777;18538192616,8：00——22：00
金水区,50102,四川菜(川菜),紫燕百味鸡(郑州红旗店),经一路和红专路交叉口西南角(红专路107号院对面),113.697497,34.779662,18903716058,8：00——22：00
金水区,50102,四川菜(川菜),英姐四川担担面,宏图街16-20号,113.737996,34.753416,15514383532,8：00——22：00
金水区,50102,四川菜(川菜),四川担担面(金庄社区东十一社区11号院店),郑东新区正光北街郑河二期66-27,113.76624,34.774743,17796669714,8：00——22：00
金水区,50102,四川菜(川菜),四川担担面(清怡嘉苑店),清怡嘉苑南门东90米,113.695173,34.811996,15138938868,8：00——22：00
金水区,50102,四川菜(川菜),四川担担面(建业置地广场店),郑汴路118号建业置地广场F1层,113.722723,34.747557,18838926292;19837166306,8：00——22：00
金水区,50102,四川菜(川菜),巫山烤鱼·家常菜(不倾城店),文化路71号不倾城F1层,113.667251,34.801442,18903810761,8：00——22：00
金水区,50102,四川菜(川菜),川湘园私房小碗菜,龙子湖正商木华广场1号楼105,113.809604,34.795323,13673717791,8：00——22：00
金水区,50102,四川菜(川菜),九味川香麻婆豆腐(渠东路店),三全路渠东路南100米路东,113.662384,34.828194,13673625798,8：00——22：00
金水区,50102,四川菜(川菜),重庆菜馆(政七街店),纬四路10号院(政七街),113.687238,34.771261,18630934088;18703665789,8：00——22：00
金水区,50102,四川菜(川菜),巴奴毛肚火锅(绿地新都会店),金水东路80号新田360广场A馆5楼,113.765939,34.770535,0371-63205577;15232821332,8：00——22：00
金水区,50102,四川菜(川菜),巴奴毛肚火锅(金水东路店),河南自贸试验区郑州片区(郑东)金水东路16号万鼎商业广场二层201号,113.74555,34.764528,17737167562,8：00——22：00
金水区,50102,四川菜(川菜),蜀府川菜馆,西太康路19号,113.665049,34.756897,18603865588;18638027010,8：00——22：00
金水区,50102,四川菜(川菜),幺妹川菜馆(红专路),红专路16号7号楼一层106号商铺,113.671536,34.780033,15936207356,8：00——22：00
金水区,50102,四川菜(川菜),重庆川菜馆(贾岗社区店),金水东路龙岗新城贾岗社区步行街,113.785826,34.775366,13838053098,8：00——22：00
金水区,50102,四川菜(川菜),小小川菜馆(张砦南街店),银座时代广场西门旁,113.669645,34.758389,15136216640;18736066496,8：00——22：00
金水区,50102,四川菜(川菜),金禾馍菜汤(明珠小城店),沙口路118号院咏知书店西邻,113.644447,34.764796,0371-55012122;13384019103;13523037676,8：00——22：00
金水区,50102,四川菜(川菜),老郭刀削面巫山烤鱼大盘鸡川菜馆(宏昌街店),郑东新区南五小区20号楼下门面商铺宏昌街路北18号门面房,113.732143,34.750151,13503846959,8：00——22：00
金水区,50102,四川菜(川菜),川小伙四川担担面,青年路145号凤凰茶城c区4号楼1楼7号铺-1,113.706013,34.740419,15617783797,8：00——22：00
金水区,50102,四川菜(川菜),天赐小馆(政六街店),政六街3号附10号(黄河路地铁站F口步行250米),113.684881,34.773056,0371-67913798,8：00——22：00
金水区,50102,四川菜(川菜),麻婆豆腐(郑州金水区),沙口路明珠小城1号商铺(门口北侧底商),113.643963,34.765307,15639906275,8：00——22：00
金水区,50102,四川菜(川菜),陈老幺四川担担面,黄河路1号瀚海·璞丽中心F1层,113.69526,34.7756,17265462345,8：00——22：00
金水区,50102,四川菜(川菜),逗一锅嘎嘎老火锅(天明路店),天明路与双铺路交叉口往东100米路北,113.648361,34.793773,17737772980,8：00——22：00
金水区,50102,四川菜(川菜),一分利川菜馆(夏庄社区西院店),夏庄社区西院西门旁,113.797834,34.817133,15538218718;18638206021,8：00——22：00
金水区,50102,四川菜(川菜),文琬琬老重庆地摊火锅(金冠路店),丰庆路街道金冠路3-21号张家村七号院,113.653795,34.83295,16696000019,8：00——22：00
金水区,50102,四川菜(川菜),川香金椒鱼,国基路与普庆路交叉口西北80米(近郑州市金水区总医院),113.643207,34.820584,15237913698,8：00——22：00
金水区,50102,四川菜(川菜),西川巷子市井火锅(青年路店),英协路与青年路交叉口向西50米路北,113.71746,34.742351,17513176655,8：00——22：00
金水区,50102,四川菜(川菜),凤渔余鲜炒鸡酸菜鱼(山顶·御鑫城店),福彩路与广电路交叉口东北角,113.69903,34.80598,0371-61170038;15188377629,8：00——22：00
金水区,50102,四川菜(川菜),渝侠客现炒江湖菜,宝瑛路与马林路交叉口西280米,113.754175,34.847925,17502345077,8：00——22：00
金水区,50102,四川菜(川菜),重庆太安鱼(乾坤花园店),林科路与经一路交叉口东100米,113.698618,34.788958,18530830573,8：00——22：00
金水区,50102,四川菜(川菜),牛出川火锅,晨旭路10号附2号,113.699949,34.801242,18538295980,8：00——22：00
金水区,50102,四川菜(川菜),川渝小厨(河南大学郑州校区店),河南大学郑州校区明德园东门北70米,113.812246,34.820655,15515719712,8：00——22：00
金水区,50102,四川菜(川菜),伏牛山饭店德睿轩中餐厅(绿地原盛国际店),金水路49号(金水东路与心怡路交叉口西南角)伏牛山饭店3层,113.770313,34.768231,0371-68663599;0371-86627888,8：00——22：00
金水区,50102,四川菜(川菜),川香乡川菜馆(丰乐路店),东风路与丰乐路交叉口向南二百米,113.639782,34.795682,13592630816,8：00——22：00
金水区,50102,四川菜(川菜),發财地摊火锅,燕寿街,113.712485,34.76483,18638612100,8：00——22：00
金水区,50102,四川菜(川菜),朱熙熙三不炒(红专路店),经五路红专路51-2号,113.678429,34.779772,19937653059,8：00——22：00
金水区,50102,四川菜(川菜),白总管藤椒豆花鸡(太格茂店),博学路太格茂6楼南侧,113.801397,34.793193,19903819516,8：00——22：00
金水区,50102,四川菜(川菜),成都美食川菜馆,启新里与纬五路交叉口北40米,113.705667,34.772309,15617669476,8：00——22：00
金水区,50102,四川菜(川菜),巴蜀巷子川菜馆(丰业广场店),农业路52号丰业广场F2层,113.643572,34.785903,18703606769,8：00——22：00
金水区,50102,四川菜(川菜),卧龙食府(红旗路店),红旗路124号(省人民医院地铁站A2口步行400米),113.696999,34.777022,15838287721,8：00——22：00
金水区,50102,四川菜(川菜),四川担担面,东风路9-15号(白庙地铁站B1口步行470米),113.662784,34.799094,15223608508,8：00——22：00
金水区,50102,四川菜(川菜),重庆巴爷鸡煲(丰庆路店),丰庆路与宏明西路交叉口往北30米路西,113.648127,34.8261,18137850388,8：00——22：00
金水区,50102,四川菜(川菜),山有川·川渝江湖菜,尚贤街与中道西路龙润大厦对面,113.803446,34.787789,13140199136,8：00——22：00
金水区,50102,四川菜(川菜),秉气川小馆,政六街与红专路交叉口北60米,113.684619,34.78048,0371-85963878;18530037687,8：00——22：00
金水区,50102,四川菜(川菜),山西老面馆川湘菜爆炒鸡,聂庄商业街(姚砦·聂庄地铁站F口步行480米),113.704311,34.769043,13294597299,8：00——22：00
金水区,50102,四川菜(川菜),四川担担面(绿地·原盛国际6号楼A座店),郑东新区金水路东东风路绿地原盛国际六号楼附四,113.768506,34.766728,18538243363,8：00——22：00
金水区,50102,四川菜(川菜),三川龙虾·江湖菜,玉凤路228号,113.71076,34.759721,18538191789,8：00——22：00
金水区,50102,四川菜(川菜),川粤枫情(宏鹏商业街店),双铺路31号,113.654157,34.794347,15937967419,8：00——22：00
金水区,50102,四川菜(川菜),胡记重庆妈妈菜,政六街4号(黄河路地铁站F口步行280米),113.684974,34.772752,13298332552,8：00——22：00
金水区,50102,四川菜(川菜),四川凉面(天意商务店),经八路街道经五路5号,113.677867,34.769855,13674970049;18336386875,8：00——22：00
金水区,50102,四川菜(川菜),川渝串串香(原嵩山路与棉纺路店),南阳路315-9号,113.653451,34.766951,18100331134,8：00——22：00
金水区,50102,四川菜(川菜),重庆牛杂老火锅(龙湖花园店),小夏街与育翔路交叉口西南60米,113.797435,34.815281,13526521478,8：00——22：00
金水区,50102,四川菜(川菜),王祥军四川担担面(万达坊店),花园路农科路交叉口向西50米路北,113.680296,34.792595,18838178170,8：00——22：00
金水区,50102,四川菜(川菜),老板恋上鱼(郑东万象城店),郑东新区金水东路67号郑东万象城L636商铺,113.763353,34.765918,0371-60501777,8：00——22：00
金水区,50102,四川菜(川菜),辛香川(金水升龙广场店),未来路与金水路交叉口曼哈顿商业广场A区F1层1255,113.705896,34.76182,0371-86087378,8：00——22：00
金水区,50102,四川菜(川菜),蜀签万串串香火锅(朝阳小区店),丰庆路街道园田路51号朝阳小区,113.653182,34.822573,13598086227,8：00——22：00
金水区,50102,四川菜(川菜),蓉亭食贝(永和·时光里购物中心店),平安大道197号永和龙子湖中央广场时光里5层06,113.806046,34.790844,0371-63789988,8：00——22：00
金水区,50103,广东菜(粤菜),明记广东打边炉(郑东新区总店),心怡路畅和街交叉口往北10米路东,113.770998,34.780697,18637136955,8：00——22：00
金水区,50103,广东菜(粤菜),广东小炒,丰乐路2号院西南门东南50米,113.654986,34.777225,13663858268;13683813951,8：00——22：00
金水区,50103,广东菜(粤菜),岳来粤牛美食城,纬四路农贸市场一层营业房区34,113.688225,34.770275,13323712332;15038218668;18239978808,8：00——22：00
金水区,50103,广东菜(粤菜),粤上酒楼(经一路总店),经一路8-2号,113.697728,34.770536,15515685815;18637187777;19139730815,8：00——22：00
金水区,50103,广东菜(粤菜),杞草十三味广东菜馆,国基路2-1,113.689796,34.81949,17513261122;18695807636,8：00——22：00
金水区,50103,广东菜(粤菜),广东肠粉煲仔饭(丰产路店),丰产路40号一层临街40-3号商铺,113.675885,34.783824,18037571339,8：00——22：00
金水区,50103,广东菜(粤菜),和记广东肠粉(和记煲仔饭),丰乐路群英路公交车站正对面,113.643943,34.789681,17838390007,8：00——22：00
金水区,50103,广东菜(粤菜),永和铂爵国际酒店-轩粤中餐厅,金水东路21号永和铂爵国际酒店2层,113.74951,34.763229,0371-68663162,8：00——22：00
金水区,50103,广东菜(粤菜),熙粤酒家(顺河路店),顺河路30-1号(燕庄地铁站B1口向南步行200米右转50米),113.702898,34.75973,0371-66166000;17737196832,8：00——22：00
金水区,50103,广东菜(粤菜),余友雄广东烧腊餐厅(绿城水岸名苑店),未来路街道金水路201号绿城水岸名苑,113.72212,34.759991,13838274445,8：00——22：00
金水区,50103,广东菜(粤菜),华智荟顺德菜,商务外环路与众意西路交叉口南80米,113.718831,34.775501,0371-66006666;18848867854,8：00——22：00
金水区,50103,广东菜(粤菜),粤港仔,商城东路268号附10号商铺,113.718656,34.75338,15803854707,8：00——22：00
金水区,50103,广东菜(粤菜),禧粤·荷塘粤色(园田路店),东风路街道博颂路16-6号安军城1号楼8号商铺,113.652937,34.809334,18137896670,8：00——22：00
金水区,50103,广东菜(粤菜),原酒公社Club· 定制私房菜,天时路与天赋路交叉口东北60米,113.752395,34.783666,13137122091;15803821401,8：00——22：00
金水区,50103,广东菜(粤菜),粤小馆(普罗旺世2期东苑店),宏达街与索凌路交叉口西220米,113.638025,34.824023,13503827397,8：00——22：00
金水区,50103,广东菜(粤菜),粤荣毋米粥(嘉悦广场店),农科路33号嘉悦广场203,113.688608,34.792026,0371-86089088;15038216211,8：00——22：00
金水区,50103,广东菜(粤菜),粤萃酒家(海容旗舰店),正光路8号2F3F(海容大酒店内),113.749493,34.768516,0371-68709999,8：00——22：00
金水区,50103,广东菜(粤菜),荣元.新粤宴,农业南路与七里河南路向西10米,113.757489,34.757899,0371-86679666;15713667621,8：00——22：00
金水区,50103,广东菜(粤菜),禧粤·荷塘粤色(郑州渠东路店),北林路街道鑫苑西路6号院圣菲城商业街14号楼1层11.12.13.14号商铺,113.672002,34.804386,15188397746,8：00——22：00
金水区,50103,广东菜(粤菜),潮汕鱼仔店,沙门西路15-9号,113.669876,34.825334,13732231488;18100325616,8：00——22：00
金水区,50103,广东菜(粤菜),潮悦轩(建业·智慧港店),平安大道199号建业·智慧港,113.807381,34.79103,0371-53351828,8：00——22：00
金水区,50103,广东菜(粤菜),禧粤·荷塘粤色,福彩路1号山顶御鑫城1号楼1层附2号,113.699117,34.805982,18538109911,8：00——22：00
金水区,50103,广东菜(粤菜),淮粤楼茶宴,经八路街道纬一路瑞园小区1号楼1-8号,113.679954,34.766915,15638204376,8：00——22：00
金水区,50103,广东菜(粤菜),琴台酒庄粤宴,唐人街茶城荣宝楼3楼,113.719526,34.752921,13823333658,8：00——22：00
金水区,50103,广东菜(粤菜),蔡澜点心·粤菜(郑东万象城店),郑东新区金水东路67号万象城北苑L740号,113.76216,34.766661,0371-65095996,8：00——22：00
金水区,50103,广东菜(粤菜),广州小馆(富田丽景花园店),富田丽景花园东北1门旁(同乐地铁站B口旁),113.635967,34.794386,13503452387;13838091341,8：00——22：00
金水区,50103,广东菜(粤菜),沅味融合茶餐厅,金成时代广场13号楼1单元北裙楼1楼电梯口,113.706295,34.778131,15093060485,8：00——22：00
金水区,50103,广东菜(粤菜),溪山筵,畅和街与陈庄街交叉口东南角55号,113.768517,34.779529,13503995778,8：00——22：00
金水区,50103,广东菜(粤菜),明记隆江猪脚饭(关虎屯生活广场店),关虎屯商业步行街与经五路交叉口东60米,113.678394,34.782733,13525688010,8：00——22：00
金水区,50103,广东菜(粤菜),紫荆弯路小吃店,金水路顺河北街108号1-6,113.685839,34.762565,17788161086,8：00——22：00
金水区,50103,广东菜(粤菜),金粤佳轩餐厅,金水西路金桥宾馆,113.651395,34.764279,0371-63882788,8：00——22：00
金水区,50103,广东菜(粤菜),西关味(丹尼斯4天地店),商务西三街丹尼斯4天地3层,113.719089,34.772336,0371-86065633,8：00——22：00
金水区,50103,广东菜(粤菜),源珍鲜猪肚鸡(英协花园别墅区店),郑汴路138号英协花园96,113.718718,34.751339,0371-65360355;15249686663,8：00——22：00
金水区,50103,广东菜(粤菜),粤味塘·广州小馆(天弘大厦店),顺河路27号,113.699676,34.759973,18538195911,8：00——22：00
金水区,50103,广东菜(粤菜),渔虞·顺德鱼生·横县鱼生(金水店),文化路东风街道72号院,113.665846,34.801862,18530861237,8：00——22：00
金水区,50103,广东菜(粤菜),臻粤味金牌烧腊,凤台路322号18号商铺,113.714873,34.744279,18588940177,8：00——22：00
金水区,50103,广东菜(粤菜),东方粤海大酒店·餐饮部,农业路与政七街交叉口东南40米,113.687688,34.786126,0371-69397188,8：00——22：00
金水区,50103,广东菜(粤菜),锦记廣州开煲(优胜路店),绿茵公寓南门旁,113.661855,34.766895,0371-63838111;0371-66236666,8：00——22：00
金水区,50103,广东菜(粤菜),凤生仔-干蒸·顺德小吃(郑东万象城店),金水东路辅路与才高街交叉口东南200米郑州郑东万象城L3层,113.765144,34.76415,19034173644,8：00——22：00
金水区,50103,广东菜(粤菜),六合宴餐厅(绿洲商务店),经三路19号绿洲商务三楼,113.693022,34.780549,0371-65333367;19900930999,8：00——22：00
金水区,50103,广东菜(粤菜),东方新粤(东方粤海大酒店),农业路与政七街交叉口东南20米,113.687544,34.786261,0371-69397188,8：00——22：00
金水区,50103,广东菜(粤菜),拾广巷广式烧腊饭(建业五栋大楼店),通泰路与宏伟街交叉口西南角66-17号,113.732682,34.744751,19913803600,8：00——22：00
金水区,50103,广东菜(粤菜),华双荟港式靓汤,农业南路与祥盛街交叉口西南40米,113.755518,34.762566,0371-86500599,8：00——22：00
金水区,50103,广东菜(粤菜),克茗冰室(郑东万象城店),金水东路南与东风南路交叉口西南侧金水东路67号郑东万象城L609号,113.763667,34.766358,18603825655,8：00——22：00
金水区,50103,广东菜(粤菜),酉福·潮粤私厨(龙湖金融岛店),北三环众意路龙湖金融岛银泰In park4区支6路小中环路9号客梯4楼,113.730528,34.810093,0371-53781111;15638451982,8：00——22：00
金水区,50103,广东菜(粤菜),大树餐厅(郑州正弘城店),花园路126号郑州正弘城L8层(东风路地铁站C口旁),113.680475,34.79583,0371-88197223,8：00——22：00
金水区,50103,广东菜(粤菜),鸿源餐厅,中州假日酒店三号楼一层,113.693653,34.761674,0371-65858928,8：00——22：00
金水区,50103,广东菜(粤菜),釜叔新式滑蛋饭,东风路街道文化路66号8号楼1层114号,113.670042,34.797408,15803839633,8：00——22：00
金水区,50103,广东菜(粤菜),粤合扬精品菜(装修中),沙口路28号附1号,113.626687,34.789746,0371-55095199;19937137166,8：00——22：00
金水区,50104,山东菜(鲁菜),九味山东炒鸡,文劳路8号中海锦苑,113.654601,34.808376,15617545566,8：00——22：00
金水区,50104,山东菜(鲁菜),鲁山揽锅菜(八里庙南五社区店),中南·海知音北门东北80米,113.732555,34.750156,13663854104,8：00——22：00
金水区,50104,山东菜(鲁菜),鲁山揽锅菜(燕庄一队家属院店),燕庄北街36号院燕庄一队家属院1号楼1层西户,113.707179,34.764057,18737131878;18768896898,8：00——22：00
金水区,50104,山东菜(鲁菜),正宗·鲁山揽锅菜(英协路店),未来路街道金水路216号广汇·Pama,113.718527,34.763397,13938590211,8：00——22：00
金水区,50104,山东菜(鲁菜),鲁香·沂蒙山炒鸡(金林公馆北区店),金林公馆北区东2门旁,113.70811,34.755762,15537177780,8：00——22：00
金水区,50104,山东菜(鲁菜),吕氏疙瘩汤·新派鲁菜(郑东万象城店),金水东路辅路与才高街交叉口东南200米郑州郑东万象城L6层,113.763718,34.766024,17638505893,8：00——22：00
金水区,50104,山东菜(鲁菜),小乔豆腐老店(水科路店),丰庆路街道渠东路水科路交叉口1号,113.667716,34.815034,15838356769;17739757519,8：00——22：00
金水区,50104,山东菜(鲁菜),黄焖鸡米饭煲仔饭(祭城2号院东区店),盛和街5/24(祭城地铁站A口步行170米),113.768375,34.776225,15003861816,8：00——22：00
金水区,50105,江苏菜,淮.甄新淮扬菜(永和龙子湖广场B座店),平安大道195号永和龙子湖中央广场B座2701,113.806074,34.791447,0371-62168888,8：00——22：00
金水区,50105,江苏菜,扬州厨子,玉凤路智慧农贸生活广场西门南侧二楼,113.711391,34.750685,18039326290,8：00——22：00
金水区,50105,江苏菜,隐庐(精品江浙菜),政六街2号临街商铺,113.684897,34.770738,16696676999,8：00——22：00
金水区,50105,江苏菜,南京大牌档(正弘城店),花园路126号郑州正弘城L8层,113.681012,34.796216,0371-55010507,8：00——22：00
金水区,50105,江苏菜,古越舫·新派淮扬菜(正光北街店)(暂停营业),正光北街与民生东街东南角王鼎国贸大厦一楼,113.751354,34.769952,0371-66786658,8：00——22：00
金水区,50105,江苏菜,熙润江南精品淮扬菜(科新花园A区店)(暂停营业),东风路25号科新花园A区1商业楼二层西厅,113.684537,34.796178,0371-58695777;0371-58696777;19337863842,8：00——22：00
金水区,50106,浙江菜,西湖春天(百合店),地润路8号(金汇桥地铁站D口步行400米),113.719086,34.788262,0371-69505088;0371-69505099,8：00——22：00
金水区,50106,浙江菜,外婆家(万达坊店),花园路122号万达坊3层,113.680685,34.793549,0371-67919700,8：00——22：00
金水区,50106,浙江菜,西湖庄园·莫山小馆(南阳路店),南阳路生产路交叉口向南50米路东,113.645437,34.78223,0371-86100570,8：00——22：00
金水区,50106,浙江菜,宴秋杭州菜(普庆路店),普庆路与宏明西路交叉口路北,113.644328,34.826111,0371-55609995;18538071279,8：00——22：00
金水区,50106,浙江菜,出云记,城东路永利温泉酒店院内东侧,113.690712,34.755135,0371-55127867,8：00——22：00
金水区,50106,浙江菜,錦东·台州鱼市(北龙湖天创店),天创商务中心龙湖中环南路与龙腾一街交叉口东南角,113.730267,34.792945,0371-55996666,8：00——22：00
金水区,50106,浙江菜,绿茶餐厅(郑州优悠购物公园店),国基路87号信万广场5层,113.646426,34.818884,0371-55013030,8：00——22：00
金水区,50106,浙江菜,西湖庄园莫山小馆(经三路店),经三路北46-9号一层商铺,113.69085,34.787368,0371-63219885,8：00——22：00
金水区,50106,浙江菜,杭州新开元大酒店(河南郑州店),未来路69号未来康年大酒店2-3层,113.706943,34.768949,0371-65612286;0371-65628852,8：00——22：00
金水区,50106,浙江菜,宁波婆婆干蒸菜,三全路渠东路东东岸尚景A11号楼07号商铺,113.663788,34.824252,18515581539,8：00——22：00
金水区,50106,浙江菜,大口妹鲜汁肉蟹煲瀚海北金,瀚海北金3层3151.3152-3153,113.666458,34.809178,18100331013,8：00——22：00
金水区,50106,浙江菜,胖哥俩肉蟹煲(郑州国贸新田360广场店),国贸360北区7楼胖哥俩,113.681188,34.785467,0371-88521818,8：00——22：00
金水区,50106,浙江菜,钱塘人家(杨金路店),杨金路39号,113.726312,34.844997,0371-88905888,8：00——22：00
金水区,50106,浙江菜,越如院.浙豫荟(正光北街店),正光北街与才高街交叉口西50米路南,113.759539,34.772381,17303710889,8：00——22：00
金水区,50106,浙江菜,胖哥俩肉蟹煲(郑州东区万达坊店),建业五栋大楼C座万达坊西门1层,113.730692,34.745607,0371-55029928,8：00——22：00
金水区,50106,浙江菜,海岚酒店,政六街32号,113.683937,34.7814,15737151006,8：00——22：00
金水区,50106,浙江菜,杭味观·西湖家宴(暂停营业),璞居大厦西1门旁,113.743288,34.752575,0371-58683993,8：00——22：00
金水区,50107,上海菜,七贤渔夫老上海酥鱼(岳砦农贸市场店),岳砦农贸市场2号门旁w013号,113.642906,34.790829,18203687591,8：00——22：00
金水区,50107,上海菜,七贤渔夫老上海酥鱼(祭城店),祭城路街道心怡路26号祭城2号院东区,113.7632,34.776537,15838253212;18637186572,8：00——22：00
金水区,50107,上海菜,七贤渔夫老上海酥鱼(经四路店),花园路街道纬五路40号院南4门面房,113.690118,34.7712,13526479683,8：00——22：00
金水区,50107,上海菜,上海的葱油捞鸡,政七街与宇爽街交叉口向东100米,113.68774,34.782049,18538942270,8：00——22：00
金水区,50107,上海菜,七贤渔夫老上海酥鱼(祭城2号院东区店),祭城路街道心怡路26号祭城2号院东区,113.767734,34.778053,13673376210,8：00——22：00
金水区,50107,上海菜,大厨小宴(御府3号店),御府三号一号楼一单元(沙门地铁站E口步行180米),113.685643,34.819572,15638913600,8：00——22：00
金水区,50107,上海菜,小马哥烧饼夹菜,华荣街与二七路交叉口东60米,113.667462,34.75718,13213063330;13526652489,8：00——22：00
金水区,50107,上海菜,王繁星面馆(熙地港店),农业东路15号熙地港购物中心四楼,113.717482,34.78481,19003830140,8：00——22：00
金水区,50107,上海菜,同胜祥(杜岭街店),人民路杜岭街1号(人民路地铁站D口步行220米),113.671844,34.756903,0371-63358188,8：00——22：00
金水区,50107,上海菜,豫上眷村·台湾小厨,华荣街杜岭中街187号院(大上海城东),113.670874,34.756551,13253453813;13838265580,8：00——22：00
金水区,50107,上海菜,杨记清芳牛肉拉面(杜岭街店),杜岭中街159号(七天连锁酒店下边),113.671794,34.758113,18300687338;18601047366;18803976148,8：00——22：00
金水区,50107,上海菜,家乡菜馆御赵家西里路店,西里路16号,113.674545,34.760282,15517508556,8：00——22：00
金水区,50107,上海菜,经典牛肉拉面(大上海店),杜岭中街与人民路交叉口向(大上海方向50米),113.671333,34.756478,13500962916;15144440131,8：00——22：00
金水区,50107,上海菜,三寿烙馍村(沙口路店)(暂停营业),沙口路118号(汉飞金沙国际斜对面),113.644525,34.764681,18236996089,8：00——22：00
金水区,50108,湖南菜(湘菜),意湘湖南菜,通泰路商都路交叉口西北角,113.733095,34.749019,18697761137,8：00——22：00
金水区,50108,湖南菜(湘菜),湖南大碗菜(天下城店),优胜南路劳卫路口向北50米路东(大石桥地铁站F2口步行300米),113.660821,34.767521,0371-86011811;13271558828,8：00——22：00
金水区,50108,湖南菜(湘菜),菜湘食府(乾达国际店),嵩山北路158号乾达国际1楼102室,113.621807,34.780621,18539911738,8：00——22：00
金水区,50108,湖南菜(湘菜),只有板凳长.湖南山里菜,河南自贸试验区郑州片区(郑东)龙湖金融岛郑州银泰inPARK商业1区1-L2004-1号,113.737541,34.810605,18427057419,8：00——22：00
金水区,50108,湖南菜(湘菜),湘久记老长沙下饭菜(宏明路店),宏明路与柳林西路交叉口向西100米路南,113.672842,34.823908,15537136169,8：00——22：00
金水区,50108,湖南菜(湘菜),方掌柜湖南菜(永恒理想公元美馆苑店),建业路凤凰东路西南角49-1,113.721878,34.744126,18530800006,8：00——22：00
金水区,50108,湖南菜(湘菜),湘本纪精品湘菜(未来路店),未来路与顺河路交叉口西200米路南,113.70206,34.759492,0371-65052535;13298130999;13986089308,8：00——22：00
金水区,50108,湖南菜(湘菜),湘江码头湘菜馆,丰产路26-9号,113.671593,34.783911,13317339133,8：00——22：00
金水区,50108,湖南菜(湘菜),意湘湖南名菜馆(圣地花园店),三全路与丰庆路向东10米路北,113.650757,34.830278,13623813935,8：00——22：00
金水区,50108,湖南菜(湘菜),意湘湖南名菜馆,心怡路36-90号,113.770412,34.78214,13371687020,8：00——22：00
金水区,50108,湖南菜(湘菜),湘魂·湘菜小炒(红专路店),红专路119号,113.703342,34.779834,16638138737,8：00——22：00
金水区,50108,湖南菜(湘菜),聚家湘菜馆(正弘山店),通泰路与宏伟街交叉口向西60米路南,113.732545,34.744746,17319703838,8：00——22：00
金水区,50108,湖南菜(湘菜),湘玉记,渠东路宏明路交叉路口东岸尚景A区A11号楼08商铺,113.663879,34.824406,17839951160,8：00——22：00
金水区,50108,湖南菜(湘菜),小湘菜(瑞穗苑店),丰庆路瑞穗苑1号楼9号商铺,113.64836,34.828847,18638558507,8：00——22：00
金水区,50108,湖南菜(湘菜),豫见湘菜馆(欧凯商务店),花园路92号(柳林地铁站B口步行240米),113.681053,34.826316,0371-60188888;0371-61666666,8：00——22：00
金水区,50108,湖南菜(湘菜),老湘菜馆(凤鸣路店),凤台路凤鸣路交叉口向东路北,113.714918,34.750025,0371-65350072;0371-86179306,8：00——22：00
金水区,50108,湖南菜(湘菜),有点湘辣椒炒肉(博雅广场店),郑东新区明理路正商博雅广场1栋1层101号,113.80814,34.791619,19146828068,8：00——22：00
金水区,50108,湖南菜(湘菜),湘菜快餐(琉璃寺店),杭州路琉璃寺小区25号,113.652874,34.839418,15093291833,8：00——22：00
金水区,50108,湖南菜(湘菜),豫湘蒸菜馆(龙湖大厦店),商务外环路11号龙湖大厦(新芒果大厦东南),113.719776,34.773712,13348672937,8：00——22：00
金水区,50108,湖南菜(湘菜),川香湘菜馆,凤凰台街道青年路玉凤路交叉口北100米路东南门9号,113.711198,34.742971,17698720225,8：00——22：00
金水区,50108,湖南菜(湘菜),老长沙湘菜馆(园田路18号院店),园田路18号院西门旁,113.652734,34.807524,17838370975;18173665828,8：00——22：00
金水区,50108,湖南菜(湘菜),湖南家常小炒(农业路67号院店),农业路67号院(农业快速路南),113.669505,34.786191,18236968330,8：00——22：00
金水区,50108,湖南菜(湘菜),汤啵啵湘菜馆,聚源路宏昌街向西100米路南,113.7386,34.749804,15238664965,8：00——22：00
金水区,50108,湖南菜(湘菜),湖南土菜馆(茵悦之声店),北环路茵悦之声20号门面房,113.676948,34.808108,13273713210;15607328643,8：00——22：00
金水区,50108,湖南菜(湘菜),湘阿妈地道剁椒鱼头(龙杰苑店),百福街与商鼎路交叉口西北角,113.736115,34.755483,16563023999;17752513778,8：00——22：00
金水区,50108,湖南菜(湘菜),湘霸王(英协路店),英协路22号,113.718793,34.748795,13949039080,8：00——22：00
金水区,50108,湖南菜(湘菜),山西刀削面川湘菜,沙口路8号2号院1号楼1层附12号,113.630689,34.784979,18637868096,8：00——22：00
金水区,50108,湖南菜(湘菜),云海肴云南菜(建业凯旋广场),花园路与农科路郑州建业凯旋广场地上三层3019-3022号,113.680554,34.79352,0371-55989299,8：00——22：00
金水区,50108,湖南菜(湘菜),湖南粉面盖浇饭(花园路店),花园路136号河南省郑州水利学校29号门面房,113.681064,34.801169,19149433071,8：00——22：00
金水区,50108,湖南菜(湘菜),兰湘子.湘菜小炒(郑州绿地新都会店),金水东路80号新田360广场郑州绿地店F4层,113.768406,34.769914,0371-60930806,8：00——22：00
金水区,50108,湖南菜(湘菜),云海肴云南菜(郑州国贸新田360广场店),花园路39号新田360广场L612号,113.680266,34.784926,13201622763,8：00——22：00
金水区,50108,湖南菜(湘菜),湘之韵浏阳蒸菜馆,姚寨路5号,113.706191,34.776614,13409462126,8：00——22：00
金水区,50108,湖南菜(湘菜),岩哥土鲫鱼·平价湘菜(普庆路店),普庆路与博远路交叉口东北角,113.644054,34.818037,18037172319,8：00——22：00
金水区,50108,湖南菜(湘菜),湖南米粉牛肉面(庙张店),庙张北区南1门东60米(畅和街地铁站B口步行470米),113.775072,34.783298,13938297250;15803805538,8：00——22：00
金水区,50108,湖南菜(湘菜),福湘悦餐厅,建文·汇美尚城东门旁,113.669409,34.773575,18836935967,8：00——22：00
金水区,50108,湖南菜(湘菜),湖南米粉牛肉面(金水区法院家属院店),红专路92号院一号楼一单元一楼,113.693885,34.780074,15581065188;15838292030,8：00——22：00
金水区,50108,湖南菜(湘菜),岩哥土鲫鱼·平价湘菜(东十里铺店),东十里铺街与宏昌街交叉口向东二百米路北,113.731147,34.750139,17335753132,8：00——22：00
金水区,50108,湖南菜(湘菜),湖南米粉牛肉面,金领时代西北门东70米,113.754277,34.762288,13271596683,8：00——22：00
金水区,50108,湖南菜(湘菜),潇湘菜馆(星程酒店店),红专路117号院北门东60米,113.701489,34.779763,0371-86113358;13598433300;18236426252,8：00——22：00
金水区,50108,湖南菜(湘菜),苗湘和苗家湘菜杜仲鹅煲(德亿时代城店),丰产路街道东明路269号德亿时代城,113.701128,34.78932,18637159791,8：00——22：00
金水区,50108,湖南菜(湘菜),兰湘子.湘菜小炒(金成时代广场店),金成时代广场10号楼1层东北角146号,113.706861,34.777454,13343687027,8：00——22：00
金水区,50108,湖南菜(湘菜),兰湘子.湘菜小炒(郑州国贸新田360广场店),花园路39号新田360广场郑州国贸店3F层,113.679519,34.785163,0371-66351896;15538098825,8：00——22：00
金水区,50108,湖南菜(湘菜),湘菜小炒,健康路与同乐路交叉口向西60米,113.663495,34.771826,15538109233,8：00——22：00
金水区,50108,湖南菜(湘菜),兰湘子.湘菜小炒(郑州正弘城店),花园路126号郑州正弘城L8层(东风路地铁站C口旁),113.680453,34.79581,0371-88197216;15838393205,8：00——22：00
金水区,50108,湖南菜(湘菜),湘豫小碗菜(金城时代广场漫时光店),黄河路与姚砦路交叉口东北角金成时代广场7号楼2层V11,113.70594,34.776603,13937470419;15638835878,8：00——22：00
金水区,50108,湖南菜(湘菜),兰湘子·湘菜小炒(瀚海海尚店),丰庆路与东风路交叉口西180米瀚海海尚4楼,113.646084,34.800507,18339761375,8：00——22：00
金水区,50108,湖南菜(湘菜),胡子大厨正弘城店,花园路126号(东风路地铁站B口步行70米)正弘城8楼813室,113.680476,34.795834,19059820972,8：00——22：00
金水区,50108,湖南菜(湘菜),兰湘子.湘菜小炒(信万广场店),国基路87号信万广场5楼,113.647382,34.819219,0371-88520595,8：00——22：00
金水区,50108,湖南菜(湘菜),寻湘田园下饭菜,民航路12附2号(民航路地铁站H口步行280米),113.716834,34.764551,18229169925,8：00——22：00
金水区,50108,湖南菜(湘菜),岩哥土鲫鱼·平价湘菜(博卉路店),丰庆路与博卉路交叉口东200米路南,113.649921,34.815272,19037133219,8：00——22：00
金水区,50108,湖南菜(湘菜),桃源食屋川湘菜,长城公寓东2门旁,113.672369,34.772449,18739928633,8：00——22：00
金水区,50108,湖南菜(湘菜),兰湘子.湘菜小炒(东区万达坊店),商都路十里铺建业5D生活馆万达坊C座底商,113.73083,34.745291,0371-58682056;18039299293;19937810751,8：00——22：00
金水区,50108,湖南菜(湘菜),小何拌面盖饭川湘菜云吞面,商务内环路24号海逸名门,113.733477,34.774657,15038233022,8：00——22：00
金水区,50108,湖南菜(湘菜),岩哥土鲫鱼·平价湘菜(柳林路店),柳林路与研发路交叉口,113.673868,34.825686,19149401913,8：00——22：00
金水区,50108,湖南菜(湘菜),河南食府,人民路25号,113.671207,34.755847,0371-66222108,8：00——22：00
金水区,50108,湖南菜(湘菜),湘楚小灶,经三路6-3号,113.692839,34.769021,13653865151;18937632895,8：00——22：00
金水区,50108,湖南菜(湘菜),湘小馆·小炒黄牛肉(正光北街店)(暂停营业),正光北街9号王鼎国贸大厦1层,113.751529,34.770019,0371-66786658,8：00——22：00
金水区,50108,湖南菜(湘菜),七亩湘,金水路115号中州皇冠酒店2号楼1层101室,113.694863,34.761911,0371-65858962;18224527486,8：00——22：00
金水区,50108,湖南菜(湘菜),蘇湘杭(地中海商业广场店),国基路168号普罗旺世地中海商业广场普罗市集2层01号,113.635404,34.823879,18602605907,8：00——22：00
金水区,50108,湖南菜(湘菜),湘约开小灶,国基路(陈寨东地铁站A口步行240米),113.673853,34.819391,13007615207;18937125468,8：00——22：00
金水区,50108,湖南菜(湘菜),兰湘子.湘菜小炒(永和·时光里购物中心店),郑东新区平安大道197号永和时光里购物中心5楼07.08.09,113.805859,34.790843,18740795213,8：00——22：00
金水区,50108,湖南菜(湘菜),湘里人家(百福街店),商鼎路百福街往北二百米路西,113.736193,34.756958,18039678170;18975659486,8：00——22：00
金水区,50108,湖南菜(湘菜),兰湘子·湘菜小炒(丹尼斯1天地店),商务内环路1号丹尼斯一天地3楼,113.723133,34.767507,0371-60901231,8：00——22：00
金水区,50108,湖南菜(湘菜),川湘味府(贾岗社区店),龙岗新城贾岗社区东南门旁,113.786757,34.77398,0371-66850663;15838303733,8：00——22：00
金水区,50108,湖南菜(湘菜),岩哥土鲫鱼·平价湘菜(白庙店),文博西路与白庙路交叉口向北200米路西,113.670083,34.796479,17344998319,8：00——22：00
金水区,50108,湖南菜(湘菜),岩哥土鲫鱼·平价湘菜(桑园路店),经三路与桑园路交叉口向东三百米路北,113.695495,34.8121,19036508319,8：00——22：00
金水区,50108,湖南菜(湘菜),岩哥土鲫鱼·平价湘菜(渠东路店),三全路与渠东路交叉口向南二百米路东,113.662898,34.826844,19043852314,8：00——22：00
金水区,50108,湖南菜(湘菜),湘辣食客(花园路店),郑州市金水区郑花路62号附6号门面房,113.680878,34.817481,13517376723;15973786111,8：00——22：00
金水区,50108,湖南菜(湘菜),阿妍小馆私房菜(天下城店),健康路优胜南路交叉口向西200米,113.662467,34.766983,17320192339,8：00——22：00
金水区,50108,湖南菜(湘菜),烙馍村川湘菜(博雅广场店),郑东新区博学路办事处正商博雅广场5号楼1楼118户,113.809267,34.790709,13526719798,8：00——22：00
金水区,50108,湖南菜(湘菜),岩哥土鲫鱼·平价湘菜(宏达街店),宏达街与园田路交叉口向西一百米路北,113.65162,34.822656,19137130219,8：00——22：00
金水区,50108,湖南菜(湘菜),岩哥土鲫鱼·平价湘菜(油化厂店),黄河路与沙口路交叉口郑州记忆创意园内,113.641004,34.772907,13938508734,8：00——22：00
金水区,50108,湖南菜(湘菜),岩哥土鲫鱼·平价湘菜(任砦北街店),文化路与任砦北街交叉口向东一百米路北,113.6679,34.770899,19036914139,8：00——22：00
金水区,50108,湖南菜(湘菜),粗粮小馆(经五路分店),丰产路40号1层门面房,113.675894,34.783838,18239965837;18838135693,8：00——22：00
金水区,50108,湖南菜(湘菜),湘辣食客(星光城购物中心店),郑汴路127号星光城购物中心B1层,113.715275,34.745675,15973716557,8：00——22：00
金水区,50108,湖南菜(湘菜),聚湘源辣椒炒肉,花园路宏康路向西400米路北,113.674784,34.842826,18039112803,8：00——22：00
金水区,50108,湖南菜(湘菜),徐大厨辣椒炒肉(时埂社区店),姚桥路82-45,113.800676,34.809958,18695903888,8：00——22：00
金水区,50108,湖南菜(湘菜),岩哥土鲫鱼·平价湘菜(玉凤路店),玉凤路333-5号,113.711444,34.758962,17335788523;18303998381,8：00——22：00
金水区,50108,湖南菜(湘菜),岩哥土鲫鱼·平价湘菜(博颂路店),,113.641286,34.808732,17335752813,8：00——22：00
金水区,50108,湖南菜(湘菜),刘掌柜湘味中式快餐,外文书店家属院南门西50米,113.707426,34.763991,18773763335,8：00——22：00
金水区,50108,湖南菜(湘菜),川湘居自选餐,千玺广场BM层川湘居自选餐,113.727018,34.770479,19939946263,8：00——22：00
金水区,50108,湖南菜(湘菜),老长沙罐子楼,文化路116号奥宝中心一楼体育馆东门南侧,113.666647,34.767879,0371-55036789;19139911672,8：00——22：00
金水区,50108,湖南菜(湘菜),青穆苑牛肉拉面(正商·书香铭筑店),金光路街道象湖南路50号正商·书香铭筑,113.848294,34.772612,17354693809;18509726588,8：00——22：00
金水区,50108,湖南菜(湘菜),本穆青海牛肉拉面(北龙湖店),如意西路93号(龙湖南地铁站A口旁),113.738874,34.80144,15324845990,8：00——22：00
金水区,50108,湖南菜(湘菜),湘味米粉牛肉面(中央特区店),郑东新区农业东路西商鼎路北4栋1-2层111号房,113.75771,34.756968,18539931370,8：00——22：00
金水区,50108,湖南菜(湘菜),老湘食府原味湘菜(顺驰第一大街沁水湾店),"天泽街1-8号,东风东路天泽街交叉口向南50米路东",113.739096,34.786371,0371-68082978,8：00——22：00
金水区,50108,湖南菜(湘菜),湘语季大排档(蓝天空港店),蓝天空港东2门南140米,113.73268,34.758499,16638162288,8：00——22：00
金水区,50108,湖南菜(湘菜),湘满园臭豆腐(红旗路店),河南省水利勘测总队家属院南门东南50米,113.693695,34.776764,18237123686,8：00——22：00
金水区,50108,湖南菜(湘菜),施华蔻美发连锁(郑州市红星蚂蚁店),十里铺街与宏伟街交叉口西北80米,113.729598,34.745482,15290432194,8：00——22：00
金水区,50109,安徽菜(徽菜),徽记·非遗徽菜,黄河南路与熊儿河路交叉口东南角,113.744227,34.768558,16638086069,8：00——22：00
金水区,50109,安徽菜(徽菜),小菜园新徽菜(郑州金水瀚海海尚店),东风路32号海尚广场四层小菜园,113.645909,34.800115,18761610215,8：00——22：00
金水区,50109,安徽菜(徽菜),小菜园新徽菜(郑州金水新田360店),花园路39号新田360广场北区L613号,113.680314,34.785167,0371-88526981,8：00——22：00
金水区,50109,安徽菜(徽菜),小菜园新徽菜(郑州金水信万广场店),国基路87号优悠购物公园5F层A5F-05号,113.646578,34.81942,0371-55010667,8：00——22：00
金水区,50109,安徽菜(徽菜),小王家常菜馆(安徽土菜臭鳜鱼),兴荣街和万安街交叉口向南200米路西,113.746608,34.75597,18530960452;18530960952,8：00——22：00
金水区,50109,安徽菜(徽菜),豫东徽菜烩面,燕乐里省直机关事务管理局燕乐小区,113.714667,34.766119,15936212087,8：00——22：00
金水区,50109,安徽菜(徽菜),皖江徽小馆微菜·非遗臭鳜鱼,健康路与优胜南路交叉口西北角88米,113.664005,34.767383,0371-65658166;18838296868,8：00——22：00
金水区,50109,安徽菜(徽菜),采云徽小馆(瀚海·璞丽中心店),黄河路118号(省人民医院地铁站A2口步行210米),113.696472,34.775165,18003822296,8：00——22：00
金水区,50109,安徽菜(徽菜),采云徽小馆(福彩路店),晨旭路68号万邦辰合7号馆1层1号,113.698992,34.801127,0371-65856667;18135672298,8：00——22：00
金水区,50109,安徽菜(徽菜),徽州里(亿安花园店),北林路街道晨旭路9号亿安花园,113.697641,34.801153,18537188989,8：00——22：00
金水区,50109,安徽菜(徽菜),徽张·黄山臭鳜鱼(丰庆路店),北三环与丰庆路交叉口南100米路东(环城绿化管理队对面),113.648193,34.809498,0371-65322988;15311195611,8：00——22：00
金水区,50110,福建菜,闽家味,丰庆佳苑11号楼门面房S1115,113.643928,34.816087,13905967489,8：00——22：00
金水区,50110,福建菜,闽丰味闽南精品菜馆,普罗旺世六期波特兰西北门南140米,113.64377,34.824158,0371-86545609;13653977834,8：00——22：00
金水区,50110,福建菜,闽南家宴,郑汴路127号星光城B1层舌尖名街中厅,113.716041,34.745491,0371-55673111;19939909737,8：00——22：00
金水区,50110,福建菜,闽南大排档(丰庆佳苑2期店),丰庆佳苑2期北门东60米,113.645416,34.817566,18003833399,8：00——22：00
金水区,50110,福建菜,盘龙鳝项城名吃,二环支路69号,113.636283,34.766403,17739456201,8：00——22：00
金水区,50110,福建菜,沙县小吃黄焖鸡米饭,,113.793925,34.808425,15324858771,8：00——22：00
金水区,50110,福建菜,沙县小吃,文化路街道关虎屯商业步行街1015号,113.679024,34.782648,18738102206,8：00——22：00
金水区,50110,福建菜,沙县小吃(燕乐里店),未来路街道民航路32号院海星花园5号楼7-1号商铺,113.712435,34.76423,13137722658,8：00——22：00
金水区,50110,福建菜,福建沙县小吃黄焖鸡米饭(假日蓝湾店),中方园路与国基路交叉口向北100米路东,113.656893,34.820711,18236989528,8：00——22：00
金水区,50110,福建菜,沙县小吃(瀚海泰苑店),北环路52号5栋2单元1层102号,113.659466,34.811969,17168714466,8：00——22：00
金水区,50110,福建菜,沙县小吃(纬五路店),河南省肿瘤医院北门西120米,113.701203,34.772163,15238363061,8：00——22：00
金水区,50110,福建菜,沙县小吃学理路店,新芒果·和郡北1门旁,113.807608,34.772977,15290818320,8：00——22：00
金水区,50111,北京菜,成师傅·大宋炒菜楼(中兴路店),正光路111号晖达商务大厦1-3层,113.775449,34.7727,0371-55128222;0371-55128333;13027735011,8：00——22：00
金水区,50111,北京菜,聚宝源(郑州首店),花园路31号一层底商108号,113.682252,34.784246,0371-55376518,8：00——22：00
金水区,50111,北京菜,珍味坊烤鸭(兴业大厦店),农业路22号兴业大厦F3层,113.690357,34.786804,0371-60135777,8：00——22：00
金水区,50111,北京菜,五顺斋清真烤鸭店(文化路分店),恒大名都西门旁,113.666735,34.795786,0371-66662799,8：00——22：00
金水区,50111,北京菜,老北京涮肉(清真独家老店),都市华庭西门北110米,113.697786,34.7861,0371-55032216;18538128685,8：00——22：00
金水区,50111,北京菜,小大董(郑州郑东万象城店),金水东路辅路与才高街交叉口东南200米郑州郑东万象城L7层,113.763012,34.766448,18538599843,8：00——22：00
金水区,50111,北京菜,LIBU礼部·新京菜中国茶(郑东万象城店),郑东万象城南区四层CL405,113.765517,34.76444,0371-60520666,8：00——22：00
金水区,50111,北京菜,五顺斋烤鸭(南阳路店),南阳路路11号院1号楼1层,113.653162,34.767862,0371-86167069,8：00——22：00
金水区,50111,北京菜,京溪·涮肉(九如东路店),九如东路6号永威翰林居3号楼1层附4-6号,113.743546,34.778316,19937895500,8：00——22：00
金水区,50111,北京菜,北京吾膳炙鸭(建文店),经八路8号院5号楼1层1号,113.669555,34.774857,0371-66665258;15333788291,8：00——22：00
金水区,50111,北京菜,京不同北京烤鸭(经三路店),经三路与红旗路交叉口向南50米路西,113.69238,34.776099,15890002833,8：00——22：00
金水区,50111,北京菜,老北京四季涮肉(花园路店),三全路花园路向北100米路东(花时代楼下),113.681295,34.830916,0371-86561918;13849684443;15188352507;18638201091,8：00——22：00
金水区,50111,北京菜,五顺斋烤鸭店(金水府店),金水府北门西60米,113.704671,34.757188,0371-55393737,8：00——22：00
金水区,50111,北京菜,老北京炸酱面(郑东新区店),商务内环路4号楼2层18号,113.722249,34.769346,18037379398,8：00——22：00
金水区,50111,北京菜,老北京四季涮肉(英协路店),英协路与商城路交叉口向南100米(英协剧院对面)8号,113.718194,34.750564,18638201091,8：00——22：00
金水区,50111,北京菜,炉煌宫北京烤鸭(文化路店),,113.666024,34.795165,18703878362,8：00——22：00
金水区,50111,北京菜,聚味斋北京烤鸭(黄河路店),南阳路街道黄河路黄河南街交叉口东南角,113.661392,34.774408,18695800964,8：00——22：00
金水区,50111,北京菜,京膳禾戚记北京烤鸭(新柳路总店),宏达路与柳林路交叉口向北150米路东,113.674165,34.825474,18703830750,8：00——22：00
金水区,50111,北京菜,建华北京烤鸭(丰乐路店),金桥学校西南门旁,113.64323,34.79126,13525501375,8：00——22：00
金水区,50111,北京菜,杨记烤鸭(纬四路店),纬四路农贸市场1层12号,113.687631,34.770251,13838596169,8：00——22：00
金水区,50111,北京菜,荣华北京烤鸭(东三街店),东三街北段7号院东门北60米,113.658067,34.780049,13838322292,8：00——22：00
金水区,50111,北京菜,枣木牌烤鸭(黄河路店),黄河路120号,113.698483,34.774852,18300708755,8：00——22：00
金水区,50111,北京菜,聚贤德北京果木烤鸭(玉凤路店),战友苑南区西门旁,113.709574,34.757345,18530216050,8：00——22：00
金水区,50111,北京菜,三辉北京果木烤鸭(信基路店),西史赵村1期北门西200米,113.634594,34.815981,15136251631,8：00——22：00
金水区,50111,北京菜,北京烤鸭王朝(王府坟店),沙口路王府坟市场南区10号,113.644788,34.765889,13783651522,8：00——22：00
金水区,50111,北京菜,全玉德北京烤鸭,老干部康复医院西门西北60米,113.700053,34.766419,13676960908,8：00——22：00
金水区,50111,北京菜,花溪园礼宴中心,花园北路67号恒华大厦2楼202号,113.682648,34.821465,17320166127,8：00——22：00
金水区,50111,北京菜,全德北京烤鸭『玉凤路店』,玉凤路凤鸣路交叉口向北五十米路东,113.711174,34.750214,15538077212,8：00——22：00
金水区,50111,北京菜,清风北京烤鸭(陈庄街店),陈庄街与正光北街交叉口路东(红绿灯灯下),113.766832,34.774693,15225077589,8：00——22：00
金水区,50111,北京菜,莱只烤鸭(祭城庙张街店),庙张南区西1门旁(畅和街地铁站B口步行420米),113.773497,34.780191,15093126237,8：00——22：00
金水区,50111,北京菜,品意德北京烤鸭(南阳路82号院店),南阳路82号3号楼1单元1层,113.639921,34.789346,13007622400,8：00——22：00
金水区,50111,北京菜,鸭舞优,南丰街10-5号,113.64612,34.781413,15639013978;4001258518,8：00——22：00
金水区,50111,北京菜,美味德北京烤鸭店,红专路姚寨路交叉口向南一百米路西美味德北京烤鸭店,113.704139,34.778894,13703796117;17737690625,8：00——22：00
金水区,50111,北京菜,京满堂北京烤鸭店,南阳新村街道南阳路南阳新村农贸生活广场D区,113.638516,34.789023,18736838937,8：00——22：00
金水区,50111,北京菜,益友福北京果木烤鸭(丰庆路店),丰庆路银河路交叉口向北50米路西,113.648092,34.826257,15890142755,8：00——22：00
金水区,50111,北京菜,品意德北京烤鸭(民航路店),民航路32号5号楼1层1号,113.714473,34.764767,15617585937;18336075937,8：00——22：00
金水区,50111,北京菜,京之宴北京烤鸭(万科广场店),,113.647526,34.854764,13253319266,8：00——22：00
金水区,50111,北京菜,壹佰零捌片正宗北京烤鸭,金水路97号-12号,113.666577,34.764149,18039102368,8：00——22：00
金水区,50111,北京菜,京不同北京烤鸭(国贸店),经五路与丰产路交叉口向北30米路东,113.677784,34.783949,17839994488,8：00——22：00
金水区,50111,北京菜,满园春饼·烤鸭(正弘城店),花园路与东风路交叉路口正弘城八楼,113.680838,34.79518,13698880816,8：00——22：00
金水区,50111,北京菜,品意德烤鸭(白庄社区店),十里铺街12-41门面房,113.730225,34.740846,15138939580,8：00——22：00
金水区,50111,北京菜,鸭鑫德北京烤鸭(崔庄花园社区店),宏图街与百福街东北角50米路北,113.736875,34.752551,18703814620,8：00——22：00
金水区,50111,北京菜,杨氏干拌烤鸭(丰乐路店),东风路13-77号(同乐地铁站F口步行240米),113.639259,34.796452,15264000022,8：00——22：00
金水区,50111,北京菜,鸭舞优北京烤鸭(龙子湖店),姚夏路与育翔路交叉口向南10米路西,113.800889,34.814827,13938412013,8：00——22：00
金水区,50111,北京菜,宴客道北京烤鸭(文雅小区店),东风路街道园田路16号文雅小区,113.65303,34.805433,13939998587;15188377945,8：00——22：00
金水区,50111,北京菜,王福记北京烤鸭(金印现代城店),广电南路与福彩路交叉口西50米路南,113.698277,34.805492,15136118562;18337315691;18838229589,8：00——22：00
金水区,50111,北京菜,品意德北京烤鸭(经一路店),丰产路街道红专路103号宏远小区,113.697497,34.779696,17838362968,8：00——22：00
金水区,50111,北京菜,杨氏手撕烤鸭曼哈顿店,黑庄路司法家属院门面房106,113.708991,34.76537,18137822876,8：00——22：00
金水区,50111,北京菜,德晟祥北京烤鸭(姚桥店),薛岗社区东1门旁,113.797443,34.818361,17698562806,8：00——22：00
金水区,50111,北京菜,京鸭苑北京烤鸭,玉凤路409号,113.711164,34.739784,18237160438,8：00——22：00
金水区,50111,北京菜,焱记北京烤鸭(21世纪社区湖适店),郑花路59号21世纪社区湖适,113.691369,34.815579,18538138122,8：00——22：00
金水区,50111,北京菜,老北京羊蝎子(宏图街店),崔庄20号楼一层门面房15-16,113.738967,34.752116,19059506578,8：00——22：00
金水区,50111,北京菜,炉味酥北京片皮烤鸭(东风路店),东风路南、勤工路东1号楼4层,113.662944,34.7987,17328718841,8：00——22：00
金水区,50111,北京菜,京记億品鸭金明路店,朝阳路19号恒升家园3号楼1层10号楼附3号商铺,113.688798,34.801279,18203679142;18339716858,8：00——22：00
金水区,50111,北京菜,金审烤鸭,丰产路街道政七街27号,113.687221,34.781602,0371-65510246,8：00——22：00
金水区,50111,北京菜,京膳禾北京烤鸭(广电南路店),广电南路新世纪农贸市场外9号商铺,113.701482,34.805433,13592681820,8：00——22：00
金水区,50111,北京菜,枣木焰序北京烤鸭(郑州十里铺店),十里铺街8-27号十里铺与宏昌街路口,113.729791,34.750197,15517138593,8：00——22：00
金水区,50111,北京菜,王福记北京烤鸭(农科路店),农科路文博东路向西100米路南,113.672903,34.791899,15038012338,8：00——22：00
金水区,50111,北京菜,德晟祥北京烤鸭(正商博雅广场店),博学路办事处正商博雅广场1号楼2楼207,113.808085,34.791704,17698562806,8：00——22：00
金水区,50111,北京菜,老北京涮羊肉(丰庆路店),丰庆路与双铺路交叉口向南200米路东,113.650997,34.792511,13838202224;16799735555,8：00——22：00
金水区,50111,北京菜,李记手撕烤鸭,华城家园南2门旁,113.670673,34.780027,19213991622,8：00——22：00
金水区,50111,北京菜,北京羲和雅苑烤鸭坊(正弘城店),花园路126号正弘城7层L705号商铺,113.680214,34.795113,0371-61652896;13511095312,8：00——22：00
金水区,50111,北京菜,京记·億品鸭北京烤鸭(博颂路店),东风路街道博颂路31号文雅新世界一期,113.644109,34.808414,18569897358,8：00——22：00
金水区,50111,北京菜,聚味源北京烤鸭(福元路店),战友苑8号楼13号,113.709621,34.757316,0371-60901790;17734784828,8：00——22：00
金水区,50111,北京菜,南京盐水鸭·烤鸭,岳砦农贸市场2号门旁,113.64314,34.7909,18437126198,8：00——22：00
金水区,50111,北京菜,小财神干拌烤鸭,黄河路花园路西100米路北,113.68012,34.774862,17772848787,8：00——22：00
金水区,50111,北京菜,豫记手撕烤鸭,柳林路与研发路交叉口,113.674287,34.826287,13523913621,8：00——22：00
金水区,50111,北京菜,北京烤鸭名店,盛和街与庙张街交叉口路南∵,113.77309,34.775257,15837137186,8：00——22：00
金水区,50111,北京菜,手撕烤鸭,沙口路王府坟市场南17号,113.644965,34.765969,15553045858;17838159109,8：00——22：00
金水区,50111,北京菜,老北京烤鸭(湖心岛店),崇德街与至博街交叉口崇实里崇德街美食广场,113.802506,34.796555,13513877027,8：00——22：00
金水区,50111,北京菜,正兴德北京烤鸭(前牛岗小区店),小夏街育翔路口南30米路东,113.797823,34.815128,18838038816,8：00——22：00
金水区,50111,北京菜,全德北京烤鸭,花园路117一5号(东风路地铁站A口步行150米),113.68197,34.793722,15603901780,8：00——22：00
金水区,50111,北京菜,德源啤酒烤鸭,金成时代广场八号楼万家鲜生活广场b19,113.704973,34.776879,18549827831;18838143651,8：00——22：00
金水区,50111,北京菜,鸭先生京城烤鸭,南阳路324号一层-1,113.654817,34.765199,18624922908,8：00——22：00
金水区,50111,北京菜,寻味楼烤鸭(四月天小区店),丰庆路街道国基路102号四月天小区,113.650259,34.822483,13526416366,8：00——22：00
金水区,50111,北京菜,京记億品鸭北京烤鸭,丰乐路34号,113.653576,34.777685,15869352131,8：00——22：00
金水区,50111,北京菜,翟冰洋北京烤鸭(大贺庄店),杨金路街道大贺庄社区北院8号楼1层,113.755051,34.84794,13650889796,8：00——22：00
金水区,50111,北京菜,有家烤鸭店,明达路与丰庆路交叉口西40米,113.647393,34.806383,13283895655,8：00——22：00
金水区,50111,北京菜,京师名炉手撕烤鸭(江山文苑店),丰庆路街道丰庆路62号(丰庆路与国基路向北200米)江山文苑,113.646324,34.825802,13592694585,8：00——22：00
金水区,50111,北京菜,云师傅烤鸭店,纬四路十六号院北门东110米,113.688309,34.770224,13598800931,8：00——22：00
金水区,50111,北京菜,鸭先知手撕烤鸭,郑东新区金水东路贾岗社区农贸市场门面房12号商铺,113.783064,34.773747,13761719127,8：00——22：00
金水区,50111,北京菜,京聚斋北京烤鸭,香山路宏明路交叉口香山市集2号门京聚斋北京烤鸭,113.666576,34.825408,18581918198,8：00——22：00
金水区,50111,北京菜,聊味斋烤鸭(郑州鸿鑫公寓店),文劳路与信息学院路交叉口西320米,113.656025,34.804175,17719899989,8：00——22：00
金水区,50111,北京菜,杨大姐手撕烤鸭,通泰路与白庄街交叉口南240米,113.732346,34.740463,13938023812,8：00——22：00
金水区,50111,北京菜,京鸭巷手撕烤鸭,丰产路街道红旗路134号省直姚寨小区门面附001号,113.702509,34.776979,19337885253,8：00——22：00
金水区,50111,北京菜,壹品德北京烤鸭,南阳新村街道东风路三北小区机北1号楼1单元1层2号,113.627932,34.792226,18837517610,8：00——22：00
金水区,50111,北京菜,两全烤鸭,郑东新区小夏街向南50米22-11-4,113.797491,34.812136,19555717685,8：00——22：00
金水区,50111,北京菜,李记正宗手撕烤鸭(卫生路店),卫生路15号院门口1层附4号,113.653502,34.781262,13673387935,8：00——22：00
金水区,50111,北京菜,聚和德汴京烤鸭(文化路店),恒大名都(白庙地铁站C口步行210米),113.666733,34.795709,17737702217,8：00——22：00
金水区,50111,北京菜,翠华家北京烤鸭(兴荣街店),通泰路与兴荣街交叉口北80米,113.733449,34.758926,18697318455,8：00——22：00
金水区,50111,北京菜,聚贤德北京果木烤鸭(玉凤路店),顺河路与玉凤路交叉口西40米,113.710963,34.759738,18530216050,8：00——22：00
金水区,50111,北京菜,京满楼老北京炸酱面(丰庆佳苑店),博卉路与普庆路交叉口东140米,113.645411,34.815943,15188513382,8：00——22：00
金水区,50111,北京菜,全德北京片皮烤鸭(龙子湖店),郑东新区姚夏路66-21-2,113.800889,34.813712,19139969426,8：00——22：00
金水区,50111,北京菜,随新所欲手撕烤鸭,园田路71-15,113.652651,34.83103,18103866620,8：00——22：00
金水区,50111,北京菜,酥里香手撕烤鸭(沙门安置小区店),东沙路与宏明路交叉口南120米,113.678889,34.823121,17638109190;18530858872,8：00——22：00
金水区,50111,北京菜,京味轩·手撕烤鸭,未来路街道未来大道73号锦江国际花园,113.708375,34.773125,18238486308,8：00——22：00
金水区,50111,北京菜,奥赢北京烤鸭,杲村东院南门2号门面房,113.647987,34.848822,15516970800,8：00——22：00
金水区,50111,北京菜,房记北京果木烤鸭,王寨街西史赵村G1区7号楼北8-23号商铺,113.63801,34.815825,15649622000;15729388823,8：00——22：00
金水区,50111,北京菜,康氏正宗手撕烤鸭,姚夏路与育翔路交叉口向北60米路西78-59号,113.80091,34.816357,18657250783,8：00——22：00
金水区,50111,北京菜,杨氏干拌烤鸭,祭城路街道心怡路26号祭城2号院东区,113.770412,34.776704,15552322372,8：00——22：00
金水区,50111,北京菜,鸭清源北京烤鸭,十里铺街18-13,113.729894,34.741608,15837131953,8：00——22：00
金水区,50111,北京菜,元聚德北京烤鸭,花园路与龙门路交叉口向东100米路南,113.680736,34.842014,17698603798,8：00——22：00
金水区,50111,北京菜,手撕烤鸭,凤凰台新区西南门旁,113.71282,34.740476,15290878607,8：00——22：00
金水区,50111,北京菜,京欢鸭·北京烤鸭,瀚宇新城南门西190米,113.646837,34.842177,13083727399,8：00——22：00
金水区,50111,北京菜,俩兄弟北京烤鸭(海亮·时代ONE店),宏康路海亮时代广场4号楼101号底商,113.66883,34.842526,15136423816;18203998133,8：00——22：00
金水区,50111,北京菜,鸭木头北京烤鸭,金阳光居易东北2门西北70米,113.644952,34.79552,18614977809,8：00——22：00
金水区,50111,北京菜,德益坊北京烤鸭店,玉凤路与凤仪路交叉口南120米,113.711129,34.739624,19293841254,8：00——22：00
金水区,50111,北京菜,北京烤鸭(天明路店),农业路与丰乐路交叉口,113.647593,34.791706,13613863486,8：00——22：00
金水区,50111,北京菜,煊煊手撕烤鸭,玉凤路与郑汴路辅路交叉口南120米,113.710612,34.745678,15515410008;18538791820,8：00——22：00
金水区,50111,北京菜,杨大姐手撕手撕烤鸭(香桔市店),东风路街道丰庆路2号香桔市,113.651378,34.805128,18339985619,8：00——22：00
金水区,50111,北京菜,京粹卤味北京烤鸭(金成时代广场店),丰产路街道姚砦路133-25金成时代广场,113.705021,34.776956,13253580090,8：00——22：00
金水区,50111,北京菜,老北京香羊坊羊蝎子火锅(岗杜街总店),南阳路与岗社街交叉口宏益华香港城1期4号楼5号,113.65441,34.769447,13803890489;15136277889,8：00——22：00
金水区,50111,北京菜,赛王阁北京烤鸭(宏明路店)(暂停营业),宏明路柳林路交叉口东北角,113.674509,34.824428,13101714891,8：00——22：00
金水区,50111,北京菜,三五老友·手抓羊排(祭城店),金庄社区东十一社区11号院东门东南90米,113.770866,34.773878,13261323132,8：00——22：00
金水区,50111,北京菜,京玺涮(老北京新火锅)(博学路店),金水东路与博学向南150米便民服务中心二楼,113.801588,34.772974,0371-63583888,8：00——22：00
金水区,50111,北京菜,唐河王记·炝烩面(东明路店),黄河路东明路交叉口南100米路西,113.700013,34.773065,0371-65997160,8：00——22：00
金水区,50111,北京菜,清真·京途鲜羊涮·羊蝎子(福元路店),英协路与福元路交叉口向西10米路南,113.715944,34.757222,0371-55658019,8：00——22：00
金水区,50111,北京菜,宫酱李老北京炸酱面(金城时代广场店),红专路金城时代广场1号楼一楼112-113-114-115号,113.707432,34.776286,0371-60104321;19138138111,8：00——22：00
金水区,50111,北京菜,北京稻香村(文化路店),文化路5号院西门南140米,113.667276,34.765255,0371-63870251,8：00——22：00
金水区,50111,北京菜,三合鼎盛铜锅涮(龙祥苑店),龙祥苑西2门旁,113.736508,34.756965,0371-61319816;15188318886,8：00——22：00
金水区,50111,北京菜,七味居信阳家宴(联盛大厦店),文化路任寨北街交叉口向东150米路北,113.668283,34.770899,15936222017,8：00——22：00
金水区,50111,北京菜,东盛丽都(畅和店),畅和街陈庄街交叉口东北角(祭城地铁站D口步行350米),113.768444,34.779866,0371-89901111;18439938888,8：00——22：00
金水区,50111,北京菜,潮吉豪 鲜撬蚝·鲜土鸡煲(福元路店),未来路与福元路交叉口向东150米路南金水府东北角底商,113.706465,34.757125,15938768452,8：00——22：00
金水区,50111,北京菜,京顺斋羊肉铺(百福街店),龙杰苑东门南120米,113.736113,34.755692,16638088868,8：00——22：00
金水区,50111,北京菜,宫廷香酥牛肉饼(家饰佳生活广场店),人民路23-1号,113.671804,34.756461,18215315000;18292836502,8：00——22：00
金水区,50111,北京菜,她当家砂锅柴鸡焖甲鱼,丰庆路双铺路向西100米路北春萌雅居西边,113.706511,34.77593,15837126898;17320178786,8：00——22：00
金水区,50111,北京菜,德全盛果木烤鸭店,,113.680357,34.779971,18503862277,8：00——22：00
金水区,50111,北京菜,九头鸟热干面(精美小炒),凤台路天佑小区1号楼1号,113.714966,34.755285,15737178382;18530183320,8：00——22：00
金水区,50112,湖北菜(鄂菜),上贤居湖北菜(政七街店),政七街98号,113.687209,34.788204,0371-65867899;15617727212,8：00——22：00
金水区,50112,湖北菜(鄂菜),湖北渔村(任寨北街店),任寨北街6-5号,113.668207,34.770657,0371-63821552,8：00——22：00
金水区,50112,湖北菜(鄂菜),荆楚寻鲜·小馆,商都路与聚源路交叉口向北50米路东,113.740555,34.750375,0371-63826688;17320165692,8：00——22：00
金水区,50112,湖北菜(鄂菜),九头鸟热干面(福彩路店),北林路街道福彩路2号山顶·御鑫城,113.698925,34.80736,15188357599,8：00——22：00
金水区,50112,湖北菜(鄂菜),老汉口热干面(民生路店),郑东新区民生路与祥盛街交叉口向南50米,113.751917,34.760649,15257598732;15539785838,8：00——22：00
金水区,50112,湖北菜(鄂菜),九头鸟热干面(前牛岗小区店),姚夏路与育翔路交叉口向南50米路西,113.800889,34.815174,13213131377,8：00——22：00
金水区,50112,湖北菜(鄂菜),永光热干面,花园路街道金水路政二街交叉口向北一百米,113.684938,34.764181,18503718378,8：00——22：00
金水区,50112,湖北菜(鄂菜),九头鸟热干面(绿地老街店),郑东新区绿地老街二期天赋路20-4号,113.746079,34.784203,15037821379;15890371593,8：00——22：00
金水区,50112,湖北菜(鄂菜),九头鸟热干面(郑东新区店),鑫苑中央花园西区东南门东110米,113.732783,34.758178,15225057177;15981848136,8：00——22：00
金水区,50112,湖北菜(鄂菜),朱记九头鸟热干面(南丰街店),南阳新村街道南丰街9号南丰街9号院,113.646326,34.781382,13733157975,8：00——22：00
金水区,50112,湖北菜(鄂菜),九头鸟热干面(天福苑店),文化路与白庙路交叉口向东100米路南,113.668668,34.795239,13918106455,8：00——22：00
金水区,50112,湖北菜(鄂菜),九头鸟热干面,印象汇步行街,113.724137,34.747784,13703935964,8：00——22：00
金水区,50112,湖北菜(鄂菜),正宗武汉热干面(天赋路店)(暂停营业),民航花园北门西60米,113.749604,34.783319,18037686161;18903716052,8：00——22：00
金水区,50113,东北菜,村东头大锅台(旗舰店),东明路259号,113.699881,34.788537,15038371515,8：00——22：00
金水区,50113,东北菜,大清花饺子(丰产路店),丰产路22号豫咨大厦1层,113.669476,34.78385,0371-63910884,8：00——22：00
金水区,50113,东北菜,东北宴鲅大馅饺子手擀面酱大骨头(三全路店),三全路8-3号,113.692234,34.828544,0371-60215277;15555500669;17104754000,8：00——22：00
金水区,50113,东北菜,黑土风情铁锅炖(林科路店),林科路41号,113.699095,34.788833,0371-63816888;16603839222,8：00——22：00
金水区,50113,东北菜,何福记东北饺子酱大骨(秋澄街店),郑东新区平安大道与秋澄街交汇处龙兴嘉苑3号院一楼门面,113.770471,34.792419,13140171812,8：00——22：00
金水区,50113,东北菜,大脸儿地锅炖(索凌路店),西史赵村1期东门旁,113.638382,34.814306,13503456017,8：00——22：00
金水区,50113,东北菜,工农兵铁锅炖菜(三全路店),三全路与柳林西路交叉口向西20米路南59号-5-5,113.673192,34.828263,13633813992;15136134285,8：00——22：00
金水区,50113,东北菜,张新革传统砂锅(南阳新村东北),农业路与南阳路交叉口南阳新村院内26号楼对面,113.644368,34.787916,13733819661;18737146887,8：00——22：00
金水区,50113,东北菜,东北菜15元中式自助餐厅,丰产路经五路交叉口向南一百米路东,113.678052,34.782,13844358868;19137902828,8：00——22：00
金水区,50113,东北菜,地道东北菜,城东路113号,113.691271,34.759017,15093403123,8：00——22：00
金水区,50113,东北菜,咱佳屯铁锅炖大鹅,通泰路与白庄街向西20米路南,113.732521,34.7424,0371-58576798;13333836543;15138603527,8：00——22：00
金水区,50113,东北菜,锅姐弟农家地锅柴鸡(经八路店),黄河路经八路交叉口向北十米路西,113.669787,34.775097,19937887217,8：00——22：00
金水区,50113,东北菜,李老四东北烤肉专门店(祭城店),心怡路55-18号心怡路与相济路交汇处向南50米,113.770951,34.782149,13944681222,8：00——22：00
金水区,50113,东北菜,村东头大锅台(金成商务大厦店),东明路与红专路交叉口向西200米,113.698983,34.779872,18137675058;19525574147,8：00——22：00
金水区,50113,东北菜,何福记东北饺子酱大骨(九如路店),郑东新区天赋路27号17号楼1-2层附5号,113.740628,34.783234,0371-68082908;15617563951,8：00——22：00
金水区,50113,东北菜,苗师兄铁锅炖·新派东北菜(郑州首店),二七路丹尼斯大卫城11层,113.665884,34.757766,15638196831,8：00——22：00
金水区,50113,东北菜,东北饺子馆(祥盛街店),祥盛街29号院3号楼东单元一层门面,113.769902,34.766079,15649057777,8：00——22：00
金水区,50113,东北菜,小美与大壮·东北烤肉(印象汇店),中州大道印象汇商场4层04-02C商铺(海底捞斜对面),113.725074,34.748531,17335596176,8：00——22：00
金水区,50113,东北菜,刘掌柜东北家宴,丰产街道东明路193号军官家属楼,113.700482,34.779604,15515844345,8：00——22：00
金水区,50113,东北菜,豫姥家大锅台(丰庆路店),三全路与丰庆路交叉口向南168米路西,113.64829,34.828517,15136112388,8：00——22：00
金水区,50113,东北菜,大脸儿地锅炖(丰乐路店),东风路与丰乐路交叉口向南100米路东,113.639844,34.796095,13623809029,8：00——22：00
金水区,50113,东北菜,黄老百农家铁锅炖(丰庆路店),丰庆华府东3门北50米,113.64764,34.804565,15838115789;15845299939,8：00——22：00
金水区,50113,东北菜,东北饺子酱大骨(林科路店),丰产路街道东明路269号德亿时代城,113.701369,34.789356,15703718910,8：00——22：00
金水区,50113,东北菜,黑土风情铁锅炖(英协路店),英协路50-6号,113.717994,34.753763,0371-85096888,8：00——22：00
金水区,50113,东北菜,何福记东北饺子酱大骨(杨槐新佳苑店),中州大道与金城大道交叉口东北角,113.696905,34.852021,17630077015,8：00——22：00
金水区,50113,东北菜,姥家大锅台(岗杜街店),岗杜北街15-23号,113.65427,34.769457,15137168587,8：00——22：00
金水区,50113,东北菜,丰塘四季地锅,龙文路,113.718605,34.83578,15037105733,8：00——22：00
金水区,50113,东北菜,东北小酒馆(丰庆路店),丰庆路与宏明西路交叉口西100米A12商铺,113.648117,34.82601,13633826949;13838015848,8：00——22：00
金水区,50113,东北菜,东北酱骨饺子馆(富田丽景花园店),东风路南阳路交叉口向南100米路西,113.63663,34.793488,13526782442,8：00——22：00
金水区,50113,东北菜,黑土风情铁锅炖花园路店,花园路61号(花园路与黄河路交叉口西北角向北50米路西),113.681675,34.775622,0371-55633579;0371-55653579;19003831757,8：00——22：00
金水区,50113,东北菜,东北菜馆(红专路),红专路129号附4号,113.703315,34.779834,13073714575,8：00——22：00
金水区,50113,东北菜,宴奴饺子(天赋路店),天赋路36号龙湖花园27号楼1-2层26号,113.752735,34.78299,19939900851,8：00——22：00
金水区,50113,东北菜,王氏粗粮香厨(绿城水岸名苑店),绿城·水岸名郡西南门旁,113.72212,34.759991,0371-55207878;15038325185,8：00——22：00
金水区,50113,东北菜,东北食屋(沙口路店),沙口路115附29号院,113.643525,34.765875,13503822196,8：00——22：00
金水区,50113,东北菜,东北大饭包总店(郑州总店),健康路任寨北街交叉口东北角,113.664272,34.770853,19838888831,8：00——22：00
金水区,50113,东北菜,小掌柜东北饺子小盘菜,相济路16号,113.771875,34.782775,16650221321,8：00——22：00
金水区,50113,东北菜,东北家常菜(文化路店),文化路78号工业学院六号商铺,113.664657,34.807334,15036155397,8：00——22：00
金水区,50113,东北菜,苏记砂锅,南阳路街道南阳路生产路交叉口路西,113.644779,34.782384,13526525319,8：00——22：00
金水区,50113,东北菜,东北地炉子烤肉,天明路63号院,113.647939,34.791825,15803858831,8：00——22：00
金水区,50113,东北菜,地锅盛宴(任寨北街店),任寨北街6号院,113.668691,34.77066,13213228399,8：00——22：00
金水区,50113,东北菜,阿永炖菜(海洋馆店),文化北路36号中鼎花园,113.659225,34.821431,13939027923;18737101168,8：00——22：00
金水区,50113,东北菜,地道东北菜(安军城小区店),8州市东风路街道博领路16号附6号安军城小区3号楼1层9号门面,113.652921,34.809177,17537137722,8：00——22：00
金水区,50113,东北菜,东北私房菜(谢记饭店),政六街32-7号,113.684667,34.781246,15639907125,8：00——22：00
金水区,50113,东北菜,东北私房菜(瀚海晴洲店),国基路瀚海晴洲美食街商铺1-01,113.672038,34.820578,15539696657,8：00——22：00
金水区,50113,东北菜,姜厨东北老式锅包肉大冷面(关虎屯生活广场店),经五路19号关虎屯生活广场F1层,113.679127,34.782807,13810326321,8：00——22：00
金水区,50113,东北菜,东北饺子馆,金水路燕黑路北段龙升源小区一楼门面房东北饺子馆,113.709775,34.765925,13607656210;13938410007,8：00——22：00
金水区,50113,东北菜,农家地锅,七里河南路与东四环交叉口,113.817076,34.766821,18837191720,8：00——22：00
金水区,50113,东北菜,正宗东北私房菜(安泰银河小区店),银河小区北门东80米,113.665208,34.837254,13783562380;15137196656,8：00——22：00
金水区,50113,东北菜,肉小胖地摊烤肉(宏明路店),国基路56号金印阳光城4号楼1层106商铺,113.672756,34.82389,18339965733,8：00——22：00
金水区,50113,东北菜,遇见东北大饭包,鑫苑西路6号院16号楼1层9号,113.672457,34.804596,15850304752,8：00——22：00
金水区,50113,东北菜,东北烧烤(关虎屯生活广场店),经五路19号关虎屯生活广场B栋壹层BM1020,113.678992,34.782819,18640512786,8：00——22：00
金水区,50113,东北菜,东北鸿福人家饺子精品菜,北三环与姚夏路交叉口西北角,113.801093,34.810228,13253320777,8：00——22：00
金水区,50113,东北菜,北国小厨东北饺子(亿安花园店),晨旭路9号院亿安花园北国小厨东北饺子馆,113.698249,34.801122,13014600338;13598080442,8：00——22：00
金水区,50113,东北菜,肉小胖地摊烤肉(丰庆路店),丰庆路63号院园田花园17号楼1层附16号,113.648871,34.824854,15903753778,8：00——22：00
金水区,50113,东北菜,东北家乡菜(升龙凤凰城C区店),凤凰台街道凤凰城C区4号楼1层108铺,113.705825,34.740402,15799888832,8：00——22：00
金水区,50113,东北菜,郑家院热烀炖地锅柴鸡(百富街总店),宏图街15-16号,113.736459,34.751074,13460293000;18339256785,8：00——22：00
金水区,50113,东北菜,嘎嘎好吃的东北胖姐老盒饭,东风路13号同乐小区北院26号楼一层,113.637107,34.797002,15515629909,8：00——22：00
金水区,50113,东北菜,东北手工饺子馆,兴荣街与百福街交叉口向南五十米路东(13-22),113.736486,34.757474,13603459320;17634374162,8：00——22：00
金水区,50113,东北菜,刘记东北卤水豆腐,十里铺街与商鼎路交叉口向南10米路西,113.729811,34.75389,15038380379,8：00——22：00
金水区,50113,东北菜,俏家人东北风味饺子(恒大名都店),文博西路与白庙路交叉口北150米,113.670107,34.796278,18838212006,8：00——22：00
金水区,50113,东北菜,东北大饭包,海亮时代5号楼123商铺,113.670024,34.842105,19517276029,8：00——22：00
金水区,50113,东北菜,东北人路边羊肉串东北菜,沈庄新城南区五号楼一层一号商铺,113.712138,34.755407,13546166976,8：00——22：00
金水区,50113,东北菜,1980·东北老饭盒(河南人民出版社家属院店),文化路街道经五路16号河南人民出版社家属院,113.678025,34.782075,13844358868,8：00——22：00
金水区,50113,东北菜,赵记大骨头,金城大道与金宝路交叉口西北40米,113.721714,34.851234,13949068109,8：00——22：00
金水区,50113,东北菜,东北烧烤杞县砂锅,金水东路106-75号,113.786561,34.774403,18614983593,8：00——22：00
金水区,50113,东北菜,薛记东北老菜馆·快餐,祭城路街道农业南路112号附1号路劲青春悦园,113.757681,34.756649,13936643248,8：00——22：00
金水区,50113,东北菜,东北锅包肉,民航路燕乐里1-10(民航路地铁站H口步行310米),113.714793,34.765827,15542977719,8：00——22：00
金水区,50113,东北菜,东北家乡菜饺子坊,北林路街道晨旭路9号亿安花园,113.698459,34.801069,13598080442,8：00——22：00
金水区,50113,东北菜,雪乡人东北菜,金水区十号院门面房2号,113.765861,34.815973,17737163099,8：00——22：00
金水区,50113,东北菜,姥家大锅台博颂路店,博颂路38号,113.639402,34.808828,15038190221,8：00——22：00
金水区,50113,东北菜,嘎嘎香东北老饭盒(曼哈顿店),玉凤路362号2号楼1层商05号,113.709625,34.755057,17319778182,8：00——22：00
金水区,50113,东北菜,北雪乡村土窑焖烤,七里河大桥附近,113.824585,34.758907,19522383466,8：00——22：00
金水区,50113,东北菜,李二娘东北杀猪菜(紫檀华都南院店),东风路街道天明路77号紫檀华都南院,113.645654,34.79504,19339951851,8：00——22：00
金水区,50113,东北菜,聚祥园东北铁锅炖,心怡路93-1号,113.772514,34.773016,18595897989,8：00——22：00
金水区,50113,东北菜,田家大院东北农家菜铁锅炖(郑州总店),大旺城购物中心西南门东60米,113.770255,34.779493,18239991388;18724468306,8：00——22：00
金水区,50113,东北菜,牛翠芬东北铁锅炖(暂停营业),新田360广场三楼(南平台),113.679625,34.784675,18135770398,8：00——22：00
金水区,50113,东北菜,东北中式快餐盒饭(暂停营业),黑朱庄路86-64,113.711998,34.766471,13007505253,8：00——22：00
金水区,50113,东北菜,东北手工水饺(柳林中心校家属院店),国基路街道郑花北路57号柳林中心校家属院,113.681857,34.814836,18737119712,8：00——22：00
金水区,50113,东北菜,野樱桃贵州菜(郑东万象城店),祥盛街72号郑东万象城南街区四层东北角CL419商铺,113.765597,34.764805,15037182495,8：00——22：00
金水区,50113,东北菜,旎隐炉边菜(油化厂创意园店),沙口路黄河路北郑州记忆·油化厂创意园(东北角),113.640566,34.772921,15037101699,8：00——22：00
金水区,50113,东北菜,Purr Purr扑扑烘焙(熙地港店),地德街与地坤街交叉口东北角,113.718907,34.783708,13071061082,8：00——22：00
金水区,50113,东北菜,仲和小馆(天泽街店),天泽街天赋路东北角向北50米路东,113.738557,34.785523,13298107639,8：00——22：00
金水区,50113,东北菜,小肥羊火锅餐厅(郑州黄河路店),黄河路与政七街交叉口向东100米路南,113.688721,34.774397,0371-65729777,8：00——22：00
金水区,50113,东北菜,小背篓菌汤火锅(商务外环店),绿地世纪峰会东北门西50米(众意西路地铁站D2口旁),113.719454,34.776668,0371-63501777;0371-63736777;13700846795,8：00——22：00
金水区,50113,东北菜,流金里茶馆·江西菜,沙口路与黄河路交叉路口东北200米(蜜油创意园内),113.639525,34.773225,13938561911,8：00——22：00
金水区,50113,东北菜,文新茶馆·喝毛尖茶·品信阳菜(经四路店),经四路与金水路交叉口东北角,113.690146,34.763882,0371-65835087;15838177286,8：00——22：00
金水区,50113,东北菜,谷大叔东北中式自选炒菜店,文化路街道东风路28号院29号楼1-2层10号商铺正弘蓝堡湾3期,113.67687,34.796434,13373911717,8：00——22：00
金水区,50113,东北菜,南湾南信阳四大盆(蜜油园店),沙口路郑州记忆东北角南湾南信阳四大盆蜜油园店,113.64142,34.773497,16696001504,8：00——22：00
金水区,50113,东北菜,裕盛合方城烩面·砂锅下酒菜,文博西路与科源路交叉口东北60米,113.670506,34.794587,18539480011,8：00——22：00
金水区,50113,东北菜,锅姐弟农家地锅柴鸡(大石桥旗舰店),南阳路9号1层(大石桥地铁站C口步行270米),113.653619,34.767418,15333716671,8：00——22：00
金水区,50113,东北菜,福状元(龙子湖店),修业街与中道西路交叉口东北角,113.80395,34.790572,0371-65337297;17803857332,8：00——22：00
金水区,50113,东北菜,廣順興(文化北路店),琉璃寺村东北门东南60米,113.654117,34.840114,18937570673,8：00——22：00
金水区,50113,东北菜,小小饺子·家常菜(建文新世界店),经八路9号院西门北50米,113.669788,34.776146,13673809609;15188351588,8：00——22：00
金水区,50113,东北菜,宝弟羊肉馆(众意路店),温哥华山庄北区东南2门东北390米,113.722596,34.787143,0371-55056567,8：00——22：00
金水区,50113,东北菜,同胜祥(文化北路店),琉璃寺村东北门北60米(琉璃寺地铁站B口步行220米),113.65373,34.84101,0371-63616969,8：00——22：00
金水区,50113,东北菜,潮汕家乡菜,金杯路与国基路交叉口东北60米,113.630908,34.820065,15515633723,8：00——22：00
金水区,50113,东北菜,上馆子信阳土菜(玉凤路店),玉凤路与凤鸣路交叉口东北角,113.711333,34.75001,18037136888,8：00——22：00
金水区,50113,东北菜,王一锅东北大碗麻辣烫(金水金街店),文化路街道科源路5号9号楼101号,113.677063,34.793972,18043194482,8：00——22：00
金水区,50113,东北菜,潢川小厨信阳风味农家菜,黄河路与东明路交叉口西北角100米,113.700104,34.775252,15238618661,8：00——22：00
金水区,50113,东北菜,麦稻中式健康菜(绿地360店),郑东新区祭城办事处陈关新区祭城2号楼盛和街2-53门面房,113.764021,34.778285,13783502464,8：00——22：00
金水区,50113,东北菜,豫江南信阳宴(东风路店),东风路与经三路向西200米路南,113.689959,34.795257,0371-61259888,8：00——22：00
金水区,50113,东北菜,老张家大锅菜,盛行汽车运动俱乐部东北2门旁,113.627701,34.787756,13838183716,8：00——22：00
金水区,50113,东北菜,东园·茶宴(龙兴嘉苑郑大一附院店),龙湖外环东路与秋澄街交叉口东北角三楼,113.769337,34.793766,16789391888;16789395888,8：00——22：00
金水区,50113,东北菜,铁锅年代地锅鸡(姚桥店),姚夏路与薛夏南街交叉口南140米,113.8014,34.811955,16690931638,8：00——22：00
金水区,50113,东北菜,高门台宋老三苏肉老店(红专路店),经五路与红专路交叉口东北角48-6,113.67828,34.780111,13673664446,8：00——22：00
金水区,50113,东北菜,老狼大盘鸡(郑州旗舰店),凤台路与凤鸣路交叉口东北角66米路北,113.714705,34.75005,15346585666,8：00——22：00
金水区,50113,东北菜,滨河农家大锅台(未来滨河小区店),吴家庄路与燕黑路交叉口东北180米,113.711717,34.768746,0371-55181778,8：00——22：00
金水区,50113,东北菜,王福记(龙湖店),九如路51号,113.744503,34.791871,0371-55318821,8：00——22：00
金水区,50113,东北菜,上餐馆(凤台路店),凤鸣路与凤台路交叉口东北角,113.714568,34.750079,0371-53796153;13733859103,8：00——22：00
金水区,50113,东北菜,张老四大虾王(丰庆路店),丰庆路于群办路交叉口东北角,113.6481,34.796867,13298327780;13298331992;13460278341,8：00——22：00
金水区,50113,东北菜,函谷关灵宝羊肉汤馆(东明路店),东明路与农业路交叉口向北30米路西,113.699968,34.787072,0371-65822898,8：00——22：00
金水区,50113,东北菜,哈尔滨饺子馆,金领时代西1门旁,113.75209,34.760126,13253350222;18203625540,8：00——22：00
金水区,50113,东北菜,烙馍大盘菜(时埂社区店),时埂社区东南门东北210米,113.801014,34.81016,13523089086;13598061073,8：00——22：00
金水区,50113,东北菜,老狼大盘鸡(祭城集贸市场店),祭城集贸市场东北门东60米,113.76873,34.77615,15093480563;15617561592,8：00——22：00
金水区,50113,东北菜,厨匠博炮崩鸡(黑朱庄店),未来路街道黑朱庄路86号63号商铺,113.712179,34.766447,15036181813,8：00——22：00
金水区,50113,东北菜,厨匠博炮崩鸡(信万广场店),国基路89号一号楼102-5商铺,113.644197,34.817936,15838660196,8：00——22：00
金水区,50113,东北菜,厨匠博炮崩鸡(兴荣街店),兴荣街百福街交叉口向东100米路南,113.737353,34.757951,19283780729,8：00——22：00
金水区,50113,东北菜,川魂帽牌货冒菜,祭城精品服装区东北门西60米,113.768965,34.776069,15838016446,8：00——22：00
金水区,50113,东北菜,豫先生.手撕烤鸭(二分店),十里铺街与宏图街交叉口东北角,113.730215,34.752715,13184833361,8：00——22：00
金水区,50113,东北菜,江西土菜馆(姚桥店),龙子湖街道北三环小夏街东北角磨李高层五号楼,113.798125,34.808367,13767286231;18037300663,8：00——22：00
金水区,50113,东北菜,马记特色羊杂汤总店,鸿宝路与鸿苑路东北角148号,113.804811,34.833043,15637520299;19937157719,8：00——22：00
金水区,50113,东北菜,半亩塘·信阳小馆子(中义·阿卡迪亚店),黄河南路4号(阿卡迪亚东北),113.743574,34.767755,0371-65681588,8：00——22：00
金水区,50113,东北菜,刘俊雨卤味凉菜店(祭城店),郑河西院东北门东160米(祭城地铁站B口步行70米),113.766071,34.777036,18039270131,8：00——22：00
金水区,50113,东北菜,御宾苑烩面(象湖旗舰店),永嘉街与象湖南路交叉口东北80米,113.848201,34.772901,15136256711,8：00——22：00
金水区,50113,东北菜,烁宝-啫啫砂锅菜,玉凤路凤鸣路交叉口(庄禾市集西1门)东北角二层,113.711249,34.750236,13949133399,8：00——22：00
金水区,50113,东北菜,兰州纯汤牛肉面(开祥·御龙城店),开祥·御龙城东北2门旁,113.641616,34.800188,13096127872,8：00——22：00
金水区,50113,东北菜,阿永炖菜牛肉面(秀水苑店),鸿苑路鸿宝路东北角,113.804154,34.833174,13733186511,8：00——22：00
金水区,50113,东北菜,李彦旗山野菜豆腐汤粉浆面条杂面条,雅阁思达西北门东北60米,113.641059,34.767177,17719801871,8：00——22：00
金水区,50113,东北菜,九块九小碗菜(庙张街店),庙张街与畅和街交叉口东北140米,113.773958,34.780415,18239987387,8：00——22：00
金水区,50113,东北菜,穆鼎兰牛肉面(绿地缤纷城店),绿地缤纷城东北门旁,113.770433,34.760928,18695694563,8：00——22：00
金水区,50113,东北菜,青海牛肉面炒拉条(经八路9号院店),红旗路与经八路交叉口东北角20米青海牛肉拉面,113.67011,34.776742,13213038383,8：00——22：00
金水区,50113,东北菜,东北手工水饺(信万广场店),普庆路2号院北苑家苑16号楼1层20号,113.642876,34.816049,15515905569,8：00——22：00
金水区,50113,东北菜,穆青隆青海手工拉面(双河湾店),双河湾西北门东北80米,113.727853,34.783888,19197319597,8：00——22：00
金水区,50113,东北菜,兰州牛肉面(郑州二七广场地铁站人民公园目鸽酒店店),郑州市人民公园东门东北50米,113.666785,34.762276,13109737256,8：00——22：00
金水区,50113,东北菜,好吃的炒菜卤面(国贸店·盖浇饭),关虎屯商业步行街与经五路交叉口东60米,113.678368,34.782811,15890011409,8：00——22：00
金水区,50113,东北菜,靳记大鱼坊铁锅炖(安军城小区店),园田路博颂路交叉口,113.652937,34.80896,18304622005,8：00——22：00
金水区,50113,东北菜,信阳家园,黑庄路与燕凤北街交叉口东北角30米,113.712189,34.766454,17839968000,8：00——22：00
金水区,50114,云贵菜,土家煨锅,纬五路29号附12号,113.67479,34.771526,0371-63934613,8：00——22：00
金水区,50114,云贵菜,山野粒yearning贵州菜餐厅(万达坊店),花园路122号万达坊F4层4008,113.679745,34.79326,13523512810;13589268403,8：00——22：00
金水区,50114,云贵菜,野樱桃贵州菜(龙湖里店),龙湖里3层A栋(龙湖中环南地铁站F口步行240米),113.741506,34.791087,18595877666,8：00——22：00
金水区,50114,云贵菜,飞坛黔语·生态贵州菜(郑州银泰in PARK店),北龙湖金融岛银泰4区二楼C-L2016C-L2017三楼C-L3021,113.729479,34.810885,0371-69661888,8：00——22：00
金水区,50114,云贵菜,黔满满(贵州火锅),黄河路经六路向南100米路东院内,113.675083,34.773472,18530969691,8：00——22：00
金水区,50114,云贵菜,呛头家云南民族菜(郑东万象城店),郑东新区郑东万象城7楼708,113.762801,34.766461,15538287686,8：00——22：00
金水区,50114,云贵菜,山石榴·贵州菜(郑州郑东万象城),金水东路辅路与才高街交叉口东南200米郑州郑东万象城L7层,113.763206,34.766071,19036916887,8：00——22：00
金水区,50114,云贵菜,飞坛黔语·贵州习水麻羊火锅(郑州银泰in PARK店),金水区北龙湖金融岛银泰C区二楼C-L2013号,113.729641,34.810668,0371-69661888,8：00——22：00
金水区,50114,云贵菜,哪吒同学 云南鲜烫牛肉米线 (金成时代广场店),7-128(姚砦·聂庄地铁站C口步行380米),113.706569,34.776872,18336510285,8：00——22：00
金水区,50114,云贵菜,翟记小肠炖鸡,南阳路20号院19号楼6号,113.65086,34.772225,15539390652,8：00——22：00
金水区,50114,云贵菜,钱摊摊贵州安顺酸汤火锅,海亮时代五栋一楼107,113.670122,34.842793,17513171059,8：00——22：00
金水区,50114,云贵菜,贵州六盘水黄牛肉馆(博远路店),博远路丰庆路交叉口向西150米路南,113.645656,34.817648,15003712657,8：00——22：00
金水区,50114,云贵菜,云南石锅鲜鱼,经二路与纬四路交叉口北80米,113.695164,34.770803,13383856896,8：00——22：00
金水区,50114,云贵菜,贵州红酸汤火锅,明理路266号正商木华广场2号楼1层2-104-2,113.809789,34.794709,15333830586,8：00——22：00
金水区,50114,云贵菜,海底捞火锅(璞丽中心店),黄河路1号院瀚海璞丽中心2层C2001号商铺,113.695488,34.775273,0371-65585120;0371-65585121,8：00——22：00
金水区,50114,云贵菜,遇云肴酸菜牛肉火锅,万安街黄河里商业街东口二楼北侧,113.746629,34.756529,0371-55681679,8：00——22：00
金水区,50114,云贵菜,渔珺石锅鱼(天泽街店),顺驰第一大街水月湾东门南60米,113.737041,34.783506,0371-68085600,8：00——22：00
金水区,50114,云贵菜,海底捞火锅(万达坊店),花园路122号1幢3层3028号,113.680492,34.794387,0371-55393330;0371-55393331,8：00——22：00
金水区,50114,云贵菜,海底捞火锅(丹尼斯三天地店),商务内环路与西三街交叉口丹尼斯三天地F3(近丹尼斯三天地南门),113.719782,34.771138,0371-55568799;0371-55568966,8：00——22：00
金水区,50114,云贵菜,响滇云南酸菜牛肉火锅(郑州花园路国贸店),花园路39号新田360广场(郑州国贸店)6层,113.68082,34.785522,18703653099;18703691571,8：00——22：00
金水区,50114,云贵菜,溢美德·云南蒸汽石锅鱼(众旺路店),众旺路8号,113.757875,34.772999,15093278696;19339955815,8：00——22：00
金水区,50114,云贵菜,云秀云南过桥米线(郑州旗舰店),郑东新区顺驰第一大街A11-12号,113.737898,34.785504,13140044991,8：00——22：00
金水区,50114,云贵菜,米皮记清真餐厅(南阳路店),南阳路239号,113.637639,34.791996,15036298083,8：00——22：00
金水区,50114,云贵菜,云南蒙自过桥米线(丰庆路店),丰庆路明达路向北10米路西,113.647706,34.80655,13523533630;15188363830,8：00——22：00
金水区,50114,云贵菜,天赐缘过桥米线(群英路店),丰乐路19号,113.645177,34.788418,18749007265,8：00——22：00
金水区,50114,云贵菜,米皮记清真餐厅(世博中心店),世博中心西北门旁,113.673246,34.797925,18613770383,8：00——22：00
金水区,50114,云贵菜,金牌过桥米线,紫荆山路1号紫荆山百货大楼1层1-2,113.681588,34.762403,13015509990;19939273163,8：00——22：00
金水区,50114,云贵菜,滇城小镇云南过桥米线(印象汇店),凤凰台街道中州大道1188号置地广场印象汇122,113.725317,34.74929,17398965219,8：00——22：00
金水区,50114,云贵菜,米皮记清真餐厅(纬四路店),纬四路10号院1号楼2单元11号,113.687028,34.770259,16638093085,8：00——22：00
金水区,50114,云贵菜,米皮记清真餐厅(十里铺店),十里铺街8-1(通泰路地铁站E口步行470米),113.729892,34.7501,18937891727,8：00——22：00
金水区,50114,云贵菜,米皮记清真餐厅(姚砦路店),金成时代广场8号楼2单元,113.704493,34.776594,13526512301,8：00——22：00
金水区,50114,云贵菜,悦色·广式泥炉鸡煲(暂停营业),地德街地坤街交叉口西南角(雅文大酒店1楼),113.717915,34.782856,0371-60678888;13949098917,8：00——22：00
金水区,50115,西北菜,大秦地(民生路店),金领时代西1门北80米,113.751803,34.760939,0371-61779966,8：00——22：00
金水区,50115,西北菜,南泥湾西北菜(英协路店),金水路与英协路交叉口南50米路东,113.718769,34.760708,0371-61589898,8：00——22：00
金水区,50115,西北菜,买买江新疆大盘鸡,黄河南街13-26,113.661384,34.771177,18810516892,8：00——22：00
金水区,50115,西北菜,王由里格外香大盘鸡(任寨北街总店),河南省豫剧二团家属院北门旁,113.666274,34.770628,15660638038,8：00——22：00
金水区,50115,西北菜,农夫大盘鸡(经八路总店),经八路和任寨北街交叉口向南20米路西,113.669548,34.770292,0371-55158966;13017667891;15939010768,8：00——22：00
金水区,50115,西北菜,聚味美大盘鸡(天伦琥珀名城店),天伦路琥珀名城9号院25号楼1层2号,113.689596,34.825337,13007535526,8：00——22：00
金水区,50115,西北菜,南泥湾(红旗路),红旗路30-2号(郑州人民医院地铁站E口步行400米),113.663755,34.777011,0371-55819285;0371-63868080,8：00——22：00
金水区,50115,西北菜,醉龙湖·黄河甲鱼,如意河西三街与如意西路交叉口东南120米,113.734084,34.801588,18538012991;18538013979;18538017776;19059518224,8：00——22：00
金水区,50115,西北菜,大秦地(纬四路店),经三路与纬四路店交叉口,113.691916,34.769966,0371-86509668;15537128650,8：00——22：00
金水区,50115,西北菜,王由里格外香大盘鸡(龙子湖店),郑东新区明理路266号正商木华广场2号楼1层103号,113.809835,34.794741,15651875853,8：00——22：00
金水区,50115,西北菜,南泥湾西北菜(黄河南路店),祭城路街道兴荣街17-30号大地东方名都,113.744053,34.757325,0371-61589988;0371-68988999,8：00——22：00
金水区,50115,西北菜,聚味美鲜炒大盘鸡秋澄街店,秋澄街(高铁公园地铁站C口步行380米),113.769978,34.792416,19337173797,8：00——22：00
金水区,50115,西北菜,张记美味思大盘鸡(林科路总店),林科路与东明路交叉口东30米路北,113.701096,34.789362,0371-65710731;15938794565,8：00——22：00
金水区,50115,西北菜,学长大盘鸡(风尚家庭公寓店),东风路2-09号,113.656342,34.799893,15514385000,8：00——22：00
金水区,50115,西北菜,豫柴窝大盘鸡(白庙店),白庙路64-15(白庙地铁站C口步行380米),113.668087,34.795252,13073790058;19637519166,8：00——22：00
金水区,50115,西北菜,聚味美鲜炒大盘鸡(紫檀华都店),天明路77号紫檀华都5号楼502商铺,113.646059,34.794541,18538704189,8：00——22：00
金水区,50115,西北菜,张记美味思大盘鸡(御府3号店),花园北路国基路口东200米路北,113.685537,34.819583,0371-61992229;15515826168,8：00——22：00
金水区,50115,西北菜,羊故事·精品西北菜(郑州总店),丰庆路街道文化北路3-1号北晨名座,113.667175,34.810925,18903822986,8：00——22：00
金水区,50115,西北菜,王由里格外香大盘鸡(东风路店),南阳路226号(同乐地铁站B口步行230米),113.634012,34.794601,15286847049;19213997599,8：00——22：00
金水区,50115,西北菜,陕记老潼关肉夹馍(凯旋广场店),花园路农科路交叉口建业凯旋广场3号楼1层126号商铺,113.680239,34.793338,13613828187;13938266270;15516169079,8：00——22：00
金水区,50115,西北菜,晴宇聚味美鲜炒大盘鸡(祭城店),陈庄街畅和街交叉口南祭城社区6号院东六高层12号,113.768061,34.779036,19103971510,8：00——22：00
金水区,50115,西北菜,西北二蛋(王鼎商务大厦店),正光北街28号-104,113.756401,34.771905,0371-53362020,8：00——22：00
金水区,50115,西北菜,京小凤鲜炒大盘鸡(博远路店),博远路58号美盛教育港湾2号楼1层103商铺,113.649848,34.8179,15514697709;19339913158,8：00——22：00
金水区,50115,西北菜,马记大盘鸡,南阳路68号院南阳新村西大门往院内50米左手边,113.642387,34.787356,13783425048,8：00——22：00
金水区,50115,西北菜,聚味美鲜炒大盘鸡(海亮时代店),"冯康路55号海亮时代3栋一层105,106号",113.669063,34.842869,19137918688,8：00——22：00
金水区,50115,西北菜,老狼鲜炒大盘鸡,任岩北街-4号院北1门旁,113.664505,34.770631,13623861268;15516185287,8：00——22：00
金水区,50115,西北菜,买买江新疆大盘鸡,红专路与经七路交叉口西40米,113.671699,34.780067,15839180196,8：00——22：00
金水区,50115,西北菜,兄弟大盘鸡(经一路店),河南省水利勘测总队家属院南门东90米,113.694195,34.777046,13014599129;13283835354,8：00——22：00
金水区,50115,西北菜,客官乐鲜炒大盘鸡(磨李社区店),磨李社区东2门南80米,113.797475,34.809007,19149404913;19939371413;4006788657,8：00——22：00
金水区,50115,西北菜,聚味美鲜炒大盘鸡(桑园店),桑园村小区门口临街一楼商铺,113.696709,34.812137,13937147508,8：00——22：00
金水区,50115,西北菜,农夫大盘鸡(农科路枣庄店),军安小区南门旁,113.694078,34.792556,18538502860;18638509912,8：00——22：00
金水区,50115,西北菜,新疆风味喀什餐厅,红旗路与经八路交叉口9-39号,113.670003,34.776743,13801465601,8：00——22：00
金水区,50115,西北菜,兄弟大盘鸡(总店),经七路25号,113.672103,34.781133,15981830927,8：00——22：00
金水区,50115,西北菜,学长大盘鸡(财经政法大学店),秋实街河南财经政法大学毓苑家属院东,113.82401,34.787148,17724831093,8：00——22：00
金水区,50115,西北菜,聚味美鲜炒大盘鸡(丰庆路店),丰庆路宏明西路交叉口东南角,113.648845,34.824966,15238029968,8：00——22：00
金水区,50115,西北菜,西部大盘鸡(姚桥店),,113.800068,34.809567,18838279328,8：00——22：00
金水区,50115,西北菜,一家人大盘鸡(老街小吃街店),工人新村东里路工四街底商十一号,113.676604,34.758681,15238063881,8：00——22：00
金水区,50115,西北菜,农夫大盘鸡(蓝堡湾店),文博东路科源路向北100路东,113.673213,34.795207,18639022728,8：00——22：00
金水区,50115,西北菜,学长大盘鸡,农业大学西苑餐厅二楼,113.820834,34.80288,13353817269;19937867488,8：00——22：00
金水区,50115,西北菜,西北老狼大盆骨,政七街13号院附2号,113.687507,34.782721,15638899678,8：00——22：00
金水区,50115,西北菜,麒麟大盘鸡(天明路店),天明路72号,113.645738,34.794265,17836993339,8：00——22：00
金水区,50115,西北菜,西部大盘鸡(安泰兴龙小区店),香山路与宏祥路交叉口向100米,113.665171,34.837556,13803997985,8：00——22：00
金水区,50115,西北菜,尕平子新疆椒麻鸡(黄河路店),卫生路尕平子新疆椒麻鸡(海滩寺地铁站A口步行430米),113.655619,34.774994,15890696611,8：00——22：00
金水区,50115,西北菜,新疆特色大盘鸡(中亨沙口路小区二号院店),南阳路街道沙口路115-2号中亨沙口路小区二号院,113.642633,34.766786,15739983592,8：00——22：00
金水区,50115,西北菜,学长大盘鸡(华水店),龙子湖校区华北水利水电大学商业街,113.796423,34.784507,19503847976,8：00——22：00
金水区,50115,西北菜,西部来客鲜炒大盘鸡(陈三桥店),郑东新区龙子湖办事处姚夏路61-6,113.801414,34.811822,13837130391,8：00——22：00
金水区,50115,西北菜,珍菌大盘鸡,双铺路4号楼1层13号,113.654718,34.794351,18736019282,8：00——22：00
金水区,50115,西北菜,新疆阿里巴巴烧烤店,文化路街道农科路25号非常SOHO-A座,113.685983,34.792238,15199771177,8：00——22：00
金水区,50115,西北菜,川陕家食之都(丹尼斯4天地店),郑东新区cbd丹尼斯步行街七天地四天地三层43F-017号,113.718978,34.772737,13526674620,8：00——22：00
金水区,50115,西北菜,新疆古丽特色美食,姚砦路和东明路交叉口向北100米路东,113.704261,34.77634,18003831448,8：00——22：00
金水区,50115,西北菜,麦克苏提新疆大盘鸡,农业路经五路向南200米,113.677888,34.78484,15237181252,8：00——22：00
金水区,50115,西北菜,老陈大盘鸡(南阳路店),郑州市金水区南阳路256号,113.641236,34.78665,15839590932;17613151586,8：00——22：00
金水区,50115,西北菜,新疆第一盘(贾岗社区店),金水东路贾岗安置小区3期内,113.786247,34.774801,15037018030;15303751744,8：00——22：00
金水区,50115,西北菜,小许椒麻土鸡,普庆路与宏明西路交叉口西北角银河农贸市场C1铺位,113.643594,34.826333,15903625695;18838268183,8：00——22：00
金水区,50115,西北菜,新疆小艾烧烤美食屋(天骄华庭住宅小区一期店),英地·天骄华庭1期北门东120米,113.672832,34.794027,19139779307,8：00——22：00
金水区,50115,西北菜,兄弟大盘鸡(东风路店),勤工路1号楼4层,113.662892,34.798722,18768877861;19522338021,8：00——22：00
金水区,50115,西北菜,新疆烤肉拌面王,社会科学界联合会北门西90米,113.668706,34.783522,13674917003,8：00——22：00
金水区,50115,西北菜,聚味美椒麻鲜炒鸡晨旭路店,晨旭路68号,113.700012,34.801093,19138083589,8：00——22：00
金水区,50115,西北菜,晋福祥油泼拌面,杨金路街道办事处旁边晋福祥油泼拌面,113.739769,34.843328,15340981528,8：00——22：00
金水区,50115,西北菜,青海牛肉拉面(省汇中心B座店),农业路与政七街交叉路口,113.687557,34.787002,17611023781,8：00——22：00
金水区,50115,西北菜,鑫农夫大盘鸡(文劳路店),文劳路40号,113.652962,34.805153,15981856909,8：00——22：00
金水区,50115,西北菜,买买提烧烤,夏庄社区西院东门南140米,113.800918,34.816388,18137878791;18950117795,8：00——22：00
金水区,50115,西北菜,谢记大盘鸡,东风路9号和苑大酒店东北角1楼门面房,113.663136,34.799202,0371-56639569,8：00——22：00
金水区,50115,西北菜,老狼哥大盘鸡(贾岗社区店),郑东新区博学路办事处贾岗社区步行街34号,113.786172,34.774256,13526099932;13603997747,8：00——22：00
金水区,50115,西北菜,新疆阿达西烧烤店(中南·海知音店),郑东新区商都路6号海知音,113.730222,34.749559,16609904590,8：00——22：00
金水区,50115,西北菜,新疆买买提烧烤店,,113.651038,34.822692,13699318651,8：00——22：00
金水区,50115,西北菜,农家大盘鸡(一钢家属院东北),经八路北段11附1号院西门旁,113.668394,34.775937,13526787975,8：00——22：00
金水区,50115,西北菜,艾力新疆特色大盘鸡,优胜南路26号,113.664336,34.767078,15515583454;18167614250,8：00——22：00
金水区,50115,西北菜,努尔艾力新疆大盘鸡(宏益华·香港城1期店),岗杜街11号,113.652863,34.769537,18167614250,8：00——22：00
金水区,50115,西北菜,大明新疆椒麻鸡,心怡路盛和街交叉口向西100米路北祭城地铁D口向东200米,113.76969,34.776302,15136136060,8：00——22：00
金水区,50115,西北菜,震浩特色大盘鸡,泉舜上城润泉苑东门西北100米,113.6541,34.777418,18037118221,8：00——22：00
金水区,50115,西北菜,高记速味坊碳锅鱼大盘鸡(天伦琥珀名城店),天伦路9号院11号楼1层4号,113.691652,34.822353,13838012536;15538086825,8：00——22：00
金水区,50115,西北菜,鑫源擀面大盘鸡(煤炭北街店),勤工路米兰阳光5号楼底商,113.663271,34.797242,15290426987,8：00——22：00
金水区,50115,西北菜,胖虎鲜炒大盘鸡(姚桥店),夏庄社区西院东门北70米,113.800878,34.818062,19937855536,8：00——22：00
金水区,50115,西北菜,陕二姐油泼面(星光城舌尖名街店),郑汴路127号星光城负一楼舌尖名街东区陕二姐油泼面,113.716865,34.745596,18638763763,8：00——22：00
金水区,50115,西北菜,新疆营养馕,经八路街道经八路14号经八路14号院,113.669353,34.770882,13031287664,8：00——22：00
金水区,50115,西北菜,新疆大盘鸡,丰华路博颂路交叉口北50米路东,113.632465,34.811777,17602206470;17690733517,8：00——22：00
金水区,50115,西北菜,路边摊鲜炒大盘鸡(柳林路店),国基路街道国基路56号姿华·金印阳光城,113.673805,34.822912,15238306499,8：00——22：00
金水区,50115,西北菜,买买提力新疆大盘鸡,宏益华香港城一期,113.653017,34.769521,13325516674,8：00——22：00
金水区,50115,西北菜,天山大盘鸡(五栋大楼店),祭城路街道白庄社区31号楼天山大盘鸡,113.730787,34.741651,15237072006,8：00——22：00
金水区,50115,西北菜,香辣大盘鸡,西关虎屯村12号楼,113.676405,34.78452,15890061086,8：00——22：00
金水区,50115,西北菜,杨记新疆椒麻鸡(东明路店),同鑫商务东门东南50米,113.700318,34.773142,15937126695,8：00——22：00
金水区,50115,西北菜,疆小麻新疆椒麻鸡,南阳路南丰街交叉口向北20米路东,113.646097,34.781376,17513528888,8：00——22：00
金水区,50115,西北菜,麦克苏提新疆烤肉(文劳路店),东风路街道丰庆路2-4号香桔市12号楼6单元1层12号,113.650483,34.805201,13938786282,8：00——22：00
金水区,50115,西北菜,老狼大盘鸡(曼哈顿店),未来路街道燕黑路11号舒心苑13号门面房,113.710145,34.766519,18037192380,8：00——22：00
金水区,50115,西北菜,西部大盘鸡(凤仪路店),凤仪路与凤台路交叉口东40米,113.714647,34.740295,13283821481,8：00——22：00
金水区,50115,西北菜,三毛大盘鸡(河岸花都西区店),花园路河岸花都小区商铺C2号楼四单元A4-4号门面房,113.684047,34.836939,13525592107,8：00——22：00
金水区,50115,西北菜,喀什特色美食,金冠路2-12号(丰庆路地铁站A口步行410米),113.656032,34.832544,17739830778,8：00——22：00
金水区,50115,西北菜,天喜客疆烤三号店,郑东新区金水区桂花苑B1号楼熊儿河路27号,113.742242,34.768048,15515818868,8：00——22：00
金水区,50115,西北菜,华伟大盘鸡(张砦南街1号院店),杜岭街道张砦南街1号张砦南街1号院,113.669789,34.75843,15138941974,8：00——22：00
金水区,50115,西北菜,疆来美食(南阳路店),南阳路226号富田丽景花园,113.634648,34.794838,15999112139,8：00——22：00
金水区,50115,西北菜,摇滚大盘鸡(玉凤路店),玉凤路与郑汴路辅路交叉口南160米,113.710311,34.745405,18339275280,8：00——22：00
金水区,50115,西北菜,吉遇客鲜炒大盘鸡,金港小区西门旁,113.687652,34.794639,0371-56667106;15514507505,8：00——22：00
金水区,50115,西北菜,尤家大盘鸡饺子炒虾尾(姚夏路店),夏庄社区东院西门南240米,113.800889,34.815312,17839912505,8：00——22：00
金水区,50115,西北菜,兰州拉面(嘉秀园店),宏明路东,113.680229,34.824,17509722389,8：00——22：00
金水区,50115,西北菜,西部来客现炒大盘鸡,大贺庄南门西五十米,113.753463,34.847887,13838080866,8：00——22：00
金水区,50115,西北菜,老陕秦镇米皮(宝龙广场店),郑东新区农业东路九如东路交叉口宝龙广场B区三楼惠尚美食,113.737872,34.781934,13838095367;15838010025,8：00——22：00
金水区,50115,西北菜,我的大盘鸡羊肉鲜汤(园田路店),园田路姜砦家属院东楼一层由南向北第四间,113.652439,34.802741,13837196630,8：00——22：00
金水区,50115,西北菜,饸饹面大盘鸡(城北路东4号院店),城北路东4-15,113.693573,34.755487,13283861783,8：00——22：00
金水区,50115,西北菜,五号公路餐厅石烧牛扒(大卫城店),西太康路与二七路交汇处西北角丹尼斯·大卫城11F层,113.666316,34.756777,0371-89836555,8：00——22：00
金水区,50115,西北菜,醉巴鲜烤鱼(蓝堡湾店),文博东路科源路交叉口西北角,113.672491,34.794515,19149439788,8：00——22：00
金水区,50115,西北菜,解家河南菜(正弘旗店),农业路与东明路西北角260号,113.699924,34.786866,0371-67532888,8：00——22：00
金水区,50115,西北菜,银杏树海鲜餐厅(金水路店),紫荆山广场西北门东190米,113.684358,34.763326,0371-60950855,8：00——22：00
金水区,50115,西北菜,世家牛扒城,文化路与任寨北街交叉口西北角,113.666585,34.770974,0371-86668881;0371-86668885,8：00——22：00
金水区,50115,西北菜,俄士厨房(未来路店),未来路与纬五路交叉口西北角,113.706739,34.772236,0371-65688383,8：00——22：00
金水区,50115,西北菜,信阳特色菜(三全路一米阳光公寓店),天伦路与黄家庵东路交叉口西北300米,113.691166,34.827919,13073778878,8：00——22：00
金水区,50115,西北菜,麻六记(丹尼斯·大卫城店),西太康路与二七路交汇处西北角丹尼斯·大卫城12层,113.665773,34.757437,0371-53610002;15836131162,8：00——22：00
金水区,50115,西北菜,图奇的厨房,经五路24号楼院内西北角小木屋,113.677019,34.778158,19139951277,8：00——22：00
金水区,50115,西北菜,哈公子肥蛤王海鲜烧烤(蓝堡湾店),世博中心西北门东90米,113.674056,34.797848,18638798700,8：00——22：00
金水区,50115,西北菜,九田家黑牛烤肉料理(郑州印象汇店),中州大道与郑汴路交叉口西北角印象汇4楼-17,113.724695,34.748588,17734787078,8：00——22：00
金水区,50115,西北菜,马满福青海牛肉面(万达坊店),万达坊1-8(东风路地铁站B口步行280米),113.679709,34.79332,15321113290,8：00——22：00
金水区,50115,西北菜,苏园·雅厨(大卫城店),西太康路与二七路交汇处西北角丹尼斯·大卫城13F层,113.666218,34.75753,0371-60130888,8：00——22：00
金水区,50115,西北菜,清真·阿恰西域饭店(东洲商务店),金水区自贸试验区郑州片区(郑东)创业路6号东风南路向西20米路北,113.765579,34.760788,0371-58533677,8：00——22：00
金水区,50115,西北菜,谷婆婆八宝粥(丰产路店),SOHO世纪城北门旁,113.668007,34.783436,19937152166,8：00——22：00
金水区,50115,西北菜,福状元粥店(正光路店),晖达·新领地西区西北2门旁,113.768359,34.772302,0371-86585276;17803857633,8：00——22：00
金水区,50115,西北菜,铁板诱惑法式铁板烧(大卫城店),西太康路与二七路交汇处西北角丹尼斯·大卫城12F层,113.666096,34.757084,0371-55238859;0371-55238869,8：00——22：00
金水区,50116,老字号,溢香苑瓦罐(建业路店),凤凰台街道建业路与凤鸣路交叉口溢香苑瓦罐,113.721808,34.749836,19149436409,8：00——22：00
金水区,50116,老字号,华豫川酒家(万达坊店),花园路122号万达坊3层301730183023,113.680486,34.793621,0371-68886688,8：00——22：00
金水区,50116,老字号,班记油泼面(正弘蓝堡湾2期南区店),正弘蓝堡湾二期南区西门旁,113.673237,34.79515,0371-55033777,8：00——22：00
金水区,50116,老字号,东京包子楼(河南省农机局家属院店),政七街路南31号,113.687186,34.777672,13937181196;15617605211,8：00——22：00
金水区,50116,老字号,合记(花园路店),花园路92号(近国基路)(柳林地铁站B口向南步行280米路西),113.681125,34.825959,0371-69122208;13071038832,8：00——22：00
金水区,50116,老字号,唐风阁肉夹馍总店,南阳路与优胜南路交叉口向北20米路东,113.654073,34.766985,15617759105,8：00——22：00
金水区,50116,老字号,景祥烩面,政六街3号附16号近黄河路,113.684935,34.773601,0371-65937088;0371-65966558,8：00——22：00
金水区,50116,老字号,百年老店白堽羊肉烹羊世家,红专路117号1号楼,113.701183,34.779789,0371-65956555;0371-65965969;15136411210,8：00——22：00
金水区,50116,老字号,杨记拉面(总店),纬五路38-4号原花园路集贸市场内(物化大酒店西侧),113.685906,34.771653,0371-65946433,8：00——22：00
金水区,50116,老字号,祥瑞饺子(红旗路店),红旗路92-9号(省人民医院地铁站D口步行360米),113.691141,34.777028,18838017082,8：00——22：00
金水区,50116,老字号,泰隆面包房,纬五路39号,113.688281,34.771705,0371-65801688,8：00——22：00
金水区,50116,老字号,方中山胡辣汤(姚寨店),黄河东路125号联盟国际F1层,113.703837,34.77514,17752521516;18638023544,8：00——22：00
金水区,50116,老字号,惠丰源烩面馆(经七路店),经七路18-2号,113.672399,34.784863,0371-63836928,8：00——22：00
金水区,50116,老字号,管记凉皮老店(黄河路店),黄河路21号底层,113.674525,34.774839,15538350221;17752540221,8：00——22：00
金水区,50116,老字号,巴记羊肉汤烩面馆(黄河路店),东明路黄河路交叉口西100米路北,113.69928,34.77485,0371-56795777;15517520777,8：00——22：00
金水区,50116,老字号,鸿茂斋(郑州购物中心CityOn熙地港店),CityOn熙地港郑州购物中心,113.717079,34.784525,0371-55900203,8：00——22：00
金水区,50116,老字号,辛记烤羊腿碳锅鱼(黄河路店),卫生路与黄河路向北20米路西,113.655395,34.775141,18539952267,8：00——22：00
金水区,50116,老字号,聚奎苑烩面专家,社会科学界联合会北门西230米,113.667456,34.783614,18037103678,8：00——22：00
金水区,50116,老字号,李四辈 饣它汤 (10店金水东路店),绿地原盛国际1号楼(金水东路地铁站B口步行60米),113.769615,34.768365,18595754008;19337102606;19337153433,8：00——22：00
金水区,50116,老字号,薛记米皮老店,,113.662984,34.767009,13733867035;19138117995,8：00——22：00
金水区,50116,老字号,百年帖记全羊肉鲜汤馆(东三街),东三街北段4-2号,113.658522,34.778422,19339901563,8：00——22：00
金水区,50116,老字号,高门台宋老三苏肉老店(玉凤路店),玉凤路发展国际西333号,113.71143,34.758862,18790565888,8：00——22：00
金水区,50116,老字号,武汉胡记国琪九九鸭脖(总店),花园路29-13号,113.683067,34.783644,13523508688,8：00——22：00
金水区,50116,老字号,李四辈永城牛肉水煎包(西三街店),商务内环路6号1层附4号商务西三街,113.719953,34.772078,13733826585,8：00——22：00
金水区,50116,老字号,华子烧烤(纬四路店),纬四路7-2号,113.690132,34.77039,15037168188,8：00——22：00
金水区,50116,老字号,方中山胡辣汤(正弘旗店),东明路北260-6号,113.699978,34.787223,15890068381;18236756909,8：00——22：00
金水区,50116,老字号,杨记牛肉拉面(经三路店),晨旭路2号,113.692983,34.80136,13838075883,8：00——22：00
金水区,50116,老字号,张存有道口烧鸡(总店),经三路16号(张存有道口烧鸡店),113.692228,34.771267,0371-65927185;13526825555,8：00——22：00
金水区,50116,老字号,老卫全美糕点店,博颂路16-6-16号,113.654396,34.808781,0371-63336891;13592475106,8：00——22：00
金水区,50116,老字号,黎留义烩面馆(龙子湖店),平安大道与中道东路交叉口向南50米,113.807365,34.791054,0371-60928818;18538057779,8：00——22：00
金水区,50116,老字号,贺锦记开煲烧卤堂(天下城店),优胜南路与劳卫路向北50米路东,113.660786,34.767124,13223717937,8：00——22：00
金水区,50116,老字号,华豫品膳坊陕西哨子面(CBD海逸名门店总店),商务内环路九如路海逸名门22号楼,113.733359,34.774444,18638535060,8：00——22：00
金水区,50116,老字号,马豫兴(桶子鸡),经四路8号,113.689405,34.766006,15039083791,8：00——22：00
金水区,50116,老字号,北京稻香村(河南总店),政五街2-2号,113.686218,34.769074,0371-65909062;13253502817,8：00——22：00
金水区,50116,老字号,白记溢香酱牛肉(同乐路),丰源商务西门旁,113.661484,34.772168,0371-66928899,8：00——22：00
金水区,50116,老字号,郭记热干面,丰产路27-6号(经七路与站交叉口向东50米路南),113.673032,34.783557,15936227819,8：00——22：00
金水区,50116,老字号,老妈老字号蹄花(东明滨河苑店),东明路北38号4号楼南4单元7号,113.700052,34.760753,16638152432,8：00——22：00
金水区,50116,老字号,清宴逍遥镇胡辣汤豆沫馆(纬五路店),纬五路40号院(省人民医院地铁站B口步行490米),113.691292,34.771769,0371-60909176,8：00——22：00
金水区,50116,老字号,须水邓记叫花鸡(福元路店),未来路福元路交叉口向东50米路北,113.705169,34.75768,13838043249,8：00——22：00
金水区,50116,老字号,先生的秘制排骨(曼哈顿店),金水路288号金水升龙广场A区1F层,113.706249,34.761711,13633826630;13673664515,8：00——22：00
金水区,50116,老字号,小伟烧烤(顺河路店),顺河路16号院附1号,113.698057,34.759657,13837103568;15038073365,8：00——22：00
金水区,50116,老字号,画宝刚道口烧鸡(瀚宇新城店),瀚宇新城29号楼9号,113.647875,34.842477,13203825020;13253555059,8：00——22：00
金水区,50116,老字号,武汉永光热干面,纬五路40号院,113.690399,34.771806,13673372811,8：00——22：00
金水区,50116,老字号,一厂光头烤面筋(北环店),柳林路25号-1(三全路柳林路向南100米路东),113.674139,34.826405,15226018233,8：00——22：00
金水区,50116,老字号,曾记热干面(丰产路店),丰产路23号社科联楼下门面房,113.669184,34.783603,13663841166,8：00——22：00
金水区,50116,老字号,四川担担面,政七街34号附13号,113.687237,34.771466,18538019883,8：00——22：00
金水区,50116,老字号,光头烧烤炒鸡(丰华北路店),丰华北路94-20号,113.63247,34.819311,13633711833;13733827303,8：00——22：00
金水区,50116,老字号,崔记米线(宋寨南街店),宋砦南街丰乐园大酒店3号楼南1号铺,113.635944,34.801826,15093435351;15939245183,8：00——22：00
金水区,50116,老字号,老汉口热干面(心怡路店),正光路65号(金水东路地铁站D口步行420米),113.770465,34.77232,13460261101,8：00——22：00
金水区,50116,老字号,全驴鲜汤,沙口路103号1楼,113.633116,34.778107,15188355292,8：00——22：00
金水区,50116,老字号,三北烧烤(郑铁三北小区店),新北小区西南门东南130米,113.626746,34.793817,15238067811;15713810048,8：00——22：00
金水区,50116,老字号,口福居饺子(金水路店),市民新村北街4号院1号楼25号,113.668862,34.761918,13598036159,8：00——22：00
金水区,50116,老字号,画宝刚道口烧鸡(龙子湖店),龙子湖办事处杨兑桥社区,113.80172,34.810654,13460279304,8：00——22：00
金水区,50116,老字号,老味大盘鸡酸菜鱼(水科路店),水科路36号,113.675318,34.815169,15038260183,8：00——22：00
金水区,50116,老字号,老西郊大鸡腿(国贸1948店),花园路39号国贸新田360广场负一楼1948街区ZA008商铺,113.680025,34.785175,18137816656,8：00——22：00
金水区,50116,老字号,兄弟爆炒鸡烧烤羊肉串(龙子湖店),磨李社区西北门北230米,113.793941,34.811733,13140151716,8：00——22：00
金水区,50116,老字号,硕果源黄焖鸡米饭,祭城集贸市场北大门口东盛和街5-24号,113.768415,34.776209,15003861816,8：00——22：00
金水区,50116,老字号,孙记永城牛肉水煎包,朝阳路牧专一家属院15-6,113.687635,34.800429,13140102821,8：00——22：00
金水区,50116,老字号,张存有道口烧鸡(九如东路店),九如东路27-14,113.744204,34.78025,13503937199;15803718818,8：00——22：00
金水区,50116,老字号,俏掌柜裹凉皮粉浆面条(丰乐路17号院店),丰乐路与农业路辅路交叉口向北路东60米,113.645449,34.788096,15838291703,8：00——22：00
金水区,50116,老字号,王家擀面皮(中亨花园二号院店),南阳路307号院15号楼9号门面房,113.651423,34.768438,17603850706,8：00——22：00
金水区,50116,老字号,尚蒸坊(大地东方名都店),黄河南路76-6(黄河南路地铁站E口步行480米),113.744045,34.757464,15838381314,8：00——22：00
金水区,50116,老字号,白记酱牛肉(丰乐路店),跃进路2附6附近,113.643126,34.791295,18137792493,8：00——22：00
金水区,50116,老字号,许记卤肉饺子馆(南阳路257号院店),南阳路与农业路交汇处南阳新村小区15号楼对面,113.640958,34.786349,13526567956,8：00——22：00
金水区,50116,老字号,脆皮蜂蜜小馒头,经五路31号,113.677877,34.775192,15822421733,8：00——22：00
金水区,50116,老字号,申记老字号升级版鸡蛋灌饼(郑州俭学街店),俭学街5号1层,113.662497,34.790302,13460381208;18211860357,8：00——22：00
金水区,50116,老字号,脆皮蜂蜜小馒头(文化路92号院店),文化路110-7号附近,113.666652,34.773635,0371-86007712;15936055155,8：00——22：00
金水区,50116,老字号,申记老字号升级版鸡蛋灌饼(郑河店),祭城路街道正光北街66号郑河东院,113.76612,34.774696,15893107473,8：00——22：00
金水区,50116,老字号,老字号赵记特色羊杂汤(中州坊二号院店),中州大道640号,113.698078,34.812205,15038323137,8：00——22：00
金水区,50116,老字号,袁记糕点(天下城店),大石桥街道体育馆西侧优胜南路1号天下城,113.66291,34.768958,18538716416,8：00——22：00
金水区,50116,老字号,泮金大塘广式烧腊饭(友谊四季广场店),二七路与金水路辅路交叉口西南80米,113.666595,34.763539,13383710158,8：00——22：00
金水区,50116,老字号,李记老字号升级版鸡蛋灌饼(正光路店),中兴路与正光路交叉口向西10米路南,113.773786,34.772901,13674977918,8：00——22：00
金水区,50116,老字号,老字号肉夹馍(同乐社区北区店),南阳路与东风路交叉口向北50米路东,113.635124,34.796903,13837152968,8：00——22：00
金水区,50116,老字号,方家铺子•中华老字号,农业东路35号,113.74697,34.780745,0371-55173869,8：00——22：00
金水区,50116,老字号,天冰冷饮卫生路配送部(晖达新街坊店),卫生路26-18号,113.651968,34.783494,0371-56678101;13838335289,8：00——22：00
金水区,50116,老字号,百年肥羊(总店),国基路53-10号(陈寨东地铁站A口步行290米),113.674436,34.819366,15516929599;15903697296,8：00——22：00
金水区,50116,老字号,皎秋记道口烧鸡老铺,王寨街西史赵2期南门西侧,113.636374,34.815981,19273823810,8：00——22：00
金水区,50116,老字号,明福塔道口烧鸡老铺(园田路店),博卉路2-31号,113.654346,34.815537,19513301319,8：00——22：00
金水区,50116,老字号,武栗全开-糖炒栗子(文化路店),文化路78号福鹿家便利店楼下,113.664675,34.807416,18537173399,8：00——22：00
金水区,50116,老字号,开封老朱家五香花生,黄河路与经五路交叉口东南角,113.677855,34.774452,18603788005,8：00——22：00
金水区,50116,老字号,韩风源自助烤肉(永和时光里店),郑东新区博学路办事处平安大道197号永和时光里5F-01,113.805649,34.791252,15238649372,8：00——22：00
金水区,50116,老字号,知青老食堂(南阳路店),南阳路与跃进路交叉口向北五十米路东,113.639548,34.790025,15003845237,8：00——22：00
金水区,50116,老字号,陈老嘎碳锅牛肉(凤凰城店),郑汴路125号凤凰城南区南门,113.71278,34.742339,15037887052,8：00——22：00
金水区,50116,老字号,卡吉诺(经三路店),经三路纬五路交叉口西20米路南,113.691806,34.771806,0371-68663394,8：00——22：00
金水区,50116,老字号,卡吉诺(蓝堡湾店),科源路与文博东路交叉口西北角,113.672729,34.79455,0371-86630811,8：00——22：00
金水区,50116,老字号,卡吉诺(丰庆路店),丰庆路与北环路交叉口北50米路东,113.648251,34.812312,0371-63638877,8：00——22：00
金水区,50116,老字号,卡吉诺(丰乐路店),丰乐路与农业路交叉口北50米路东,113.645406,34.788151,0371-63733891,8：00——22：00
金水区,50116,老字号,鹅花花·武夷山熏鹅·卤味熟食(龙湖里店),中环南路与九如路交叉口西120米,113.741777,34.791375,19043879566,8：00——22：00
金水区,50116,老字号,坝子里菌菇鸡汤饭(正弘城店),花园路126号郑州正弘城L8层(东风路地铁站D口旁),113.680256,34.796014,15838371455,8：00——22：00
金水区,50116,老字号,卡吉诺(花园路广电中心店),花园路与广电南路交叉口南100米路东(北三环地铁站A口),113.681963,34.803971,0371-55912522,8：00——22：00
金水区,50116,老字号,卤校长重庆火锅(永和·时光里购物中心店),平安大道时光里购物中心3层近2号电梯,113.805741,34.791431,18436900333,8：00——22：00
金水区,50116,老字号,赞俩砂锅,如意湖街道农业东路33号千盛生活广场,113.73742,34.782501,13781054888,8：00——22：00
金水区,50116,老字号,香雪儿(瀚海海尚店),瀚海海尚(省中医院地铁站C口步行50米),113.646677,34.799877,0371-53312258;19900927336,8：00——22：00
金水区,50116,老字号,老韩煸鸡(郑州正弘城店),花园路126号郑州正弘城B1层(东风路地铁站D口旁),113.680301,34.796359,19139752760,8：00——22：00
金水区,50116,老字号,老乡鸡(太格茂店),太格茂负一楼扶梯右边,113.801344,34.793338,17355348606,8：00——22：00
金水区,50116,老字号,BUTTER&COOKIE嘉士利港派手信(郑州大卫城店),二七路与太康路交叉口丹尼斯大卫城B1层-BF-019号,113.666235,34.757861,18209511817,8：00——22：00
金水区,50116,老字号,老翟炖一锅,顺河路102-3老翟炖一锅,113.706173,34.759809,13782593279,8：00——22：00
金水区,50116,老字号,坝子里菌菇鸡汤饭(丹尼斯·大卫城店),杜岭街街道二七路与太康路丹尼斯大卫城负一层011号,113.666266,34.757893,18014850527,8：00——22：00
金水区,50116,老字号,老米家泡馍(政六街店),政六街3-12号(黄河路地铁站F口步行210米),113.684895,34.773419,0371-66616688;15516979377,8：00——22：00
金水区,50116,老字号,金牌豌杂面(总店),人民路往工二街方向东40米(老街小吃最里),113.67581,34.758236,13014533195,8：00——22：00
金水区,50116,老字号,老李家炒鸡虾尾(优胜北路店),健康路优胜路向西100米路南,113.662709,34.768957,15515681995,8：00——22：00
金水区,50116,老字号,老韩煸鸡(郑州国贸新田360广场店),新田360广场(郑州国贸店),113.679829,34.784971,18738859238;19337111850,8：00——22：00
金水区,50116,老字号,卡吉诺(杨金路店),宝瑞路115号杨金路南省信息安全产业基地2号楼,113.74193,34.842958,0371-58683772,8：00——22：00
金水区,50116,老字号,卡吉诺(上悦城店),环球大厦B座北门旁(凤凰台地铁站A口步行90米),113.715412,34.746518,0371-55012521,8：00——22：00
金水区,50116,老字号,武陟砂锅(凯德店),建业路郑汴路交叉口建业置地桂圆步行街沙县小吃隔壁,113.722905,34.747757,15003891250,8：00——22：00
金水区,50116,老字号,小巷老味菜馆(鑫源花园店),南阳路105号(同乐地铁站A口步行130米),113.63669,34.794703,15333803256,8：00——22：00
金水区,50116,老字号,春莱老挝冰咖啡泰式奶茶(金成时代广场店),金成时代广场(姚砦·聂庄地铁站C口步行260米),113.70797,34.777035,19103800640,8：00——22：00
金水区,50116,老字号,卡吉诺(郑州1908·艺境店),中方园路与宏达路交叉口向西郑州1908购物公园南门,113.654944,34.822671,0371-55503396,8：00——22：00
金水区,50116,老字号,卡吉诺(局外太格店),太格茂北门旁,113.801663,34.793846,0371-55127360,8：00——22：00
金水区,50116,老字号,卡吉诺(21世纪店),花园路与国基路交叉口向南50米路东,113.68249,34.818223,0371-66991636;0371-86553909,8：00——22：00
金水区,50116,老字号,谷婆婆八宝粥(中孚大厦店),黄河路26号中孚大厦1层,113.668421,34.775048,15516913030,8：00——22：00
金水区,50116,老字号,卡吉诺(宝龙广场店),农业东路与九如路交会处西宝龙城市广场F1层,113.737033,34.782645,0371-63685086,8：00——22：00
金水区,50116,老字号,家悦新派信阳菜(东明路),东明路187号金城大厦一层临街门面房,113.700665,34.777953,0371-65992656;18637136511,8：00——22：00
金水区,50116,老字号,卡吉诺(阿卡迪亚店),黄河南路金水东路交叉口向北500米路西,113.74357,34.767832,0371-66086378,8：00——22：00
金水区,50116,老字号,卡吉诺(索凌店),北环路与索凌路交叉口北50米路东,113.638636,34.813427,0371-63568821,8：00——22：00
金水区,50116,老字号,卡吉诺(玉凤店),金水路与玉凤路交叉口南10米路西,113.711461,34.761253,0371-69350069,8：00——22：00
金水区,50116,老字号,卡吉诺(纬五路店),纬五路与花园路交叉口西南角,113.681541,34.771772,0371-60122088,8：00——22：00
金水区,50116,老字号,老高烧烤(郑州总店),南阳路街道黄河路84-5号黄河路84-5号院,113.658206,34.774009,15736795698,8：00——22：00
金水区,50116,老字号,工人路炸鸡(沈庄新城店),玉凤路361号沈庄新城社区临街商铺4-6号楼1层13号附5号,113.711375,34.755275,13783661018,8：00——22：00
金水区,50116,老字号,安阳申记扁粉菜(白庄社区店),白庄社区西门北170米,113.730234,34.741472,19900903168,8：00——22：00
金水区,50116,老字号,元掌门老式炸鸡(玉凤路店),未来路街道玉凤路361号临街商铺8-10号楼第1层3号附2号,113.711189,34.753775,13598098270,8：00——22：00
金水区,50116,老字号,橘婆婆地锅柴鸡宏康路店,丰庆路126号翰宇新城1号楼102商铺,113.646869,34.842306,19503867079,8：00——22：00
金水区,50116,老字号,元掌门老式炸鸡(红专路店),红专路经一路交叉口向东30米路南,113.698263,34.779872,15638166568,8：00——22：00
金水区,50116,老字号,磨小北菌汤臭豆腐(曼哈顿店),金水路288号金水升龙广场A区1层1231-1号,113.707145,34.761997,17637473544,8：00——22：00
金水区,50116,老字号,老汉口热干面(宏图街店),宏图街聚源路交叉口向西一百米路南老汉口热干面,113.738346,34.7522,15515507075,8：00——22：00
金水区,50116,老字号,清真闪记博爱牛肉丸子汤(百福街店),百福街与商鼎路交叉口南200路西,113.736115,34.753157,15093485181,8：00——22：00
金水区,50116,老字号,山西老面馆(磨李社区店),磨李社区西北门南210米,113.793918,34.808414,17203828555,8：00——22：00
金水区,50116,老字号,梁老三麻辣鸡头(福元路店),玉凤路与福元路交叉口向西100米路南,113.709476,34.75734,13673663454,8：00——22：00
金水区,50116,老字号,杜家酱牛肉(经一路北五号院店),经一路北五号院西2门旁,113.697734,34.773618,13193779888;13592603557,8：00——22：00
金水区,50116,老字号,逍遥镇高老二胡辣汤(兴荣街店),商鼎路12号院龙祥苑小区商铺91、92号,113.738787,34.757806,13938226753,8：00——22：00
金水区,50116,老字号,郑州老安徽牛肉板面,纬五路与经一路向东100米路北郑州老安徽牛肉板面,113.698633,34.772151,19555751916,8：00——22：00
金水区,50116,老字号,老盐季(正弘城店),花园路126号正弘城BF层食光里LB-S25号,113.679744,34.796384,17719886022,8：00——22：00
金水区,50116,老字号,窑鸡王(龙子湖店),薛夏南街58-5-3,113.794572,34.813127,17803886166,8：00——22：00
金水区,50116,老字号,老襄阳牛肉面·牛杂煲(祥盛街店),祥盛街59-25,113.774477,34.767198,13608675591;18537168860,8：00——22：00
金水区,50116,老字号,关虎屯老味米线(璞丽中心店),经二路黄河路交叉路口瀚海璞丽中心C座一楼门面房关虎屯老味米线,113.695888,34.775662,15090267894,8：00——22：00
金水区,50116,老字号,范家小馆老砂锅(富田丽景花园店),南阳路226号富田丽景花园3号楼1层东6号,113.632319,34.793717,15036095085,8：00——22：00
金水区,50116,老字号,御味祥道口烧鸡(弘润路店),丰乐路弘润路向东150米路南,113.635255,34.804875,18937143782,8：00——22：00
金水区,50116,老字号,李记瓦罐,郑东新区正光路120-20号,113.773409,34.773397,18339288972,8：00——22：00
金水区,50116,老字号,老孟家臊子面(中亨都市花园店),北林路街道经三路北段93号中亨都市花园,113.695508,34.805281,18638283393,8：00——22：00
金水区,50116,老字号,东福记烧鸡(原野公寓店),东三街北段10号附1号院3号楼35号营业房,113.658205,34.778562,13460370102;18237171495,8：00——22：00
金水区,50117,火锅店,海底捞火锅(龙子湖店),平安大道南尚德街北永和龙子湖中央广场5层5F03号商铺,113.805369,34.791282,0371-58522088;0371-58522788,8：00——22：00
金水区,50117,火锅店,那些年潮汕牛肉火锅(国贸店),花园路与农业路交叉口关虎屯地铁C口向西100米路北临街店铺1-1号,113.680337,34.786894,15617533575,8：00——22：00
金水区,50117,火锅店,海底捞火锅(名门店),金水路297号名门城市广场四层401号,113.712424,34.761513,0371-55336266;0371-55336566,8：00——22：00
金水区,50117,火锅店,那些年潮汕牛肉火锅(万达坊店),科源路科新路交叉口东南角二楼,113.679697,34.794309,15093089152,8：00——22：00
金水区,50117,火锅店,半闲斋羊肉铺(沙口路店),沙口街44号,113.624956,34.792948,0371-66991996;19337881555,8：00——22：00
金水区,50117,火锅店,大吉利·潮汕鲜牛肉火锅(郑州银泰inPAPK店),金融岛银泰A区2楼A-L2005室(室外可携带宠物),113.737769,34.814521,17612296830,8：00——22：00
金水区,50117,火锅店,巴奴毛肚火锅(大卫城店),二七路丹尼斯大卫城12层,113.665756,34.756918,0371-56987977,8：00——22：00
金水区,50117,火锅店,那些年潮汕牛肉火锅(贵人步行街店),东风路世豪小公馆B座大门南悦来悦喜超市隔壁2层,113.67557,34.797372,17839968780,8：00——22：00
金水区,50117,火锅店,海底捞火锅(郑东万象城店),金水东路辅路与才高街交叉口东南200米郑州郑东万象城南区3层,113.765193,34.763889,0371-55378099,8：00——22：00
金水区,50117,火锅店,渝井巷老火锅(郑北机家属楼店),二环支路霁月南路10号,113.637483,34.768337,13193199179,8：00——22：00
金水区,50117,火锅店,巴奴毛肚火锅(曼哈顿店),升龙广场E区北6门东200米,113.708087,34.761165,13383852132,8：00——22：00
金水区,50117,火锅店,良时富贵.海鲜火锅(国贸店),丰产路65-8号,113.680553,34.783595,19137160199,8：00——22：00
金水区,50117,火锅店,半闲斋羊肉铺(普罗旺世店),国基路与金杯路交叉口东10米路南,113.631465,34.819493,19913831371,8：00——22：00
金水区,50117,火锅店,龙园涮肉(农科路店),农科路26号龙园涮肉,113.684717,34.792461,13290962201,8：00——22：00
金水区,50117,火锅店,七里田·重庆鱼蛙火锅(万达坊店),科源路与科新路交叉口东南角,113.679724,34.794217,0371-53387799,8：00——22：00
金水区,50117,火锅店,萍姐火锅.公路夜市农科路店,嘉辰时代公寓东北2门西80米,113.690157,34.792156,18039970718,8：00——22：00
金水区,50117,火锅店,巴奴毛肚火锅(郑州熙地港店),郑东新区农业东路15号熙地港购物中心F4,113.717903,34.784738,0371-55986177,8：00——22：00
金水区,50117,火锅店,海底捞火锅(天旺店),东风路38号天旺广场步行街1号楼4层3-69号、3-70号、4-33号,113.642441,34.798004,0371-63735511,8：00——22：00
金水区,50117,火锅店,萍姐火锅·公路夜市(福元路店),福元路157-24-26号楼围裙房1-2层附44号,113.715408,34.757288,0371-58557888,8：00——22：00
金水区,50117,火锅店,大吉利·潮汕鲜牛肉火锅(正弘蓝堡湾店),科新路与科源路交口向西200米南,113.677358,34.794331,0371-58626655,8：00——22：00
金水区,50117,火锅店,天府火锅(北龙湖店),如意湖街道郑东新区农业东路马庄街3号北大花园,113.711429,34.789996,0371-55695999,8：00——22：00
金水区,50117,火锅店,袁老四重庆老火锅(森林半岛店),建业森林半岛29号楼底商,113.640527,34.802639,0371-65013566,8：00——22：00
金水区,50117,火锅店,七里田美蛙鱼头火锅(凯德广场店),凤鸣路21-3(东十里铺地铁站D口步行320米),113.723936,34.74966,0371-65157799,8：00——22：00
金水区,50117,火锅店,海底捞火锅(新田360广场郑州国贸夜宵主题店),花园路38号新田360广场郑州国贸店7楼,113.680943,34.785449,0371-89936686;0371-89936696,8：00——22：00
金水区,50117,火锅店,熊喵来了火锅(郑州国贸新田360店),文化路街道国贸新领地新田360广场(郑州国贸店)南区3层,113.680264,34.784924,15538236875,8：00——22：00
金水区,50117,火锅店,大四喜·鲜牛肉火锅(郑州红专路店),红专路51号2号楼一层,113.678214,34.779759,19941388130,8：00——22：00
金水区,50117,火锅店,海底捞火锅(绿地新都会店),金水东路与东风南路交叉口绿地新都会新田360广场B馆4楼,113.768721,34.769732,0371-55661188;0371-55661199,8：00——22：00
金水区,50117,火锅店,澳门肥九火锅(龙湖里店),郑东新区龙湖中环南路67号中盟苑龙湖里三层楼D301-D303,113.741906,34.791085,19339595006,8：00——22：00
金水区,50117,火锅店,清真·海记牛肚王(郑州总店),畅和街陈庄街交叉口东南角心怡路26-12,113.768142,34.779294,0371-55957797;18638232015,8：00——22：00
金水区,50117,火锅店,大四喜·鲜牛肉火锅(郑州森林半岛店),东风路街道天明路66号森林半岛27号楼6号商铺,113.64087,34.801886,0371-69866678;18237910694,8：00——22：00
金水区,50117,火锅店,0371公路火锅,农科路政七街北100米路西,113.687672,34.793496,19937774837,8：00——22：00
金水区,50117,火锅店,豆捞坊·鲜牛肉火锅(郑州银泰inPARK店),龙湖金融岛郑州银泰inPARK商业3区2层D-L2011,113.730238,34.814074,18037181108,8：00——22：00
金水区,50117,火锅店,四川红辣椒火锅,,113.770426,34.777209,13547901161;18703852509;18860369208,8：00——22：00
金水区,50117,火锅店,潮喜旺鲜牛肉火锅(玉凤路店),玉凤路发展东郡334号,113.711492,34.758971,19036502252,8：00——22：00
金水区,50117,火锅店,巴奴毛肚火锅(郑州正弘城店),花园路正弘城8楼巴奴毛肚火锅,113.679802,34.795321,0371-53361577;18539900526,8：00——22：00
金水区,50117,火锅店,东城火锅店(东明路店),佳亿花园北门西60米,113.700562,34.757288,0371-61310310,8：00——22：00
金水区,50117,火锅店,锅大侠市集火锅(国贸1948店),花园路39号新田360广场郑州国贸店B1层1948美食街A018铺,113.680884,34.785976,0371-55688211,8：00——22：00
金水区,50117,火锅店,潮喜旺生鲜牛肉火锅(健康路店),优胜北路与劳卫路交叉口东南角,113.660933,34.769048,18803718681,8：00——22：00
金水区,50117,火锅店,熊喵来了火锅(郑州局外太格茂店),博学路局外太格茂购物中心6层10号商铺,113.801344,34.793338,19339913121,8：00——22：00
金水区,50117,火锅店,稻粵記海鲜粥底火锅,兴荣街与万安街交汇处向南100米路西,113.746678,34.757297,17337770361,8：00——22：00
金水区,50117,火锅店,九十辣铜锅涮(郑州首店),聚源路与宏图街交叉口西南角,113.738796,34.752228,17525556708,8：00——22：00
金水区,50117,火锅店,鲜与铜餐饮店(盛世年华店),黄河南路与商鼎路交叉口东北角,113.745005,34.755481,0371-67113698,8：00——22：00
金水区,50117,火锅店,小肥羊火锅(红专路店),黄河北街7号,113.661502,34.779666,0371-63976222;18037193338,8：00——22：00
金水区,50117,火锅店,朱光玉火锅馆(正弘城店),花园路122号万达坊郑州花园路店F1层,113.680575,34.792628,0371-55500218,8：00——22：00
金水区,50117,火锅店,豆捞坊·鲜牛肉火锅(永威木色店),商务东五街6号永威木色商场3楼302豆捞坊鲜牛肉火锅,113.730579,34.767141,0371-58586680;18137274168,8：00——22：00
金水区,50117,火锅店,潮喜旺鲜牛肉火锅(金成时代广场店),姚寨路与红旗路交叉口东南角二楼,113.704525,34.776772,15303835782,8：00——22：00
金水区,50117,火锅店,宝源·牧羊都,逸水湾东门旁,113.738802,34.786948,0371-66877578;15514527578,8：00——22：00
金水区,50117,火锅店,君业胖哥酸菜鱼(索凌路店),索凌路9号院瑞祥花园17号楼1层4号,113.638421,34.812521,18603860787,8：00——22：00
金水区,50117,火锅店,周小食火锅烤肉(崔庄店),宏图街与百福街交叉口崔庄社区21号楼门面房1楼2楼,113.736125,34.752082,15516907835,8：00——22：00
金水区,50117,火锅店,清真原牛斋潮汕鲜牛肉火锅直营总店,宏图街与百福街交叉口西南角二楼,113.736075,34.752095,19139895133,8：00——22：00
金水区,50117,火锅店,醉巴鲜烤鱼(国贸总店),花园路39号新田360广场(郑州国贸店)B1层,113.681431,34.784949,19337168809,8：00——22：00
金水区,50117,火锅店,大宅门北京铜锅涮肉(黄河路店),东明路黄河路交叉口西南角东汇大厦1楼,113.699604,34.7744,0371-65091878,8：00——22：00
金水区,50117,火锅店,我的小板凳街坊火锅(宏明路店),宏明路与高皇路交叉口东南角(路东),113.669968,34.823595,19138083358,8：00——22：00
金水区,50117,火锅店,海底捞火锅(印象汇店),郑汴路与中州大道交叉口西北角印象汇四层,113.724972,34.748251,0371-55689188;0371-55689288,8：00——22：00
金水区,50117,火锅店,驭羊大爷烤羊腿羊蝎子火锅(玉凤路店),玉凤路361-6号,113.711241,34.754699,0371-55170158,8：00——22：00
金水区,50117,火锅店,柒福涮肉烧烤,宝瑞路115号,113.742123,34.842881,0371-67007111;18538733636,8：00——22：00
金水区,50117,火锅店,云晓仙腊味汤煲火锅(蓝堡湾店),东风路世豪小公馆B座旁云晓仙腊味汤煲,113.675231,34.797603,15333869088,8：00——22：00
金水区,50117,火锅店,辣炮泡·鱼蛙火锅馆(健康路店),任寨北街1号(郑州人民医院地铁站A口步行450米),113.667226,34.771392,13700866889;19903823505,8：00——22：00
金水区,50117,火锅店,冯校长老火锅秋澄街店,龙兴嘉苑三号院东北门西北170米,113.769741,34.793542,15803719191,8：00——22：00
金水区,50117,火锅店,巴海牛鲜切牛肉火锅(郑州三全路店),三全路文化路交叉口向西150米路北,113.657195,34.82979,13015514345,8：00——22：00
金水区,50117,火锅店,渝中味道牛杂火锅(河南省农机局家属院店),丰产路街道政七街四号附一号,113.687619,34.777527,13608670016,8：00——22：00
金水区,50117,火锅店,楠火锅(建业五栋大楼店),商都路5号附5号万达坊1楼1031A部分,113.730622,34.745379,19900909889,8：00——22：00
金水区,50117,火锅店,清真·拙夫重庆老火锅(百福街店),郑东新区宏图街15号崔庄花园15号楼底商1-13号,113.736517,34.751796,18574142345,8：00——22：00
金水区,50117,火锅店,臻如熹·新派涮肉,经二路与丰产路交叉口向南200米路东,113.695335,34.781917,13323715679;15303719360,8：00——22：00
金水区,50117,火锅店,巴奴毛肚火锅(郑州海尚店),东风路与丰庆路交叉口瀚海海尚4楼401,113.646769,34.800294,0371-89969177;15238358741,8：00——22：00
金水区,50117,火锅店,豆捞坊·鲜牛肉火锅(绿地360店),金水东路80号绿地新都会F4层,113.768529,34.769918,0371-63247058;19937850916,8：00——22：00
金水区,50117,火锅店,巴奴毛肚火锅(信万广场店),国基路与丰庆路交叉口西南角信万广场7层,113.647655,34.819221,0371-55176877,8：00——22：00
金水区,50117,火锅店,肥的是牛·清真肥牛火锅(联盛大厦店),文化路112-14号,113.667223,34.771189,0371-69366668,8：00——22：00
金水区,50117,火锅店,额尔敦传统涮(七里河南路总店),未来路街道郑东新区中央特区青春圣地10号楼1层,113.757324,34.757741,17788165168,8：00——22：00
金水区,50117,火锅店,潮喜旺鲜牛肉火锅(农科路店),农科路33号嘉悦广场105商铺,113.68839,34.792128,19138017118,8：00——22：00
金水区,50117,火锅店,豆捞坊·鲜牛肉火锅(国贸360店),花园路39号新田360广场L619号商铺(国贸北区),113.680666,34.785339,0371-58586692,8：00——22：00
金水区,50117,火锅店,清真·恒源记涮肉,众意路与地润路交叉口向东50米路北恒源记,113.722832,34.787685,0371-55356060;15393717288,8：00——22：00
金水区,50117,火锅店,一尊皇牛(众意路店),西运河公园东14门南440米,113.72273,34.788228,0371-60295678,8：00——22：00
金水区,50117,火锅店,醉巴鲜烤鱼(千玺广场店),郑东新区中央公园2号千玺广场BM层星巴克隔壁,113.72758,34.770902,18538775755;19138190558,8：00——22：00
金水区,50117,火锅店,杨翔豆皮涮牛肚(丹尼斯6天地店),郑东新区CBD丹尼斯步行街七天地六天地3层305号,113.721636,34.777304,15936128103,8：00——22：00
金水区,50117,火锅店,马路边边串串香(郑州总店),"花园路西,农科路北3号楼106-107号",113.679675,34.793562,0371-57118079,8：00——22：00
金水区,50117,火锅店,我的小板凳街坊火锅(丰乐路店),东风路街道群办路9号丽江水花园6号楼5单元1层南户,113.640423,34.795142,19337863977,8：00——22：00
金水区,50117,火锅店,慕青山酸浆鲜肉火锅,中环东路与秋澄街交叉口秋澄街便民服务中心1号楼2层5-7号商铺,113.76443,34.795527,16696616923;18695859199,8：00——22：00
金水区,50117,火锅店,大智若鱼新国风鱼火锅(王府井百货店),熙地港4楼东南角(金汇桥地铁站A口步行320米),113.7179,34.784131,0371-66101066,8：00——22：00
金水区,50117,火锅店,辣炮泡·自助鱼蛙火锅馆(沈庄新城南区店),沈庄新城南区361号8-10号楼1层6号,113.711212,34.753373,18683006698,8：00——22：00
金水区,50117,火锅店,我的小板凳街坊火锅(福彩路店),福彩路与晨旭路交叉口向南150米路东,113.698868,34.799884,15516180529,8：00——22：00
金水区,50117,火锅店,朱光玉火锅馆(郑州总店),西太康路58号新田360广场L109号,113.662069,34.758307,0371-66676663,8：00——22：00
金水区,50117,火锅店,好彩猪肚鸡火锅(瀚海海尚店),东风路32号瀚海海尚东塔街区2层B245号,113.647248,34.801412,17303711600,8：00——22：00
金水区,50117,火锅店,好彩猪肚鸡火锅(新田360广场绿地新都会店),金水东路80号新田360广场郑州绿地店F6层,113.767674,34.769819,0371-53320888;15239216221,8：00——22：00
金水区,50117,火锅店,煲状元广式猪肚鸡(心怡路总店),祭城社区心怡路36号院东门南60米,113.770418,34.780911,0371-63398155,8：00——22：00
金水区,50117,火锅店,豆捞坊·鲜牛肉火锅(郑州正弘城店),花园路126号正弘城七楼L709号,113.680464,34.795998,0371-63247068;15703977900,8：00——22：00
金水区,50117,火锅店,三人行·新京玺·涮羊肉(秋澄街店),中环南路南与秋澄街交叉口秋澄新便民服务中心2号201号,113.764215,34.794643,0371-60568999;0371-87535999,8：00——22：00
金水区,50117,火锅店,东来顺饭庄(金水路店),金水路5-1号,113.696655,34.763494,0371-65927888;13233772016,8：00——22：00
金水区,50117,火锅店,星姨鸡煲·香港打边炉(郑州银泰inPARK店),龙湖金融岛郑州银泰inPARK商业2区2层A-L2001号,113.738135,34.814166,19036911303,8：00——22：00
金水区,50117,火锅店,萌小旋自助火锅(太格茂店),太格茂商场6层,113.801344,34.793338,18137780572,8：00——22：00
金水区,50117,火锅店,马路边边串串香(祭城店),心怡路与盛和街交叉口祭城26号院264号门面房,113.768548,34.779473,0371-58559818,8：00——22：00
金水区,50117,火锅店,农小锅(郑州永和时光里店),郑东新区平安大道197号永和时光里3F,113.805016,34.790749,13938250500,8：00——22：00
金水区,50117,火锅店,纪闲斋内蒙天然草原羊铜锅涮(凤鸣路店),建业路与凤鸣路交叉口向东100米路南,113.723632,34.749741,0371-53382877;19939968510,8：00——22：00
金水区,50117,火锅店,我的小板凳街坊火锅(百福街店),龙祥苑西1门旁,113.736478,34.755744,19043803331,8：00——22：00
金水区,50117,火锅店,呷哺呷哺(郑州瀚海北金),瀚海北金广场三层呷哺呷哺,113.666444,34.809186,4008177878,8：00——22：00
金水区,50117,火锅店,小V家秘制火锅鸡(宏图街店),聚源路与宏图街交叉口西南角崔庄20号楼15-68号,113.738318,34.752215,15936221717;18739929991,8：00——22：00
金水区,50117,火锅店,醉巴鲜烤鱼(三全路店),三全路渠东路向东30米,113.663169,34.82863,13007623959,8：00——22：00
金水区,50117,火锅店,杨翔豆皮涮牛肚(丹尼斯1天地店),郑东新区商务西七街CBD丹尼斯一天地3楼,113.723467,34.767706,0371-86132998;0371-86631229;15090523018,8：00——22：00
金水区,50117,火锅店,摩登寨子贵州火锅集合店,沙口路129号蜜油创意园9-1-3,113.640494,34.773237,18137778880,8：00——22：00
金水区,50117,火锅店,胡涂印象老串串(南阳路店),南阳路307号院26号楼1层南5号,113.651461,34.769245,0371-55918967,8：00——22：00
金水区,50117,火锅店,许府牛火锅(郑州印象汇店),中州大道1188号金水印象汇4楼04-04A,113.724865,34.748798,15378793588;18758123166,8：00——22：00
金水区,50117,火锅店,齐祺渔锅(红专路店),齐祺鱼锅红专路店,113.690072,34.780094,0371-68686688;15839406017,8：00——22：00
金水区,50117,火锅店,大虎老火锅(郑州银泰inPARK店),金融岛小中环路银泰A区一楼L1017,113.736482,34.815005,13027770896,8：00——22：00
金水区,50117,火锅店,廣順興(天时路店),天时路与天赋路交叉口,113.752275,34.783308,0371-66777799,8：00——22：00
金水区,50117,火锅店,赵九记呱呱老火锅(良酷店),郑州记忆油化厂创意园(沙口路地铁站D口步行400米),113.640777,34.773116,15037151944,8：00——22：00
金水区,50117,火锅店,好彩猪肚鸡火锅(郑州正弘城店),"花园路东风路正弘城8楼L8-S1,热煲猪肚鸡",113.680418,34.795754,18039280028,8：00——22：00
金水区,50117,火锅店,我的小板凳街坊火锅(顺河路店),顺河路107-3号,113.709403,34.759504,17513163577,8：00——22：00
金水区,50117,火锅店,羊六六铜锅涮羊肉,三全路一米阳光大厦楼下9-5号,113.692245,34.827856,0371-55590666;15038195392,8：00——22：00
金水区,50117,火锅店,慧欣海鲜和牛火锅(商城饭店家属院2号院店),金水路125号大浪淘沙停车场向南50米慧欣海鲜和牛火锅6楼,113.703398,34.761794,0371-60919999;19339593163,8：00——22：00
金水区,50117,火锅店,山缓缓火锅(郑东万象城店),金水东路辅路与才高街交叉口东南200米郑州郑东万象城L722,113.764637,34.765863,15225160275,8：00——22：00
金水区,50117,火锅店,潮汕桐坑牛肉店(通泰路店),通泰路与宏昌街交叉口北80米,113.733543,34.750589,15819573184,8：00——22：00
金水区,50117,火锅店,庞记八旗涮肉(正弘城店),文博东路33-7号,113.672991,34.797064,0371-88520600;15286833331,8：00——22：00
金水区,50117,火锅店,农小锅(国贸360店),花园路39号郑州1948主题街区A005号B1层,113.68026,34.78494,17837776088,8：00——22：00
金水区,50117,火锅店,我的小板凳街坊火锅(红专东路店),红专路东明路交叉口西100米路北,113.698939,34.780169,17329409400,8：00——22：00
金水区,50117,火锅店,耍朋友山城老火锅,天明路72号金阳光居易一楼门面房11号商铺,113.645654,34.794371,18838117878,8：00——22：00
金水区,50117,火锅店,楠火锅(绿地新都会店),东风南路与金水东路交叉口绿地新都会·新田360广场A馆6楼,113.767285,34.769806,13383810095,8：00——22：00
金水区,50117,火锅店,小小河边鱼(纬四路总店),纬四路与聂庄路交叉口聂庄广场二楼小小河边鱼,113.703329,34.770002,0371-66385789;13253538680,8：00——22：00
金水区,50117,火锅店,醉巴鲜烤鱼(瀚海海尚店),东风路与丰庆路交汇处瀚海海尚商场4层北侧,113.645467,34.80103,19137634739,8：00——22：00
金水区,50117,火锅店,贵嫂辣子鸡火锅(龙子湖店),姚夏路61-1号,113.801417,34.811593,18595913258,8：00——22：00
金水区,50117,火锅店,拾岁火锅餐厅(未来路店),未来路街道未来路71号未来花园,113.707663,34.771161,0371-61315580;15137463448,8：00——22：00
金水区,50117,火锅店,王婆大虾(郑州总店),岗杜街16号院2号楼1层商业4号,113.653965,34.769181,0371-61738260,8：00——22：00
金水区,50117,火锅店,京久涮肉(SOHO·新干线A座店),黄河南路与祥盛街交叉口向西一百米路南新干线A座,113.742639,34.759857,0371-63783777,8：00——22：00
金水区,50117,火锅店,贵州嬢嬢地摊火锅(博宇晴城店),宏泰路39号(博宇晴城-北门向西50米),113.644763,34.827863,18838988838,8：00——22：00
金水区,50117,火锅店,张大叔成都市井火锅(国贸360店),花园路与丰产路交叉口向西200米路南二楼,113.680001,34.783606,0371-89831628,8：00——22：00
金水区,50117,火锅店,呷哺呷哺(郑州丹尼斯二天地),商务西七街与商务外环路交叉口北侧3层,113.722322,34.768086,4008177878,8：00——22：00
金水区,50117,火锅店,齐祺渔锅(国基路店),国基路2号家和万事小区西门,113.689436,34.819524,0371-55030377,8：00——22：00
金水区,50117,火锅店,羊尚府传统涮,天赋路31-30号,113.75169,34.782831,13393716716,8：00——22：00
金水区,50117,火锅店,翠榕港式松茸火锅,农业南路与祥盛街西南角,113.755443,34.762525,0371-63900099,8：00——22：00
金水区,50117,火锅店,东来野韭菜花鲜肉涮,黄河路与经八路交叉口建文新世界商场,113.669328,34.774311,15565930701,8：00——22：00
金水区,50117,火锅店,喜虾客(新田360广场店),花园路39号新田360广场七楼L716号,113.680735,34.785135,18003863302,8：00——22：00
金水区,50118,特色/地方风味餐厅,灵宝小吃新弘农全羊馆总店,永基美邻东南门旁,113.747403,34.779947,0371-86563003,8：00——22：00
金水区,50118,特色/地方风味餐厅,武汉风味热干面馆(双铺路店),天明路62号东门面房,113.64672,34.792767,15938080148,8：00——22：00
金水区,50118,特色/地方风味餐厅,老地方信阳土菜馆(中义·阿卡迪亚店),黄河南路地铁站D口步行150米,113.744033,34.764511,0371-55809168;13939787420,8：00——22：00
金水区,50118,特色/地方风味餐厅,方中山胡辣汤(总店),紫荆山路3号(紫荆山地铁站C口步行190米),113.682462,34.760065,0371-66302188,8：00——22：00
金水区,50118,特色/地方风味餐厅,老地方信阳私房菜,山顶御鑫城南门院内,113.699626,34.806086,17596063555;19937683366,8：00——22：00
金水区,50118,特色/地方风味餐厅,木分菜馆,任寨北街6号院附4号,113.669211,34.770668,13838092626,8：00——22：00
金水区,50118,特色/地方风味餐厅,小马哥信阳炖菜固始鹅块,百福街,113.736124,34.757408,13937130923,8：00——22：00
金水区,50118,特色/地方风味餐厅,品味信阳炖菜(经五路店),经五路66号,113.677419,34.785256,0371-53300029;18614982290,8：00——22：00
金水区,50118,特色/地方风味餐厅,固始人家信阳菜(郑东新区东四街店),壹号商业广场北门旁,113.733161,34.769088,13703826716,8：00——22：00
金水区,50118,特色/地方风味餐厅,豫姥家大锅台祭城店,畅和街与陈庄街向东20米路南,113.768794,34.779453,17603877786,8：00——22：00
金水区,50118,特色/地方风味餐厅,信阳春天(红专路店),红专路经五路交叉口东南角,113.677985,34.779759,0371-55182833;18039979379,8：00——22：00
金水区,50118,特色/地方风味餐厅,渔味堂南湾鱼三吃信阳头牌菜,众旺路5号,113.75798,34.773725,18888598788,8：00——22：00
金水区,50118,特色/地方风味餐厅,三人行·汤味源(早餐煨汤夜宵24小时),中环南路南与秋澄街西交叉口便民服务中心一楼,113.764499,34.795642,0371-63513666,8：00——22：00
金水区,50118,特色/地方风味餐厅,郭记老烩面炒鸡(康晖美家花园店),沙口路138号,113.633716,34.77873,17639588559,8：00——22：00
金水区,50118,特色/地方风味餐厅,栗园春信阳菜(丰庆路店),东风路街道博颂路22号富邦铭邸2期2号楼首层5号,113.648136,34.8094,15038047809;15938761502,8：00——22：00
金水区,50118,特色/地方风味餐厅,豫满楼(星光城购物中心店),郑汴路127号星光城购物中心F4层,113.715125,34.746075,0371-55552603;15003880016,8：00——22：00
金水区,50118,特色/地方风味餐厅,洛九神厚切涮牛肚,未来路街道金水路201号绿城水岸名苑商业10楼1层0102号,113.722061,34.760197,13223713967,8：00——22：00
金水区,50118,特色/地方风味餐厅,(赟厨艺)信阳品牌菜鑫苑路店,阳光大厦西南门西190米,113.703224,34.794458,0371-56098627;13203704061,8：00——22：00
金水区,50118,特色/地方风味餐厅,信阳炖菜固始鹅块,纬四路与经一路交叉路口向东20米路南21号-4,113.69822,34.770033,16692195522,8：00——22：00
金水区,50118,特色/地方风味餐厅,乐聚居特色信阳菜,金水路4号经一路,113.69774,34.763749,0371-55625311;17398973001,8：00——22：00
金水区,50118,特色/地方风味餐厅,月下三旬·BISTRO创意菜小酒馆(王府井百货店),农业东路7号,113.716551,34.785559,19139737066,8：00——22：00
金水区,50118,特色/地方风味餐厅,信阳老蔡馆,凤鸣路与凤台路交叉口西100米,113.713273,34.749693,15136458595,8：00——22：00
金水区,50118,特色/地方风味餐厅,朋来信阳菜馆(原盛国际店),绿地·原盛国际6号楼A座(浦发银行南边),113.767993,34.766377,19937178969,8：00——22：00
金水区,50118,特色/地方风味餐厅,翅道烧烤(正商木华广场2号楼店),郑东新区明理路时埂街交叉口木华广场二号楼一层东侧2-105号,113.809842,34.794569,15225165283,8：00——22：00
金水区,50118,特色/地方风味餐厅,枫焰串烧(健康路店),经八路街道优胜南路36号明辉城市花园,113.665732,34.766693,13271595052,8：00——22：00
金水区,50118,特色/地方风味餐厅,黄记煌三汁焖锅(国贸360店),花园路39号国贸360广场3层D302商铺,113.679362,34.78541,0371-87090090,8：00——22：00
金水区,50118,特色/地方风味餐厅,煜丰汴京烤鸭(福彩路店),晨旭路9-7号,113.698587,34.801098,0371-65740088,8：00——22：00
金水区,50118,特色/地方风味餐厅,郑享吃烩面烧烤(红专路店),红专路103号,113.695801,34.779799,16638121212,8：00——22：00
金水区,50118,特色/地方风味餐厅,花飨融.融合菜,龙湖外环东路夏令街交叉口向北200米路东(茉莉公馆南门),113.765063,34.792687,13027708179;17737519688,8：00——22：00
金水区,50118,特色/地方风味餐厅,信阳红厨意(七里河北路店),七里河北路与心怡路交叉口,113.771829,34.764521,0371-60558889;17803865970,8：00——22：00
金水区,50118,特色/地方风味餐厅,老三全驴鲜汤老店,市第九人民医院对面,113.628636,34.786143,18638587952,8：00——22：00
金水区,50118,特色/地方风味餐厅,大塘餐厅(YOYO PARK店),YOYO店国基路与丰庆路口西南角信万广场5层15号,113.647457,34.819184,0371-55000629,8：00——22：00
金水区,50118,特色/地方风味餐厅,鱼尧脆皮烤鱼(河南首店),黄河路68号(郑州记忆油化厂创意园)国区4-2号,113.639703,34.772556,17752553112,8：00——22：00
金水区,50118,特色/地方风味餐厅,鱼库秘制烤鱼(南阳路店),南阳路307号院26号楼1层南8号,113.651371,34.769429,17527782691,8：00——22：00
金水区,50118,特色/地方风味餐厅,鱼库秘制烤鱼(勤工路店),东风路与勤工路向南50米路东(一声钟情KTV楼下),113.662834,34.798887,15138406076;18317852955,8：00——22：00
金水区,50118,特色/地方风味餐厅,渝味川重庆鸡公煲(水科路店),花园路水科路交汇处往西400米华北水利水电大学南院北门右侧50,113.673624,34.815474,13628220221;15238318090,8：00——22：00
金水区,50118,特色/地方风味餐厅,来只鸭(渠东路店),圣菲城1期17号(渠东路与花园路交叉口向西600米路北),113.674704,34.800288,13613864065,8：00——22：00
金水区,50118,特色/地方风味餐厅,醉巴鲜烤鱼(建文新世界店),黄河路26号1号楼103(招商银行隔壁),113.668749,34.774736,13323856288,8：00——22：00
金水区,50118,特色/地方风味餐厅,王家大院土菜馆(花园路店),花园路136-39与广电南路交口向南500米路西,113.68105,34.801519,13613802727,8：00——22：00
金水区,50118,特色/地方风味餐厅,袁记云饺(郑州市金水区生活广场店),黄河路19号,113.675807,34.774823,18937127319,8：00——22：00
金水区,50118,特色/地方风味餐厅,味永尚地锅(郑州总店),关虎屯商业步行街与丰产路交叉口南40米,113.679363,34.783436,16668092816,8：00——22：00
金水区,50118,特色/地方风味餐厅,花千代秘制烤鱼(花园路丹尼斯店),郑花路1号丹尼斯百货花园路店内负一层,113.682626,34.786928,18538591630;18903863917,8：00——22：00
金水区,50118,特色/地方风味餐厅,鸿运美食(福彩路店),广电南路与福彩路交叉口向北50米路东,113.698936,34.806282,13523582751;15294788772,8：00——22：00
金水区,50118,特色/地方风味餐厅,赣家小宴(投资大厦店),丰产路街道经一路北49号都市华庭,113.697759,34.785878,15172066613,8：00——22：00
金水区,50118,特色/地方风味餐厅,老柯家信阳私房菜(商城炖菜馆·红专路店),经一路红专路交叉口向东20米路北,113.698176,34.780071,13673691920,8：00——22：00
金水区,50118,特色/地方风味餐厅,醉巴鲜烤鱼(顺河路店),东明路与顺河路交叉口天弘大厦27号一楼,113.69913,34.759972,15238056807,8：00——22：00
金水区,50118,特色/地方风味餐厅,彼酷哩活鱼现烤(熙地港店),熙地港购物中心4层029号,113.717625,34.784317,0371-60922189,8：00——22：00
金水区,50118,特色/地方风味餐厅,双榜·信阳山沟沟菜,福元路与玉凤路交叉口东200米路南,113.712917,34.757283,15237193325;17630011307,8：00——22：00
金水区,50118,特色/地方风味餐厅,彼酷哩活鱼现烤(丹尼斯六天地店),众意西路与商务内环路交叉口丹尼斯六天地3楼,113.721657,34.777254,0371-86127109;13175036270,8：00——22：00
金水区,50118,特色/地方风味餐厅,喜家德虾仁水饺(七天地店),众意路丹尼斯七天地二楼,113.722475,34.777675,17519534849,8：00——22：00
金水区,50118,特色/地方风味餐厅,花千代秘制烤鱼(丹尼斯2天地店),郑东新区CBD丹尼斯步行街七天地二天地三层B316、B317号,113.721904,34.768433,0371-86630930;17513288662,8：00——22：00
金水区,50118,特色/地方风味餐厅,喜家德虾仁水饺(万达坊店),商都路与十里铺交叉口万达坊西门临街(原建业五栋大楼),113.731193,34.745821,13645377084,8：00——22：00
金水区,50118,特色/地方风味餐厅,塞外二蛋(王鼎·禧座店),郑东新区正光北街28号王鼎商务大厦2号楼1层104号,113.756364,34.771894,15638582020,8：00——22：00
金水区,50118,特色/地方风味餐厅,袁记云饺(郑州市郑东新区盛和街店),盛和街祭城菜市场门面房6号,113.767938,34.77632,19937183728,8：00——22：00
金水区,50118,特色/地方风味餐厅,醉巴鲜烤鱼(祭城店),心怡路26-223(祭城地铁站D口步行460米),113.769445,34.779253,19903812808,8：00——22：00
金水区,50118,特色/地方风味餐厅,花千代秘制烤鱼(绿地新都会),金水东路80号新田360广场郑州绿地店F4层,113.767405,34.769906,13383868901;18137121689,8：00——22：00
金水区,50118,特色/地方风味餐厅,知驢居(心怡路店),祭城社区盛和街2号院东区东北门北50米,113.770444,34.778176,0371-86072317,8：00——22：00
金水区,50118,特色/地方风味餐厅,柘城垛子羊肉(七里河南路店),七里河南路与东风南路往西100米79号东洲鸣翠苑二号楼102,113.765863,34.761373,15938339750,8：00——22：00
金水区,50118,特色/地方风味餐厅,稻山(私房小炒菜),平安大道明理路博雅广场B1(龙子湖地铁站出入口旁),113.809065,34.791947,17633798610,8：00——22：00
金水区,50118,特色/地方风味餐厅,浪串烧烤(园田路店),香桔市东门旁,113.652714,34.804879,13213056119;13243433344,8：00——22：00
金水区,50118,特色/地方风味餐厅,马七爷.牛肉馆(郑州福元路店),未来路街道与福元路交叉口向东100米路南,113.705285,34.757594,19603942621,8：00——22：00
金水区,50118,特色/地方风味餐厅,开封化三驴肉汤馆(郑州总店),郑东新区农业东路35号11号楼东1单元1-2层付1号,113.74755,34.780268,13598432428,8：00——22：00
金水区,50118,特色/地方风味餐厅,方建营烧烤美食城(龙子湖店),姚夏路51-4号,113.801691,34.810754,15038246753,8：00——22：00
金水区,50118,特色/地方风味餐厅,袁记云饺(郑州市金水区优胜南路店),优胜南路3号院附18号,113.657325,34.766907,17719856153,8：00——22：00
金水区,50118,特色/地方风味餐厅,木屋烧烤(万达坊店),花园路西与农科路交汇处往西50米,113.680638,34.792627,18538118372,8：00——22：00
金水区,50118,特色/地方风味餐厅,方勇烧烤(凤鸣路店),建业路凤鸣路交叉口向东20米路南,113.722717,34.749743,13203886998;13526236577,8：00——22：00
金水区,50118,特色/地方风味餐厅,马家胖孩·胖孩海鲜烧烤铜锅涮(聚源路总店),中凯华府东南门南70米,113.739101,34.75767,13323868855;18037386526,8：00——22：00
金水区,50118,特色/地方风味餐厅,方勇烧烤(宏图街店),郑东新区宏图街与聚源路交叉口崔庄社区20号楼商铺2,113.738708,34.752233,13333888815;13603947852;15639493000,8：00——22：00
金水区,50118,特色/地方风味餐厅,外公的饺子&外婆的面(创业路店),东风南路与创业路交叉口向西10米路北6号,113.76634,34.760777,18595900028,8：00——22：00
金水区,50118,特色/地方风味餐厅,清真刘记羊肉鲜汤烩面烧烤,红专路112号1号楼1层2(东明路向东0米路北),113.701102,34.780147,18937678081,8：00——22：00
金水区,50118,特色/地方风味餐厅,孟夫子煎包(丹尼斯店),东明路224号名门国际1-3层丹尼斯(东明店)1F层,113.699705,34.780227,13140196585;18236736723,8：00——22：00
金水区,50118,特色/地方风味餐厅,炉小哥烤肉(熙地港店),农业东路CityOn熙地港郑州购物中心4层,113.716477,34.784734,0371-65932222,8：00——22：00
金水区,50118,特色/地方风味餐厅,高记烧烤(东明北路10号家属院店),东明路东明北路10号家属院,113.699955,34.75808,18339213303,8：00——22：00
金水区,50118,特色/地方风味餐厅,马小树的麻辣烫(九如东路店),商务内环路九如东路交叉口海逸名门24号楼一楼,113.733942,34.77319,15378768668,8：00——22：00
金水区,50118,特色/地方风味餐厅,张亮麻辣烫(天一大厦店),黄河路129号天1大厦1层,113.704681,34.774396,17838355808,8：00——22：00
金水区,50118,特色/地方风味餐厅,大汗烤羊腿(岗杜街店),南阳路与岗杜街交叉向东50-100米左右,113.653231,34.769277,13756430777;15981873699,8：00——22：00
金水区,50118,特色/地方风味餐厅,柴夫饺子馆(同乐路店),同乐路13-19号附近,113.661762,34.772149,0371-63615686;18838193270,8：00——22：00
金水区,50118,特色/地方风味餐厅,阿杜烧烤焖羊肉串(丰庆路店),丰庆路63号正商园田花园,113.648802,34.824376,13674990105,8：00——22：00
金水区,50118,特色/地方风味餐厅,郭师傅饺子店(经一路5号院店),经一路5号院,113.697693,34.768894,15838166893,8：00——22：00
金水区,50118,特色/地方风味餐厅,杨国福麻辣烫(曼哈顿店),未来路街道金水路未来路曼哈顿广场A区3号楼3单元,113.705132,34.761919,18937492586,8：00——22：00
金水区,50118,特色/地方风味餐厅,周黑鸭(曼哈顿店),金水路305号裙房1层A1018,113.706528,34.762631,0371-63378917,8：00——22：00
金水区,50118,特色/地方风味餐厅,刘涛烧烤(龙鑫苑店),兴荣街与百福街交叉口南70米1号11号楼1-2层07号,113.73611,34.757583,13673382583;13783618946,8：00——22：00
金水区,50118,特色/地方风味餐厅,阿刚铁板烧烤(总店),郑州市第二十三中学郑州八中东校区南门旁,113.69603,34.76535,13673992188,8：00——22：00
金水区,50118,特色/地方风味餐厅,方勇烧烤(三全路店),三全路东岸尚景B3东5纯一层商铺,113.66506,34.828545,15690811235,8：00——22：00
金水区,50118,特色/地方风味餐厅,如意小馆饺子就酒(如意坊店),龙翔一街52号如意东路便民服务中心8号楼113,113.738989,34.801733,16696057058,8：00——22：00
金水区,50118,特色/地方风味餐厅,沙县小吃,海亮·时代ONE,113.67051,34.84239,17319769320;18668139669,8：00——22：00
金水区,50118,特色/地方风味餐厅,庆洋烧烤固始鹅块,花园路街道河南影视集团南楼九号商铺,113.691113,34.774427,13140196638;18530855800,8：00——22：00
金水区,50118,特色/地方风味餐厅,方勇烧烤(红旗路店),,113.661905,34.776724,13253635326,8：00——22：00
金水区,50118,特色/地方风味餐厅,阿香米线(郑州国贸新田360广场餐厅),花园路国贸中心新田360广场负一1948街区阿香米线,113.680229,34.785133,17721111338,8：00——22：00
金水区,50118,特色/地方风味餐厅,袁记云饺(金水区瀚海海尚店),东风路32号银河公司家属院10号楼1楼,113.646278,34.799392,13525732097,8：00——22：00
金水区,50118,特色/地方风味餐厅,袁记云饺(朝阳街店),朝阳街12号花园新村2号楼一层3号,113.68383,34.800388,18534682660,8：00——22：00
金水区,50118,特色/地方风味餐厅,张亮麻辣烫(同乐小区店),东风路街道东风路13号同乐小区南区,113.638685,34.796693,17836981819,8：00——22：00
金水区,50118,特色/地方风味餐厅,方勇烧烤(丰庆路店),丰庆路与北三环辅路交叉口东南80米,113.648313,34.809819,15038077778;18625588887,8：00——22：00
金水区,50118,特色/地方风味餐厅,饺鲜说(南阳路店),南丰街10号,113.646021,34.781495,19939928173,8：00——22：00
金水区,50118,特色/地方风味餐厅,老洛阳涮牛肚(宏益华·香港城1期店),宏益华·香港城1期南1门旁,113.654458,34.769443,18703850173,8：00——22：00
金水区,50118,特色/地方风味餐厅,雅堂盛宴·新中菜(雅宝东方国际广场店),雅宝东方国际广场4号楼底商,113.774617,34.769481,0371-65028888;17746312368,8：00——22：00
金水区,50118,特色/地方风味餐厅,方建营烧烤豫东老烩面,花园路三全路东100米路北,113.683117,34.828782,18625585883,8：00——22：00
金水区,50118,特色/地方风味餐厅,厉勇驴肉汤烧烤(天明路店),天明路与群英路向北500米路西,113.647334,34.792067,13674975802,8：00——22：00
金水区,50118,特色/地方风味餐厅,杨国福麻辣烫(金成时代店),姚砦路133号金成时代广场1号楼111、112室,113.707016,34.775527,18837669111,8：00——22：00
金水区,50118,特色/地方风味餐厅,老顺城豆沫(黄河南街店),黄河南街13-26号,113.661374,34.771109,15588402885,8：00——22：00
金水区,50118,特色/地方风味餐厅,小海烧烤(红旗路店),红旗路经三路向西300米路南,113.689728,34.776812,15617945009,8：00——22：00
金水区,50118,特色/地方风味餐厅,豫见醉市井火锅烧烤(柳西路店),柳西路与研发路交叉口向西50米路北,113.673535,34.826422,17324836080;17737166986,8：00——22：00
金水区,50118,特色/地方风味餐厅,百福胖孩海鲜烧烤(祥盛街店),祥盛街4-2号(黄河南路地铁站C2口步行360米),113.742523,34.759784,13323828855,8：00——22：00
金水区,50118,特色/地方风味餐厅,重庆万州烤鱼,国基路与花园路交叉口向东200米路北(御府3号1号楼2单元),113.68526,34.819615,0371-55893336,8：00——22：00
金水区,50118,特色/地方风味餐厅,杨国福麻辣烫(金水金街店),科源路5号万达中心金水金街8号楼1层111号,113.677214,34.793601,15225162377,8：00——22：00
金水区,50118,特色/地方风味餐厅,刘先生面馆(东明路店),丰产路街道东明路193号金陵小区,113.70037,34.779043,13027708861,8：00——22：00
金水区,50118,特色/地方风味餐厅,丰仔包(郑东新区店),郑东新区天赋路28号20号楼1-2层附8号,113.745783,34.784246,15294986398;15716766087,8：00——22：00
金水区,50118,特色/地方风味餐厅,杨国福麻辣烫(祥盛街店),颐东阳光花园东南门西50米,113.752611,34.762096,13733730386;18864616282,8：00——22：00
金水区,50118,特色/地方风味餐厅,梁程记生煎(建文新世界商厦店),黄河路96号汇美尚城F1层,113.669477,34.774019,18638228522;4006601199,8：00——22：00
金水区,50118,特色/地方风味餐厅,张亮麻辣烫(文化店),文化路19号河南二轻供销大厦F1层,113.667179,34.770056,13521382908,8：00——22：00
金水区,50118,特色/地方风味餐厅,正宗沙县小吃(正光路22号店),陈庄东十三社区13号院西北门西140米,113.764954,34.771425,18806049990;19937160908,8：00——22：00
金水区,50118,特色/地方风味餐厅,张亮麻辣烫(郑州商鼎路店),郑东新区商鼎路12号1号1层85号和86号,113.738479,34.757868,17303826667,8：00——22：00
金水区,50118,特色/地方风味餐厅,艺芳家朝鲜冷面,优胜北路3-39号,113.663934,34.769865,13674990976,8：00——22：00
金水区,50118,特色/地方风味餐厅,老胖烧烤大盘鸡(同乐路店),黄河南街13-25号,113.661373,34.771439,13592483782;13598428570,8：00——22：00
金水区,50118,特色/地方风味餐厅,曾记手工饺子馄饨(瑞隆城店),京广快速路入口与王府坟南街交叉口东北100米,113.645042,34.766117,15335303082,8：00——22：00
金水区,50118,特色/地方风味餐厅,张记麻辣烤鱼烩面馆,政四街1号(近东明路),113.698735,34.76558,0371-65972537,8：00——22：00
金水区,50118,特色/地方风味餐厅,杨国福麻辣烫(任寨北街店),健康路143号1号楼1层,113.664425,34.770625,19937658578,8：00——22：00
金水区,50118,特色/地方风味餐厅,红辣椒正宗擀面皮(祥盛街店),郑东新区祥盛街29号院1号楼东2单元1层3号,113.768242,34.765757,15617559296,8：00——22：00
金水区,50119,海鲜酒楼,小螺号海鲜(楷林国际店),英协路与金水路交叉口楷林国际2层,113.718051,34.763316,0371-88917788;0371-88917799,8：00——22：00
金水区,50119,海鲜酒楼,珂子珍味海鲜(经一路总店),花园路街道经一路9号门面房,113.697741,34.770784,0371-88812722;18625770993,8：00——22：00
金水区,50119,海鲜酒楼,海悦港·海鲜姿造自助餐厅,农科路33号嘉悦广场204号铺,113.68842,34.792013,0371-88979888;15238667362,8：00——22：00
金水区,50119,海鲜酒楼,鲜品味海鲜加工厂,黄河南路与熊儿河路交叉口南100米路东,113.744296,34.768397,0371-61695999;0371-61697888,8：00——22：00
金水区,50119,海鲜酒楼,8090青春赋-烧烤酒场,心怡路26号,113.767936,34.778718,18838001088;18838009088,8：00——22：00
金水区,50119,海鲜酒楼,破店肥哈·海鲜·烧烤(郑州银泰inPARK店),郑东新区北龙湖金融岛银泰inPARK商业A区1层A-L1018,113.736146,34.814871,19036987771,8：00——22：00
金水区,50119,海鲜酒楼,老四海鲜烧烤总店(丰庆路店),农业路与丰庆路交叉口向北800米(省民政学校对面),113.651261,34.792123,0371-63658188;13213143213,8：00——22：00
金水区,50119,海鲜酒楼,胖哥俩肉蟹煲(郑州万象城店),郑东新区万象城南区3楼挨着连廊位置CL316,113.764993,34.764774,0371-67919688,8：00——22：00
金水区,50119,海鲜酒楼,银杏树海鲜餐厅(花园春商务店),花园路纬五路交叉口西南角,113.681749,34.771774,0371-65977877;16638163901,8：00——22：00
金水区,50119,海鲜酒楼,郑东靓靓虾馆通泰路店·金牌油焖大虾,,113.732858,34.742029,13283855830,8：00——22：00
金水区,50119,海鲜酒楼,厨匠博炮崩鸡(郑州总店),祭城地铁站A口向南50米,113.766997,34.775477,15136317051,8：00——22：00
金水区,50119,海鲜酒楼,喜老胖新密虾尾海鲜烧烤(龙子湖总店),姚桥路94-08,113.802506,34.810834,13525563884,8：00——22：00
金水区,50119,海鲜酒楼,大口妹肉蟹煲(局外太格茂店),龙子湖办事处局外太格茂购物中心6层09号商铺,113.801335,34.793174,0371-65332528,8：00——22：00
金水区,50119,海鲜酒楼,宴集环球美食甄选自助餐厅(新田360广场店),新田360广场(郑州国贸店),113.680423,34.785303,0371-63378289,8：00——22：00
金水区,50119,海鲜酒楼,喜庭海鲜自助,郑东万象城,113.764953,34.765682,0371-55952389,8：00——22：00
金水区,50119,海鲜酒楼,昊贤龙虾(四月天小区店),国基路园田路北200米路西,113.652376,34.821938,13849111982;18103711413;4006221981,8：00——22：00
金水区,50119,海鲜酒楼,樽舞和牛海鲜火锅(建业总部港店),河南自贸试验区郑州片区(郑东)地所润路19号3号楼1层105号2层209号,113.730588,34.784849,19137645800,8：00——22：00
金水区,50119,海鲜酒楼,海便利蒸汽海鲜,天赋路天瑞街交叉口西北角,113.748634,34.783908,0371-66326688;13733805567,8：00——22：00
金水区,50119,海鲜酒楼,小蟹元迷宗蟹,玉凤路与凤鸣路交叉口向东100米路南聚锦国际一楼,113.712727,34.749659,0371-86090718;13907938626,8：00——22：00
金水区,50119,海鲜酒楼,中州皇冠假日酒店·棕榈阁巴西烤肉海鲜自助餐厅,花园路街道金水路115号中州皇冠假日酒店,113.694345,34.762461,0371-65858645,8：00——22：00
金水区,50119,海鲜酒楼,王红军龙虾,天泽街与天赋路交叉口北60米,113.738219,34.785678,13298353269,8：00——22：00
金水区,50119,海鲜酒楼,夜小红炒虾尾(祭城旗舰店),心怡路与畅和街交叉口向北10米路西,113.770461,34.780172,0371-53377520;13523000072,8：00——22：00
金水区,50119,海鲜酒楼,金玉满堂海鲜家宴(金水路店),金水路205号,113.722698,34.761851,0371-61786222;0371-65262333,8：00——22：00
金水区,50119,海鲜酒楼,爆爆龙虾海鲜烧烤,农业路56号附6号,113.647445,34.787114,13373909378,8：00——22：00
金水区,50119,海鲜酒楼,老家的香辣虾(玉凤路沈庄店),未来路街道玉凤路361号沈庄新城南区,113.711239,34.753763,13939465532,8：00——22：00
金水区,50119,海鲜酒楼,老窦烧烤海鲜,红旗路90号-1(省人民医院地铁站D口步行460米),113.690249,34.777029,15703713889,8：00——22：00
金水区,50119,海鲜酒楼,蟹食客·海贼鲜海鲜烧烤酒馆,蜜油文化创意园,113.639626,34.773966,13592599917,8：00——22：00
金水区,50119,海鲜酒楼,王婆大虾(郑州旗舰总店),黑朱庄路107号宏光百花里商业街2层5号楼105-1号铺,113.717737,34.766987,17337160247,8：00——22：00
金水区,50119,海鲜酒楼,海便利蒸汽海鲜,普罗旺世·龙之梦东苑东门西北50米,113.764697,34.792467,13673373333,8：00——22：00
金水区,50119,海鲜酒楼,三五老友·烧烤·涮羊肉(祭城店),心怡路正光路交叉口向北50米路东,113.771023,34.773953,15981932756,8：00——22：00
金水区,50119,海鲜酒楼,秋波里爆蛋豆腐虾(局外太格茂店),局外太格茂5层5F13号,113.801322,34.793466,13598057506,8：00——22：00
金水区,50119,海鲜酒楼,夜海红海鲜大咖烧烤牛排锅,红专路53号院1单元1楼,113.679624,34.779757,15637156050,8：00——22：00
金水区,50119,海鲜酒楼,大学椒麻鸡海鲜(金沙公寓店),沙口路105号(沙口路地铁站B3口向北步行300米),113.636552,34.773396,13333831031,8：00——22：00
金水区,50119,海鲜酒楼,胖丁龙虾海鲜砂锅粥总店,沙口路126号附27号,113.642325,34.76836,18039677755;18937677755,8：00——22：00
金水区,50119,海鲜酒楼,扳倒海水产(普罗旺世店),索凌路与宏达路交叉口向西100米路北,113.638632,34.823456,15038001703,8：00——22：00
金水区,50119,海鲜酒楼,王婆大虾(水晶城店),中方园路56号靠近天伦·水晶城,113.657317,34.81226,15236102721;15670701921,8：00——22：00
金水区,50119,海鲜酒楼,郑州58号地摊铜锅涮•海鲜烧烤,宏明西路58号地摊铜锅涮,113.659696,34.824276,18538511167,8：00——22：00
金水区,50119,海鲜酒楼,夜小红炒虾尾(金成时代广场店),姚砦路133号金成时代广场7号楼一层140漫食光东南角s1011-1号,113.706559,34.77644,17303851122,8：00——22：00
金水区,50119,海鲜酒楼,二胖洛陽涮牛肚海鲜烧烤,郑东新区永平路12-16,113.730089,34.742296,15738365333;19103816633,8：00——22：00
金水区,50119,海鲜酒楼,渔珺·石锅鱼(普罗旺世店),索凌路74号(北二十里铺地铁站B口步行360米),113.640253,34.828726,15890171863,8：00——22：00
金水区,50119,海鲜酒楼,信阳渔家(郑州金水区大石桥店),金水大道85号良友大厦F1层,113.653595,34.763736,0371-66250999,8：00——22：00
金水区,50119,海鲜酒楼,沐锦七月·广式泥炉鸡煲·酒场·烧烤,信息产业大厦16楼,113.808297,34.791785,19043819077,8：00——22：00
金水区,50119,海鲜酒楼,夫幸园海鲜烧烤铜锅鸡(十里铺店),八里庙社区南门西110米,113.730228,34.750166,13949130341,8：00——22：00
金水区,50119,海鲜酒楼,盱眙十三香龙虾(郑州店),,113.68869,34.777011,18697317255,8：00——22：00
金水区,50119,海鲜酒楼,宁波海鲜楼(博瑞花园店),凤鸣路与凤台路交叉口向北10米路东,113.714515,34.750123,0371-66512225;18638295777,8：00——22：00
金水区,50119,海鲜酒楼,胖子烧烤海鲜(金阳光居易店),天明路72号6号楼21商铺,113.646241,34.793485,15981911700,8：00——22：00
金水区,50119,海鲜酒楼,夜小红炒虾尾(索凌路店),索凌路76-28号(北二十里铺地铁站B口步行200米),113.640481,34.830036,19903850965,8：00——22：00
金水区,50119,海鲜酒楼,曼哈顿美食花园,金水路305号(曼哈顿广场中段),113.70728,34.761169,13623804106,8：00——22：00
金水区,50119,海鲜酒楼,厨匠博炮崩鸡(小夏街店),郑东新区龙子湖办事处小夏街,113.797759,34.811447,15093370029,8：00——22：00
金水区,50119,海鲜酒楼,雄大大.海鲜烧烤扇贝王,玉凤路362-7号,113.710669,34.754904,13587117111,8：00——22：00
金水区,50119,海鲜酒楼,厨匠博炮崩鸡(郑东万达坊店),郑东新区祭城办事处大邢屯18-37号(白庄社区西门对面),113.729836,34.740248,15238073767,8：00——22：00
金水区,50119,海鲜酒楼,珂子珍味海鲜(经八路外卖店),经八路农贸市场一楼海鲜区北头A19,113.668885,34.775847,15517570708,8：00——22：00
金水区,50119,海鲜酒楼,张老四海鲜烧烤天明路店,天明路与东风路交叉口东40米,113.643355,34.798569,13523482747;15333825681,8：00——22：00
金水区,50119,海鲜酒楼,大富蚝生蚝火锅,黄河路68号(沙口路地铁站D口步行280米),113.643074,34.772342,18137820202,8：00——22：00
金水区,50119,海鲜酒楼,老顺城羊肉汤穆清順海鲜烧烤(锦隆阳光店),黄河路锦隆阳光都市(沙口路地铁站B1口步行150米),113.640573,34.770022,13839435253,8：00——22：00
金水区,50119,海鲜酒楼,肥久龙虾海鲜粥,北仓中里北仓一街向西150米,113.64787,34.7683,18703990777,8：00——22：00
金水区,50119,海鲜酒楼,老郎烧烤海鲜(广厦城市之巅店),经八路街道红旗路26号广厦城市之巅,113.662964,34.777064,13673680266;13949049924,8：00——22：00
金水区,50119,海鲜酒楼,老三海鲜烧烤(建业路店),建业路与青年路交叉口向南200米路西张庄153号(货站街地铁站B口步行490米),113.722001,34.740305,13253315785;13783469077,8：00——22：00
金水区,50119,海鲜酒楼,郑老六东北鲜肉烧烤 海鲜大咖,马楼社区南门东240米,113.847429,34.763639,17629371985,8：00——22：00
金水区,50119,海鲜酒楼,咕咕叫海鲜烧烤鲜炒鸡(黄河路店),黄河路40号7号楼1层01,113.658529,34.775029,17737159030,8：00——22：00
金水区,50119,海鲜酒楼,豫焱龙虾烧烤,红专路姚寨路交叉口西100米路南,113.703133,34.779811,0371-66695000,8：00——22：00
金水区,50119,海鲜酒楼,德发财潮汕砂锅粥餐厅(曼哈顿店),玉凤路362号2号楼1层商02-1号,113.709081,34.755881,17839921679,8：00——22：00
金水区,50119,海鲜酒楼,豫爽张老四海鲜烧烤(农业路总店),农业路东段21号济源大厦F1层,113.688852,34.786277,13526816948;15093331964,8：00——22：00
金水区,50119,海鲜酒楼,常师傅烧烤炖锅海鲜(天明路店),东风路街道天明路与群英路交叉口,113.647908,34.791317,15038272981,8：00——22：00
金水区,50119,海鲜酒楼,戴记龙虾(金水路店),金水路2号(燕庄地铁站C口步行350米),113.699005,34.763637,15617930509,8：00——22：00
金水区,50119,海鲜酒楼,观蔬时蔬海鲜小火锅(绿城·百合公寓初阳苑北区店),祭城路街道地润路2-4号绿城·百合公寓初阳苑北区,113.715645,34.788635,19937110222,8：00——22：00
金水区,50119,海鲜酒楼,龙门花甲(同乐路店),健康路160号与同乐路交叉口,113.663765,34.772019,17739789828,8：00——22：00
金水区,50119,海鲜酒楼,渔珺石锅鱼(天泽街店),天赋路19号9号楼1-2层附2号,113.737041,34.783506,0371-68085600,8：00——22：00
金水区,50119,海鲜酒楼,喜相聚炖锅烧烤小海鲜(恒升家园店),朝阳路19号恒生家园南门东侧一楼11号商铺,113.688671,34.800349,18003860837;18103867880,8：00——22：00
金水区,50119,海鲜酒楼,稻田小龙虾(兴荣街店),兴荣街百福街交叉口向东一百米路南,113.737414,34.75797,13592606363,8：00——22：00
金水区,50119,海鲜酒楼,经典十三香龙虾,双铺路37号,113.655023,34.79435,13526550155;17838323130,8：00——22：00
金水区,50119,海鲜酒楼,虾尊客(瀚海海尚店),瀚海海尚4楼北侧虾尊客,113.646406,34.800925,13203711225,8：00——22：00
金水区,50119,海鲜酒楼,品臻海鲜和牛火锅料理(盛润国际广场店),金水东路219号盛润国际广场东塔三楼,113.720836,34.761774,0371-55509381;13673622108,8：00——22：00
金水区,50119,海鲜酒楼,王婆大虾(林科路店),乾坤花园北门旁,113.698424,34.788959,15837130106;18238476899,8：00——22：00
金水区,50119,海鲜酒楼,海鲜烧烤下酒菜(丰产路店),丰产路55号中国人民银行一层附二号,113.676572,34.783572,18768877169,8：00——22：00
金水区,50119,海鲜酒楼,胖孩砂锅海鲜烧烤(金领时代店),祥盛街附58号(农业南路地铁站C口步行470米),113.754064,34.762214,18738127977,8：00——22：00
金水区,50119,海鲜酒楼,蚝门肉宴.海鲜烧烤.美食,玉凤路与郑汴路交叉口南路东140米,113.711175,34.745575,19536897278,8：00——22：00
金水区,50119,海鲜酒楼,金樽小海鲜(郑州总店),未来路街道民航路20号未来滨河小区,113.712417,34.766325,13849193393,8：00——22：00
金水区,50119,海鲜酒楼,38元炒鸡虾尾蟹钳,燕黑路龙升源小区路边,113.709122,34.765404,13939201131;18739253567,8：00——22：00
金水区,50119,海鲜酒楼,胖子烧烤海鲜(张砦南街1号院店),张寨南街一号院一号楼一单元三号,113.669656,34.75839,15090159000,8：00——22：00
金水区,50119,海鲜酒楼,姚砦夜市美食海鲜烧烤音乐广场(金成时代广场店),红旗路姚砦路交叉口金成时代广场14号楼1楼美食城内,113.70446,34.778111,0371-60992789;13536733863,8：00——22：00
金水区,50119,海鲜酒楼,戴记龙虾,郑东新区祭城办事处尚座中心购物中心B幢1楼105-1号商铺,113.756475,34.764175,0371-65075118;13285075157,8：00——22：00
金水区,50119,海鲜酒楼,韩威炒鸡碳锅烧烤虾尾,农业路南阳路物华国际东门,113.640447,34.782351,15838059985;17335738653,8：00——22：00
金水区,50119,海鲜酒楼,邢记恒悦油焖大虾(阳光新城店),中州大道鑫苑路26-44号,113.704981,34.796133,18539967733,8：00——22：00
金水区,50119,海鲜酒楼,蟹友钳(未来滨河小区店),黑朱庄46号商铺(民航路地铁站H口步行470米),113.714264,34.767229,15802034885,8：00——22：00
金水区,50119,海鲜酒楼,昊贤龙虾(CBD店),会展中心公共停车场玉米乐园旁边,113.728872,34.773588,18103711413,8：00——22：00
金水区,50119,海鲜酒楼,油焖大虾海鲜烧烤,未来路街道玉凤路189号2号楼1层附9号商铺,113.712454,34.764915,18860369066,8：00——22：00
金水区,50119,海鲜酒楼,昊贤龙虾金冠路店,丰庆路金冠路交叉口东南角阀,113.649975,34.832701,15093118981,8：00——22：00
金水区,50119,海鲜酒楼,好食海鲜家庭厨房(兴荣街店),祭城路街道金水东路3号鑫苑中央花园西区,113.730396,34.760659,17513099372,8：00——22：00
金水区,50119,海鲜酒楼,烟台海鲜(天赋路店),民航花园北门西60米,113.749613,34.783353,18603823610,8：00——22：00
金水区,50119,海鲜酒楼,八福龙虾,丰华路与兴隆铺路交叉口东南160米,113.634084,34.810289,15736727118,8：00——22：00
金水区,50119,海鲜酒楼,王老五烤生蚝烤猪蹄麻辣毛蛋,建鑫口腔与诺诺烟酒两个中间,113.770289,34.779161,18727202378,8：00——22：00
金水区,50119,海鲜酒楼,山居客吊锅海鲜烧烤,经八路北段11附1号院西门南50米,113.668426,34.775796,13083601121,8：00——22：00
金水区,50119,海鲜酒楼,真鱿味铁板烤串×炸串,明理路明德园一楼商铺(信阳菜旁边),113.81238,34.821346,17630121225,8：00——22：00
金水区,50119,海鲜酒楼,厨二哥海鲜炒鸡私房菜,宝瑞路与马头岗街交叉口东80米,113.744047,34.842831,15286957988,8：00——22：00
金水区,50119,海鲜酒楼,胡子烧烤油焖龙虾海鲜烧烤,燕寿街3-23号,113.713225,34.766125,17638148124;18860369066,8：00——22：00
金水区,50119,海鲜酒楼,曹东家海鲜烧烤大排档,中方园路金忆温泉酒店一楼院内,113.656765,34.815981,18625775825,8：00——22：00
金水区,50119,海鲜酒楼,爆爆海鲜烧烤大排档,黑朱庄路86号未来滨河小区门面房65,113.712111,34.766599,13298139751,8：00——22：00
金水区,50119,海鲜酒楼,赞虾秘制小龙虾,郑东新区龙子湖办事处育翔路薛岗社区58-12号一楼,113.79654,34.816052,13783655739,8：00——22：00
金水区,50119,海鲜酒楼,周掌柜海鲜烧烤,三全路111-7号,113.647218,34.829937,17638587759,8：00——22：00
金水区,50119,海鲜酒楼,知面,金水区中道东路正商博雅广场西门大门口5号楼1楼102,113.808203,34.791639,19103887525,8：00——22：00
金水区,50119,海鲜酒楼,虾煲客特色小龙虾,金水路燕寿街交叉口向北100米路东,113.712358,34.764226,15212477772,8：00——22：00
金水区,50119,海鲜酒楼,小兵烧烤,郑汴路凤台路交叉口向北50米路西,113.714119,34.747963,15838279239,8：00——22：00
金水区,50119,海鲜酒楼,湖北潜江龙虾蚝门肉宴.海鲜烧烤,郑汴路与玉凤路交叉口100米路东,113.711112,34.745446,19536897278,8：00——22：00
金水区,50119,海鲜酒楼,鱼酒相遇(蓝沛三文鱼晨旭路店),晨旭路10号付22号,113.699158,34.801416,13803814002,8：00——22：00
金水区,50119,海鲜酒楼,活鱼活虾(西史赵村3期店),丰庆路街道丰华北路94号西史赵村3期,113.633501,34.817096,15517180831,8：00——22：00
金水区,50119,海鲜酒楼,海直社三文鱼,尚座中心步行街入口处y107商铺,113.757139,34.763648,19838062345,8：00——22：00
金水区,50119,海鲜酒楼,KITCHEN K·厨房(正弘蓝堡湾2期南区店),文博东路蓝堡湾二期贵人街5-206,113.673513,34.796206,17788171260,8：00——22：00
金水区,50119,海鲜酒楼,壹佳海鲜,金马智慧农贸-海鲜区壹佳海鲜,113.685575,34.813725,13461571887,8：00——22：00
金水区,50119,海鲜酒楼,蚝门家宴·乳山生蚝·烧烤,祭城路街道相济路29庙张南区,113.773758,34.780757,18568798179,8：00——22：00
金水区,50119,海鲜酒楼,夜小蟹柒号龙虾馆,建业贰号城邦北1门东70米,113.661882,34.790088,15515537588,8：00——22：00
金水区,50119,海鲜酒楼,火锅海鲜好食材(跃进路四号院店),跃进路4号1号楼1层路边门店,113.641121,34.790226,13838233826,8：00——22：00
金水区,50119,海鲜酒楼,李妈妈饺子馆,商城路唐人街文化广场(北侧),113.720559,34.755926,13939193308,8：00——22：00
金水区,50119,海鲜酒楼,拾壹.油焖大虾,宏康路68号院4号,113.676672,34.8427,17788165923,8：00——22：00
金水区,50119,海鲜酒楼,功夫破店·椒麻小海鲜&烧烤小酒馆(商都路店),中南·海知音西门西南130米,113.72969,34.748004,18137782725,8：00——22：00
金水区,50119,海鲜酒楼,有钳龙虾店,玉凤路与青年路交叉口北120米,113.711222,34.743104,15188373881,8：00——22：00
金水区,50119,海鲜酒楼,鸿味幸运岛小海鲜·无骨鸡爪(新田360广场店),新田360广场(郑州国贸店),113.679775,34.784925,17752549958,8：00——22：00
金水区,50119,海鲜酒楼,潘记蚝店(金成时代广场店),金城时代广场14号楼西北角姚寨路103号,113.705477,34.778182,15936276856,8：00——22：00
金水区,50119,海鲜酒楼,炭窑烧鸡•江湖烤场,纬五路70-1号(姚砦·聂庄地铁站G口步行230米),113.705561,34.772738,18236422818,8：00——22：00
金水区,50119,海鲜酒楼,大腕蚝海鲜烧烤南阳路店,孟砦中街和孟砦东街交叉口,113.640563,34.783236,17320198866;18838274881,8：00——22：00
金水区,50119,海鲜酒楼,火锅海鲜烧烤食材大全(蓝天空港店),蓝天空港东1门旁,113.732759,34.760307,13343842113,8：00——22：00
金水区,50119,海鲜酒楼,农家地锅柴鸡,花园路与国基路交叉口向东300米路南,113.674088,34.825853,18703862665,8：00——22：00
金水区,50119,海鲜酒楼,一品珊瑚味小海鲜,园田路与文劳路交叉口向南20米路东,113.652714,34.804837,13573022315,8：00——22：00
金水区,50120,中式素菜馆,雲水瓦台茶餐空间(林科路店),东明路与林科路交叉口向东200米路北,113.701865,34.789337,0371-55659255;17788152085,8：00——22：00
金水区,50120,中式素菜馆,俊华广东烧腊快餐店,报社商品房7号,113.676597,34.75857,13253444004,8：00——22：00
金水区,50120,中式素菜馆,段味居馋嘴饼,中州大道与黄河路交叉口金成时代广场7号楼漫时光美食城二楼南边,113.705931,34.77657,15838068980;17838713298,8：00——22：00
金水区,50121,清真菜馆,郑喜旺烧烤.郑州总店(福元路店),英协路与福元路交叉口向西100路北,113.715976,34.757767,13503863071,8：00——22：00
金水区,50121,清真菜馆,城墙根老茶馆·新豫菜(CBD店),商务内环路28-5号,113.731888,34.768611,0371-61179955,8：00——22：00
金水区,50121,清真菜馆,厚道寿喜烧専門店(绿地新都会店),金水东路80号绿地新都会360广场二期6层-601,113.766825,34.770325,0371-55092191,8：00——22：00
金水区,50121,清真菜馆,俄士厨房(万达坊店),"花园路122号万达坊1-2层W-1003,2F-次主力3号商铺",113.680259,34.794351,0371-55227776,8：00——22：00
金水区,50121,清真菜馆,魏家凉皮(紫荆山百货店),金水路与紫荆山路交叉口西南角紫荆山百货1层,113.680847,34.762263,0371-63360696,8：00——22：00
金水区,50121,清真菜馆,永和铂爵国际酒店,金水东路21号,113.7496,34.763054,0371-88887988,8：00——22：00
金水区,50121,清真菜馆,绿城中州国际大饭店(郑州会展中心高铁东站店),金水路201号,113.722905,34.761891,0371-85510000;0371-85518108,8：00——22：00
金水区,50121,清真菜馆,郑州索菲特国际饭店,金水路115号E座,113.692526,34.761908,0371-65950088,8：00——22：00
金水区,50121,清真菜馆,郑州绿地JW万豪酒店,商务中央公园2号千玺广场,113.72733,34.770977,0371-88828888,8：00——22：00
金水区,50121,清真菜馆,大河锦江饭店,花园路66号,113.681372,34.772425,0371-65929999,8：00——22：00
金水区,50121,清真菜馆,建国饭店,金水大道东段机场路272号,113.715436,34.763071,0371-65792222;0371-65792468,8：00——22：00
金水区,50121,清真菜馆,河南天地粤海酒店,农业东路41号,113.696056,34.786063,0371-56158888,8：00——22：00
金水区,50121,清真菜馆,麦陌(大卫城店),西太康路与二七路交汇处西北角丹尼斯·大卫城B1层,113.666486,34.75721,17335770222,8：00——22：00
金水区,50121,清真菜馆,魏斯理汉堡(国弘巨正广场店),郑东新区商鼎路八里庙社区国弘巨正广场1层L1-1号商铺,113.73375,34.754586,17319718838,8：00——22：00
金水区,50121,清真菜馆,小凯撒披萨,博颂路东润泰和,113.658294,34.808448,13673990101;18530886884,8：00——22：00
金水区,50121,清真菜馆,麦陌(正弘城店),花园路126号正弘城负1楼LB-K09,113.68018,34.795898,15515523295,8：00——22：00
金水区,50121,清真菜馆,螺呦味螺蛳粉(宝龙总店),郑东新区宝龙广场A区1257,113.735965,34.782407,13027745555;15837155551,8：00——22：00
金水区,50121,清真菜馆,未来大酒店,未来路69号附1号,113.707084,34.769278,0371-65612288;13603980643,8：00——22：00
金水区,50121,清真菜馆,1908艺境,郑州1908教育广场购物公园5栋(1908艺境店),113.655125,34.823718,0371-63361908,8：00——22：00
金水区,50121,清真菜馆,新华中州国际饭店(郑州二七广场大卫城店),人民路22号(人民路地铁站D口步行170米),113.672482,34.757273,0371-66287788,8：00——22：00
金水区,50121,清真菜馆,麦陌(尚座中心店),尚座中心B馆一楼麦陌至臻面包店,113.757383,34.764016,19903842961,8：00——22：00
金水区,50121,清真菜馆,长城饭店,经三路14号,113.692202,34.770523,0371-65797777;0371-65797590;0371-65797557;0371-65797559,8：00——22：00
金水区,50121,清真菜馆,鲍师傅糕点(曼哈顿店),未来路街道金水路305号金水升龙F区一层,113.70794,34.761166,13346932700,8：00——22：00
金水区,50121,清真菜馆,达美乐比萨(郑州国贸360广场店),花园路39号新田360广场(郑州国贸店),113.680419,34.784989,4001597597,8：00——22：00
金水区,50121,清真菜馆,金桥宾馆,金水路43号,113.651489,34.764509,0371-63882882;0371-63882888,8：00——22：00
金水区,50121,清真菜馆,伏牛山饭店(郑州高铁东站郑东万象城店),金水东路49号雅乐轩酒店3层,113.770417,34.768306,0371-86627888,8：00——22：00
金水区,50121,清真菜馆,泽田本家,正弘城负一楼食光里鲍师傅隔壁,113.680473,34.795836,17823161036,8：00——22：00
金水区,50121,清真菜馆,实惠小吃,丰产路街道红专一街7号豫财社区,113.688454,34.781058,13673998615,8：00——22：00
金水区,50121,清真菜馆,DBe's大白俄 俄餐烧烤西餐厅(郑州油化厂Farm Market蓝标店),沙口路129号郑州油化厂北门,113.640041,34.7733,0371-66688518,8：00——22：00
金水区,50121,清真菜馆,魏家凉皮(豫茶大厦店),凤凰台街道未来路699号豫茶大厦1楼101号房屋,113.704613,34.740857,19337173850,8：00——22：00
金水区,50121,清真菜馆,达美乐比萨(郑州绿地360广场店),郑东新区金水东路80号新田360广场绿地新都会B馆1层A106号,113.76843,34.769572,4001597597,8：00——22：00
金水区,50121,清真菜馆,比格比萨自助(郑州绿地360店),郑东新区金水东路绿地新田360广场A馆5层,113.767582,34.770016,0371-60568898,8：00——22：00
金水区,50121,清真菜馆,大叹号烤肉·朝鲜族料理(金融岛店),龙湖金融岛郑州银泰inPARK商业3区2层D-L2012,113.730441,34.814026,19939656953,8：00——22：00
金水区,50121,清真菜馆,王繁星面馆(银泰inPAPK店),如意西路93号2区2层,113.737276,34.814592,15713885574,8：00——22：00
金水区,50121,清真菜馆,五洲大酒店(东风路),东风路8号,113.644049,34.7987,0371-56532888;0371-56596666,8：00——22：00
金水区,50121,清真菜馆,蟹状元大闸蟹(郑州国基路店),国基路108号-17(丰庆路交叉路向西200米路北),113.645779,34.820185,0371-67121835;0371-67121836,8：00——22：00
金水区,50121,清真菜馆,郑与川包子铺·米线(祭城店),郑河东院东门旁(祭城地铁站A口步行70米),113.766624,34.775312,13598866414,8：00——22：00
金水区,50121,清真菜馆,觉醒BAKERY(郑州银泰inPARK店),龙湖金融岛沿湖商业B区B-L1001号,113.738524,34.813351,16712864809,8：00——22：00
金水区,50121,清真菜馆,五号公路美式石烧牛扒(CBD店),商务内环路与商务西七街交叉口新澳大厦一层,113.723474,34.768533,0371-53399555,8：00——22：00
金水区,50121,清真菜馆,螺专甲柳州螺蛳粉(曼哈顿店),未来路街道金水路305裙房G区109号,113.70901,34.760371,13073751726;15538058186,8：00——22：00
金水区,50121,清真菜馆,功夫怪兽·烧烤(国贸店),农业路与花园路交叉口向西130米路北(农业路001号),113.680146,34.786898,17335777616,8：00——22：00
金水区,50121,清真菜馆,王繁星面馆(国贸店),花园路39号新田360广场郑州国贸店B1层,113.679682,34.784962,15225105932,8：00——22：00
金水区,50121,清真菜馆,合记烩面(众意路店),众意路与东风东路交叉口南200米路东,113.722465,34.787973,0371-65670777;0371-86072111;18625591264,8：00——22：00
金水区,50121,清真菜馆,油麻港·辣子鸡手擀面(全国总店),未来路485号金水升龙广场1楼,113.708406,34.761452,13083605358,8：00——22：00
金水区,50121,清真菜馆,鸟蘭烧肉一番,花园路122号万达坊3层3012号商铺,113.680669,34.793552,13253342223,8：00——22：00
金水区,50121,清真菜馆,18HOURS美式餐厅,农业东路与地秀街交叉口东南80米,113.725584,34.784194,0371-65056826;18695806650,8：00——22：00
金水区,50121,清真菜馆,靓靓蒸虾·头牌蒸虾(郑州旗舰店)(暂停营业),天泽街和天赋路交叉口向南50米路东,113.738106,34.784571,15337321868,8：00——22：00
金水区,50121,清真菜馆,粉十二螺蛳粉(农科路店),花园路122号万达坊郑州花园路店F1层,113.680294,34.792621,15515510055,8：00——22：00
金水区,50121,清真菜馆,俄士厨房(郑东万象城店),郑东万象城北区6层L649,113.761699,34.765892,0371-60585777,8：00——22：00
金水区,50121,清真菜馆,郑州市金水区喜橙甜品店,美景美境售楼部东侧商业街2106号,113.666351,34.820387,18538562222,8：00——22：00
金水区,50121,清真菜馆,1点点(凯旋广场店),万达坊1层116号商铺(东风路地铁站B口步行200米),113.679968,34.794033,13526518210;15538657557,8：00——22：00
金水区,50121,清真菜馆,星巴克臻选(郑州国贸360广场店),花园路39号国贸360广场4号楼1层,113.68102,34.784848,0371-87096910;0371-87096911,8：00——22：00
金水区,50121,清真菜馆,云上花开宴会艺术中心(如意东路辅路店),宝龙城市广场A区1号门旁,113.734091,34.781979,19059537228,8：00——22：00
金水区,50121,清真菜馆,野果yeego(郑州正弘城店),花园路126号正弘城7楼L713B,113.680604,34.79592,19837177127,8：00——22：00
金水区,50121,清真菜馆,华堂遇彩(龙子湖店),明理路与修业街交汇处西南角,113.810083,34.790047,0371-67971188;0371-67979168,8：00——22：00
金水区,50121,清真菜馆,胖哥俩肉蟹煲(大卫城店),二七路太康路交叉口西北丹尼斯大卫城11楼,113.666452,34.756998,0371-56150105;15353431107,8：00——22：00
金水区,50121,清真菜馆,ZAX BBQ(正弘蓝堡湾店),蓝堡湾二期贵人街6-106,113.674951,34.7962,0371-55631914,8：00——22：00
金水区,50121,清真菜馆,必胜客(大卫城店),二七路与太康路交叉口丹尼斯大卫城负一楼,113.665839,34.758052,4009701890,8：00——22：00
金水区,50121,清真菜馆,鲍师傅糕点(大卫城店),西太康路与二七路交汇处西北角丹尼斯·大卫城B1层,113.666348,34.757829,13333827290,8：00——22：00
金水区,50121,清真菜馆,方中山胡辣汤(红专路店),红专路与经七路交叉口,113.671332,34.780041,13703951550,8：00——22：00
金水区,50121,清真菜馆,泓禧棠婚礼宴会酒店,宏明西路与索凌路交叉口东北60米,113.640922,34.825689,0371-60296666,8：00——22：00
金水区,50121,清真菜馆,星巴克臻选(郑州丹尼斯大卫城店),西太康路与二七路交汇处西北角丹尼斯·大卫城B1层,113.666495,34.758445,0371-55287516,8：00——22：00
金水区,50121,清真菜馆,新华书店回声馆,杜岭街36号河南省新华书店回声馆,113.672339,34.758119,0371-61172967;13592515376,8：00——22：00
金水区,50122,台湾菜,柳月台湾私房菜,农科路三号院巷子里,113.676632,34.791574,19522276450,8：00——22：00
金水区,50122,台湾菜,两岸一桶台湾私房卤味(兴达公寓23号院店),东风路街道园田路23号兴达公寓,113.652413,34.808263,17737703819,8：00——22：00
金水区,50122,台湾菜,七月妈妈台湾饭团寿司披萨,柳林路22-1号,113.674004,34.829359,13673993747;15890603398,8：00——22：00
金水区,50122,台湾菜,豪享来(花园店),花园路56号郑花大厦二楼,113.681666,34.779027,0371-65924163,8：00——22：00
金水区,50122,台湾菜,北澜食堂(暂停营业),政七街21-34号,113.687708,34.794554,13910151832,8：00——22：00
金水区,50123,潮州菜,潮味馆(正弘城店),正弘城7楼1号直梯右侧(东风路地铁站D口旁),113.680205,34.796227,15538103397,8：00——22：00
金水区,50123,潮州菜,潮鲜·潮粤餐厅,金水路与经三路交叉口115号中州皇冠酒店1号楼一楼,113.694049,34.762403,0371-65858788,8：00——22：00
金水区,50123,潮州菜,臻轩潮州菜,国基路168号普罗旺世枫丹白露区块1号楼1-3层9号,113.63112,34.820062,0371-80957888,8：00——22：00
金水区,50123,潮州菜,潮州牛肉火锅(南阳路店),南阳路与寺坡路交叉口东40米,113.645755,34.781854,13592200749,8：00——22：00
金水区,50123,潮州菜,走汕.应时甜汤,万象城负2层CB237,113.765525,34.765792,17513203237,8：00——22：00
金水区,50123,潮州菜,潮汕鼎记生鲜牛肉火锅(正弘山店),通泰路66号院4号楼1层7号,113.730673,34.74277,0371-55177368,8：00——22：00
金水区,50123,潮州菜,潮鑫记潮汕牛肉火锅,丰产路街道姚砦路133号金成时代广场6号楼1层105商铺,113.707828,34.776479,18819680384,8：00——22：00
金水区,50123,潮州菜,粥大师潮汕砂锅粥,畅和街地铁站B口旁,113.775475,34.780675,15039058209,8：00——22：00
金水区,50123,潮州菜,潮之牛·潮汕牛肉火锅,平安大道永和时光里3楼(龙子湖地铁站E口步行370米),113.805872,34.791366,15039415979,8：00——22：00
金水区,50123,潮州菜,茂林记潮港餐厅(智慧岛大厦店),智慧岛大厦B1层潮汇城美食商业街,113.807334,34.794721,15290873182,8：00——22：00
金水区,50123,潮州菜,潮汕鲜打牛肉丸(银河店),普庆路与宏明西路交叉口银河农贸市场A27-28,113.643601,34.826062,15617629501,8：00——22：00
金水区,50123,潮州菜,潮吉豪·鲜撬蚝·鲜土鸡煲(信万广场店),清华紫光园北门旁,113.645161,34.819727,17838378571,8：00——22：00
金水区,50123,潮州菜,飨赫驾瓦罐烤鸡(祭城店),盛和街12号祭城地铁口B口向右100米,113.766439,34.776615,18639572221,8：00——22：00
金水区,50123,潮州菜,瓦罐烤鸡(红旗路店),红旗路与经三路交叉口向东30米路南经三路北-3号院,113.693195,34.77681,15799882425,8：00——22：00
金水区,50123,潮州菜,韩品荟家常菜,商务内环路九如路金成阳光世纪20号楼,113.732423,34.775883,13213042975;13838011490,8：00——22：00
金水区,50123,潮州菜,老广粥粉铺(民生路店),民生路祥盛街交叉口向南50米路东,113.75183,34.76086,13623823736,8：00——22：00
金水区,50123,潮州菜,博爱丸子汤(沙口路店),南阳新村街道沙口路第九人民医院对面,113.628595,34.786771,13939145607,8：00——22：00
金水区,50123,潮州菜,王婆大虾(郑州旗舰店),文化路东风路交叉口向西50米路南,113.664557,34.79948,13526629013,8：00——22：00
金水区,50123,潮州菜,三合王婆大虾(国贸关虎屯店),经五路19号关虎屯生活广场B栋贰层2000,113.677962,34.78268,17638012854,8：00——22：00
金水区,50123,潮州菜,粉相会潮汕牛肉粉(姚桥旗舰店),北三环辅路与小夏街交叉口向西20米,113.797005,34.807729,18137870355,8：00——22：00
金水区,50123,潮州菜,粉相会潮汕牛肉粉(博雅广场店),博雅广场4号楼1层101,113.809602,34.791071,19900976642,8：00——22：00
金水区,50200,外国餐厅,Wood&Fire意大利牛排烤肉披萨自助餐厅(绿地新都会店),绿地新都会A座1楼(金水东路地铁站C口步行80米),113.769651,34.769807,19939946753,8：00——22：00
金水区,50200,外国餐厅,巴黎之花法国餐厅(天雅大厦店),天雅大厦西门旁,113.732907,34.763597,0371-86223999;13523516060;18937166383,8：00——22：00
金水区,50200,外国餐厅,祖母的厨房(丹尼斯·大卫城店),二七路与太康路口丹尼斯百货大卫城项目11层B008号,113.666027,34.757262,13253353516,8：00——22：00
金水区,50200,外国餐厅,郑州索菲特国际饭店·圆顶阁西餐厅,金水路115号郑州索菲特国际饭店B1层,113.692708,34.761863,0371-65557280;0371-65950088;15690889360,8：00——22：00
金水区,50200,外国餐厅,CAPYBARA西班牙餐厅(龙湖里店),九如路与龙湖中环南路交叉口西南120米,113.742329,34.790657,15538359152,8：00——22：00
金水区,50200,外国餐厅,永和铂爵国际酒店威斯蒂娜西餐厅,金水东路21号永和铂爵国际酒店1层,113.749598,34.763066,0371-68663136,8：00——22：00
金水区,50200,外国餐厅,8寸意式餐厅(天旺广场店),东风路38号世纪联华西门餐饮区,113.639399,34.7969,13253380586,8：00——22：00
金水区,50200,外国餐厅,阿米奇餐厅酒吧,未来路与金水路交叉口附近(燕庄地铁站A口步行390米),113.707764,34.763475,0371-89960838,8：00——22：00
金水区,50200,外国餐厅,木白西餐厅(健康路店),大石桥街道体育馆西侧优胜南路1号天下城,113.660808,34.768249,17737316805;18530073055,8：00——22：00
金水区,50200,外国餐厅,正方元锦江国际饭店·遇·西餐厅,金水东路与黄河南路交叉口向南100米路西正方元锦江国际饭店1楼爱摩尔咖啡厅,113.743549,34.759378,0371-53777777,8：00——22：00
金水区,50200,外国餐厅,迈先森牛排·轻食·融合餐厅,升龙广场E区3层(迈欧健身旁边),113.706745,34.761013,19337873382,8：00——22：00
金水区,50200,外国餐厅,留白西餐厅(时间集店),文劳路与信息学院路交汇处东泰润和7号楼F1层,113.658539,34.80801,0371-61755588;18538267770,8：00——22：00
金水区,50200,外国餐厅,妈妈咪哑意大利餐厅,金水路115号中州皇冠假日酒店1号楼(经三路),113.694345,34.762461,0371-65858950,8：00——22：00
金水区,50200,外国餐厅,王品牛排(郑州大卫城店),丹尼斯大卫城12楼王品牛排,113.666208,34.757501,0371-56558918;0371-56558919,8：00——22：00
金水区,50200,外国餐厅,郑州希尔顿酒店八元素自助餐厅(郑州店),金水路288号希尔顿酒店1层,113.70704,34.763475,0371-89960821,8：00——22：00
金水区,50200,外国餐厅,美盛喜来登大酒店-盛宴标帜餐厅,金水东路33号美盛喜来登大酒店1层,113.754711,34.764,0371-56967786,8：00——22：00
金水区,50200,外国餐厅,MYLK意式小厨(万达坊店),花园路122号1楼020号MYLK意式小厨,113.681021,34.793269,15515766790,8：00——22：00
金水区,50200,外国餐厅,豪享来(瀚海海尚店),东风路142号瀚海海尚二层B235、B244号,113.646403,34.800922,0371-58636660,8：00——22：00
金水区,50200,外国餐厅,半寸森林LA FORÊT(永和·时光里购物中心店),永和时光里购物中心6楼,113.805985,34.790933,17630031626,8：00——22：00
金水区,50200,外国餐厅,泰象林茶餐厅,东风路与政七街西南角,113.687557,34.795797,18203978878,8：00——22：00
金水区,50200,外国餐厅,郑州绿地JW万豪酒店·都会尚膳自助餐厅,郑东新区商务中央公园2号千玺广场会展万豪酒店38层,113.727309,34.771054,0371-87078220,8：00——22：00
金水区,50200,外国餐厅,泰诚行泰式融合餐厅(任寨北街店),任寨北街6号院北门旁,113.668814,34.77065,15838125818,8：00——22：00
金水区,50200,外国餐厅,泰香米泰国餐厅(新田360广场店),金水东路80号新田360广场B馆4层A417,113.768363,34.769783,0371-55955536,8：00——22：00
金水区,50200,外国餐厅,洛堤滋巴西烤肉餐厅Rodizio,蜜油创意园12号楼(海底捞北侧),113.640609,34.774058,18838007099,8：00——22：00
金水区,50200,外国餐厅,郑州建业艾美酒店餐厅,中州大道1188号(东十里铺地铁站E口步行100米),113.724967,34.747658,0371-55998888,8：00——22：00
金水区,50200,外国餐厅,总厨香料餐厅(郑州郑东万象城店),金水东路辅路与才高街交叉口东南200米郑州郑东万象城L7层,113.763708,34.766035,15378713158,8：00——22：00
金水区,50200,外国餐厅,桔梗谣韩国餐厅(郑州正弘城店),花园路东风路交叉口正弘城7层(东风路地铁站D口旁),113.680467,34.796211,0371-63261122,8：00——22：00
金水区,50200,外国餐厅,一绪寿喜烧(丹尼斯·大卫城店),二七路与太康路交叉口向北100米路西大卫城12楼,113.665886,34.757768,0371-55930819,8：00——22：00
金水区,50200,外国餐厅,郑州市郑东新区外国语中学陈年国酒馆(宝龙酒佬汇),农业东路九如路交叉口东南角,113.740473,34.782295,19939999729,8：00——22：00
金水区,50200,外国餐厅,祖母的厨房(郑州购物中心CityOn熙地港店),农业东路与众意西路交叉路口熙地港购物中心4层,113.718212,34.784417,18539431082,8：00——22：00
金水区,50200,外国餐厅,豪客来牛排(郑州经三华润万家餐厅),三路北60号,113.690852,34.787499,0371-86182320,8：00——22：00
金水区,50200,外国餐厅,MR PANCAKE LAB(国贸店),花园路39号新田360商场3层(黄记煌右隔壁),113.679606,34.785571,15690886717,8：00——22：00
金水区,50200,外国餐厅,上牛社会炙烤厚切牛排(绿地新都会新田360广场店),郑东新区绿地新都会新田360广场B馆4楼A413,113.768823,34.769734,18838022897;18875735215,8：00——22：00
金水区,50200,外国餐厅,豪客来牛排(郑州天旺广场餐厅),东风路38号天旺广场2F层,113.642797,34.798213,0371-55000877,8：00——22：00
金水区,50200,外国餐厅,地盘薄比萨·厚汉堡(永威木色购物公园店),商务东五街6号永威木色购物公园3层,113.73058,34.766942,0371-87095877,8：00——22：00
金水区,50200,外国餐厅,烧肉酒场,运河上郡南区南门旁,113.733137,34.783819,0371-85962008,8：00——22：00
金水区,50200,外国餐厅,乐班Le'ban(郑州郑东万象城店),金水东路辅路与才高街交叉口东南200米郑州郑东万象城B1层,113.765304,34.7656,15638105553,8：00——22：00
金水区,50200,外国餐厅,豪享来(金水东路店),金水东路与黄河南路交叉口向南50米路东1号,113.744894,34.760949,0371-63848198,8：00——22：00
金水区,50200,外国餐厅,老顺城(宝龙广场店),郑东新区九如路河南省实验学校郑东中学一层19-17号,113.74034,34.781909,13733811320;18530078630,8：00——22：00
金水区,50200,外国餐厅,昕语牛排(金明路),广电南路金明路南300米路西,113.688775,34.802375,13193855771,8：00——22：00
金水区,50200,外国餐厅,Pennehut畔尼意面(丹尼斯大卫城店),太康路与二七路交汇处西北角丹尼斯大卫城10楼009号商铺,113.666038,34.757269,18937658500,8：00——22：00
金水区,50200,外国餐厅,秘密时光西餐吧(俭学街店),建业贰号城邦北1门旁,113.661544,34.789986,17337175270,8：00——22：00
金水区,50200,外国餐厅,豪享来(瀚宇天悦城店),三全路安泰金苑南侧约100米,113.654754,34.830007,0371-60592899,8：00——22：00
金水区,50200,外国餐厅,玛格利塔·现烤披萨(东风路店),东风路13号,113.638823,34.796732,13303990344,8：00——22：00
金水区,50200,外国餐厅,米村拌饭(金水区龙湖银泰店),银泰龙湖金融岛商业2区2层2-L2012,113.737001,34.814649,15945066193,8：00——22：00
金水区,50200,外国餐厅,WestSide西岸(亚神大厦店),金水路东明路亚神大厦一楼商铺,113.701074,34.762715,15538063091,8：00——22：00
金水区,50200,外国餐厅,米村拌饭(金水升龙曼哈顿店),升龙广场E区8号楼1单元1层L140(京东数码专卖店右侧),113.705187,34.761864,15890506075,8：00——22：00
金水区,50200,外国餐厅,8寸意式餐饮(正弘城店),花园路126号正弘城B1楼LB-C23,113.680618,34.795946,17630030200,8：00——22：00
金水区,50200,外国餐厅,不七·谷神庭院料理,金水东路中兴路西北角楷林ifc-A座,113.774565,34.770878,18143904954,8：00——22：00
金水区,50200,外国餐厅,重庆回锅肉(九如路),九如路19-10,113.739931,34.781293,13674977013;15890118307,8：00——22：00
金水区,50200,外国餐厅,佳客来牛排(国基路店),国基路7号花园SOHO2栋102,113.684975,34.818825,18538709703,8：00——22：00
金水区,50200,外国餐厅,Pennehut畔尼意面(郑东万象城),郑东万象城6楼L603,113.762699,34.766136,13939616622,8：00——22：00
金水区,50200,外国餐厅,清真闪乾龙博爱丸子汤,郑汴路凤台路交叉口往北200米路西,113.714117,34.747809,15981853881,8：00——22：00
金水区,50200,外国餐厅,小将日式山野料理,二七路与太康路交叉口丹尼斯大卫城10层013号,113.666175,34.757075,19913867851,8：00——22：00
金水区,50200,外国餐厅,鸟隐枫泽·Yakitori烧鸟精致料理(郑州国贸新田360广场店),花园路国贸360北区3楼东侧302,113.681168,34.785393,0371-66586666,8：00——22：00
金水区,50200,外国餐厅,朴饱饱韩式烤肉(熙地港王府井百货店),农业东路15号CityOn熙地港郑州购物中心F4层,113.716459,34.784537,0371-86568899,8：00——22：00
金水区,50200,外国餐厅,白石的深夜食堂(银泰inPARK店),金融岛银泰4区2层C-L2023号,113.72896,34.811879,18737119295,8：00——22：00
金水区,50200,外国餐厅,盐鳥を烧く屋(郑州银泰inPARK4区店),龙湖街道金融岛银泰inpark4区4-L2009盐烧鸟,113.73042,34.81041,13323855311,8：00——22：00
金水区,50200,外国餐厅,豪客来牛排(丹尼斯1天地店),丹尼斯一天地第三层,113.723648,34.76748,0371-86631688,8：00——22：00
金水区,50200,外国餐厅,泥靴(郑州郑东万象城),金水东路辅路与才高街交叉口东南200米郑州郑东万象城B1层,113.765483,34.764476,0371-55230233;19900977875,8：00——22：00
金水区,50200,外国餐厅,明洞山山葵烤肉·干式熟成放题自助(郑东万象城黑金店),万象城南区CL315,113.76538,34.764749,19339987982,8：00——22：00
金水区,50200,外国餐厅,大叹号烤肉·朝鲜族料理(油化创业园店),黄河路油化厂创意园区崇山区山4-1号,113.641157,34.772395,18253360857,8：00——22：00
金水区,50200,外国餐厅,李白居酒屋,优胜北路天下城北2门东50米,113.661938,34.768972,15737189490,8：00——22：00
金水区,50200,外国餐厅,池奈日式咖喱蛋包饭(郑州龙湖金融岛店),郑州银泰inPAPK店1区3F层B-L3015号铺,113.738344,34.811255,18566117632,8：00——22：00
金水区,50200,外国餐厅,RDE红醉象东南亚料理(熙地港店),农业东路15号熙地港购物中心4层西头L4-034号店铺,113.716913,34.785106,17737157756,8：00——22：00
金水区,50200,外国餐厅,安又胖韩国烤肉(郑州正弘城店),花园路126号正弘城7层L704B号,113.680474,34.795772,19337102816,8：00——22：00
金水区,50200,外国餐厅,枫上烧鸟融合料理(绿地原盛国际店),郑东新区绿地盛源国际3C附17号,113.770612,34.767718,18037572688,8：00——22：00
金水区,50200,外国餐厅,朴大叔拌饭(丹尼斯六天地店),丹尼斯六天地3楼巴奴旁,113.721099,34.777063,13033727853,8：00——22：00
金水区,50200,外国餐厅,炙一·炭火割烹Omakase(楷林大厦店),如意西路99号楷林大厦1层(临河东北角),113.734232,34.802865,19900900095,8：00——22：00
金水区,50200,外国餐厅,行山Omakase日料,尚贤街仟那元熙酒店一楼,113.801999,34.788855,18336313029,8：00——22：00
金水区,50200,外国餐厅,浮生若梦.居食屋.小酒馆(建文店),黄河路96号建文新世界商厦北门西侧巷子二楼,113.668733,34.774234,18530975636,8：00——22：00
金水区,50200,外国餐厅,牛角日本烧肉专门店(丹尼斯大卫城店),牛角日本烧肉12楼009,113.666148,34.757359,0371-65097188,8：00——22：00
金水区,50200,外国餐厅,米村拌饭(信万广场店),国基路87号yoyopark购物公园5F-20号商铺,113.647275,34.819275,13274521011,8：00——22：00
金水区,50200,外国餐厅,南大门韩糕(十里铺店),商鼎路十里铺街2号(商鼎路地铁站A口步行300米),113.729807,34.754132,18538271213,8：00——22：00
金水区,50200,外国餐厅,韩宫宴(郑州正弘城店),花园路126号正弘城8楼S2(东风路地铁站D口旁),113.680688,34.796473,0371-55097572,8：00——22：00
金水区,50200,外国餐厅,上锦烧鸟居酒屋·深夜食堂(金成时代广场店),金城时代广场十三号楼一单元一1148,113.706899,34.77819,18837181278,8：00——22：00
金水区,50200,外国餐厅,土大力(尚座中心店),尚座中心4楼土大力(农业南路地铁站B口步行150米),113.75637,34.763797,0371-55261729,8：00——22：00
金水区,50200,外国餐厅,汉拿山(永和时光里店),博学路办事处平安大道197号永和龙子湖中央广场5层编号5F-05,113.806333,34.790901,13837274847,8：00——22：00
金水区,50200,外国餐厅,鸟安Yakitori烧鸟屋(中盟龙湖里店),九如路龙湖里(龙湖中环南地铁站F口步行220米),113.741963,34.791106,13323815398,8：00——22：00
金水区,50200,外国餐厅,韩风源自助烤肉(优悠购物公园),国基路与丰庆路交叉口优悠购物公园六楼,113.647257,34.81939,0371-65055896,8：00——22：00
金水区,50200,外国餐厅,烧肉職人酒场,顺河路二号付十六,113.69598,34.759944,15290851699,8：00——22：00
金水区,50200,外国餐厅,三顺家韩餐(正弘城店),正弘蓝堡湾3期贵人街7-126商铺,113.677148,34.79628,17838386379;18729486092,8：00——22：00
金水区,50200,外国餐厅,曼巴鸭梨·韩风炸鸡·料理(金成时代店),金成时代广场1号楼1单元,113.707877,34.776288,15981993744,8：00——22：00
金水区,50200,外国餐厅,池奈·日式咖喱蛋包饭,地德街CityOn熙地港L4,113.717514,34.784763,17398999992,8：00——22：00
金水区,50200,外国餐厅,九割丼日式料理(熙地港王府井百货店),CityOn熙地港购物中心4层,113.71737,34.784821,0371-63681390;19137134714,8：00——22：00
金水区,50200,外国餐厅,泰兰香(丹尼斯·大卫城店),二七路丹尼斯大卫城11层11-4号,113.665779,34.757536,0371-55029196,8：00——22：00
金水区,50200,外国餐厅,和香铁板烧料理(龙子湖店),郑东新区明理路西平安大道南博雅广场2号楼2楼208室,113.809396,34.79187,13681349106,8：00——22：00
金水区,50200,外国餐厅,龙隐料理(天泽街店),天泽街与天赋路交叉口向东南20米,113.738225,34.784775,18515138301,8：00——22：00
金水区,50200,外国餐厅,熊吞·大碗丼日式烧肉饭(丹尼斯·大卫城店),人民路90号丹尼斯大卫城BF00200,113.666502,34.757935,18037272919,8：00——22：00
金水区,50200,外国餐厅,土大力烤肉名家(信万广场店),国基路87号信万广场6层A6F-08,113.646456,34.818925,0371-55000696,8：00——22：00
金水区,50200,外国餐厅,必胜客(信万广场店),国基路87号信万广场F2层,113.647587,34.819514,0371-55000690;4009701890,8：00——22：00
金水区,50200,外国餐厅,会飞的鸡Flyingchicken(金水万达店),农科路16号11号楼1层133号,113.678297,34.793177,13137114882,8：00——22：00
金水区,50200,外国餐厅,亭枫蟹料理(龙湖里店),龙湖中环路与九如路交汇处西南角龙湖里A区3层,113.741925,34.791125,19939975638,8：00——22：00
金水区,50200,外国餐厅,白石的深夜食堂·Yakitori(正弘城店),花园路正弘城7楼(东风路地铁站D口旁),113.680416,34.796004,18530054832,8：00——22：00
金水区,50200,外国餐厅,千爱和食日式料理,民航路14号(民航路地铁站H口步行220米),113.716245,34.764316,18638166128,8：00——22：00
金水区,50200,外国餐厅,铁板诱惑(正弘城店),东风路与花园路交叉口正弘城7层铁板诱惑,113.680853,34.795734,0371-55238869,8：00——22：00
金水区,50200,外国餐厅,N多寿司(郑州健康路店),健康路与优胜北路交叉口向西50米路北,113.664795,34.769733,15290445591,8：00——22：00
金水区,50200,外国餐厅,河风精致寿司,黄河路与姚砦路交叉口金成时代广场118号商铺,113.706017,34.775973,0371-63223700;13014538668;15863900826,8：00——22：00
金水区,50200,外国餐厅,必胜客(福元路宅急送店),福元路157号22-23号楼裙房一层的房产,113.716392,34.757258,0371-55656702;0371-55656703;4009208809,8：00——22：00
金水区,50200,外国餐厅,上井精致料理(大卫城店),二七路150号大卫城12层,113.666296,34.756911,0371-58558826,8：00——22：00
金水区,50200,外国餐厅,天林灌汤包(九如路店),郑东新区农业东路与九如路交叉口河南省实验学校郑东中学7号8号商铺,113.739931,34.781292,13043712199,8：00——22：00
金水区,50200,外国餐厅,以勒哈娜(国贸店),花园路39号新田360广场F3,113.680038,34.784698,0371-67910087,8：00——22：00
金水区,50200,外国餐厅,和米堂.清潭洞(大卫城店),西太康路与二七路交汇处西北角丹尼斯·大卫城B1层,113.666556,34.757508,15515560978,8：00——22：00
金水区,50200,外国餐厅,争鲜回转寿司(郑东万象城PLUS店),金水东路与东风南路交叉口西南角郑东万象城L610,113.763743,34.7663,16638210605,8：00——22：00
金水区,50200,外国餐厅,大渔之观(郑州郑东万象城店),郑州七里河北路郑东万象城南区四楼,113.765503,34.763891,18039519032,8：00——22：00
金水区,50200,外国餐厅,無鸣地摊烤肉,通泰路43号院14号楼1-2层附5号,113.736146,34.755783,15538266007,8：00——22：00
金水区,50200,外国餐厅,贰田料理*香茅草烤肉特色打抛饭,沙口路129号蜜油创意园南墙12号商铺,113.639767,34.773175,15316166862,8：00——22：00
金水区,50200,外国餐厅,宝鸡故事秘制手工擀面皮(宝龙广场店),九如路19-11号,113.739965,34.781402,18638539775,8：00——22：00
金水区,50200,外国餐厅,N多寿司(经三世纪联华店),经三路与东风路交叉口世纪联华1层中门,113.692075,34.793625,18538198719,8：00——22：00
金水区,50200,外国餐厅,N多寿司(郑州21世纪社区店),花园路59号21世纪社区胡适精华2号楼,113.683916,34.815781,18768864591,8：00——22：00
金水区,50200,外国餐厅,Meet Sun首尔大排档(郑州太格茂店),太格茂6楼,113.801338,34.793763,15238028757,8：00——22：00
金水区,50200,外国餐厅,N多寿司(绿地360店),郑东新区金水路东风南路口绿地新都会新田360广场4楼AC21,113.767615,34.770009,18625590691,8：00——22：00
金水区,50200,外国餐厅,N多寿司(郑州太格茂店),郑东新区龙子湖办事处局外太格茂购物中心4层D4F-03号,113.801346,34.793335,15738349028,8：00——22：00
金水区,50200,外国餐厅,N多寿司(郑州东明路丹尼斯店),丰产路街道红专路110号东明路丹尼斯1楼5号,113.699693,34.780428,15321652135,8：00——22：00
金水区,50200,外国餐厅,醒屋牛肉饭,平安大道龙子湖中央广场时光里三层3F-33,113.805777,34.791123,13683835325;17319789106,8：00——22：00
金水区,50200,外国餐厅,N多寿司(郑州印象汇店),中州大道1188号凯德广场B1层30号负1楼,113.724978,34.748156,18530039035,8：00——22：00
金水区,50200,外国餐厅,安大叔拌饭(宝龙店),农业东路33号2号楼1层046号,113.737989,34.782351,0371-66336166,8：00——22：00
金水区,50200,外国餐厅,安東·Korean Bistro(郑州首店),金水东路辅路与才高街交叉口东南200米郑州郑东万象城L7层,113.762403,34.766426,15138946437,8：00——22：00
金水区,50200,外国餐厅,博多天一天婦羅 牛排飯(郑东万象城店),郑东万象城南区负二楼博多天一天婦羅牛排飯,113.765513,34.76382,19059625903,8：00——22：00
金水区,50200,外国餐厅,豪客来牛排(郑州CBD丹尼斯餐厅),众意西路与商务外环交叉口往东一百米,113.723648,34.76748,0371-86111097,8：00——22：00
金水区,50200,外国餐厅,韩园园自助牛肋条烤肉,园田路与金冠路交叉口东北角张家村7号院2号楼一层113-114号商铺,113.6533,34.833464,13140040005,8：00——22：00
金水区,50200,外国餐厅,有福YOGra·炭火烧鸟屋,福元路战友苑10号楼,113.710132,34.757325,13849194029,8：00——22：00
金水区,50201,西餐厅(综合风味),味美斋烩面包子城(开元小区店),南阳路与群办路交叉口北50米路西,113.637373,34.792495,18638134303,8：00——22：00
金水区,50300,快餐厅,麦当劳(太格茂店),平安大道博学路龙子湖太格茂一楼,113.801368,34.792968,0371-60101055;4009200205,8：00——22：00
金水区,50300,快餐厅,粉十二螺蛳粉(健康路店),优胜南路26-5号,113.665172,34.767036,13523530577,8：00——22：00
金水区,50300,快餐厅,李大姐广东小吃,丰庆路62号江山文苑A3铺,113.648173,34.826489,17335776900,8：00——22：00
金水区,50300,快餐厅,卓妈跳跳小面(四月天小区店),四月天小区北门西180米,113.649077,34.822536,13939038159,8：00——22：00
金水区,50300,快餐厅,高群生逍遥胡辣汤(蓝堡湾店),东风路28号院12号楼1-2层商1号,113.673972,34.794707,15836636013;17335762887,8：00——22：00
金水区,50300,快餐厅,麦当劳(郑州文化路餐厅),黄河路95号新田大厦1层,113.66713,34.77428,0371-63939270,8：00——22：00
金水区,50300,快餐厅,老一楼正宗开封灌汤包子馆(文化路店),文化路112号附2号,113.666653,34.77106,18836629901,8：00——22：00
金水区,50300,快餐厅,周記一擀一面皮(宝龙广场店),农业东路与天泽街东南角宝龙城市广场B区F1层千盛广场3号门向西100米,113.737217,34.782556,0371-89926666;18638022077,8：00——22：00
金水区,50300,快餐厅,必胜客(国贸中心店),花园路39号4号楼1-2层,113.681135,34.784858,0371-55200377;4009701890,8：00——22：00
金水区,50300,快餐厅,麦当劳(郑州商都路通泰路餐厅),商都路6号4号楼1层附121号,113.732679,34.748354,0371-88920695;4008597597,8：00——22：00
金水区,50300,快餐厅,上海恩记汤包馆(东三街店),南阳路街道黄河路84-5号黄河路84-5号院,113.658229,34.774163,0371-63717045;18037860310,8：00——22：00
金水区,50300,快餐厅,张老炝方城炝锅烩面(CBD店),九如路与商务内环交口向北100米路西,113.733489,34.775555,19013920128,8：00——22：00
金水区,50300,快餐厅,太子浓心·炸酱小锅米线(国贸360店),花园路国贸新田360店6楼太子浓心,113.68048,34.785445,15838350096,8：00——22：00
金水区,50300,快餐厅,王繁星面馆(郑东万象城店),金水东路辅路与才高街交叉口东南200米郑州郑东万象城B2层,113.765693,34.764753,17335798893,8：00——22：00
金水区,50300,快餐厅,于谦谦生烫牛肉米线(曼哈顿店),升龙广场6号楼(燕庄地铁站B2口步行360米),113.70785,34.761496,19528382887,8：00——22：00
金水区,50300,快餐厅,麦当劳(瀚海海尚店),丰庆路瀚海海尚B区一层,113.647376,34.801332,0371-58558518,8：00——22：00
金水区,50300,快餐厅,谷雨耘全日餐厅(中盟龙湖里店),龙湖中环路与九如路交汇处西南角龙湖里1层A区,113.741607,34.791464,0371-55522112,8：00——22：00
金水区,50300,快餐厅,羔兴羊肉煲·羊肉粉·小砂锅(农科路店),农科路与政七街向西50米路南,113.68718,34.792284,13673715987,8：00——22：00
金水区,50300,快餐厅,醉面(郑州建业凯旋店),建业凯旋广场3号楼2号113一楼,113.679726,34.79379,15903681759,8：00——22：00
金水区,50300,快餐厅,王繁星面馆(正弘城店),花园路126号正弘城八楼L8-S09商铺(东风路地铁站D口旁),113.680394,34.795635,18137833695,8：00——22：00
金水区,50300,快餐厅,肯德基(太格茂店),郑东新区平安大道北博学路东融创文化大厦1层,113.801267,34.792988,0371-60206708,8：00——22：00
金水区,50300,快餐厅,米村拌饭(正弘城店),花园路126号正弘城8楼S8L7B号(胖哥俩旁边),113.680353,34.795916,13603867385,8：00——22：00
金水区,50300,快餐厅,厨乡河南大排档(英协路店),金水路与英协路交叉口向南300米,113.718673,34.759544,0371-69527888,8：00——22：00
金水区,50300,快餐厅,麦当劳(郑州紫荆山餐厅),紫荆山路1号紫荆山商务1层,113.681684,34.76291,0371-65947058,8：00——22：00
金水区,50300,快餐厅,必胜客(尚座中心店),农业南路81号尚座中心F1层,113.755915,34.764084,0371-63296605;4008200775,8：00——22：00
金水区,50300,快餐厅,福状元(优胜路店),健康路116号8号楼东三单元7-12号1-2层门面房,113.662082,34.768987,0371-63939779,8：00——22：00
金水区,50300,快餐厅,武汉名吃,,113.697532,34.788864,15538227228,8：00——22：00
金水区,50300,快餐厅,张老炝方城炝锅烩面(正光北街店),正光北街17号,113.755306,34.771197,0371-60978307;19013920068,8：00——22：00
金水区,50300,快餐厅,麦当劳(花园路得来速餐厅),花园路与北环交叉口中石化正北加油站,113.682199,34.813925,0371-86015218;0371-86015238;4008597597,8：00——22：00
金水区,50300,快餐厅,永霞烙馍卷菜(正道花园百货店),正道花园百货西门北60米,113.682517,34.769647,15981801170,8：00——22：00
金水区,50300,快餐厅,月亮米砂锅麻酱米线(东明路店),黄河路东明路交叉口向北100米路西,113.700196,34.775686,19503809779,8：00——22：00
金水区,50300,快餐厅,四碗螺蛳粉,万达金街东口进入50米(东风路地铁站B口步行410米),113.678677,34.793154,13600044897,8：00——22：00
金水区,50300,快餐厅,必胜客(北环店),瀚海北金商业中心1-2层(北三环路与文化路交叉口东南角),113.665943,34.809277,0371-65366539;4009701890,8：00——22：00
金水区,50300,快餐厅,太子浓心(银泰3区店),龙湖金融岛郑州银泰inPARK商业3区2层D-L2013,113.730479,34.814085,17320160297,8：00——22：00
金水区,50300,快餐厅,巷刻川味锅魁(郑州总店),东风路街道园田路16号文雅小区12号楼1层附8商铺,113.652934,34.805422,15238068184,8：00——22：00
金水区,50300,快餐厅,麦当劳(郑州众意路餐厅 餐厅),众意路和商务内环交叉口北100米丹尼斯一楼,113.721749,34.777332,0371-86150685,8：00——22：00
金水区,50300,快餐厅,中州·豫雅园烤鸭烩面,人民路22号新华中州国际饭店内堂,113.672641,34.75732,0371-87502226,8：00——22：00
金水区,50300,快餐厅,姐弟俩土豆粉(郑州金水曼哈顿店),未来路街道燕北路燕北路6-16号,113.706493,34.761711,15378791730,8：00——22：00
金水区,50300,快餐厅,美春四季汤饭专门店,金水区金水金街11-129,113.678143,34.793164,19050825758,8：00——22：00
金水区,50300,快餐厅,必胜客(印象汇店),中州大道1188号郑州印象汇1F层,113.725116,34.748662,0371-55182530;4009208809;4009701890,8：00——22：00
金水区,50300,快餐厅,方永结胡辣汤(天伦路总店),天伦路9号院琥珀名城1号楼1层6铺,113.691916,34.825327,13213150349,8：00——22：00
金水区,50300,快餐厅,东城牛肉面馆(福彩路),福彩路与晨旭路交叉口南160米,113.698834,34.800012,0371-69899999,8：00——22：00
金水区,50300,快餐厅,本穆青海牛肉拉面(龙子湖店),龙子湖金融岛修业街与中道西路万正商务大厦1层,113.804404,34.790524,19103852255,8：00——22：00
金水区,50300,快餐厅,MarsBurger火星汉堡,蓝堡湾贵人街7-125号二层,113.677805,34.796283,13969773232;17768116187,8：00——22：00
金水区,50300,快餐厅,姐弟俩土豆粉(郑州金水国贸360店),国贸360广场A017号商铺,113.681236,34.784775,19339947220,8：00——22：00
金水区,50300,快餐厅,吉野家(郑州瀚海璞丽店),丰产路街道黄河路1号瀚海璞丽中心一层C1003、C1004号,113.696442,34.775627,17700610257,8：00——22：00
金水区,50300,快餐厅,必胜客(熙地港店),地坤街8号王府井百货熙地港店B1层,113.718161,34.785006,0371-58558720;4009208809,8：00——22：00
金水区,50300,快餐厅,醉面(通泰路店),商都路与通泰路交叉口向北30米路西,113.732992,34.748662,16668113077,8：00——22：00
金水区,50300,快餐厅,米村拌饭(新田360国贸店),花园路39号新田360广场L617号铺位,113.680725,34.785425,15937863635,8：00——22：00
金水区,50300,快餐厅,麦当劳(金水升龙广场店),金水路未来路交叉口东南角曼哈顿一楼二楼,113.705079,34.762664,0371-58508610;4009200205,8：00——22：00
金水区,50300,快餐厅,必胜客(丹尼斯1天地店),商务外环路1号丹尼斯1天地F1层,113.724369,34.767173,4009208809;4009701890,8：00——22：00
金水区,50300,快餐厅,肯德基(璞丽中心店),黄河路1号瀚海·璞丽中心F1层,113.69528,34.775243,13373921542,8：00——22：00
金水区,50300,快餐厅,麦当劳(赛博未来城),硅谷广场东北2门旁,113.66585,34.796832,4008517517,8：00——22：00
金水区,50300,快餐厅,达美乐比萨(金水印象汇店),中州大道1188号金水印象汇第MA栋第L1层第01-33号,113.724989,34.749513,4001597597,8：00——22：00
金水区,50300,快餐厅,麦当劳(郑州卓越农联餐厅),心怡路与金水东路交叉口西北100米卓越农联一楼,113.77014,34.770084,4009200205,8：00——22：00
金水区,50300,快餐厅,塔斯汀中国汉堡(万达坊店),花园路122号2号楼一层113号,113.68002,34.794365,19939725362,8：00——22：00
金水区,50300,快餐厅,麦当劳(郑州麦当劳天一大厦一层餐厅),黄河路姚寨路天一大厦一层,113.704184,34.774449,0371-88920383,8：00——22：00
金水区,50300,快餐厅,德克士(建文),文化路26号德克士餐厅,113.667119,34.773896,0371-63811927;0371-63945441,8：00——22：00
金水区,50300,快餐厅,塔斯汀中国汉堡(东悦广场店),金城时代广场3号楼121号5月13日2010,113.704709,34.775575,18339253265,8：00——22：00
金水区,50300,快餐厅,天津包子店(新村路店),丰庆路与新村路交叉口向西150米路北,113.646376,34.828083,13619849357,8：00——22：00
金水区,50300,快餐厅,诺意格披萨(豫咨大厦店),丰产路23-4号,113.669264,34.783529,15649035666;17737605446,8：00——22：00
金水区,50300,快餐厅,杨记清芳牛肉拉面(宝龙城市广场店),农业东路九如路交叉口宝龙广场1F,113.739349,34.781505,13303861611,8：00——22：00
金水区,50300,快餐厅,肯德基(北金店),北环道南文化路东瀚海北金商业中心一二层总计面积约为375平方米的房产,113.66544,34.809271,0371-89913290,8：00——22：00
金水区,50300,快餐厅,必胜客(郑东新区店),永和时光里1层,113.805188,34.790824,0371-63227991;4009701890,8：00——22：00
金水区,50300,快餐厅,必胜客(瀚海·璞丽中心店),黄河路1号瀚海·璞丽中心F1层,113.695835,34.77494,0371-58558786;4009701890,8：00——22：00
金水区,50300,快餐厅,喜家德虾仁水饺(正光北街店),农业南路与正光北街交叉口向东50米,113.754771,34.771509,13323715121,8：00——22：00
金水区,50300,快餐厅,米村拌饭(瀚海海尚店),东风路风庆路交叉口西北侧瀚海海尚4层米村拌饭408B,113.645743,34.800572,13500706348,8：00——22：00
金水区,50300,快餐厅,合顺合烂牛肉夹馍,岗杜北街15号院1号楼一层门面1-5,113.653263,34.770163,18695889595,8：00——22：00
金水区,50300,快餐厅,本穆青海牛肉拉面(正光北街总店),郑东新区农业东路96号1号楼1层附2号,113.754562,34.771452,18037138306,8：00——22：00
金水区,50300,快餐厅,姐弟俩土豆粉(郑州东新田360广场店),金水路东风南路新田360广场b座,113.767615,34.770009,18137332217,8：00——22：00
金水区,50300,快餐厅,华莱士·全鸡汉堡(金水万达店),花园路与农科路交汇处万达金街11-103,113.677227,34.79271,4008226004,8：00——22：00
金水区,50300,快餐厅,德克士(东明路丹尼斯),东明路与红砖路向北200米君悦城1层,113.699973,34.781274,0371-89957181,8：00——22：00
金水区,50300,快餐厅,粥之源(正方元店),黄河南路86号正方元国际酒店3层,113.743504,34.759569,0371-55955111;0371-55955888,8：00——22：00
金水区,50300,快餐厅,同胜祥(天伦路店),中州大道天伦路向西800米路北,113.68842,34.825781,0371-65096008;18638783513,8：00——22：00
金水区,50300,快餐厅,百鲜煎包·牛肉面(鸿禧阳光佳苑店),鑫苑路福彩路向北100米路西,113.698546,34.796879,15036090941,8：00——22：00
金水区,50300,快餐厅,麦当劳(郑州经三路餐厅),经三路66号金城国际广场1层,113.692173,34.793226,0371-65786786;4008597597,8：00——22：00
金水区,50300,快餐厅,阿生哥柳州螺蛳粉(文化路店),文化路4号1层,113.667252,34.765575,15690880888,8：00——22：00
金水区,50300,快餐厅,方中山胡辣汤(曼哈顿店),顺河路102号,113.705836,34.759821,13949950501,8：00——22：00
金水区,50300,快餐厅,福状元(三全店),三全路与花园路交叉口向西500米路北,113.673699,34.828889,0371-65987818,8：00——22：00
金水区,50300,快餐厅,德克士(纬五路店),花园路与纬五路交叉口向西30米路南,113.681296,34.771824,0371-86158889,8：00——22：00
金水区,50300,快餐厅,李四辈 饣它汤 (5店CBD东五街店),商务内环路29号新蒲大厦F1层,113.731457,34.76841,18638108257;19337102609,8：00——22：00
金水区,50300,快餐厅,汉堡王(千玺广场店),CBD金水东路85号国际资本大厦(郑州片区),113.727564,34.770316,0371-56159665,8：00——22：00
金水区,50300,快餐厅,福状元(文博店),文博西路25-5号,113.670558,34.794658,0371-86660903;13723207722,8：00——22：00
金水区,50300,快餐厅,喜家德虾仁水饺(郑州绿地新都会店),金水东路80号新田360广场5层L508号商铺,113.767615,34.770009,17737710880,8：00——22：00
金水区,50300,快餐厅,老李胡辣汤(东三街),东三街北段5-1号,113.658499,34.779024,13213177535,8：00——22：00
金水区,50300,快餐厅,德克士(郑州东站店),火车东站3层候车厅夹层西南区J07-01,113.78072,34.758736,0371-56775218,8：00——22：00
金水区,50300,快餐厅,方中山胡辣汤(龙子湖店),北三环与姚夏路交叉口,113.80226,34.810833,15093320322,8：00——22：00
金水区,50300,快餐厅,米村拌饭(新田360绿地店),金水东路80号绿地新都会5层L516号,113.766775,34.770325,18804206127,8：00——22：00
金水区,50300,快餐厅,沐府小馄饨(关虎屯生活广场店),经五路19号关虎屯生活广场F1层,113.678813,34.783351,13938210933;15515909935,8：00——22：00
金水区,50300,快餐厅,塔斯汀中国汉堡(优胜北路店),大石桥街道优胜北路99-35号商铺塔斯汀中国汉堡,113.665291,34.769096,19937852962,8：00——22：00
金水区,50300,快餐厅,肯德基(众意店),郑东新区众意路丹尼斯七天地一二层,113.722376,34.777882,0371-63325467,8：00——22：00
金水区,50300,快餐厅,金融岛商业三区麦当劳(郑州龙湖金融岛店),北三环众意路郑州龙湖金融岛,113.730645,34.814143,0371-58558998,8：00——22：00
金水区,50300,快餐厅,喜家德虾仁水饺(国贸360店),文化路街道花园路39号(国贸360B1层),113.680884,34.785976,0371-86170733,8：00——22：00
金水区,50300,快餐厅,福状元粥店(丰庆路店),博颂路24号,113.648234,34.808782,0371-86567650,8：00——22：00
金水区,50300,快餐厅,Pizza Galopa加洛帕,农科路16号金水金街东门向西50米路南,113.67871,34.793273,13461616161,8：00——22：00
金水区,50300,快餐厅,醉面(郑州璞丽中心店),黄河路经二路璞丽中心一层D座悦来悦喜对面,113.696137,34.775471,18739928983,8：00——22：00
金水区,50300,快餐厅,福状元(丰乐店),东风路与丰乐路交叉口向南二百米路东,113.64005,34.795804,0371-63672358,8：00——22：00
金水区,50300,快餐厅,白记肠粉(关虎屯生活广场店),丰产路与关虎屯商业步行街交叉口南100米路东,113.67936,34.783396,18538328550,8：00——22：00
金水区,50300,快餐厅,醉面(郑州国贸360店),花园路39号新田360广场B1,113.679899,34.784886,15639918375,8：00——22：00
金水区,50300,快餐厅,肯德基(瀚海海尚店),东风路丰庆路西北角瀚海海尚一层,113.647387,34.800381,4009200715,8：00——22：00
金水区,50300,快餐厅,冀老五烩面泡馍馆(总店),红旗路5号,113.657318,34.776725,0371-63877299;13203882610,8：00——22：00
金水区,50300,快餐厅,苏小蟹·蟹黄面(丹尼斯·大卫城),杜岭街街道二七路与太康路交叉口丹尼斯大卫城第10层044号,113.665969,34.757684,18838215964,8：00——22：00
金水区,50300,快餐厅,南城一双·鸭血粉丝汤,金水东路80号绿地新都会F1层,113.768215,34.769432,13503455026,8：00——22：00
金水区,50300,快餐厅,德克士(凤凰城餐厅),青年路145号B区1-4号楼裙楼凤凰幸福城商场南馆内的1-06号铺位,113.71044,34.740547,0371-89996868,8：00——22：00
金水区,50300,快餐厅,德克士(柳林),花半里西区1-2幢北门东南50米,113.680146,34.829201,0371-86617776;15290654981,8：00——22：00
金水区,50300,快餐厅,王红彪特色笼蒸豆腐脑胡辣汤(绿城都市花园店),卫生路1号院1号楼1层3号(卫生路岗杜北街交叉口),113.655655,34.77033,15137179419,8：00——22：00
金水区,50300,快餐厅,肯德基(熙地港店),农业东路与众意西路交叉口熙地港(郑州)购物中心B1层,113.718152,34.784217,0371-63276802,8：00——22：00
金水区,50300,快餐厅,地盘薄比萨·厚汉堡(花园路万达坊店),花园路122号万达坊3层(东风路地铁站B口步行80米),113.68052,34.793571,0371-65051227,8：00——22：00
金水区,50300,快餐厅,必胜客(紫荆山百货店),紫荆山路1号紫荆山百货1层,113.681519,34.76303,4009701890,8：00——22：00
金水区,50300,快餐厅,麦当劳(郑州信万广场餐厅),国基路87号YOYOPARK购物公园F1层,113.647912,34.818731,0371-58508633,8：00——22：00
金水区,50300,快餐厅,臭哥儿螺蛳粉(总店),东风路信息学院路向西200米路北风尚公寓1层商铺4号,113.656545,34.799838,18695881881,8：00——22：00
金水区,50300,快餐厅,福状元(园田路店),丰庆路街道三全路与田园路交叉口向北100米路西,113.652499,34.830517,0371-55183708;17803856812,8：00——22：00
金水区,50300,快餐厅,正周人胡辣汤(绿洲云顶店),晨旭路绿洲云顶晨旭路5-21,113.696133,34.801011,19937896789,8：00——22：00
金水区,50300,快餐厅,红薯软软(正弘城店),花园路与东风路交叉口正弘城负一楼(东风路地铁站D口旁),113.680212,34.796193,13371057559,8：00——22：00
金水区,50300,快餐厅,米村拌饭(丹尼斯大卫城店),西太康路与二七路交汇处西北角丹尼斯·大卫城10F层,113.665763,34.757072,17513710626,8：00——22：00
金水区,50300,快餐厅,塔斯汀中国汉堡(国贸店),丰产路65号新世纪大厦临街综合楼二号楼第一层自西向东第一间,113.680393,34.783607,17797778273,8：00——22：00
金水区,50300,快餐厅,麦当劳(郑州东风路餐厅),东风东路11号百脑汇大厦,113.671748,34.798895,0371-63598881;0371-63598890;4008597597,8：00——22：00
金水区,50300,快餐厅,德克士(聚源路),龙祥苑东门东北170米,113.739835,34.757681,0371-86556800,8：00——22：00
金水区,50300,快餐厅,姐弟俩土豆粉(郑州金水花园路店),纬四路与花园路交叉口东南40米,113.682531,34.76992,15617545856,8：00——22：00
金水区,50300,快餐厅,必胜客(郑州郑东万象城店),金水东路辅路与才高街交叉口东南200米郑州郑东万象城北区L4层连廊交界处旁边(小天才对面),113.764669,34.765463,17614631752,8：00——22：00
金水区,50300,快餐厅,正谈炸鸡(金融岛店),郑东新区龙湖金融岛郑州银泰inPARK2区2层L2017,113.735906,34.815006,18695806397,8：00——22：00
金水区,50300,快餐厅,华莱士·全鸡汉堡(黄河路店),黄河路120-10号,113.698435,34.774866,4008226004,8：00——22：00
金水区,50300,快餐厅,喜家德虾仁水饺(熙地港店),地坤街8号熙地港B1喜家德水饺,113.717653,34.784787,13323812723,8：00——22：00
金水区,50300,快餐厅,老汉口热干面(阿卡迪亚总店),中义·阿卡迪亚西北1门旁,113.742063,34.767914,13838542316,8：00——22：00
金水区,50300,快餐厅,醉面(郑州曼哈顿店),未来路街道金水路305号升龙广场A区1256-1,113.705753,34.761798,15637187474,8：00——22：00
金水区,50300,快餐厅,福状元粥店(曼哈顿店),郑州市金水区玉凤路与顺河路向西五十米路北,113.710198,34.75975,0371-86531737;17803857053,8：00——22：00
金水区,50300,快餐厅,南城一双·鸭血粉丝汤(万达坊店),花园路万达坊中心街铺位号1011B W-1007,113.68026,34.793659,19139893538,8：00——22：00
金水区,50300,快餐厅,肯德基(商都DT店),郑东新区商都路5号1-3层,113.734908,34.747654,0371-53386311,8：00——22：00
金水区,50300,快餐厅,柳州肥姨妈大骨螺蛳粉(东明路店),东明路218号1楼105室,113.699618,34.779796,13273817169,8：00——22：00
金水区,50300,快餐厅,棒约翰比萨(丹尼斯4天地店),商务西二街交叉口丹尼斯4天地一楼北门,113.718998,34.773371,0371-86087272;4008107272,8：00——22：00
金水区,50300,快餐厅,方中山胡辣汤(大石桥店),南阳路307号,113.651388,34.769408,15803832212,8：00——22：00
金水区,50300,快餐厅,正谈炸鸡(正弘城店),科新路与东风路交叉口南80米正弘城贵人街8-115号,113.678807,34.796315,16696001883,8：00——22：00
金水区,50300,快餐厅,醉面(郑州瀚海海尚店),瀚海海尚店负一层B035号店铺,113.647237,34.800639,13513713318,8：00——22：00
金水区,50300,快餐厅,必胜客(金成国际广场店),经三路66号金成国际广场一层,113.692094,34.792867,4009701890,8：00——22：00
金水区,50300,快餐厅,汉堡王(郑州东站省政府全季酒店店),黄河南路11号,113.745909,34.76728,18697347791,8：00——22：00
金水区,50300,快餐厅,福状元(金成时代广场店),姚寨路与黄河路东北角金成时代广场7号楼,113.705829,34.776443,0371-86506900;17803856393,8：00——22：00
金水区,50300,快餐厅,姐弟俩土豆粉(郑州金水丰乐路店),东风路与丰乐路交叉口向南160米路东,113.640001,34.795878,17303714190,8：00——22：00
金水区,50300,快餐厅,塔斯汀中国汉堡(大卫城店),北二七路50号仟汇名品广场第一层1号,113.667178,34.757205,18037680658,8：00——22：00
金水区,50300,快餐厅,福状元粥店(21世纪店),郑花路21世纪广场左岸国际1号楼2层,113.682999,34.815789,0371-69103536,8：00——22：00
金水区,50301,肯德基,肯德基(YOYOPARK店),国基路87号信万广场F1层,113.64684,34.819419,0371-55137575,8：00——22：00
金水区,50301,肯德基,肯德基(尚座中心店),金水东路和农业南路交叉口东南角尚座中心购物中心内1层,113.756958,34.764184,4009200715,8：00——22：00
金水区,50301,肯德基,肯德基(郑州航院店),龙苑西路15号郑州航空工业管理学院龙子湖校区商业街1楼,113.788847,34.785561,4009200715,8：00——22：00
金水区,50301,肯德基,肯德基(永和龙子湖店),安大道修业街永和龙子湖中央广场二层四层,113.806056,34.791375,0371-60981096,8：00——22：00
金水区,50301,肯德基,肯德基(印象汇店),中州大道1188号置地广场购物中心负一层,113.724725,34.748031,0371-55968196,8：00——22：00
金水区,50301,肯德基,肯德基(经三路店),经三路与农业路,113.692197,34.787889,0371-63296208,8：00——22：00
金水区,50301,肯德基,肯德基(金水升龙店),燕庄南街升龙广场F区F1063一层,113.708325,34.761115,4009200715,8：00——22：00
金水区,50301,肯德基,肯德基(宝瑞路店),宝瑞路与马头岗街交叉口西南角河南省信息安全产业示范园2号楼1层,113.741821,34.842783,0371-88921919,8：00——22：00
金水区,50301,肯德基,肯德基(正道花园店),花园路8号1层,113.682476,34.769024,4009200715,8：00——22：00
金水区,50301,肯德基,肯德基(花园路万达坊店),花园路西农科路北建业凯旋广场一二层,113.680914,34.794276,15617837628,8：00——22：00
金水区,50301,肯德基,肯德基(普罗旺世店),国基路168号普罗旺世地中海广场健身中心一层,113.635502,34.82358,0371-65339276,8：00——22：00
金水区,50301,肯德基,肯德基(永威木色店),郑东新区商务外环与东五街以及通泰路交叉口永威木色购物公园负一层负二层,113.731003,34.76732,0371-53393380,8：00——22：00
金水区,50301,肯德基,肯德基(凤凰城店),郑汴路和商贸路交汇处西南角升龙凤凰城A区1-2层,113.715363,34.746454,0371-55136851,8：00——22：00
金水区,50301,肯德基,肯德基(秋澄街),郑东新区龙湖中环南路与秋澄街交叉口(原龙翔七街)便民服务中心一层,113.764388,34.795661,0371-60981187,8：00——22：00
金水区,50301,肯德基,肯德基(宏光百花里店),中州大道西民航路北宏光百花里商业街5号楼1层102-103-104号铺位,113.717269,34.766959,4009200715,8：00——22：00
金水区,50301,肯德基,肯德基(瀚宇天悦城店),三全路与中方园路交汇处西南角瀚宇天悦城商业1号楼一层,113.655413,34.829162,4009200715,8：00——22：00
金水区,50301,肯德基,肯德基(金融岛商业二区店),金融岛中环路21号(金融岛北地铁站A1口步行260米),113.738291,34.814011,13509954554,8：00——22：00
金水区,50301,肯德基,肯德基(财经政法大学店),郑东新区河南财经政法大学东校区餐厅门口,113.821956,34.785027,0371-60939622,8：00——22：00
金水区,50301,肯德基,肯德基(民航路地铁站早餐车店),民航路地铁站F口,113.714079,34.763209,4009200715,8：00——22：00
金水区,50301,肯德基,肯德基(郑东站内二店),郑州高铁东站3层候车厅(郑州东站地铁站J口旁),113.777535,34.759426,15938778049,8：00——22：00
金水区,50302,麦当劳,麦当劳(郑州东站店),心怡路199号郑州东站4F层J10-2,113.780349,34.758715,0371-55282012;13271553325,8：00——22：00
金水区,50302,麦当劳,麦当劳郑东黄河里Park餐厅,黄河东路89-2号,113.744912,34.756357,0371-58670988,8：00——22：00
金水区,50302,麦当劳,麦当劳甜品站(人民路店),紫荆山路1号紫荆山百货F1层,113.681599,34.763013,0371-65947058,8：00——22：00
金水区,50303,必胜客,必胜客(瀚宇天悦城店),三全路与中方园路交汇处西南角瀚宇天悦城商业1号楼一层,113.656094,34.829589,19003831030,8：00——22：00
金水区,50303,必胜客,必胜客(瀚宇·天悦城五号院店),瀚宇·天悦城五号院(丰庆路地铁站A口步行220米),113.655292,34.829197,19003831030,8：00——22：00
金水区,50303,必胜客,必胜客(金水升龙广场E座店),升龙广场E座(燕庄地铁站B2口步行140米),113.705303,34.761397,19037170551,8：00——22：00
金水区,50305,茶餐厅,后宅茶餐厅(新東意SPACE店),东明北路218号新东意SPACE二层,113.699724,34.779601,0371-55503333,8：00——22：00
金水区,50305,茶餐厅,斜屋顶茶餐厅,明理路与尚贤街交叉口向南50米路东(龙子湖公园)1-2号商铺,113.811198,34.78754,13253369697,8：00——22：00
金水区,50305,茶餐厅,文通冰室(国贸360店),花园路39号新田360广场北区六楼(郑州国贸店),113.679565,34.784943,0371-60935718,8：00——22：00
金水区,50305,茶餐厅,泮金大塘虾饺专门店(熙地港店),郑东新区众意西路与农业东路交叉口熙地港购物中心四楼4014号,113.71823,34.784944,0371-60983719;15517577485,8：00——22：00
金水区,50305,茶餐厅,云端静舍茶餐空间(CBD店),商务内环与九如东路交叉口东南角未来国际25号楼一楼,113.733631,34.772469,0371-63397309;17752530153,8：00——22：00
金水区,50305,茶餐厅,山有月·茶与餐(郑东万象城店),郑东新区东风南路与七里河北路交叉口向西200米万象城南苑三楼CL308,113.765825,34.764025,19939703731,8：00——22：00
金水区,50305,茶餐厅,润居茶水间,联盟新城七期51栋1层,113.725636,34.786894,0371-89917000;0371-89917070;13838355704,8：00——22：00
金水区,50305,茶餐厅,石记港式茶餐厅(正弘城店),文化路街道东风路28号正弘蓝堡湾3期,113.676613,34.796254,16638177593,8：00——22：00
金水区,50305,茶餐厅,锦悦茶餐厅(河南传媒大厦店),CBD商务外环路2号大河锦悦酒店3层,113.722783,34.767405,0371-61651138;0371-86080999,8：00——22：00
金水区,50305,茶餐厅,蘭亭茶食(郑汴路店),凤台路130号星光城购物中心4楼,113.714625,34.746575,0371-55552602;15003880980,8：00——22：00
金水区,50305,茶餐厅,庄语海参餐茶会(十里铺店),商鼎路2-2号附近(商鼎路地铁站A口步行340米),113.729813,34.75373,0371-68727999,8：00——22：00
金水区,50305,茶餐厅,高林居,农业路与政七街交叉口西北角,113.687063,34.786974,0371-55229999,8：00——22：00
金水区,50305,茶餐厅,堂后可以兴茶宴,人民会堂东门旁,113.684978,34.764738,0371-61362399;18037679538,8：00——22：00
金水区,50305,茶餐厅,东湖味道餐厅,东湖宾馆4层,113.757051,34.757535,0371-86550766,8：00——22：00
金水区,50305,茶餐厅,三和堂茶餐厅(邙山三建家属院店),邙山三建家属院南门东50米,113.678743,34.810328,13838118517,8：00——22：00
金水区,50305,茶餐厅,茶食聚.茶餐厅.清真(银基王朝店),银基王朝四期南门西120米,113.714883,34.755668,15290431557,8：00——22：00
金水区,50305,茶餐厅,云深壹枼融合茶馆(宏光鑫城店),千宁街3-13,113.74377,34.755336,18538728899,8：00——22：00
金水区,50305,茶餐厅,老酒茶餐厅,商务内环路金城阳光世纪20号楼1楼,113.731719,34.776039,17719835358,8：00——22：00
金水区,50305,茶餐厅,清真河州人家茶餐厅(未来滨河小区店),黑朱庄未来滨河小区四十六号,113.714279,34.767188,17320195949,8：00——22：00
金水区,50305,茶餐厅,吾味书院·老子文化茶餐空间,如意西路93号三楼303室,113.734358,34.800876,0371-55128858;15838077369,8：00——22：00
金水区,50305,茶餐厅,茗宴茶餐厅(黄河南路店),黄河南路熊儿河路东南角,113.744187,34.768666,0371-68888778;0371-68888779,8：00——22：00
金水区,50305,茶餐厅,妙如心来.茶餐厅,英协路金水路辅道东南角盛润大厦东座5楼,113.720894,34.761692,19937070585,8：00——22：00
金水区,50305,茶餐厅,香庄茶餐厅(纬二路二十八号院店),纬二路7-26号,113.690946,34.767527,0371-85965998;18638763555,8：00——22：00
金水区,50305,茶餐厅,德兴发港式茶餐厅(未来滨河小区店),未来路街道民航路20号未来滨河小区,113.71229,34.768471,17771006488,8：00——22：00
金水区,50305,茶餐厅,禅苑居茶餐厅(运河上郡北区店),河南自贸试验区郑州片区(郑东)农业东路30号22号楼1-2层附7号,113.734698,34.787174,19937123333,8：00——22：00
金水区,50305,茶餐厅,越如意,农业路东47号,113.70632,34.784923,13607669055,8：00——22：00
金水区,50305,茶餐厅,水映江南茶餐厅,丰产路104号亚龙湾公寓2楼201号,113.695882,34.783718,0371-66739668,8：00——22：00
金水区,50305,茶餐厅,鸿鹄茶餐厅,亚新龙湖壹号院5A号楼2层104号,113.745825,34.791716,15989392768;18639111118,8：00——22：00
金水区,50305,茶餐厅,留园·闲茶食赏,如意河东二街好睦邻如意坊5号楼3层,113.740183,34.802265,0371-60500666;13140155239,8：00——22：00
金水区,50305,茶餐厅,茶润轩茶餐厅,凤鸣路英协路6号院,113.718125,34.748625,15515556622,8：00——22：00
金水区,50305,茶餐厅,享舍茶餐厅(世纪星大楼店),农业路70号世纪星大楼F3层,113.671079,34.786292,0371-89962222;16281417777,8：00——22：00
金水区,50305,茶餐厅,银河茶餐厅,东明路与黄河路交叉口向南50米路西东汇大厦C区5层501-2,113.699921,34.773863,0371-60271001,8：00——22：00
金水区,50305,茶餐厅,羲庭茶空间(绿城·怡商玉园店),九如路天韵街交叉口向南50米路东,113.73924,34.779168,16758329999,8：00——22：00
金水区,50305,茶餐厅,水云间茶餐厅(绿地原盛国际店),东风南路与祥盛街交叉口东北角(东风路地铁站D口步行270米),113.768587,34.766741,13298183683,8：00——22：00
金水区,50305,茶餐厅,钧禾堂茶餐厅(立体世界店),立体世界南门旁,113.746618,34.753379,13223039953,8：00——22：00
金水区,50305,茶餐厅,聚茗阁(江山大厦B座店),黄河路126号江山大厦B座F3层,113.701017,34.774382,0371-55369777;17796661681,8：00——22：00
金水区,50305,茶餐厅,誉龙轩茶餐厅(豫航中心店),农业南路96号豫航广场2号楼1层,113.75523,34.771871,0371-65357958,8：00——22：00
金水区,50305,茶餐厅,昕享茶餐厅(交汇处苏荷中心写字楼店),中州大道农业路交叉口西北角苏荷中心一层114-120,113.705865,34.787569,18537168600,8：00——22：00
金水区,50305,茶餐厅,云锦·茶餐,金成国际广场5号楼西单元208室,113.690648,34.794046,18538077861,8：00——22：00
金水区,50305,茶餐厅,蕉叶山房·茶餐厅,正光路与民生西街交叉口向北一百米路西,113.746102,34.76774,13346958146,8：00——22：00
金水区,50305,茶餐厅,清真大茶盘子齐齐哈尔炭火烤肉(花园路店),朝阳路12号花园新村3号楼一楼12-15号铺面,113.683163,34.800359,19036956663,8：00——22：00
金水区,50305,茶餐厅,啫三千·家宴小馆(大卫城店),二七路132号(丹尼斯大卫城11楼),113.665845,34.757166,0371-58581606,8：00——22：00
金水区,50305,茶餐厅,巫山陈嗣红烤鱼(文博西路店),文博西路与科源路交叉口,113.670352,34.794349,19339928269,8：00——22：00
金水区,50305,茶餐厅,陈阿焦烤鱼·活鱼现烤(郑州银泰inPARK店),郑州银泰A区3层L3007、3008号,113.737234,34.814639,19337852607,8：00——22：00
金水区,50305,茶餐厅,费大厨辣椒炒肉(正弘城店),东风路与科新路交叉口正南方向96米左右,113.679222,34.794345,0371-88955091,8：00——22：00
金水区,50305,茶餐厅,费大厨辣椒炒肉(丹尼斯大卫城店),郑州丹尼斯大卫城,113.665695,34.756855,0371-65321710,8：00——22：00
金水区,50305,茶餐厅,千玺云端餐厅(千玺广场店),商务内环15号绿地中心千玺广场-主楼F59层,113.727225,34.771075,17638161313,8：00——22：00
金水区,50305,茶餐厅,东岛晚风,平安大道与明理路交叉路口向东50米路南湖边,113.81184,34.792037,19339908899,8：00——22：00
金水区,50305,茶餐厅,瓦库(北龙湖店),郑东新区龙湖北路与龙源西三街交叉口向西300米清华园牌坊处向南临湖公园湖边,113.721235,34.82233,0371-86698000;0371-86698111,8：00——22：00
金水区,50305,茶餐厅,后院花语咖啡(万达坊店),万达坊5层空中花园(东风路地铁站B口旁),113.680781,34.793657,0371-55655087,8：00——22：00
金水区,50305,茶餐厅,厚道寿喜烧専門店(大卫城店),二七路丹尼斯大卫城10层B012,113.666362,34.757081,0371-65018598;16696127277,8：00——22：00
金水区,50305,茶餐厅,Two Birds One Stone·一石二鸟(木色店),商务内环路通泰路永威木色购物公园L1层101A号,113.730428,34.76703,0371-67112722,8：00——22：00
金水区,50305,茶餐厅,鸟安Izakaya居酒屋(绿城·百合公寓店),众意西路地润路交叉口西南角,113.716089,34.788097,15238685219,8：00——22：00
金水区,50305,茶餐厅,栖三(未来路店),金水路未来路交叉口向北200米路东喜鹊愉家旅馆1层,113.706379,34.764896,0371-63365273,8：00——22：00
金水区,50305,茶餐厅,静水瓦屋(三石大厦店),经三路与鑫苑路交叉口三石大厦1-2层,113.693877,34.796871,18860353444,8：00——22：00
金水区,50305,茶餐厅,郑州富力万达文华酒店·云端美食汇自助餐厅,农科路16号郑州富力万达文华酒店,113.678795,34.792727,0371-53606366;0371-53608888,8：00——22：00
金水区,50305,茶餐厅,煮叶(郑州郑东万象城店),金水东路辅路与才高街交叉口东南200米郑州郑东万象城L1层,113.76547,34.764128,18638261373,8：00——22：00
金水区,50305,茶餐厅,山茶奴江西土菜,丰庆路街道宏明路59号金水区公安局家属院,113.664425,34.823025,16692169566,8：00——22：00
金水区,50305,茶餐厅,油麻港辣子鸡手擀面(凤凰茶城店),凤凰台街道未来路699号升龙凤凰城C区4号楼12-2商铺,113.705636,34.740249,15737470927,8：00——22：00
金水区,50305,茶餐厅,和府捞面(国贸360店),文化路街道花园路新田360广场(郑州国贸店)北区6楼,113.680229,34.785133,18272797257,8：00——22：00
金水区,50305,茶餐厅,四气茶集Teagather&Brunch,龙湖金融岛郑州银泰inPARK商业3区2层D-L2001-D-L2002,113.729296,34.812771,19308685144,8：00——22：00
金水区,50305,茶餐厅,水云间精选餐厅,东八街与如意东路辅路交叉口西北160米,113.736447,34.794817,17596569339,8：00——22：00
金水区,50305,茶餐厅,树下,海滩街109号(海滩寺地铁站A口步行200米),113.652578,34.772862,13523007141,8：00——22：00
金水区,50305,茶餐厅,至尊强仔·茶馆(豫行中心店),郑东新区农业东路96号豫航中心1号楼3层附17号,113.754982,34.771566,0371-55007126,8：00——22：00
金水区,50305,茶餐厅,烟囱院子烤肉,沙口路129号蜜油创意园5号楼2号,113.640138,34.77356,13723227354;18803718835,8：00——22：00
金水区,50305,茶餐厅,山林客厅(二柴家属院店),农科路3号机电厂家属院内2号楼1层西商铺,113.676633,34.791649,17516069905,8：00——22：00
金水区,50305,茶餐厅,绿茶餐厅(郑州瀚海海尚店),东风路142号(省中医院地铁站C口步行110米),113.646099,34.799972,15738328370,8：00——22：00
金水区,50305,茶餐厅,無名煎饼果子顺河路店,顺河路30号金苑小区北院大门口,113.702531,34.759793,15138997960,8：00——22：00
金水区,50305,茶餐厅,CoCo都可(永威木色店),商务东五街6号永威木色购物中心LG1层128号商铺,113.7313,34.767366,13298368559,8：00——22：00
金水区,50305,茶餐厅,海底捞火锅,文化路71号不倾城(原凯隆广场)1层,113.666178,34.800817,0371-58576966;0371-58576988,8：00——22：00
金水区,50305,茶餐厅,方中山胡辣汤(宋寨南街店),明达路5号裕华文桂园宋寨南街,113.643992,34.804816,13226406383,8：00——22：00
金水区,50305,茶餐厅,张大嘴茶香猪蹄(明鸿路店),东风路217号院5号楼1层102号,113.700546,34.791693,17729791640,8：00——22：00
金水区,50305,茶餐厅,德克士(曼哈顿餐厅),未来路曼哈顿商业广场E区1层001,113.704821,34.761431,0371-86080000;17737503896,8：00——22：00
金水区,50305,茶餐厅,江碗碗.江西小炒(凤凰茶城店),未来路699号凤凰茶城西区一层A26外,113.706125,34.740525,15713691211,8：00——22：00
金水区,50305,茶餐厅,库迪咖啡(居易摩根中心店),奥伦达新自然餐厅隔壁,113.682972,34.819055,13140057920,8：00——22：00
金水区,50305,茶餐厅,清风茶馆,沙口路106号,113.637955,34.771777,13603710060,8：00——22：00
金水区,50305,茶餐厅,正周人胡辣汤(泉舜上城锦泉苑店),泉舜上城锦泉苑南门东50米,113.652229,34.777839,16716687777,8：00——22：00
金水区,50305,茶餐厅,茶与饭后,茶与饭后普罗旺世二期东苑西南门,113.637837,34.824359,15638414131,8：00——22：00
金水区,50305,茶餐厅,俏九州·小炒黄牛肉(丹尼斯大卫城店),二七路与西太康路交汇口丹尼斯大卫城10层10F-B009,113.666349,34.757253,18039105038,8：00——22：00
金水区,50305,茶餐厅,九如意茶馆,九如路26号-35号楼,113.741694,34.78583,0371-55672222;13298153822;15713812226,8：00——22：00
金水区,50305,茶餐厅,烧鸟屋,沙口路黄河路北郑州记忆1952油化厂旅游休闲街区,113.640139,34.772603,0371-55173158,8：00——22：00
金水区,50305,茶餐厅,溪如居(立体世界店),郑东新区黄河路立体世界东南门1-7商铺,113.746614,34.753381,13733891639,8：00——22：00
金水区,50305,茶餐厅,福生堂茶馆,索菲特国际饭店一楼大厅,113.692912,34.762009,13303839197,8：00——22：00
金水区,50305,茶餐厅,可以兴人文馆,花园北路杓袁村杓袁南路,113.681763,34.849184,0371-58533666,8：00——22：00
金水区,50305,茶餐厅,王婆大虾(凤凰茶城店),陇海路与未来路交叉口升龙凤凰城C区4号楼,113.70606,34.740401,17398985599;18137375082,8：00——22：00
金水区,50305,茶餐厅,老雷酒馆(宝龙店),九如路郑东如意茶城B区8号老雷酒馆,113.738596,34.780621,13783415580,8：00——22：00
金水区,50305,茶餐厅,钰沁茶舍,金水路与玉凤路交叉口向西100米省高人民法院正对面浦发金融国际中心西南角一楼,113.710691,34.762134,15736729380,8：00——22：00
金水区,50305,茶餐厅,茶空间融合菜,金水路115号索菲特国际酒店东南位,113.693248,34.761361,0371-65858958,8：00——22：00
金水区,50305,茶餐厅,信阳固始私房菜(凤凰城店),未来路青年路凤凰茶城C区4号楼,113.706108,34.740418,0371-55650086;13937149423,8：00——22：00
金水区,50305,茶餐厅,朴园水之席(郑州茶库文创产业园店),东风路与政七街交叉口西南郑州茶库院内D25号,113.686783,34.795125,0371-67776999;17797763399,8：00——22：00
金水区,50305,茶餐厅,红梨吊汤(文化路科技市场店),河南财经政法大学文北校区东2门旁,113.665328,34.802165,17537123270,8：00——22：00
金水区,50305,茶餐厅,高记逍遥镇胡辣汤,丰产路与政七街交叉口向东200米路南,113.689563,34.783598,13613825329;13939031057,8：00——22：00
金水区,50305,茶餐厅,云弄茶马(九如路店),天赋路26号38号,113.742071,34.78671,0371-69523311,8：00——22：00
金水区,50305,茶餐厅,世博放心早餐圪蝌面(龙祥苑店),中凯华府南门西南60米,113.73743,34.757947,13103733940;15936252702,8：00——22：00
金水区,50305,茶餐厅,王三米皮(大石桥店),优胜南路6号院东北2门旁,113.654725,34.766791,15038053826,8：00——22：00
金水区,50305,茶餐厅,吕小哥(郑州小夏街店),小夏街磨李社区44号楼,113.797464,34.809734,15290838596,8：00——22：00
金水区,50400,休闲餐饮场所,乡土餐饮农家院,大堤南300(京港澳高速公路东),113.822658,34.872757,15638579000,8：00——22：00
金水区,50400,休闲餐饮场所,祥记餐饮·豫粤珍味(新长安店),农业东路与天瑞街交叉口向南200米,113.746788,34.778053,0371-56980666;0371-56980999,8：00——22：00
金水区,50400,休闲餐饮场所,好想你(建业五栋店),祭城路街道通泰路66号正弘山,113.730618,34.744734,15978416952,8：00——22：00
金水区,50400,休闲餐饮场所,噗吃清真甜品,黄河路68号院内D-003,113.641414,34.77259,15516952004;15617919391,8：00——22：00
金水区,50400,休闲餐饮场所,茉莉奶白(郑州金水正弘城店),花园路正弘城BF层LB-S15号商铺,113.679957,34.796305,17603912639,8：00——22：00
金水区,50400,休闲餐饮场所,罗姐竹笋芋儿鸡,沙口路11号(沙口路地铁站D口步行400米),113.639733,34.773251,13140132780;13140580576,8：00——22：00
金水区,50400,休闲餐饮场所,茉莉奶白(郑州记忆油化厂创意园店),黄河路68号郑州记忆1952油化厂创意园区内崇山区山1-4号,113.640068,34.772255,17538717757,8：00——22：00
金水区,50400,休闲餐饮场所,老傅私房菜,花园路红旗路东南角璞华酒店5楼,113.682516,34.776662,0371-55180055;18790255552;18790255556,8：00——22：00
金水区,50400,休闲餐饮场所,茉莉奶白(郑州瀚海海尚店),东风路丰庆路交叉口瀚海海尚一楼D178A号茉莉奶白,113.647007,34.800101,19522359753,8：00——22：00
金水区,50400,休闲餐饮场所,千啤酿造FRESH BREWPUB(郑州旗舰店),沙口路183号(沙口路地铁站C口步行360米),113.639271,34.772802,15927272773,8：00——22：00
金水区,50400,休闲餐饮场所,茶百道(郑州油化厂店),黄河路68号(郑州记忆油化厂创意园)园区内上国区中宫街1-2号房屋,113.639145,34.772164,17788152277,8：00——22：00
金水区,50400,休闲餐饮场所,黄孃甜不辣,沙口路11号蜜油创意园3号1-3,113.63968,34.773244,13103852957,8：00——22：00
金水区,50400,休闲餐饮场所,南山未晚•云贵川bistro,黄河路68号郑州记忆1952油化厂创意园上国区国3号,113.639699,34.77241,0371-61326888;16696622546,8：00——22：00
金水区,50400,休闲餐饮场所,朴大叔拌饭(油化厂创意园店),黄河路68号郑州记忆1952油化厂创意园区内崇山区山4-6号,113.640619,34.772778,15736717823,8：00——22：00
金水区,50400,休闲餐饮场所,旮旯小院,黄河路68号油脂化学厂内一排(68号院内15号楼7号),113.642671,34.772119,15639077190,8：00——22：00
金水区,50400,休闲餐饮场所,幸运咖(河南省体育场店),河南省体育场西门旁,113.664254,34.768324,15538315788,8：00——22：00
金水区,50400,休闲餐饮场所,老吴喵馆·猫咖餐厅(建文店),黄河路96号汇美尚城F2层,113.66885,34.774248,18538302886;18638738866,8：00——22：00
金水区,50400,休闲餐饮场所,九灵JOLIN,科明路1-18,113.67663,34.793567,15238005927,8：00——22：00
金水区,50400,休闲餐饮场所,麒麟大口茶(郑州正弘城店),文化路街道花园路126号正弘城负一层LB-S16号,113.680473,34.795836,15303715201,8：00——22：00
金水区,50400,休闲餐饮场所,轻时光手工DIY蛋糕(国贸360店),花园路丰产路国贸创意楼一单元1411,113.6794,34.783986,15238560369;18638173281,8：00——22：00
金水区,50400,休闲餐饮场所,书亦烧仙草(郑州金水区曼哈顿中心店),未来路街道金水路305号A区12301,113.706966,34.761733,15515235301,8：00——22：00
金水区,50400,休闲餐饮场所,茶百道(郑州金融岛银泰店),龙湖金融岛郑州银泰inPARK商业二区2层A-L2003号铺,113.738029,34.814328,14737166575,8：00——22：00
金水区,50400,休闲餐饮场所,台湾光芒手作(万安街总店),东区万安街20-6号(万安街与兴荣街交口南20米路西),113.746617,34.757542,0371-55633520,8：00——22：00
金水区,50400,休闲餐饮场所,麒麟大口茶(郑州尚座中心店),郑东新区祭城办事处尚座中心购物中心A幢1层Az108号商铺,113.756845,34.763993,18937111939,8：00——22：00
金水区,50400,休闲餐饮场所,茶百道(磨李店),龙子湖街道小夏街磨李社区临街8号楼下,113.797458,34.810902,13598818875,8：00——22：00
金水区,50400,休闲餐饮场所,茶百道(郑州太格茂店),郑州郑东新区局外太格茂负1-B1-13,113.801166,34.793433,13140133866,8：00——22：00
金水区,50400,休闲餐饮场所,沪上阿姨·精选茶饮(郑州太格茂店),平安大道与博学路太格茂商场四楼恒世影城外租B区域,113.801382,34.793014,18037791987,8：00——22：00
金水区,50400,休闲餐饮场所,茉酸奶( 郑州金水永和时光里店 ),永和时光里3F-66(龙子湖地铁站E口步行350米),113.805588,34.791091,18625666456,8：00——22：00
金水区,50400,休闲餐饮场所,无疆酒馆Woo Jump(龙子湖店),博雅广场1号楼2楼1-204室,113.808537,34.791756,17550222017;18703677244,8：00——22：00
金水区,50400,休闲餐饮场所,悸动烧仙草(郑州瀚海海尚店),东风路丰庆路瀚海海尚mall4F-104铺,113.646403,34.800922,18550472021,8：00——22：00
金水区,50400,休闲餐饮场所,朱大富烧肉米线,沙口路129号蜜油创意园蜜油里市集11号,113.639697,34.773226,15664050001,8：00——22：00
金水区,50400,休闲餐饮场所,SHEENSTAR闪星蛋挞商店(油化厂店),黄河路68号郑州记忆·1952油化厂创意园内崇山区山4-1-3,113.640365,34.772683,15237111596,8：00——22：00
金水区,50400,休闲餐饮场所,幸运咖(油化厂店),沙口路黄河路北郑州记忆·油化厂创意园,113.640496,34.771664,19137422766,8：00——22：00
金水区,50400,休闲餐饮场所,黑崎Kurosaki(万达坊店),花园路122号万达坊1层2号门北侧,113.681123,34.794195,13253378735,8：00——22：00
金水区,50400,休闲餐饮场所,魔咖咖啡馆(创意Studio2号楼店),花园路39号郑州国贸酒店公寓2号楼1单元811室,113.679399,34.784001,15617981836;18638527148,8：00——22：00
金水区,50400,休闲餐饮场所,暴雨摇滚酒馆,农科路26号酒吧街c座c107号,113.685524,34.792304,18749808682,8：00——22：00
金水区,50400,休闲餐饮场所,OGBK猩猩地堡(农科路店),文化路街道农科路33号嘉悦广场106号商铺,113.688102,34.792105,13137701195,8：00——22：00
金水区,50400,休闲餐饮场所,麦上云霄(东风路店),丰产路街道东明路北272号附6号,113.699826,34.792715,15537110770,8：00——22：00
金水区,50400,休闲餐饮场所,福柚子茶咖,绿城百合公寓C1-08(众意西路地润路交叉口东北角),113.717356,34.788206,13203807719,8：00——22：00
金水区,50400,休闲餐饮场所,川奇麻辣香锅(曼哈顿店),玉凤路名门世家浦发银行后面,113.710868,34.761576,13674936677;15893790628,8：00——22：00
金水区,50400,休闲餐饮场所,第一部落烤串(油画厂店),南阳路街道黄河路68号郑州记忆1952油化厂创意园崇山区山9-5-1号,113.638868,34.771988,18538512147,8：00——22：00
金水区,50400,休闲餐饮场所,啄果(油化厂创意园店),郑州记忆·油化厂创意园南62米黄河路附近,113.640231,34.77187,18037382220,8：00——22：00
金水区,50400,休闲餐饮场所,胖仔仔砂锅砂锅菜,胖仔仔砂锅店,113.640391,34.771746,13838590550,8：00——22：00
金水区,50400,休闲餐饮场所,莲鹤烧(油化厂店),南阳路街道黄河路68号郑州记忆1952油画厂创意园区崇山区2-4号商铺,113.640757,34.772306,18703886121,8：00——22：00
金水区,50400,休闲餐饮场所,朱雀市集,黄河路沙口路油脂厂内(沙口路地铁站D口步行110米),113.641094,34.771521,13783717099,8：00——22：00
金水区,50400,休闲餐饮场所,麦上云霄(宏明路店),宏明路柳林路交叉口西北角,113.673848,34.824469,15537110770,8：00——22：00
金水区,50400,休闲餐饮场所,益禾堂(太格茂店),博学路与平安大道交叉口东北角太格茂五楼,113.801344,34.793338,15649060100,8：00——22：00
金水区,50400,休闲餐饮场所,醉倾茶,宏达街98号普罗旺世青年城2号院1号楼1-2层102号二楼,113.644295,34.825352,13838211234,8：00——22：00
金水区,50400,休闲餐饮场所,麦上云霄博颂路星选店,博颂路与普庆街交叉口,113.643462,34.808825,15537110770,8：00——22：00
金水区,50400,休闲餐饮场所,六六脾胃馆,安泰金苑小区2号楼附一层13号,113.655905,34.830985,15713819315,8：00——22：00
金水区,50400,休闲餐饮场所,K22.下午茶市集(油化厂店),郑州记忆油化厂西门口K22下午茶市集,113.63869,34.771883,17719835158,8：00——22：00
金水区,50400,休闲餐饮场所,哆啦A梦De铜锣烧,沙口路蜜油创意园蜜油里S-22号,113.639335,34.773124,15515542289;17637143141,8：00——22：00
金水区,50400,休闲餐饮场所,奶油华夫饼(郑州记忆·油化厂创意园店),黄河路68附3号(沙口路地铁站D口步行250米),113.640125,34.772275,18638563716,8：00——22：00
金水区,50400,休闲餐饮场所,酱鸭张(海亮时代店),国基路街道海量时代小区4栋102号,113.668832,34.842438,13643839111;15093109525,8：00——22：00
金水区,50400,休闲餐饮场所,农家院(金成中苑店),姚寨路与红专路交叉路口西南角,113.704073,34.779051,13083699869,8：00——22：00
金水区,50400,休闲餐饮场所,食谷渔粉(浦发国际金融中心店),金水路299号六号楼一层15号,113.710925,34.761575,18539932507,8：00——22：00
金水区,50400,休闲餐饮场所,森林子 · 果蔬茶(东区万达坊店),祭城路街道商都路5号附5号郑州东区万达坊1层W1001A商铺万达坊外围一楼库迪咖啡旁边,113.730488,34.745223,19715582790,8：00——22：00
金水区,50400,休闲餐饮场所,梦幻雪,郑东新区东大学城河南经贸职业学院,113.799175,34.801509,15639269723;15938766200,8：00——22：00
金水区,50400,休闲餐饮场所,泡菜臭豆腐,沙口路129号蜜油创意园S-25号,113.639103,34.773104,13124057561,8：00——22：00
金水区,50400,休闲餐饮场所,寻香手作调香室,沙口路129号8号楼,113.639954,34.774125,19714515180,8：00——22：00
金水区,50400,休闲餐饮场所,语茉烘焙手工DIY(小孟庄店),龙子湖办事处小孟庄社区三号楼一单元一楼西户,113.795494,34.815322,13523412777,8：00——22：00
金水区,50400,休闲餐饮场所,无问府Tea&bar(暂停营业),七里河北路与农业南路交叉口北100米,113.756845,34.761552,13253685313,8：00——22：00
金水区,50400,休闲餐饮场所,七遇工坊,盛煌满庭芳北2门旁,113.643684,34.781696,18568525723,8：00——22：00
金水区,50400,休闲餐饮场所,滋补品·漫時光·茶舍,国基路168号普罗旺世塞纳维斯区块二区35号楼1-2层商8号,113.639498,34.818792,13373938613,8：00——22：00
金水区,50400,休闲餐饮场所,艺间茶食一间茶室(CBD商务外环店),郑州CBD商务外环路17号格莱姆大厦一楼,113.73039,34.778362,13837189879,8：00——22：00
金水区,50400,休闲餐饮场所,逸香阁(江山大厦A座店),黄河路126号江山大厦A座F12层,113.701239,34.774392,0371-65311777;18625587879,8：00——22：00
金水区,50400,休闲餐饮场所,艺间茶食-一间茶室(农科路店),农科路与科新路交叉口东南40米农科院院内向南50米路东门面房,113.680035,34.791321,17788170787,8：00——22：00
金水区,50400,休闲餐饮场所,三爷巷精酿酒馆,丰产路创意studio二号楼一单元七楼702,113.679658,34.784055,18003718657,8：00——22：00
金水区,50400,休闲餐饮场所,LISA INTL卢森堡(北龙湖店),如意西路11号楼5栋501,113.731025,34.793749,15039078071,8：00——22：00
金水区,50400,休闲餐饮场所,宠爪兽宠物烘焙DIY体验店,花园路39号4号楼20层2003号,113.681204,34.784769,13613809215;17603872872,8：00——22：00
金水区,50400,休闲餐饮场所,小罐茶(正弘城店),花园路128号正弘城二楼L217b小罐茶专柜,113.679656,34.796246,18530817645,8：00——22：00
金水区,50400,休闲餐饮场所,山来我去·日咖夜酒,丰庆路庙李商业中心12号楼北侧一层商铺,113.650086,34.816223,19937371555,8：00——22：00
金水区,50400,休闲餐饮场所,佳港农家,王新街59号,113.797325,34.769975,18637182857,8：00——22：00
金水区,50400,休闲餐饮场所,归朴茶舍(金领时代店),郑东新区农业南路与七里河北路交叉口西100米,113.755937,34.760003,0371-61808888,8：00——22：00
金水区,50400,休闲餐饮场所,清欢别茶院,龙子湖智慧岛木华广场3号楼210,113.809044,34.794477,13460275196,8：00——22：00
金水区,50400,休闲餐饮场所,麻匠先生(大贺庄社区南院店),大贺庄南院6栋2单元201,113.755395,34.847317,15303832512,8：00——22：00
金水区,50400,休闲餐饮场所,小宾忆锅鲜农家院,东四环与黄金线交叉口东北380米,113.82586,34.839468,13526450888;13673379545,8：00——22：00
金水区,50400,休闲餐饮场所,郑州索菲特国际饭店·韵池吧(大堂吧),金水路115号索菲特国际饭店1层,113.694021,34.762097,0371-65557298;0371-65950088,8：00——22：00
金水区,50400,休闲餐饮场所,9x9精酿研究所,农业南路金水东路尚座中心西北角必胜客隔壁,113.755884,34.764151,13213010228;17638592973,8：00——22：00
金水区,50400,休闲餐饮场所,中环农家,龙泽东路与龙源路交叉口东100米,113.735594,34.831663,0371-55250009;15238633791,8：00——22：00
金水区,50400,休闲餐饮场所,小绿茶·共享茶室(绿地新都会店),金水东路80号绿地新都会,113.769007,34.769928,18239995116,8：00——22：00
金水区,50400,休闲餐饮场所,皮卡PIKA(日咖夜酒),杜岭街道华荣街29号,113.671066,34.756514,15517129871,8：00——22：00
金水区,50400,休闲餐饮场所,星辉e时代(琥珀名城店),琥珀名城南区东1门南50米,113.692063,34.823867,15515907828,8：00——22：00
金水区,50400,休闲餐饮场所,茗悦茶事(顺驰第一大街逸水湾店),天泽街与东风东路交叉口逸水弯东门旁,113.738732,34.786907,15517567921,8：00——22：00
金水区,50400,休闲餐饮场所,欢乐相声人(郑州紫荆山店),紫荆山路1号紫荆山百货F,113.680875,34.762287,0371-60935995,8：00——22：00
金水区,50400,休闲餐饮场所,悠客荟采耳文化体验馆(丰庆路店),丰庆路街道三全路99号华瑞·紫桂苑,113.649023,34.827872,19337168399,8：00——22：00
金水区,50400,休闲餐饮场所,清荷雅堂,,113.741701,34.786462,13783577283,8：00——22：00
金水区,50400,休闲餐饮场所,张大炮农家小院,东四环七里河南路向南200米路东花卉市场东南角,113.817982,34.76346,18337176929,8：00——22：00
金水区,50400,休闲餐饮场所,失眠企鹅精酿酒馆(祭城店),心怡路盛和街交叉口向北100米路东,113.77096,34.776732,13014599619,8：00——22：00
金水区,50400,休闲餐饮场所,雅亭啤酒花园(伏牛山饭店),金水东路49号雅乐轩酒店3层,113.770417,34.768306,0371-86627888,8：00——22：00
金水区,50400,休闲餐饮场所,喜舍茶馆,郑州美盛喜来登大酒店五楼,113.754624,34.763896,0371-56967789;13633713095,8：00——22：00
金水区,50400,休闲餐饮场所,辰土岩草木之间茶馆(非常国际1期店),中州大道与明鸿路交叉口往西300米路南,113.702805,34.791339,0371-89999988;13938269991;15038206965,8：00——22：00
金水区,50400,休闲餐饮场所,彩赋茶院,农业路天地粤海酒店2楼,113.696095,34.785997,15515506886;15537102273,8：00——22：00
金水区,50400,休闲餐饮场所,梦游精酿酒馆,博学路311-6号,113.793941,34.807005,15333708090,8：00——22：00
金水区,50400,休闲餐饮场所,小溪哩共享茶室(郑州东站店),绿地之窗尚峰座6楼,113.771718,34.760747,15838227855,8：00——22：00
金水区,50400,休闲餐饮场所,良鋪茶食(东风路店),东风路104号,113.661242,34.7998,13203892690,8：00——22：00
金水区,50400,休闲餐饮场所,好游戏摩非电竞茶室(豫港店),姚夏路与育翔路交叉口东南方向57米郑州豫港网络设计有限公司互联网上服务分公司,113.801692,34.815691,18638137660,8：00——22：00
金水区,50400,休闲餐饮场所,热晚日餐夜酒,龙湖金融岛银泰inPARK商业1区1层1-L1006号,113.738886,34.812752,19003838855,8：00——22：00
金水区,50400,休闲餐饮场所,I Go 狗咖·桌游(国贸A座店),花园路69号国贸A座8楼809,113.681192,34.784939,18037789445,8：00——22：00
金水区,50400,休闲餐饮场所,风铃酒馆(健康路店),河南省体育场南门西80米,113.664808,34.767035,18539920099;18703692364,8：00——22：00
金水区,50400,休闲餐饮场所,陈源泰福鼎白茶·易道茶馆·茶室·茶楼(郑东旗舰店),农业南路七里河北路交叉口西60米067号,113.756228,34.760158,13838387953;15938728080,8：00——22：00
金水区,50400,休闲餐饮场所,UK概念商务会馆(东悦广场店),黄河路141号(姚砦·聂庄地铁站C口步行320米),113.704848,34.775002,0371-65586555,8：00——22：00
金水区,50400,休闲餐饮场所,YELLOW HOUSE黄房子剧场(郑东万象城店),东风南路与七里河北路交叉口西北侧七里河北路88号郑州郑东万象城CL503,113.765099,34.764321,17737706103,8：00——22：00
金水区,50400,休闲餐饮场所,有野精酿,经六路纬三路,113.675099,34.769594,18695889660,8：00——22：00
金水区,50400,休闲餐饮场所,YAHA·手作(国贸a座店),国贸a座4楼402(关虎屯地铁站C口步行280米),113.681253,34.784844,15824890420,8：00——22：00
金水区,50400,休闲餐饮场所,摩非电竞茶室(森美店),华念名仕家园东1门旁,113.659153,34.801117,17320186984;19139776157,8：00——22：00
金水区,50400,休闲餐饮场所,麦嘎KTV(龙子湖店),平安大道197号永和龙子湖中央广场F5层,113.805215,34.791421,0371-55682158,8：00——22：00
金水区,50400,休闲餐饮场所,大浪淘沙(郑州未来路店),未来路71号(姚砦·聂庄地铁站A2口步行320米),113.70791,34.771896,0371-65611099,8：00——22：00
金水区,50400,休闲餐饮场所,Helens海伦司小酒馆(博雅广场店),平安大道与中道东路交叉口博雅广场1号楼307,113.808527,34.791927,0371-55696162,8：00——22：00
金水区,50400,休闲餐饮场所,大麦与小麦精酿啤酒餐厅(正弘城店),科源路与文博东路交叉口向东一百米路南,113.674146,34.794126,17513132755,8：00——22：00
金水区,50400,休闲餐饮场所,The Paper Clip(回形针),经五路东纬三路北的锦荣商务大厦9铺,113.678366,34.769369,15515955783,8：00——22：00
金水区,50400,休闲餐饮场所,歌迷量贩KTV全国连锁(文化路),文化路71号,113.666182,34.800757,0371-53621001,8：00——22：00
金水区,50400,休闲餐饮场所,难得民谣(油化厂店),黄河路68号郑州记忆1952油化厂创意园内崇山区46-1号,113.641205,34.772611,18703612420,8：00——22：00
金水区,50500,咖啡厅,小半Hemicycle(地中海商业广场店),国基路168号普罗旺世温莎城堡15号楼1层8门,113.637877,34.822648,18538586606,8：00——22：00
金水区,50500,咖啡厅,清真·猫の物语主题猫咖·狗咖·小浣熊(国贸店),农业路与花园路国贸360广场门口星巴克隔壁国贸A座7楼708,113.681236,34.784775,15638800748;18695818545,8：00——22：00
金水区,50500,咖啡厅,Hi Five百分五咖啡(人民路西里路店),人民路街道人民路14号人民路14号院,113.676303,34.760119,15225111528,8：00——22：00
金水区,50500,咖啡厅,ALL EARS 洗耳恭听,黄河路海滩街126号,113.652126,34.773888,15515763867,8：00——22：00
金水区,50500,咖啡厅,质子咖啡Cafe Proton,地坤街10-17,113.719496,34.783618,19937537700,8：00——22：00
金水区,50500,咖啡厅,绿意Green1 cafe,宏光百花里107-32,113.718302,34.766122,18595466196,8：00——22：00
金水区,50500,咖啡厅,纸片咖啡·面包·蛋糕,鑫苑路鑫苑名家19号楼一楼西户,113.699828,34.795553,15617877752,8：00——22：00
金水区,50500,咖啡厅,Le 158cafe(金领时代店),客文一街民生路5-43,113.753383,34.759475,15890626767,8：00——22：00
金水区,50500,咖啡厅,星巴克臻选(郑州熙地港店),郑东新区农业东路15号熙地港购物中心L1019,113.718406,34.784613,0371-66270262;4008206998,8：00——22：00
金水区,50500,咖啡厅,粉·绿Green Pink cafe,人民大会堂东大门(紫荆山地铁站E口步行480米),113.684949,34.76455,18539997607,8：00——22：00
金水区,50500,咖啡厅,Day2改天咖啡,杜岭中街1号(人民路地铁站D口步行270米),113.671751,34.757273,15238358610,8：00——22：00
金水区,50500,咖啡厅,执人执味咖啡(永威木色购物公园店),商务东五街6号木色MUSE·PARKF4层,113.731356,34.76734,16638115105,8：00——22：00
金水区,50500,咖啡厅,星巴克(郑州绿地新都会店),金水路80号绿地新都会B座1层,113.76893,34.769596,0371-55020867,8：00——22：00
金水区,50500,咖啡厅,Tims天好咖啡(千玺广场店),商务内环1号千玺广场一层1-021-03铺,113.727248,34.770366,19943900663,8：00——22：00
金水区,50500,咖啡厅,M Stand(郑州银泰inpark店),郑州市金水区北龙湖金融岛银泰商业区B区B-1003号,113.738708,34.813182,16621767607,8：00——22：00
金水区,50500,咖啡厅,迪欧咖啡(兴荣店),黄河南路89-8,113.745264,34.757802,0371-55616119;17324837230,8：00——22：00
金水区,50500,咖啡厅,Echo Coffee回响咖啡(河南省委家属院3号院店),纬一路3-141号,113.67594,34.766977,15981866882,8：00——22：00
金水区,50500,咖啡厅,星巴克(郑州曼哈顿广场店),金水路和未来路及中州大道的交汇处曼哈顿广场C区11号楼1-2层,113.705556,34.763708,0371-65675232,8：00——22：00
金水区,50500,咖啡厅,九丁目咖啡馆(地德街),祭城路街道地德街5-16绿城·百合公寓风荷苑,113.719386,34.787187,13937108983,8：00——22：00
金水区,50500,咖啡厅,瑞幸咖啡(永和龙子湖中央广场店),平安大道博学路永和龙子湖中央广场A座一层大堂,113.805648,34.791092,4000100100,8：00——22：00
金水区,50500,咖啡厅,奈初咖啡(金领时代店),金领时代附90号,113.754692,34.759248,13103851166,8：00——22：00
金水区,50500,咖啡厅,大玉米楼58楼观光厅咖啡馆,郑州国际会展中心玉米楼58楼,113.727317,34.770882,0371-68895858,8：00——22：00
金水区,50500,咖啡厅,山秋 cafe(经七路店),经七路35号院1号楼东门市,113.671997,34.768974,18538069112,8：00——22：00
金水区,50500,咖啡厅,星巴克臻选(郑州花园路万达坊店),花园路农科路建业凯旋广场一楼,113.681155,34.793317,0371-55568259,8：00——22：00
金水区,50500,咖啡厅,DEEP COFFEE TO GO(万达坊店),花园路122号万达坊2号楼1层121,113.68002,34.793972,18503713922,8：00——22：00
金水区,50500,咖啡厅,瑞幸咖啡(绿地新都会3号楼店),金水东路80号绿地新都会3号楼一层3号,113.769373,34.770598,4000100100,8：00——22：00
金水区,50500,咖啡厅,Chenity·×Cafe,农科路万达坊(东风路地铁站B口步行290米),113.680789,34.79265,18336333373,8：00——22：00
金水区,50500,咖啡厅,M Stand(郑州正弘城店),花园路126号郑州正弘城B1层(东风路地铁站D口旁),113.680569,34.796263,16628745675,8：00——22：00
金水区,50500,咖啡厅,星巴克(郑州CBD七天地店),郑东新区众意路丹尼斯第七天地一层,113.722638,34.777757,0371-85510728,8：00——22：00
金水区,50500,咖啡厅,群青咖啡馆(盛世年华店),兴荣街2-104号(黄河南路地铁站E口步行450米),113.745401,34.757786,0371-55620289,8：00——22：00
金水区,50500,咖啡厅,糊涂咖啡,正光路金庄社区东十一社区南门进入左转右手边,113.768493,34.773107,18003710108,8：00——22：00
金水区,50500,咖啡厅,DEEP COFFEE(曼哈顿店),金水路与燕庄一街交叉口南50米路西(酒便利拐角处),113.708843,34.762114,18503713922,8：00——22：00
金水区,50500,咖啡厅,斑马咖啡,宏达街55-19,113.636509,34.822624,16638169966,8：00——22：00
金水区,50500,咖啡厅,星巴克(郑州普罗旺世店),国基路168号地中海商业广场一层,113.635419,34.82357,0371-80967201,8：00——22：00
金水区,50500,咖啡厅,杯叉咖啡(金水万达店),农科路科新路2-4(东风路地铁站B口步行320米),113.679321,34.793297,0371-60333669,8：00——22：00
金水区,50500,咖啡厅,瑞幸咖啡(丹尼斯三天地店),商务西三街4-2号丹尼斯三天地底商,113.719449,34.771999,4000100100,8：00——22：00
金水区,50500,咖啡厅,喵言喵语猫主题咖啡馆(郑州国贸A座店),花园路与农业路交叉口国贸360A座1403,113.681179,34.784729,17398951403,8：00——22：00
金水区,50500,咖啡厅,寻幽,河南财经政法大学东风路家属院南门旁,113.664425,34.799775,16650222087,8：00——22：00
金水区,50500,咖啡厅,星巴克臻选(郑州郑东万象城店),东风南路与祥盛街交叉口郑州郑东万象城南区地上一层CL122号商铺,113.765316,34.764825,0371-88955162,8：00——22：00
金水区,50500,咖啡厅,郑风咖啡(万科·古翠隐秀店),古翠隐秀3层,113.695399,34.781186,18569901610,8：00——22：00
金水区,50500,咖啡厅,瑞幸咖啡(永和国际广场店),金水东路21号永和国际广场一层1F大堂,113.749564,34.763006,4000100100,8：00——22：00
金水区,50500,咖啡厅,库迪咖啡(花园路建业凯旋店),科源路科新路交口南侧50米金街101号,113.679759,34.793952,18203676517,8：00——22：00
金水区,50500,咖啡厅,星巴克(郑州璞丽中心店),黄河路与经二路交汇处号瀚海璞丽一楼,113.695954,34.774994,0371-89916785,8：00——22：00
金水区,50500,咖啡厅,RIO CAFE(外贸家属院店),文化路街道黄河路黄河北街向北10米,113.661105,34.775085,0371-63903700;15981872669,8：00——22：00
金水区,50500,咖啡厅,瑞幸咖啡(硅谷广场店),文化路西82号硅谷未来城一层Y-115-1室,113.665771,34.796634,4000100100,8：00——22：00
金水区,50500,咖啡厅,幸运咖(曼哈顿店),燕庄南街6-23号,113.707266,34.761253,15003874797,8：00——22：00
金水区,50500,咖啡厅,库迪咖啡(正弘城B1店),东风路与花园路交汇处正弘城负1层,113.678443,34.796518,17344719996,8：00——22：00
金水区,50500,咖啡厅,航行咖啡Sailing coffee(园田小区店),园田小区东门南60米,113.652439,34.796696,13939020912,8：00——22：00
金水区,50500,咖啡厅,星巴克(郑州绿地千玺店),商务内环路绿地中心千玺广场B1层,113.727603,34.77091,0371-55377578,8：00——22：00
金水区,50500,咖啡厅,瑞幸咖啡(建文新世界商厦店),黄河路96号建文新世界商厦底商,113.669286,34.774329,4000100100,8：00——22：00
金水区,50500,咖啡厅,幸运咖(国贸直营店),花园路与丰产路交叉口,113.679802,34.783589,15552311708,8：00——22：00
金水区,50500,咖啡厅,库迪咖啡(郑州博雅广场店),博学路街道正商博雅广场2号楼1层大堂,113.809197,34.791875,18538291810,8：00——22：00
金水区,50500,咖啡厅,猫猫我呀主题咖啡馆(太格茂店),经学街与博学路交叉口东南60米,113.800992,34.793998,17600101687,8：00——22：00
金水区,50500,咖啡厅,星巴克(郑州瀚海海尚店),东风路32号瀚海海尚一楼,113.64739,34.800331,0371-55095699;0371-55095966,8：00——22：00
金水区,50500,咖啡厅,Monsters·怪兽猫咖·狗咖(国贸店),花园路360国贸A座23楼2301(喜茶和达美乐之间进),113.681157,34.784935,16637100207,8：00——22：00
金水区,50500,咖啡厅,瑞幸咖啡(金印现代城店),经三路北86号金印现代城6号楼一层大堂,113.691983,34.805266,4000100100,8：00——22：00
金水区,50500,咖啡厅,流迷咖啡Liquilic Coffee(宏光蓝水岸店),如意东路蓝水岸商铺9-3,113.731227,34.781643,15237181666;19143811489,8：00——22：00
金水区,50500,咖啡厅,幸运咖(贵人街店),刘寨街道金水区正弘城5号门对面贵人街路口向西五十米路北幸运咖咖啡,113.677988,34.796302,15552311708,8：00——22：00
金水区,50500,咖啡厅,库迪咖啡(郑州健康路店),上都国际B座南门旁,113.664821,34.769597,17638187567,8：00——22：00
金水区,50500,咖啡厅,星巴克咖啡(郑州局外太格茂店),博学路与平安大道交叉口局外太格茂1层,113.801165,34.793532,0371-53305581,8：00——22：00
金水区,50500,咖啡厅,AZAZ COFFEE,郑州记忆园区朱雀广场祖4-2,113.64096,34.771903,18638637195,8：00——22：00
金水区,50500,咖啡厅,瑞幸咖啡(建业总部港店),地润路18号建业总部港C栋一层大堂,113.731351,34.786701,4000100100,8：00——22：00
金水区,50500,咖啡厅,Pull-Tab拉环咖啡(郑州市金水区正商大厦店),郑东新区圃田西路与七里河南路交汇处东南角正商国际大厦B栋27楼一楼108室,113.788004,34.762864,19522355118,8：00——22：00
金水区,50500,咖啡厅,星巴克(郑州丹尼斯CBD一天地),商务外环路1号南丹尼斯一天地1F-027,113.724269,34.76699,0371-63280596,8：00——22：00
金水区,50500,咖啡厅,库迪咖啡(瀚海海尚C座店),瀚海海尚街区1层C151(C座A座过道),113.64727,34.800825,16603870058,8：00——22：00
金水区,50500,咖啡厅,瑞幸咖啡(绿地之窗云峰店),普惠路80号绿地之窗云峰座A座一层大堂,113.770604,34.7611,4000100100,8：00——22：00
金水区,50500,咖啡厅,幸运咖(瀚海海尚店),东风路146号(省中医院地铁站C口步行50米),113.646675,34.800275,15138666793,8：00——22：00
金水区,50500,咖啡厅,星巴克(郑州正弘城店),文化路街道花园路124号郑州正弘中心一层,113.680219,34.79507,0371-89926193,8：00——22：00
金水区,50500,咖啡厅,星巴克(郑州建业五栋大楼店),商都路5号建业五栋大楼B座1层,113.730498,34.745894,0371-58670301,8：00——22：00
金水区,50500,咖啡厅,星巴克(郑州零零茂店),文化路与优胜路零零茂商区1-15B,113.666716,34.768886,0371-55097061,8：00——22：00
金水区,50500,咖啡厅,库迪咖啡(金融岛银泰商场2区店),金融岛银泰商场2区赛百味扶梯下,113.737739,34.814204,15515729375,8：00——22：00
金水区,50500,咖啡厅,瑞幸咖啡(经三路店),经三路北46号华润万家底商一层KFC隔壁,113.692142,34.78805,4000100100,8：00——22：00
金水区,50500,咖啡厅,幸运咖(旗舰店专属),商鼎路华润新时代广场蜜雪冰城东区办公大楼A座126号、127号,113.787003,34.757845,15137110202,8：00——22：00
金水区,50500,咖啡厅,星巴克(郑州永威木色公园店),商务东五街6号1层,113.731911,34.76773,0371-67123836,8：00——22：00
金水区,50500,咖啡厅,星巴克(郑州正道花园道店),花园路8号正道花园百货一层,113.682517,34.769504,0371-65621760,8：00——22：00
金水区,50500,咖啡厅,星巴克臻选(郑州永和龙子湖时光里店),郑东新区平安大道197号零售商区一层1F-09单元,113.805478,34.79151,0371-65366852,8：00——22：00
金水区,50500,咖啡厅,星巴克(郑州北金时尚广场店),北环路与文化路交汇处东南角瀚海北金商业广场一楼,113.665694,34.809337,0371-55901141,8：00——22：00
金水区,50500,咖啡厅,瑞幸咖啡(银基王朝店),福元路157号21-24号裙楼房底商,113.716532,34.757257,4000100100,8：00——22：00
金水区,50500,咖啡厅,幸运咖(东风路店),东风路1-19-7号,113.659502,34.799357,18903718831,8：00——22：00
金水区,50500,咖啡厅,luckin coffee 瑞幸咖啡(黄河路店),黄河路369号(郑州人民医院地铁站A口步行60米),113.667835,34.774326,4000100100,8：00——22：00
金水区,50500,咖啡厅,瑞幸咖啡(雅宝东方国际广场店),金水东路与心怡路交叉口雅宝东方国际广场一层底商,113.772723,34.769001,4000100100,8：00——22：00
金水区,50500,咖啡厅,瑞幸咖啡(普罗旺世店),国基路168号普罗旺世二期西苑罗蔓维森12号楼底商,113.635103,34.823968,4000100100,8：00——22：00
金水区,50500,咖啡厅,瑞幸咖啡(未来大厦店),未来路69号未来大厦一层大堂,113.707529,34.769698,4000100100,8：00——22：00
金水区,50500,咖啡厅,瑞幸咖啡(河南农信大厦店),商务外环路19号农信大厦一层大堂,113.732306,34.777533,4000100100,8：00——22：00
金水区,50500,咖啡厅,瑞幸咖啡(YOYOPARK购物公园店),国基路87号YOYOPARK优悠购物公园负一层F10号,113.647876,34.819333,4000100100,8：00——22：00
金水区,50500,咖啡厅,9deng(天泽街店),顺驰第一大街水月湾东门旁,113.737187,34.783827,18203653885,8：00——22：00
金水区,50500,咖啡厅,M Stand(郑州郑东万象城店),金水东路67号B123A(B1下沉广场),113.765178,34.765773,18516004870,8：00——22：00
金水区,50500,咖啡厅,库迪咖啡(金成时代广场店),金成时代广场1号楼23℃街区西门(京小盒超市处),113.707111,34.776283,15538715202,8：00——22：00
金水区,50500,咖啡厅,ICE狗步里狗咖(太格茂店),郑东新区龙子湖办事处局外太格茂12层1215号,113.801602,34.793554,17633805987,8：00——22：00
金水区,50500,咖啡厅,库迪咖啡(郑州招银大厦店),花园路39号招银大厦1层大堂(东门西侧),113.681031,34.786094,15037127233,8：00——22：00
金水区,50500,咖啡厅,让咖啡艺术空间(民航路12号天源小区店),民航路22号院6号楼1层,113.716425,34.76521,13290900899,8：00——22：00
金水区,50500,咖啡厅,瑞幸咖啡(国贸招银大厦店),花园路39号招银大厦一层大堂,113.681037,34.786048,4000100100,8：00——22：00
金水区,50500,咖啡厅,瑞幸咖啡(局外太格茂店),平安大道博学路局外太格贸购物中心4层15-01商铺,113.801374,34.793332,4000100100,8：00——22：00
金水区,50500,咖啡厅,缇塔咖啡馆(中海锦苑店),文劳路中海锦苑南门东街商铺149号,113.656296,34.806362,18939516833,8：00——22：00
金水区,50500,咖啡厅,瑞幸咖啡(楷林国际店),金水路226号楷林国际大厦一层大堂,113.717917,34.763167,4000100100,8：00——22：00
金水区,50500,咖啡厅,M Stand(永威木色店),商务内环永威木色购物公园一层(靠近通泰路),113.730564,34.766836,16628742770,8：00——22：00
金水区,50500,咖啡厅,瑞幸咖啡(郑州记忆店),沙口路黄河路北郑州记忆·油化厂创意园内(西侧),113.639417,34.772218,4000100100,8：00——22：00
金水区,50500,咖啡厅,瑞幸咖啡(红星美凯龙商场店),商都路十里铺街红星美凯龙中原全球家居1号店一层东门底商,113.7298,34.745449,4000100100,8：00——22：00
金水区,50500,咖啡厅,星巴克(郑州金水印象汇店),中州大道1188号置地广场购物中心一层01-01号星巴克,113.725128,34.749406,18538051531,8：00——22：00
金水区,50500,咖啡厅,瑞幸咖啡(万达坊金街店),花园路272号(东风路地铁站B口步行330米),113.680578,34.794354,4000100100,8：00——22：00
金水区,50500,咖啡厅,星巴克臻选(郑州尚座中心店),祥盛街30号(农业南路地铁站B口步行310米),113.756121,34.763441,0371-89926185,8：00——22：00
金水区,50500,咖啡厅,ZHONG BAR coffee&brew(熙地港店),地润路3号绿城百合公寓9号楼1层附06号,113.719024,34.787227,13283809708,8：00——22：00
金水区,50500,咖啡厅,星巴克(郑州百花里店),未来路街道中州大道962号宏光协和城邦,113.718652,34.765807,0371-80971090,8：00——22：00
金水区,50500,咖啡厅,瑞幸咖啡(金水升龙广场店),南街,113.706928,34.761633,4000100100,8：00——22：00
金水区,50500,咖啡厅,瑞幸咖啡(瀚宇天悦城店),三全路中方园路瀚宇天悦城底商,113.655328,34.829185,4000100100,8：00——22：00
金水区,50500,咖啡厅,pepo coffee,黄河里北2楼-08,113.745537,34.756498,17638135100,8：00——22：00
金水区,50500,咖啡厅,肯悦咖啡(尚座中心店),金水东路37号,113.756963,34.764199,13939063532,8：00——22：00
金水区,50500,咖啡厅,One‘Two coffee(东区店),商鼎路与七里河南路交叉口北120米,113.755142,34.755998,15736716670,8：00——22：00
金水区,50500,咖啡厅,瑞幸咖啡(新田360广场国贸店),花园路39号国贸360广场2层劲霸旁,113.679516,34.785293,4000100100,8：00——22：00
金水区,50500,咖啡厅,库迪咖啡(郑州绿地新都会店),金水东路绿地新都会2号楼B座大堂,113.768754,34.76972,15670620662,8：00——22：00
金水区,50500,咖啡厅,压岁咖啡,经二路与政四街交叉口向西20米,113.694698,34.765555,15516929010,8：00——22：00
金水区,50500,咖啡厅,瑞幸咖啡(大河锦悦酒店店),CBD商务外环路2号楼大河锦悦酒店一层大堂,113.722614,34.767259,4000100100,8：00——22：00
金水区,50500,咖啡厅,库迪咖啡(正商木华广场店),明理路166号正商木华广场3号楼1层大堂,113.808794,34.794665,13253562752,8：00——22：00
金水区,50500,咖啡厅,星巴克(郑州楷林IFC店),金水东路88-1号D座1层大厅,113.771093,34.770596,0371-55092860,8：00——22：00
金水区,50500,咖啡厅,幸运咖(瀚海·璞丽中心店),黄河路1号院4号楼一层143号A,113.696052,34.774945,15083086677,8：00——22：00
金水区,50500,咖啡厅,瑞幸咖啡(王鼎国际店),商务外环路25号王鼎大厦一层大堂,113.735266,34.77234,4000100100,8：00——22：00
金水区,50500,咖啡厅,龙泽润宝(兰德·慢生活店),花园路31号兰德中心F2层,113.682303,34.784024,15236711008,8：00——22：00
金水区,50500,咖啡厅,瑞幸咖啡(正弘城8F店),花园路126号正弘城八层L811号,113.680473,34.795836,4000100100,8：00——22：00
金水区,50500,咖啡厅,A.C.T.COFFEE,黄河南路与熊儿河路向西300米,113.740065,34.767218,15690863131;18538210691,8：00——22：00
金水区,50500,咖啡厅,百仑喜,龙湖金融岛郑州银泰inPARK商业4区1层C-L1028,113.729234,34.811791,15517153966,8：00——22：00
金水区,50500,咖啡厅,瑞幸咖啡(瀚海海尚5F店),东风路32号瀚海海尚广场五层506号,113.646988,34.800242,4000100100,8：00——22：00
金水区,50500,咖啡厅,瑞幸咖啡(金融岛银泰1区店),龙湖金融岛郑州银泰inPARK商业1区一层L1020号,113.73855,34.811755,4000100100,8：00——22：00
金水区,50500,咖啡厅,MOWE谷堆咖啡,花园路街道纬四路11号院1号楼6单元1层62号,113.684645,34.770551,15538221111;18574255759,8：00——22：00
金水区,50500,咖啡厅,阿财咖啡(省博店),农业路1号1层临街1-15商铺,113.678947,34.786906,15638473060,8：00——22：00
金水区,50500,咖啡厅,呆着咖啡(天时路店),郑东新区天时路龙湖花园21号附27号,113.752471,34.783998,17600404651,8：00——22：00
金水区,50500,咖啡厅,库迪咖啡(海亮时代广场店),宏康路55号海亮时代ONE1栋1层140号(欧德福东北侧),113.667928,34.843416,15286831795,8：00——22：00
金水区,50500,咖啡厅,瑞幸咖啡(轻工业大学北门店),东风路街道东风路5号5-5商铺,113.655314,34.799416,4000100100,8：00——22：00
金水区,50500,咖啡厅,瑞幸咖啡(郑州信息大厦店),花园路144号信息大厦一层大堂,113.68079,34.804522,4000100100,8：00——22：00
金水区,50500,咖啡厅,瑞幸咖啡(居易国际广场店),花园路59号国基路居易国际广场一层101号S-5商铺,113.682689,34.818308,4000100100,8：00——22：00
金水区,50500,咖啡厅,迪欧咖啡森林半岛店,东风路与天明路交叉口往北200米路东,113.641098,34.801543,0371-65328151;13633855093,8：00——22：00
金水区,50500,咖啡厅,瑞幸咖啡(郑州航院西苑餐厅店),郑东新区展翼南路郑州航院西苑餐厅二层,113.784517,34.786603,4000100100,8：00——22：00
金水区,50500,咖啡厅,共振咖啡厅,政一街9-1号,113.687198,34.765296,17788141674,8：00——22：00
金水区,50500,咖啡厅,肯悦咖啡(熙地港店),熙地港购物中心B1层(金汇桥地铁站A口步行310米),113.718175,34.784675,13903816496,8：00——22：00
金水区,50500,咖啡厅,库迪咖啡(国贸360花园路店),丰产路351号,113.681462,34.783594,15393703331,8：00——22：00
金水区,50500,咖啡厅,瑞幸咖啡(国际企业中心A座店),农业路经五路国际企业中心A座一层大堂,113.676352,34.786285,4000100100,8：00——22：00
金水区,50500,咖啡厅,瑞幸咖啡(兴业大厦金水路店),金水路燕黑路兴业大厦一层大堂,113.708683,34.763439,4000100100,8：00——22：00
金水区,50500,咖啡厅,好野florist&cafe(常绿东风宸苑店),东明路明鸿路向西50米,113.699442,34.791329,18538159022,8：00——22：00
金水区,50500,咖啡厅,磁石咖啡(农科路店),经三路农科路交汇处金成国际广场A座一层,113.69178,34.792701,0371-66616888,8：00——22：00
金水区,50500,咖啡厅,库迪咖啡(宏光协和广场店),中州大道948号宏光协和广场A座裙房1层130号底商(2号门旁),113.718116,34.766965,18538128358,8：00——22：00
金水区,50500,咖啡厅,肯悦咖啡(太格茂店),平安大道与博学路东北角处太格茂F1层,113.80124,34.793008,0371-60206708;15837678775,8：00——22：00
金水区,50500,咖啡厅,瑞幸咖啡(郑州国际会展中心店),商务内环路郑州国际会展中心底商,113.728475,34.770825,4000100100,8：00——22：00
金水区,50500,咖啡厅,幸运咖(江山商界店),经三路65号江山商界一楼大厅北侧,113.692737,34.791705,13523508337,8：00——22：00
金水区,50500,咖啡厅,一时半会咖啡&精酿,15号附46号楼一层2商铺,113.672453,34.781447,18137330417,8：00——22：00
金水区,50500,咖啡厅,幸运咖(健康路二店),健康路163号附11号,113.663959,34.773309,15538315788,8：00——22：00
金水区,50500,咖啡厅,幸运咖(华润置地新时代广场店),圃田西路与动力南路交汇处东南角50米幸运咖一楼,113.78597,34.757495,15137110202,8：00——22：00
金水区,50500,咖啡厅,库迪咖啡(广汇国贸A栋店),经三路与纬五路交叉口广汇国贸大厦A栋写字楼1层大厅,113.692011,34.772324,17638586369,8：00——22：00
金水区,50500,咖啡厅,星巴克(郑州东站出发层二店),心怡路199号,113.781371,34.759813,0371-56856702,8：00——22：00
金水区,50500,咖啡厅,瑞幸咖啡(熙地港王府井百货1F店),熙地港王府井百货1F,113.717451,34.783978,4000100100,8：00——22：00
金水区,50500,咖啡厅,瑞幸咖啡(信息产业大厦店),平安大道201号信息产业大厦一层大堂,113.808285,34.791919,4000100100,8：00——22：00
金水区,50500,咖啡厅,幸运咖(永和时光里店),郑东新区永和时光里购物中心3F,113.806082,34.791165,15617563999,8：00——22：00
金水区,50500,咖啡厅,瑞幸咖啡(省汇中心店),农业路16号政七街省汇中心一层103-1号,113.688013,34.786979,4000100100,8：00——22：00
金水区,50500,咖啡厅,库迪咖啡(小夏街店),小夏街磨李社区东门北100米,113.797488,34.810411,13783500536,8：00——22：00
金水区,50500,咖啡厅,库迪咖啡(郑州印象汇店),凤凰台街道中州大道1188号印象汇B1-21商铺(扶梯处),113.724845,34.748489,15538051002,8：00——22：00
金水区,50500,咖啡厅,高馡堂咖啡,国基路168号普罗旺世地中海商业街101-B号,113.637351,34.823449,15638435721,8：00——22：00
金水区,50500,咖啡厅,库迪咖啡(郑州平安保险大厦店),经三路68号平安保险大厦1楼大堂(西南角),113.692117,34.793951,15803895420,8：00——22：00
金水区,50500,咖啡厅,瑞幸咖啡(金成时代广场10号楼店),金成时代广场10号楼,113.70653,34.77713,4000100100,8：00——22：00
金水区,50500,咖啡厅,幸运咖(印象汇店),建业路90号院建业步行街一排9号,113.723263,34.747652,13323861629,8：00——22：00
金水区,50500,咖啡厅,幸运咖(百福街店),崔庄花园社区南区南门西110米,113.736921,34.750154,13213242200,8：00——22：00
金水区,50500,咖啡厅,瑞幸咖啡(正商木华广场2号楼店),时埂街崇实里南100米正商木华广场2号楼底商,113.809535,34.794849,4000100100,8：00——22：00
金水区,50500,咖啡厅,瑞幸咖啡(上悦城店),郑汴路127号上悦城底商,113.715784,34.746179,4000100100,8：00——22：00
金水区,50500,咖啡厅,luckin coffee 瑞幸咖啡(金成时代广场店),未来路街道金成时代广场9号楼一楼美食城内,113.707627,34.777107,17638505735;4000100100,8：00——22：00
金水区,50500,咖啡厅,幸运咖(宝瑞路店),宝瑞路115号信息安全产业示范基地1号楼1层6,113.741354,34.84276,13323835987,8：00——22：00
金水区,50500,咖啡厅,瑞幸咖啡(紫荆山百货店),人民会堂(紫荆山地铁站D口步行180米),113.681232,34.762904,4000100100,8：00——22：00
金水区,50500,咖啡厅,瑞幸咖啡(建业凯旋科新路店),科新路122号建业凯旋广场3号楼停车场入口北侧底商,113.67959,34.793241,4000100100,8：00——22：00
金水区,50500,咖啡厅,星巴克(郑州建业总部港店),如意湖街道建业·总部港建业总部港B座,113.731487,34.78736,0371-89926184,8：00——22：00
金水区,50500,咖啡厅,瑞幸咖啡(华北水利水电大学龙子湖店),金水东路136号华北水利水电大学大学生生活广场24号,113.795716,34.782955,4000100100,8：00——22：00
金水区,50500,咖啡厅,狗仗猫势猫咖·狗咖,花园路国贸达美乐旁边国贸A座11楼1107,113.681136,34.784706,13014604027,8：00——22：00
金水区,50500,咖啡厅,幸运咖,祥盛街与农业南路交叉口尚座中心步行街南口,113.757097,34.763761,16638137880,8：00——22：00
金水区,50500,咖啡厅,瑞幸咖啡(金融岛银泰4区店),北三环众意路龙湖金融岛,113.729275,34.811925,4000100100,8：00——22：00
金水区,50500,咖啡厅,幸运咖(二七路店),郑州市人民公园东门东北50米,113.666787,34.762301,15538315788;15617903733,8：00——22：00
金水区,50500,咖啡厅,瑞幸咖啡(建业凯旋金街店),万达坊郑州花园路店西1门旁,113.679724,34.79319,4000100100,8：00——22：00
金水区,50500,咖啡厅,幸运咖(凤凰城店),凤凰城c区10号楼04号,113.708055,34.740346,15188312587;16692117890,8：00——22：00
金水区,50500,咖啡厅,瑞幸咖啡(大旺城购物中心店),大旺城购物中心西南门旁(祭城地铁站D口步行490米),113.769502,34.779673,4000100100,8：00——22：00
金水区,50500,咖啡厅,瑞幸咖啡(正弘世玺中心店),东风路28号世玺中心一层大堂,113.678325,34.796975,4000100100,8：00——22：00
金水区,50500,咖啡厅,库迪咖啡(金水升龙广场A区店),金水路未来路交叉口地铁旁,113.704928,34.762127,15538166250,8：00——22：00
金水区,50500,咖啡厅,库迪咖啡(郑州路劲大厦店),商务外环路14号路劲大厦1层大堂南厅,113.721106,34.777408,13073708913,8：00——22：00
金水区,50500,咖啡厅,幸运咖(祭城店),畅和街21-11号靠近郑州市第九十三中学,113.771524,34.779103,15838673042;19138075596,8：00——22：00
金水区,50500,咖啡厅,库迪咖啡(怡乐商务A座店),黑朱庄路与燕乐里交叉口西怡乐商务A座1层大厅,113.714374,34.766744,13523079142,8：00——22：00
金水区,50500,咖啡厅,幸运咖(宏光百花里店),黑朱庄路宏光百花里幸运咖,113.71778,34.766502,15138666793,8：00——22：00
金水区,50500,咖啡厅,瑞幸咖啡(金水印象汇店),中州大道1188号印象汇(金水区店)2F层,113.724791,34.74847,4000100100,8：00——22：00
金水区,50500,咖啡厅,瑞幸咖啡(瀚海北金1F店),北三环文化路78号瀚海北金1层,113.666468,34.809344,4000100100,8：00——22：00
金水区,50500,咖啡厅,库迪咖啡(蜜油创意园店),沙口路11号蜜油创意园3号1-33号,113.63968,34.773244,13643827770,8：00——22：00
金水区,50500,咖啡厅,Piloia派乐佳咖啡西餐,心怡路郑东洲际酒店东门外部商铺,113.772759,34.761484,0371-58650007,8：00——22：00
金水区,50500,咖啡厅,星巴克(郑州正弘中心店),文化路街道花园路124号郑州正弘中心一层,113.680219,34.79507,0371-89926193,8：00——22：00
金水区,50500,咖啡厅,Seesaw Coffee(郑州正弘城店),花园路126号郑州正弘城B1层,113.680835,34.795129,19036938869,8：00——22：00
金水区,50500,咖啡厅,MUMU COFFEE沐沐咖啡,金水区中道东路6号智慧岛大厦B1下沉广场MUMUCOFFEE沐沐咖啡,113.80707,34.794598,13715926417,8：00——22：00
金水区,50501,星巴克咖啡,星巴克(郑州市郑州东站店),郑东新区心怡路199号郑州东站出发层,113.776541,34.758825,0371-56856700,8：00——22：00
金水区,50501,星巴克咖啡,星巴克(郑州金成国际广场店),文化路街道经三路66之4号楼星巴克,113.692176,34.792984,0371-55503263,8：00——22：00
金水区,50501,星巴克咖啡,星巴克(金成国际广场店),文化路街道经三路66-4号楼星巴克郑州金成国际广场店,113.692175,34.792925,0371-55503263,8：00——22：00
金水区,50501,星巴克咖啡,星巴克(郑州信万广场店),丰庆路街道清华紫光园Xone信万广场,113.648008,34.819311,0371-55501791,8：00——22：00
金水区,50501,星巴克咖啡,星巴克(郑州民生西街便民中心店),正光路北民生西街西交叉口西北侧,113.746118,34.767336,0371-65091008,8：00——22：00
金水区,50501,星巴克咖啡,星巴克(郑州东站1店靠近2B检票口2楼),心怡路199号郑州东站(郑州东站地铁站G出口旁),113.776541,34.758825,0371-56856700,8：00——22：00
金水区,50600,茶艺馆,瓦舍茶馆(CBD店),CBD商务内环路与商务东五街路口东新蒲大厦2层,113.731716,34.768194,0371-61676167;13223087267,8：00——22：00
金水区,50600,茶艺馆,瓦库茶馆5号店(众意路店),农业东路与众意路交汇处北290米,113.722677,34.787857,0371-87516000;0371-87516111,8：00——22：00
金水区,50600,茶艺馆,裕莲茶楼(郑州正弘城店),花园路126号正弘城B1层LB-02号裕莲茶楼,113.680425,34.795838,19069617065,8：00——22：00
金水区,50600,茶艺馆,瓦舍茶馆(北三环店),北三环与丰庆路交叉口东南角3层,113.648399,34.809832,0371-55071000;19939363838,8：00——22：00
金水区,50600,茶艺馆,文新茶馆(金水东路黄河南路店),金水东路黄河南路交叉口东南角,113.745451,34.761665,0371-65860750;18703875013,8：00——22：00
金水区,50600,茶艺馆,山顶茶水间(金水东路),金水东路与心怡路交叉口向北300米路东,113.771076,34.77234,13253369939,8：00——22：00
金水区,50600,茶艺馆,瓦舍茶馆(经三路店),经三路与丰产路交叉口西北角(电梯上二楼),113.692237,34.783739,0371-61966999,8：00——22：00
金水区,50600,茶艺馆,八马茶业(龙子湖店),新郑新区平安大道北湖心环路西汇艺悦公馆1幢1层01号房,113.802569,34.792922,0371-60986091;19937070302,8：00——22：00
金水区,50600,茶艺馆,提湖茶局(郑州银泰inPARK店),龙湖金融岛郑州银泰inPARK商业1区1层B-L1016号,113.738225,34.811348,18637180376,8：00——22：00
金水区,50600,茶艺馆,瓦舍茶馆(未来路店),未来路福元路向南20米路西一楼北号门面房,113.703654,34.756112,0371-65076507;17638565083,8：00——22：00
金水区,50600,茶艺馆,丙丁茶铺(郑州银泰inPARK店),龙湖金融岛郑州银泰inPARK店商业4区1层C-L1036(浙商银行后面靠湖),113.729034,34.812331,19561355587,8：00——22：00
金水区,50600,茶艺馆,山顶·茶水间(英协路店),英协路交叉口向南200米路东临街商铺,113.718599,34.760931,17752563697,8：00——22：00
金水区,50600,茶艺馆,小溪哩共享茶室(金成国际广场店),东风路18号金成国际广场6号楼西单元15楼1502,113.690503,34.794875,15378723880,8：00——22：00
金水区,50600,茶艺馆,半隐茶宴(郑东万象城店),祥盛街与众望路楷林中心7座中庭花园下沉广场西南角01号,113.759493,34.764818,0371-63681166;15639911166,8：00——22：00
金水区,50600,茶艺馆,瓦舍茶馆(东风路店),东风路街道东风路13号同乐小区南区,113.638933,34.796734,0371-63752178;18039516908,8：00——22：00
金水区,50600,茶艺馆,范院坞茶馆(鑫园小区店),商城东路4-1,113.716688,34.752586,0371-69168389,8：00——22：00
金水区,50600,茶艺馆,春晓茶社,卫生路40-8号(海滩寺地铁站A口步行490米),113.655408,34.775572,18037387788,8：00——22：00
金水区,50600,茶艺馆,莳光里茶空间(大观音寺店),国基路美景美境一期门面3-102号莳光里茶空间,113.666441,34.821217,16638098979,8：00——22：00
金水区,50600,茶艺馆,T&B theme古翠店,经二路红专路向北150米路东临街商铺,113.695304,34.781108,18538173520,8：00——22：00
金水区,50600,茶艺馆,淡马茶坊(郑州郑东万象城店),金水东路辅路与才高街交叉口东南200米郑州郑东万象城B1层,113.765103,34.765715,13253479396,8：00——22：00
金水区,50600,茶艺馆,三山茶趣(郑州雅颂居店),纬二路与政二街交叉口西南角,113.684184,34.767323,13203825333;13939081319,8：00——22：00
金水区,50600,茶艺馆,6茶共享茶室(郑州绿地原盛国际店),绿地原盛国际2号楼1单元12楼136室,113.769836,34.766498,18595752513,8：00——22：00
金水区,50600,茶艺馆,ju茶·新式茶馆(中盟龙湖里店),龙湖中环路与九如路交叉口龙湖路二楼西北角ju茶,113.741539,34.79127,19137618069,8：00——22：00
金水区,50600,茶艺馆,喝喝茶坞,花园路116-12号4楼405室,113.68151,34.79084,17638101027,8：00——22：00
金水区,50600,茶艺馆,信阳茶馆信阳菜(正光北街),农业南路正光北街招银大厦东南门旁,113.754925,34.771575,13073777508;19937889919,8：00——22：00
金水区,50600,茶艺馆,熙阅茶书院(宝龙广场A区店),如意东路龙湖外环路东北角,113.73355,34.781402,19137917999,8：00——22：00
金水区,50600,茶艺馆,6茶共享茶室(企业壹号店),民航路15号企业壹号10楼1010号,113.718926,34.765067,18939573899,8：00——22：00
金水区,50600,茶艺馆,悦云起·茶馆,农科路与科明路交叉口西北角,113.676273,34.792526,18703638609,8：00——22：00
金水区,50600,茶艺馆,小罐茶·茶馆(经三路店),鑫苑路与经三路向北100米,113.692967,34.797614,13592580028,8：00——22：00
金水区,50600,茶艺馆,止语茶院(储备局家属院店),河南省金水区纬二路3号院止语茶院,113.698553,34.767935,13817881180,8：00——22：00
金水区,50600,茶艺馆,馨远茶馆,渠东路18号圆融茶城3层24B,113.665558,34.821823,13683835369,8：00——22：00
金水区,50600,茶艺馆,小罐茶-年迹-凝云茶馆(国基路店),国基路美景美境一期东侧商业街门面房2102号,113.666411,34.820633,15981854188;18436956768,8：00——22：00
金水区,50600,茶艺馆,阅梨茶院(如意坊店),北龙湖如意东路如意坊商业地铁4号线龙湖南站A口二楼阅梨茶园,113.738595,34.801606,17516225955,8：00——22：00
金水区,50600,茶艺馆,源丛工夫茶馆(智慧岛大厦店),龙子湖中道东路6号智慧岛大厦B1,113.807207,34.794418,19937192862,8：00——22：00
金水区,50600,茶艺馆,有益茶社旗舰店(原盛国际店),原盛国际2号楼2单元8楼251号,113.76926,34.766362,15803898275,8：00——22：00
金水区,50600,茶艺馆,箱堆论同心睦邻茶咖厅,黄河路与政六街交叉口西20米,113.684519,34.774496,18530808911,8：00——22：00
金水区,50600,茶艺馆,少卿茶肆,龙湖街道如意西路与龙湖中环南路交叉口卢森堡中心3号楼西北角一楼,113.732514,34.794102,18638567713,8：00——22：00
金水区,50600,茶艺馆,小绿茶共享茶室(金水万达店),农科路与科明路交叉口万sohoA座3A51,113.676938,34.793017,13939038344,8：00——22：00
金水区,50600,茶艺馆,水心茶舍(商城路叁号院店),未来路街道商城东路3号商城路叁号院,113.720912,34.753606,15638461413,8：00——22：00
金水区,50600,茶艺馆,ANDTEA和茶社,心怡路普惠路合盛怡思得酒店一楼和茶社,113.772715,34.761798,17810666475;18697308868,8：00——22：00
金水区,50600,茶艺馆,栽茶半亩新中式茶馆,福彩路晨旭路交叉口向西20米路南,113.6982,34.801157,19339913269,8：00——22：00
金水区,50600,茶艺馆,茶山聚(熙地港店),地坤街2-9号,113.715267,34.784186,15936257666,8：00——22：00
金水区,50600,茶艺馆,燕语茶馆(北龙湖店),如意西路93号中国平煤神马金融资本运营中心北楼二楼,113.733374,34.801702,13526710669,8：00——22：00
金水区,50600,茶艺馆,安和茶馆(绿城·百合公寓初阳苑南区店),金汇东街与农业东路交叉路口北侧,113.715331,34.787,16696681818,8：00——22：00
金水区,50600,茶艺馆,六艺茶社(江山商界店),江山商界B座,113.694242,34.791534,17538136161,8：00——22：00
金水区,50600,茶艺馆,善合茶苑茶空间,凤凰茶城西厅2号门东侧,113.704511,34.741489,15136385795;18438060837,8：00——22：00
金水区,50600,茶艺馆,青禾小院,凤鸣路凤鸣小区北院门口东隔壁,113.716643,34.749897,18937164321,8：00——22：00
金水区,50600,茶艺馆,羽圣茶馆(正光北街店),祭城路街道正光北街28号王鼎·禧座,113.756072,34.771838,0371-86258619;13523025508,8：00——22：00
金水区,50600,茶艺馆,108将茶舍(绿地原盛国际店),祥盛街与心怡路交叉口西200米绿地原盛国际2号楼C座4楼21号,113.769308,34.766385,15515578371,8：00——22：00
金水区,50600,茶艺馆,富贵茶社(政七街店),金港小区西1门旁,113.687656,34.794435,0371-65771522,8：00——22：00
金水区,50600,茶艺馆,茶间龙子湖店(龙润大厦店),尚贤街30号龙润国际大厦101室,113.804006,34.78859,13526835507,8：00——22：00
金水区,50600,茶艺馆,唐人茶栈·人文茶馆,中州大道656-13,113.703488,34.8022,13523017078,8：00——22：00
金水区,50600,茶艺馆,紫光阁茶舍,索尔斯精品酒店6-25号,113.647328,34.803726,15238097203,8：00——22：00
金水区,50600,茶艺馆,双陈老茶馆,金水东路与黄河南路正方元酒店1楼大堂,113.743651,34.759431,15093186646,8：00——22：00
金水区,50600,茶艺馆,云边茶咖,郑州购书中心二楼东侧一号,113.664829,34.757111,15738808918;19506287806,8：00——22：00
金水区,50600,茶艺馆,京福源茶馆·有机白茶·游山茶訪台湾乌龙(郑东万象城店),金水东路与众旺路交叉口楷林中心8座中庭花园(中国进出口银行楼下)京福源有机白茶·茶馆·茶空间,113.760167,34.765453,17740414311,8：00——22：00
金水区,50600,茶艺馆,莺桃茶铺,河南财经政法大学郑东校区第一商业街109号,113.816825,34.786475,17337559708,8：00——22：00
金水区,50600,茶艺馆,小溪哩共享茶室(大观音寺店),美景美境1期北门西80米,113.666689,34.821299,19913838236,8：00——22：00
金水区,50600,茶艺馆,郑州明月茶舍酒店(新田360广场店),金水东路49号绿地原盛国际6C附22号,113.769925,34.767025,0371-55051550,8：00——22：00
金水区,50600,茶艺馆,一弘茶庄(建业·森林半岛店),东风路街道天明路66号建业·森林半岛,113.640141,34.802951,13523578303,8：00——22：00
金水区,50600,茶艺馆,三舍茶楼,经三路与晨旭路交叉口南140米,113.69225,34.799719,0371-58586599;13323835663,8：00——22：00
金水区,50600,茶艺馆,尚泉茗居(沈庄新城南区店),凤台北路16-1号,113.714064,34.754847,13838346669,8：00——22：00
金水区,50600,茶艺馆,欢喜·茶楼(千宁街店),郑东新区祭城路街道千宁街3号宏光鑫城花园,113.741968,34.755556,15194629893;18838013353,8：00——22：00
金水区,50600,茶艺馆,喜舍茶事(绿城·百合公寓云霞苑店),地德街地润路交叉口向北50米路东,113.719757,34.788538,18613711117,8：00——22：00
金水区,50600,茶艺馆,小緑茶无人共享茶室(广汇国贸店),广汇国贸大厦A区1505,113.692187,34.772697,13939038344,8：00——22：00
金水区,50600,茶艺馆,道里均茶艺馆,金水东路10-3号(黄河南路地铁站D口步行120米),113.742867,34.763319,0371-65681388;0371-65681788,8：00——22：00
金水区,50600,茶艺馆,青云茶社(福彩路店),北林路街道福彩路1号山顶御鑫城西门北20米路东二楼(青云茶社),113.6988,34.807513,15690887806,8：00——22：00
金水区,50600,茶艺馆,七碗茶舍(经一路店),经一路与红专路交叉向北20米路东,113.697756,34.782083,13783579600,8：00——22：00
金水区,50600,茶艺馆,幸福茶舍,人民路10号附1号(紫荆山地铁站D口步行170米),113.681338,34.761441,13503851868,8：00——22：00
金水区,50600,茶艺馆,翰苑阁1948茶馆(鑫苑名家鑫河园店),东明路鑫苑路鑫苑名家十九号楼一楼东,113.700009,34.795613,15736712166,8：00——22：00
金水区,50600,茶艺馆,陌者茶空间,花园路辅路与金水路交叉口北100米,113.68167,34.765441,18003718998,8：00——22：00
金水区,50600,茶艺馆,鑫鑫茶社(郑东新区CBD会展中心店),郑东新区CBD商务内环未来国际26号楼901,113.733631,34.771707,15538955666,8：00——22：00
金水区,50600,茶艺馆,昔和茶道,国基路渠东路交叉口东北角圆融茶城一期3楼东巷32号昔和茶道,113.665808,34.822178,15803887720,8：00——22：00
金水区,50600,茶艺馆,玄舍茶馆(郑州华林店),南阳路华林都市家园41号楼裙楼125号,113.636767,34.787121,0371-86255511,8：00——22：00
金水区,50600,茶艺馆,雲臺茶事,温哥华山庄南区西2门旁,113.718561,34.782879,19339960265,8：00——22：00
金水区,50600,茶艺馆,渠溪茶艺馆,渠西路2号2楼,113.668325,34.80792,13633857167,8：00——22：00
金水区,50600,茶艺馆,吉彩轩,曼哈顿23号楼2单元一楼(丰巢柜旁边),113.709463,34.760539,0371-60195757,8：00——22：00
金水区,50600,茶艺馆,丽龙茶庄(质量时报家属院店),经五路15号,113.67785,34.780798,13803717948,8：00——22：00
金水区,50600,茶艺馆,普作茶室,农业南路与七里河北路楷林中心10座一楼109室,113.756986,34.761342,13598839888;17761667686;18736028160,8：00——22：00
金水区,50600,茶艺馆,茶乡礼遇茶空间,河南信息安全产业示范园6号楼6楼,113.742603,34.841351,0371-88889165;13938408463;18538180022,8：00——22：00
金水区,50600,茶艺馆,半盏茶(联盟新城二期店),联盟新城2期北1门旁,113.724172,34.789287,16696011674,8：00——22：00
金水区,50600,茶艺馆,聚友茶社,金水路37号(大石桥南泥湾大酒店、金馨公寓院内1号楼3楼3单元),113.654046,34.764437,15538161665,8：00——22：00
金水区,50600,茶艺馆,碧螺春茶馆(正商北云鹤南区店),北林路街道广电南路北云鹤小区10号院,113.685262,34.80688,13323813718,8：00——22：00
金水区,50600,茶艺馆,风雨茶叙(郑州图书馆店),民生路与客文二街交叉口停车场进入向南三十米,113.751216,34.759979,0371-55680305,8：00——22：00
金水区,50600,茶艺馆,翠水塘茶坊(北龙湖店),郑东新区马庄街3号1号楼1层1号,113.711428,34.78988,15138990187;18538022020,8：00——22：00
金水区,50600,茶艺馆,髙匯茶館(行署国际广场店),德厚街行署国际广场B座2楼髙汇茶馆,113.757261,34.770773,13607678146,8：00——22：00
金水区,50600,茶艺馆,正山堂三味茶屋(九如路店),宝龙如意茶城D区10号,113.738231,34.780632,18237131006,8：00——22：00
金水区,50600,茶艺馆,见山茶舍(思达·大河春天正弘春晓店),北环路与索凌路叉口茶文化精品街内见山茶舍,113.636449,34.811114,13643839037,8：00——22：00
金水区,50600,茶艺馆,若水茶舍,北环文化路交叉口东北角恒通茶城1-9,113.66598,34.811011,18339928121,8：00——22：00
金水区,50600,茶艺馆,东来茶馆,中盟龙湖里4楼c区东来茶馆,113.741945,34.791065,19036506888,8：00——22：00
金水区,50600,茶艺馆,盛世茶业,郑东花卉市场B东排37号,113.820687,34.767055,17719847879,8：00——22：00
金水区,50600,茶艺馆,三一堂茶楼(东方明珠店),英协路8号附1号,113.718135,34.750149,19139739038,8：00——22：00
金水区,50600,茶艺馆,一清茶屋,商务内环与九如东路交叉口向东50米路南天下收藏南区1层1119,113.734385,34.772132,13301111333,8：00——22：00
金水区,50600,茶艺馆,平心茶舍(温哥华山庄南区店),温哥华山庄南区西1门旁,113.718487,34.782484,0371-67867889,8：00——22：00
金水区,50600,茶艺馆,三连星茶馆(河南省团校1号高层住宅楼店),丰产路26号,113.672025,34.784161,0371-65711369;13783410109,8：00——22：00
金水区,50600,茶艺馆,茗语筝韵茶馆,花园北路81-7号,113.68445,34.826325,16637143919,8：00——22：00
金水区,50600,茶艺馆,唐人街茶馆,唐人街文化广场D276号,113.720575,34.753125,15137109389,8：00——22：00
金水区,50600,茶艺馆,茶道(天泽街店),东风东路与天泽街交叉路口向南30米路东,113.739217,34.786832,0371-88888895,8：00——22：00
金水区,50600,茶艺馆,疏林听雨文创茶舍(中青大厦店),金水路与经五路交叉口东北角,113.677905,34.764387,17637188188,8：00——22：00
金水区,50600,茶艺馆,三可斋(盛和街),郑东新区熊儿河路与盛和街交叉口厚河园商业用房1号楼二单元一层东户,113.763829,34.777383,13939039277,8：00——22：00
金水区,50600,茶艺馆,茶山聚(财政厅店),经三路北23-2号,113.692794,34.781761,13673358779,8：00——22：00
金水区,50600,茶艺馆,青木茶馆(中凯铂宫·嘉凯城店),天泽街9号(农业东路地铁站A口步行400米),113.735698,34.781269,13949073507,8：00——22：00
金水区,50600,茶艺馆,听雨阁茶楼,经七路华明大厦晟寓酒店3楼,113.671997,34.773133,0371-63837137,8：00——22：00
金水区,50600,茶艺馆,元吉茶业(万氏留香福鼎白茶),索凌路8号大河春天39号楼东1单元1层商2号,113.637412,34.810778,15737175877,8：00——22：00
金水区,50600,茶艺馆,庆亨茶馆(陈砦嘉苑店),陈砦嘉苑1栋1单元103室,113.657671,34.817495,15238029107,8：00——22：00
金水区,50600,茶艺馆,栖福岩茶馆(楷林大厦店),龙湖办事处如意河西二街南楷林大厦1层108,113.733749,34.802268,0371-63288355,8：00——22：00
金水区,50600,茶艺馆,真和意茶馆,天赋路29-1号楼,113.746005,34.783826,13083710000,8：00——22：00
金水区,50600,茶艺馆,华叶茶坊,红旗路99号院北门旁,113.702794,34.776782,15617710290,8：00——22：00
金水区,50600,茶艺馆,和境茶舍(北晨颐商苑店),北三环与渠西路交汇处向北160米路西,113.667079,34.811699,0371-58617776,8：00——22：00
金水区,50600,茶艺馆,融贤茶社,国基路170-10号,113.631974,34.820041,18638611388,8：00——22：00
金水区,50600,茶艺馆,清心茶事,中州华悦饭店三楼,113.75798,34.773725,18336760995;18437188666,8：00——22：00
金水区,50600,茶艺馆,聚笑茶舍,天下收藏南区一层1119号,113.734464,34.772151,13301111333,8：00——22：00
金水区,50600,茶艺馆,静和茶事,建业路凤鸣路交叉口向西50米,113.721781,34.749747,18538517500,8：00——22：00
金水区,50600,茶艺馆,长城饭店餐厅,经三路纬四路口长城饭店一楼总台向右,113.692222,34.770381,13674979606,8：00——22：00
金水区,50600,茶艺馆,青雅争鸣茶书房(郑州银泰inPARK店),龙湖金融岛郑州银泰inPARK商业3区4层D-L4005,113.730293,34.814076,18503816227,8：00——22：00
金水区,50600,茶艺馆,茶和天下(水之郡东苑店),龙子湖街道德慧街8-4号水之郡东苑,113.805568,34.812781,0371-61668899,8：00——22：00
金水区,50600,茶艺馆,长城茶艺,纬四路23号院东门西北70米,113.699002,34.770231,18739902699,8：00——22：00
金水区,50600,茶艺馆,韵堂茶馆商务品茶棋牌(原盛国际店),原盛国际二号楼一单元(2C号楼)七楼68号,113.769885,34.766866,17320184949,8：00——22：00
金水区,50600,茶艺馆,如仪茶空间,通泰路兴荣街交叉口向西一百米路南,113.732587,34.758268,17839989333,8：00——22：00
金水区,50600,茶艺馆,叹茶观色24h共享茶室(印象汇店),建业置地广场B座17楼85号叹茶观色(下电梯右拐),113.725211,34.748908,18803718895,8：00——22：00
金水区,50600,茶艺馆,贵州习酒君品馆-598(民生路店),民生路5号7号楼117,113.752175,34.759878,15036131366;18613719282,8：00——22：00
金水区,50600,茶艺馆,方物茶时,郑东新区九如东路与商务内环交叉口天下收藏北区3号门一楼1031,113.734567,34.773487,18537182727,8：00——22：00
金水区,50600,茶艺馆,橘泉茶苑,博雅广场2号楼2层203(龙子湖地铁站E口步行80米),113.809026,34.792052,13937188451,8：00——22：00
金水区,50600,茶艺馆,东棠茶馆,晨旭路陌上酒店二楼,113.700697,34.80154,18697323656,8：00——22：00
金水区,50600,茶艺馆,东丛里共享茶室(二七路大卫城店),二七路79号附1号,113.667155,34.761309,15515912808,8：00——22：00
金水区,50600,茶艺馆,壶笑天茶馆,花园路与丰产路交口东100米路南,113.683438,34.783647,0371-65720070,8：00——22：00
金水区,50600,茶艺馆,天月茶生活,宏明西路122-11号,113.635475,34.826175,13838327333,8：00——22：00
金水区,50600,茶艺馆,大益茶(农业东路店),农业东路与天瑞街交叉口,113.747207,34.78063,19937151958,8：00——22：00
金水区,50600,茶艺馆,大河锦江饭店-大堂吧,花园路66号大河锦江饭店1楼,113.681252,34.772223,0371-65929999,8：00——22：00
金水区,50600,茶艺馆,一雅堂喝茶,东风路与政七街交叉口西南160米,113.686269,34.795045,13027705525;13271595787,8：00——22：00
金水区,50600,茶艺馆,文山茶馆(杂技团家属院店),纬四路22号(政三街口),113.698325,34.770023,0371-65920628,8：00——22：00
金水区,50600,茶艺馆,韵谱茶馆&双陈普洱(郑东新区店),农业南路与七里河北路交叉口向西118米,113.755838,34.759948,19339496666,8：00——22：00
金水区,50600,茶艺馆,紫润轩(运河上郡北区店),运河上郡北区(农业东路地铁站C口步行470米),113.734801,34.787465,18143903939,8：00——22：00
金水区,50600,茶艺馆,三山一味,唐人街文化广场西街B区167,113.719697,34.755147,15238018666;18624999583,8：00——22：00
金水区,50600,茶艺馆,柳依汀茶馆,河南省金水区七里河北路与心怡路交叉口向北100米路西,113.772005,34.765225,15210299224,8：00——22：00
金水区,50600,茶艺馆,福运来茶社,丰华路与丰乐路交叉口东北40米,113.633084,34.80636,18135676633,8：00——22：00
金水区,50600,茶艺馆,莫道茶事(总部),未来路699号院凤凰茶城西厅三楼,113.704808,34.741125,13525586080,8：00——22：00
金水区,50600,茶艺馆,福来茶馆,美盛教育港湾一期六号楼二单元北门,113.651198,34.81877,13526665385,8：00——22：00
金水区,50600,茶艺馆,紫砂东来阁,郑东花卉市场B2馆17排6号,113.819856,34.767413,13592227168,8：00——22：00
金水区,50700,冷饮店,古茗(郑州正弘城店),东风路27-10号(东风路地铁站D口步行210米),113.678491,34.796337,19059508388,8：00——22：00
金水区,50700,冷饮店,眷茶臻选(城市文化地标店),科新路与东风路交叉口南100米,113.67924,34.796492,15393705600,8：00——22：00
金水区,50700,冷饮店,霸王茶姬(河南郑州大卫城店),二七路丹尼斯大卫城BF层054,113.66664,34.757406,18039105023,8：00——22：00
金水区,50700,冷饮店,茶百道(正弘城店),花园路126号正弘城负一楼LB-S25号,113.680453,34.79581,0371-63718055,8：00——22：00
金水区,50700,冷饮店,眷茶,万达坊A座斜对面,113.679975,34.793925,15938713222;15981955454,8：00——22：00
金水区,50700,冷饮店,CHAGEE霸王茶姬(郑州正弘城超级旗舰店),花园路正弘城1楼停车场4号门,113.679958,34.795646,19337103735,8：00——22：00
金水区,50700,冷饮店,满米酸奶(郑州国贸360店),花园路39号新田360广场负一层,113.680275,34.784925,18300698733,8：00——22：00
金水区,50700,冷饮店,蜜雪冰城(正弘城贵人街店),贵人街8-112,113.678465,34.796289,15515597582,8：00——22：00
金水区,50700,冷饮店,霸王茶姬(郑州油化厂创意园店),黄河路68附3号(沙口路地铁站D口步行100米),113.641126,34.771191,19545662987,8：00——22：00
金水区,50700,冷饮店,喜茶(郑州新田绿地新都会店),金水东路80号绿地新都会9号楼一楼东L116号商铺,113.766662,34.769891,0371-53351779,8：00——22：00
金水区,50700,冷饮店,茶百道(郑州大卫城店(新)),西太康路和二七路交汇处西北角丹尼斯大卫城b1-00238,113.666495,34.758445,19903973675,8：00——22：00
金水区,50700,冷饮店,CHAGEE霸王茶姬(正弘城8楼店),花园路与东风路交叉口西南角正弘城商场8层L8S24号,113.680491,34.795707,15539336868;19337103735,8：00——22：00
金水区,50700,冷饮店,DQ(郑州大卫城店),二七路与太康路交叉口丹尼斯大卫城B1层015号,113.666111,34.75807,18838986070,8：00——22：00
金水区,50700,冷饮店,星姨糖水(金融岛银泰2区店),郑州银泰A区2层L2002号,113.738221,34.814143,17319726050,8：00——22：00
金水区,50700,冷饮店,茉莉奶白(郑州丹尼斯大卫城店),大卫城负一楼BF-137号茉莉奶白,113.665789,34.757747,19921386617,8：00——22：00
金水区,50700,冷饮店,雾与山茶(万达坊店),花园路122号万达坊F1层,113.68,34.793253,13673715219,8：00——22：00
金水区,50700,冷饮店,喜茶(郑州丹尼斯大卫城店),二七路太康路丹尼斯大卫城B1层喜茶,113.666336,34.757198,0371-55900690,8：00——22：00
金水区,50700,冷饮店,爷爷不泡茶NOYEYENOTEA(郑州油化厂创意园店),黄河路68油化厂创意园顺河区7-2号铺,113.640165,34.771782,18103829055,8：00——22：00
金水区,50700,冷饮店,霸王茶姬(郑州绿地新都会A馆店),郑东新区绿地新都会商场A座与B座连廊处一层临街商铺,113.767593,34.770104,4008788359,8：00——22：00
金水区,50700,冷饮店,眷茶(大卫城店),二七路丹尼斯大卫城10层b042号,113.666047,34.756886,19037119110,8：00——22：00
金水区,50700,冷饮店,CoCo都可(国贸360店),丰产路国贸360广场三楼,113.679812,34.784763,15538254195,8：00——22：00
金水区,50700,冷饮店,星姨糖水(正弘城店),花园路126号正弘城8楼L8S20A号,113.680281,34.795761,19139955425,8：00——22：00
金水区,50700,冷饮店,奈雪的茶(郑州金水印象汇PRO店),中州大道1188号金水印象汇1F,113.725115,34.748413,13925240275;4006033888,8：00——22：00
金水区,50700,冷饮店,喜茶(郑州正弘城店),花园路与东风路交叉口正弘城负一层LBS38室商铺(D地铁口附近),113.680789,34.795127,18003829872,8：00——22：00
金水区,50700,冷饮店,眷茶(油化厂店),南阳路街道黄河路68号郑州记忆油化厂创意园内风祖区神农街1.2.3一层西南角,113.640386,34.772066,17319772056,8：00——22：00
金水区,50700,冷饮店,茶百道(郑州金水凯旋广场店),花园路122号3号楼,113.679989,34.79359,19939793630,8：00——22：00
金水区,50700,冷饮店,雾与山茶(正弘城店),正弘城8楼餐饮区雾与山茶,113.680155,34.795927,13783578903,8：00——22：00
金水区,50700,冷饮店,爷爷不泡茶NOYEYENOTEA(郑州大卫城店),丹尼斯大卫城负一BF-093,113.665695,34.756855,19943829326,8：00——22：00
金水区,50700,冷饮店,DQ(郑州熙地港店),农业东路15号熙地港4楼,113.720684,34.785764,0371-61650800,8：00——22：00
金水区,50700,冷饮店,万茶岛(花园路店),花园路116号建业凯旋广场F1层,113.680241,34.793783,13137711259;18567899101,8：00——22：00
金水区,50700,冷饮店,霸王茶姬(郑州金水健康路店),健康路体育场馆中心西门右侧30米临街商铺,113.664243,34.767765,17724800247,8：00——22：00
金水区,50700,冷饮店,爷爷不泡茶NOYEYENOTEA(郑州正弘城负一店),花园路正弘城8层L804(东风路地铁站C口旁),113.680444,34.795746,19303715009,8：00——22：00
金水区,50700,冷饮店,眷茶(熙地港店),农业东路15号CityOn熙地港郑州购物中心F4层,113.717522,34.784817,19003831829,8：00——22：00
金水区,50700,冷饮店,沪上阿姨·精选茶饮(郑州瀚海海尚店),东风路街道东风路142号瀚海海尚商业街区1楼006,113.646808,34.800595,15617763391,8：00——22：00
金水区,50700,冷饮店,霸王茶姬(郑州永和时光里店),郑东新区永和时光里商场一层北门进门右侧第二间商铺,113.805612,34.791533,4008788359,8：00——22：00
金水区,50700,冷饮店,大富糖水,黄河路与黄河南街交叉口向南30米路东,113.661388,34.774244,18569982788,8：00——22：00
金水区,50700,冷饮店,爷爷不泡茶NOYEYENOTEA(郑州国贸360店),花园路新田360广场B1层ZE002号,113.679762,34.785059,13073738224,8：00——22：00
金水区,50700,冷饮店,霸王茶姬(郑州曼哈顿店),燕庄地铁站B2出口左转50米处一楼商铺,113.704979,34.762393,19900928377,8：00——22：00
金水区,50700,冷饮店,茉酸奶(正弘城店),正弘城商场负一楼LB-K06商铺,113.678317,34.796492,18625666456,8：00——22：00
金水区,50700,冷饮店,茉莉奶白(郑州郑东万象城南区一楼旗舰店),东风南路地铁站A口对面,113.7662,34.76393,15664113188,8：00——22：00
金水区,50700,冷饮店,霸王茶姬(郑州太格茂店),平安大道与博太格茂西门右侧一层临街商铺,113.801185,34.793289,18037121230,8：00——22：00
金水区,50700,冷饮店,飞珂酸奶(人民路店),人民路与华荣街交叉口向西10米路北,113.671752,34.756378,15037151701;18339919168,8：00——22：00
金水区,50700,冷饮店,CHAGEE霸王茶姬(熙地港店),农业东路15号熙地港购物中心,113.717479,34.784816,19137102617,8：00——22：00
金水区,50700,冷饮店,茶百道(瀚海海尚店),东风路瀚海海尚一层喷泉广场007,113.646442,34.801195,17335768022,8：00——22：00
金水区,50700,冷饮店,益禾堂(郑州国贸360店),丰产路65号附3号楼1层,113.679816,34.783574,17760735525,8：00——22：00
金水区,50700,冷饮店,霸王茶姬(郑州国贸360Tea Bar店),花园路新田360广场东1门商场内直接50米,113.679542,34.785094,19913711366,8：00——22：00
金水区,50700,冷饮店,茉酸奶( 郑州国贸360广场 ),花园路39号新田360广场ZY305号商铺,113.679947,34.784998,16638187775,8：00——22：00
金水区,50700,冷饮店,K22酸奶草莓(正弘城店),花园路126号正弘城B1层LB-S37,113.680375,34.796382,19139855539,8：00——22：00
金水区,50700,冷饮店,DQ(郑州正弘城店),花园路126号正弘城6楼L637号商铺,113.680665,34.796235,0371-67127570,8：00——22：00
金水区,50700,冷饮店,CHAGEE霸王茶姬(河南郑州瀚海海尚店),东风路142号瀚海海尚商业街区一层D178号8号线省中医院站c口,113.646947,34.800024,19838090790,8：00——22：00
金水区,50700,冷饮店,CoCo都可(熙地港店),农业东路与众意西路交叉口熙地港购物中心四楼,113.717587,34.784448,13027629772,8：00——22：00
金水区,50700,冷饮店,1点点(博雅广场店),明理路与修业街交叉口西50米路北博雅广场5号楼115,113.80934,34.791349,17700677762,8：00——22：00
金水区,50700,冷饮店,Oops!哎呦,西里路47号,113.66844,34.76024,15225106974,8：00——22：00
金水区,50700,冷饮店,霸王茶姬(郑州星光城店),郑汴路星光城购物中心A1门口(检察院正对面),113.715791,34.744684,4008788359,8：00——22：00
金水区,50700,冷饮店,爷爷不泡茶NOYEYENOTEA(郑州瀚海璞丽中心店),瀚海璞丽中心店肯德基旁边爷爷不泡茶,113.695071,34.775394,17638525957,8：00——22：00
金水区,50700,冷饮店,茉莉奶白(郑州瀚海璞丽中心店),黄河路1号瀚海·璞丽中心,113.695463,34.775079,13027747757,8：00——22：00
金水区,50700,冷饮店,CoCo都可(曼哈顿店),金水路305号曼哈顿裙房一层A1185-1号,113.706947,34.761689,18530977936,8：00——22：00
金水区,50700,冷饮店,阿秋姐妹糖水铺(油化厂店),黄河路68号郑州记忆.1952油化厂创意园区内崇山区2-2号,113.640571,34.772284,15036020299,8：00——22：00
金水区,50700,冷饮店,CoCo都可(新都汇360店),金水东路60号绿地新都汇360广场B馆4层C40号商铺,113.768461,34.769781,19937850851,8：00——22：00
金水区,50700,冷饮店,DQ(郑州绿地新都会店),金水东路80号绿地新都会新田360B区4楼好食好物区AC01铺,113.767675,34.769975,0371-55376211,8：00——22：00
金水区,50700,冷饮店,霸王茶姬(郑州东区万达坊店),商都路郑州东区万达坊一楼,113.730816,34.745663,13383858240;13439225545,8：00——22：00
金水区,50700,冷饮店,DQ(郑州CBD),商务西六街中段丹尼斯二天地百货1F-132、B137商铺,113.721585,34.768895,0371-86616258,8：00——22：00
金水区,50700,冷饮店,九份糖水铺(优胜南路店),金水区地优胜南路,113.661702,34.766941,15515581087,8：00——22：00
金水区,50700,冷饮店,漫雪斯炒酸奶(丰产店),丰产路23号,113.668891,34.78352,15225905003;18003732087,8：00——22：00
金水区,50700,冷饮店,茶百道(校内店未上外卖),东风路与信息学院路交叉口向东100米路南,113.660316,34.799399,18637153500,8：00——22：00
金水区,50700,冷饮店,茶百道(郑州金水黄河路店),文化路27号,113.667704,34.773849,13140075909,8：00——22：00
金水区,50700,冷饮店,豆花日记(龙子湖店),平安大道199号建业智慧港c座s110,113.8069,34.791139,17513368291,8：00——22：00
金水区,50700,冷饮店,奈雪的茶(郑州正道花园百货店),花园路8号正道花园百货1层HY-01-05号商铺,113.682793,34.769278,19868031448,8：00——22：00
金水区,50700,冷饮店,DQ(郑州局外太格茂店),平安大道博学路交汇处局外太格茂1楼中庭,113.801346,34.793335,0371-88917011,8：00——22：00
金水区,50700,冷饮店,爷爷不泡茶NOYEYENOTEA(郑州金城时代广场店),姚砦路133号10号楼1层106,113.706701,34.777081,13723276964,8：00——22：00
金水区,50700,冷饮店,霸王茶姬(郑州丹尼斯2天地店),郑东新区商务西七街丹尼斯二天地购物中心三层一天地与二天地中间连廊处商铺,113.721632,34.768864,17839907121,8：00——22：00
金水区,50700,冷饮店,OTHER TEA另茶(郑州郑东万象城),金水东路辅路与才高街交叉口东南200米郑州郑东万象城B2层,113.765236,34.765431,18201332559,8：00——22：00
金水区,50700,冷饮店,蜜雪冰城(绿地新都会店),金水东路80号3号楼103室1层附3号(103室),113.769523,34.770474,15038307767;17836990150,8：00——22：00
金水区,50700,冷饮店,茉莉奶白(郑州郑东万象城北区七楼店),金水东路与才高街交汇处郑东万象城北苑7层30,113.764294,34.765781,18603828622,8：00——22：00
金水区,50700,冷饮店,霸王茶姬(郑州银泰inPARK1区店),郑东新区银泰金融岛商业1区1层B-L1019号商铺,113.738394,34.811731,4008788359,8：00——22：00
金水区,50700,冷饮店,茶百道(郑州金成时代广场店),姚砦路133号10号楼1层108号,113.706075,34.777075,17719801682,8：00——22：00
金水区,50700,冷饮店,茉莉奶白(郑州熙地港店),郑东新区农业东路15号(熙地港购物中心)负一层B1005铺,113.71826,34.784946,15515989113,8：00——22：00
金水区,50700,冷饮店,霸王茶姬(郑州印象汇店),中州大道印象汇商场北门临街商铺,113.724583,34.749459,15515918813,8：00——22：00
金水区,50700,冷饮店,蜜雪冰城(曼哈顿1店),未来路街道金水路305号金水升龙广场A区1260号店铺,113.705407,34.761809,16603993578,8：00——22：00
金水区,50700,冷饮店,沪上阿姨·精选茶饮(郑州健康路店),经八路街道健康路华林广场一楼168-9号-3号郑州健康路店,113.663981,34.773154,15638200138,8：00——22：00
金水区,50700,冷饮店,霸王茶姬(郑州金成时代广场店),姚砦路红旗路交叉口向东步行200米临街商铺,113.706406,34.777089,19937170533,8：00——22：00
金水区,50700,冷饮店,眷之茶(郑州国贸360A区店),郑州国贸360A区负一楼店,113.679973,34.784916,13937132500,8：00——22：00
金水区,50700,冷饮店,喜茶(郑州新田360广场店),花园路新田360广场(国贸店)南区一层中庭西侧C101号铺,113.679317,34.784806,0371-65016026,8：00——22：00
金水区,50700,冷饮店,爷爷不泡茶NOYEYENOTEA(郑州瀚海海尚外街店),郑州瀚海海尚5号楼一层143号铺,113.646403,34.800922,13938284188,8：00——22：00
金水区,50700,冷饮店,饮.Yue(黄河路良酷油化厂创意园店),沙口路黄河路北郑州记忆1952油化厂旅游休闲街区,113.640875,34.772525,18638777725,8：00——22：00
金水区,50700,冷饮店,爷爷不泡茶NOYEYENOTEA(郑州健康路店),健康路99-13号,113.664256,34.768499,19059576587,8：00——22：00
金水区,50700,冷饮店,茶百道(印象汇店),中州大道1188号印象汇负一楼茶百道,113.724933,34.748156,13526765623,8：00——22：00
金水区,50700,冷饮店,茶百道(郑州金融岛银泰西岛店),郑东新区金融岛银泰商业D-L2007号铺,113.729696,34.813628,13938412132,8：00——22：00
金水区,50700,冷饮店,爷爷不泡茶NOYEYENOTEA(郑州东区万达坊店),商都路5号附5号万达坊一楼1039号,113.730643,34.745529,19138085990,8：00——22：00
金水区,50700,冷饮店,爷爷不泡茶NOYEYENOTEA(郑州曼哈顿广场店),金水路305号裙房一楼1236号,113.706711,34.76167,19059528535,8：00——22：00
金水区,50700,冷饮店,CoCo都可(金水万达店),农科路科明路金水万达10号楼1层133号,113.67702,34.793565,19139950338,8：00——22：00
金水区,50700,冷饮店,蜜雪冰城(曼哈顿十字路口店),曼哈顿广场B区1187号,113.707468,34.761539,13007505108,8：00——22：00
金水区,50700,冷饮店,茶百道(郑州黑朱庄店),黑朱庄路未来滨河小区57号商户,113.712901,34.766402,13253525297,8：00——22：00
金水区,50700,冷饮店,爷爷不泡茶NOYEYENOTEA(郑州绿地新都会B馆店),金水东路80号新田360广场·绿地新都会店B馆商场4楼,113.768462,34.76983,15738400709,8：00——22：00
金水区,50700,冷饮店,茶百道(凤凰茶城店),陇海路未来路交叉口凤凰茶城C区9号楼1-A31,113.707551,34.740678,18539263902,8：00——22：00
金水区,50700,冷饮店,DQ(郑州永和时光里店),平安大道197号永和龙子湖中央广场3F-43商铺,113.805679,34.791351,19337857737,8：00——22：00
金水区,50700,冷饮店,霸王茶姬(郑州龙湖里店),中环南路67号龙湖里商业街区北入口一层底商,113.741873,34.791428,19139709187,8：00——22：00
金水区,50700,冷饮店,麒麟大口茶(郑州大卫城店),二七路丹尼斯大卫城BF层075号,113.666558,34.75766,19337177493,8：00——22：00
金水区,50700,冷饮店,蜜雪冰城(任砦北街店),河南省体育场西门北130米,113.664288,34.769059,15903607362,8：00——22：00
金水区,50700,冷饮店,蜜雪冰城(瀚海·璞丽中心店),黄河路1号璞丽中心D座1017号,113.69585,34.775435,15637845678,8：00——22：00
金水区,50700,冷饮店,茉沏(郑州国贸360店),花园路39号新田360广场负一层ZA001号,113.680269,34.784923,17700618058,8：00——22：00
金水区,50700,冷饮店,蜜雪冰城(正商博雅广场店),博学路办事处正商博雅广场3号楼105室,113.809675,34.791687,15617941763,8：00——22：00
金水区,50700,冷饮店,茶百道(郑州博雅广场店),博学路办事处正商博雅广场5号楼1楼104东,113.809103,34.791679,15093306513,8：00——22：00
金水区,50700,冷饮店,眷茶臻选(郑州银泰inPARK店),郑州银泰B区2F层B-L2007,113.738808,34.81268,18037869970,8：00——22：00
金水区,50700,冷饮店,茶百道(21世纪店),花园路Z世代商场1楼餐饮区,113.679893,34.783594,15638555328,8：00——22：00
金水区,50700,冷饮店,蜜雪冰城(河南财经政法大学店),河南财经政法大学新校区计算机与信息工程学院东南门西130米,113.817527,34.785868,15670631317,8：00——22：00
金水区,50700,冷饮店,爷爷不泡茶NOYEYENOTEA(郑州东区万象城店),郑东新区金水东路辅路与才高街交叉口万象商场负二楼CB207号铺,113.764208,34.765546,19900927205,8：00——22：00
金水区,50700,冷饮店,蜜雪冰城(金融岛店),金融岛北地铁站A1口B1层(下手扶电梯),113.735624,34.814986,18638207086,8：00——22：00
金水区,50700,冷饮店,蜜雪冰城(燕庄一店),升龙广场F区南门西80米,113.708891,34.759884,15138472404,8：00——22：00
金水区,50700,冷饮店,CoCo都可(璞丽中心店),黄河路与经二路瀚海璞丽一楼C1006号,113.696071,34.775147,18039282679,8：00——22：00
金水区,50700,冷饮店,爷爷不泡茶NOYEYENOTEA(郑州信万广场店),信万广场1号门,113.647835,34.819508,19139863687,8：00——22：00
金水区,50700,冷饮店,眷茶(绿地二期店),绿地新都会A馆5楼,113.766521,34.77071,19037119193,8：00——22：00
金水区,50700,冷饮店,蜜雪冰城(凯旋广场店),农科路与科新路凯旋广场3-114,113.680111,34.793713,18939571222,8：00——22：00
金水区,50700,冷饮店,CoCo都可(宝龙广场店),宝龙城市广场1层052号-053号,113.738496,34.782366,18037692367,8：00——22：00
金水区,50700,冷饮店,初茶CHUCHAT(金融岛店),龙湖金融岛中环路19号方金大厦1层101A,113.736028,34.815504,16637138799,8：00——22：00
金水区,50700,冷饮店,喜茶(郑州瀚海海尚店),东风路街道D-176号瀚海海尚街区街区一层,113.646575,34.800001,18530861795,8：00——22：00
金水区,50700,冷饮店,CoCo都可(天旺联华店),东风路38号世纪联华超市一楼,113.639486,34.796527,15515705409,8：00——22：00
金水区,50700,冷饮店,茶百道(郑州曼哈顿升龙广场店),金水路305号曼哈顿广场裙房A1256号,113.705398,34.761834,17516216792,8：00——22：00
金水区,50700,冷饮店,茉莉奶白(郑州尚座中心店),祭城办事处金水东路39号尚座中心A馆一层AY105号,113.757019,34.763811,18937120511,8：00——22：00
金水区,50700,冷饮店,柠季·手打柠檬茶(郑州蜜油创意园),沙口路129号蜜油创意园区内8号楼,113.640221,34.774029,18173133376,8：00——22：00
金水区,50800,糕饼店,詹记桃酥(郑州正弘城店),花园路126号正弘城负一楼LB-S2号,113.680473,34.795836,15237827803,8：00——22：00
金水区,50800,糕饼店,睿时甜品蛋糕,政六街6号(黄河路地铁站F口步行200米),113.68461,34.775627,18538110603,8：00——22：00
金水区,50800,糕饼店,朝暮里面包店,顺河路1号院1-1-5,113.697786,34.759815,15514527570,8：00——22：00
金水区,50800,糕饼店,趁热集合(丹尼斯·大卫城店),杜岭街街道二七路太康路丹尼斯大卫城BF层052号,113.666101,34.757948,18638507156,8：00——22：00
金水区,50800,糕饼店,源麦甜·品质千层(龙子湖店),博学路街道教工花苑331-3,113.793952,34.80706,13007609921;19036978617,8：00——22：00
金水区,50800,糕饼店,本质.面包的开场白(黄河路16号院店),黄河路经五路交叉口西北角门店,113.677666,34.774722,19139925210,8：00——22：00
金水区,50800,糕饼店,迦南的早晨蛋糕甜品集合店(百花里店),民航路宏光百花里商业街11号楼1层103,113.718293,34.766139,0371-63682032,8：00——22：00
金水区,50800,糕饼店,面包真我(健康路店),健康路与优胜南路交叉口向北80米路东,113.664234,34.767559,17703810770,8：00——22：00
金水区,50800,糕饼店,爸爸糖吐司面包(郑州正弘城店),东风路28号院28号楼1层商7号,113.678522,34.79653,15538377522,8：00——22：00
金水区,50800,糕饼店,火荣宫廷桃酥王(总店),花园路23-2号(黄河路地铁站D口步行430米),113.682332,34.778616,15093115985,8：00——22：00
金水区,50800,糕饼店,幸食(万达坊店),万达坊2号门南80米(东风路地铁站B口步行150米),113.681093,34.793302,19337159397,8：00——22：00
金水区,50800,糕饼店,蓝塔烘焙(融元广场丹尼斯店),花园路与东风路交叉口向北200米路东融元广场1层,113.682075,34.80085,0371-55092190;15324947517,8：00——22：00
金水区,50800,糕饼店,香雪儿(文化路店),文化路62号(近创新大厦),113.666625,34.79465,0371-63923081,8：00——22：00
金水区,50800,糕饼店,自然熟Bakery(纬四路店),纬四路经四路交叉口东南角,113.690136,34.769968,0371-88959877,8：00——22：00
金水区,50800,糕饼店,MY GOD面包店,索凌路与宏明西路交叉口东南角,113.640929,34.825209,18838131427,8：00——22：00
金水区,50800,糕饼店,SHUO.W闪屿(正弘山店),通泰路66号正弘山东门南侧,113.73287,34.743666,17700615069;19339908640,8：00——22：00
金水区,50800,糕饼店,卡吉诺(东明路店),东明路与红专路交叉口北100米,113.700394,34.780979,0371-86567336,8：00——22：00
金水区,50800,糕饼店,夏至烘焙店,花园路与国基路交叉口向东300米,113.687592,34.819086,13523007773,8：00——22：00
金水区,50800,糕饼店,蓝塔(绿地新都会店),金水东路与心怡路交叉口西北角绿地新都会3号楼1楼,113.769149,34.770657,0371-60906645,8：00——22：00
金水区,50800,糕饼店,福晶园(经七路店),经七路32号3号楼12号,113.672023,34.77421,0371-63933252,8：00——22：00
金水区,50800,糕饼店,鲍师傅糕点(郑州正弘城店),正弘城购物中心B1层LB-S36号商铺,113.680325,34.796275,19937035929,8：00——22：00
金水区,50800,糕饼店,巴黎贝甜(绿地新都会店),金水东路80号绿地新都会F1层,113.767034,34.769826,15617613921,8：00——22：00
金水区,50800,糕饼店,元祖(郑东新区店),"商务外环路CBD13号一层,绿地峰会楼下",113.720192,34.77733,0371-66863158,8：00——22：00
金水区,50800,糕饼店,蓝塔烘焙(花园路店),花园路纬二路6号,113.682352,34.767796,0371-55505795,8：00——22：00
金水区,50800,糕饼店,福晶园(紫荆山店),花园路与金水路交叉口西北角,113.681663,34.764412,0371-61316139,8：00——22：00
金水区,50800,糕饼店,鲍师傅糕点(郑州熙地港店),熙地港购物中心B1F层008号商铺,113.718285,34.785098,17788117312,8：00——22：00
金水区,50800,糕饼店,GANSO元祖食品(未来路店),未来路福元路交叉口东南角,113.704698,34.757227,0371-60118182,8：00——22：00
金水区,50800,糕饼店,LanTa 蓝塔(经三路店),经三路北31-1号,113.692838,34.783942,0371-60906630,8：00——22：00
金水区,50800,糕饼店,锦酥坊新中式糕点(大上海城店),人民路25号2号楼一层(2-6号),113.671459,34.755972,19036952052,8：00——22：00
金水区,50800,糕饼店,蓉与茉面包,宏达街普罗旺世地中海广场星巴克对面,113.635207,34.823158,18837179497,8：00——22：00
金水区,50800,糕饼店,桂洲村桃酥(人民路店),人民路6号楼2号房(人民路工二街交叉口东北方向合记烩面北20米),113.675358,34.758408,15515506879,8：00——22：00
金水区,50800,糕饼店,元祖食品(东风路店),东风路丰乐路交叉口向西30米路北,113.638576,34.797062,0371-63322100,8：00——22：00
金水区,50800,糕饼店,蓝塔(金水升龙广场店),金水升龙广场3号楼3单元1层,113.705093,34.761861,0371-86601365,8：00——22：00
金水区,50800,糕饼店,仟吉西饼(国贸360店),花园路39号新田360广场E010号,113.680266,34.784926,0371-65350580,8：00——22：00
金水区,50800,糕饼店,GUYU谷予·冷萃茶蛋糕(印象汇店),中州大道1188号郑州印象汇B座5层005-1,113.725206,34.748913,18703669387,8：00——22：00
金水区,50800,糕饼店,HOT CRUSH趁热集合·现烤面包艺术馆(正弘城店),花园路126号正弘城BF层LB-S02号,113.680416,34.795691,19059518864,8：00——22：00
金水区,50800,糕饼店,蓝塔烘焙(兴荣街店),兴荣街与百福街交叉口向西40米路北18号楼109-110,113.735778,34.758399,0371-69195881,8：00——22：00
金水区,50800,糕饼店,香雪儿(黄河路店),黄河路120号(省人民医院地铁站A2口步行410米),113.69905,34.774835,0371-65960286,8：00——22：00
金水区,50800,糕饼店,怕肥点心铺(万安店),祭城路街道万安街6号永威·东棠,113.746343,34.758126,15515592872,8：00——22：00
金水区,50800,糕饼店,GUYU谷予·冷萃茶蛋糕(国贸店),国贸360创意楼2号楼1单元710,113.67928,34.784008,15690840221,8：00——22：00
金水区,50800,糕饼店,TinyFuFu芙芙蛋糕商店,人民路街道城东路113号院附1号城东路113号院,113.690382,34.757699,15791871959,8：00——22：00
金水区,50800,糕饼店,蓝塔烘焙(瀚海海尚店),东风路丰庆路交叉口西北角瀚海海尚商场南门入口处,113.646881,34.800271,0371-60339729,8：00——22：00
金水区,50800,糕饼店,仟吉西饼(曼哈顿店),金水路288号金水升龙广场B区1010号,113.708199,34.762356,0371-60151141,8：00——22：00
金水区,50800,糕饼店,福晶园(东风路店),东风路同乐小区180号(同乐地铁站A口步行420米),113.638422,34.796965,0371-88880609,8：00——22：00
金水区,50800,糕饼店,蓝塔烘焙(东风路店),东风路与丰乐路世纪联华(同乐地铁站F口步行210米),113.639465,34.79699,0371-60904900,8：00——22：00
金水区,50800,糕饼店,OPEN OVEN(熙地港店),农业东路15号熙地港购物中心B1层019号商铺,113.717985,34.784915,18137172003,8：00——22：00
金水区,50800,糕饼店,烁果面包店,东风路街道天明路82号开祥御龙城b区5号楼1层3号铺附4号,113.641563,34.800266,13783659185,8：00——22：00
金水区,50800,糕饼店,仟吉西饼(绿地老街店),天瑞街与天赋路交叉口,113.748322,34.783573,0371-63380589;19937805900,8：00——22：00
金水区,50800,糕饼店,黛汀烘焙DAINTY BAKERY(大卫城店),太康路与二七路交叉口丹尼斯大卫城3楼代字行,113.665879,34.757687,17737786003,8：00——22：00
金水区,50800,糕饼店,蓝塔烘焙(智汇城店),东风路59号智汇城一层S002,113.672363,34.797996,0371-61658300,8：00——22：00
金水区,50800,糕饼店,香雪儿(建业路店),凤鸣路21-18(东十里铺地铁站D口步行440米),113.722533,34.749742,0371-66830808,8：00——22：00
金水区,50800,糕饼店,乐春面包商店(燕寿街店),金水路250号,113.712008,34.763946,15503715996,8：00——22：00
金水区,50800,糕饼店,蛋壳DIY烘焙体验馆,丰产路国贸公寓二号楼一单元2411,113.679532,34.784289,17638472368,8：00——22：00
金水区,50800,糕饼店,蓝塔烘焙(健康路店),健康路与优胜南路交叉口北100米路西,113.664005,34.767414,0371-63352300,8：00——22：00
金水区,50800,糕饼店,百乐烘焙(经七路店),黄河路经七路交叉口向北90米路西,113.672079,34.775412,0371-63928730;15517550721,8：00——22：00
金水区,50800,糕饼店,禾之初,宏达街地中海广场10号公馆楼下一八中心停车场入口处,113.636449,34.822311,13083666863,8：00——22：00
金水区,50800,糕饼店,香雪儿(郑东新区店),顺驰第一大街西门北120米,113.741029,34.784426,0371-55200375;19003831512,8：00——22：00
金水区,50800,糕饼店,桂洲村(经三路店),经三路北19-1号,113.692837,34.780128,15515506858,8：00——22：00
金水区,50800,糕饼店,多来福烘焙(庙张店),庙张南区西3门旁,113.773472,34.781818,15617826661,8：00——22：00
金水区,50800,糕饼店,半丘面包(龙湖里店),龙湖办事处九如路与龙湖中环南路交叉口中盟苑D102-D103,113.742063,34.791399,19913817361,8：00——22：00
金水区,50800,糕饼店,LanTa蓝塔烘焙(永和时光里),平安大道197号(龙子湖地铁站E口步行370米),113.805516,34.791119,0371-63361926,8：00——22：00
金水区,50800,糕饼店,福晶园(任寨北街店),文化路与任砦北街交叉口向西路北,113.664803,34.770849,0371-63912902,8：00——22：00
金水区,50800,糕饼店,西树泡芙(郑州国贸新田360广场店),花园路39号国贸360广场B1层,113.679635,34.785102,15538172965;18838092823,8：00——22：00
金水区,50800,糕饼店,仟吉西饼(人民路店),人民路25号,113.671286,34.755909,0371-60104855,8：00——22：00
金水区,50800,糕饼店,三色鸽(黄河路店),黄河路83-4号(海滩寺地铁站A口步行410米),113.6559,34.774456,0371-63850289,8：00——22：00
金水区,50800,糕饼店,香雪儿(河南省总工会家属院店),纬一路13-2号,113.678439,34.766666,0371-65967008,8：00——22：00
金水区,50800,糕饼店,福晶园(瀚海·璞丽中心店),黄河路与经二路交叉口一楼,113.696327,34.774899,0371-55085305,8：00——22：00
金水区,50800,糕饼店,仟吉西饼东明路丹尼斯店,东明路与红专路交叉口西北角丹尼斯1F层,113.69989,34.780715,0371-55911912,8：00——22：00
金水区,50800,糕饼店,西树泡芙(丹尼斯·大卫城店),西太康路与二七路交汇处西北角丹尼斯·大卫城B1层,113.666655,34.757622,15137912359;15538172965,8：00——22：00
金水区,50800,糕饼店,朴作日式面包屋(中义·阿卡迪亚店),郑东新区金水路10号院(黄河南路地铁站D口步行90米),113.743313,34.763662,18638776986,8：00——22：00
金水区,50800,糕饼店,锦鲤坊蛋糕(文博西路店),文化路恒大名都5号楼101号商铺(文博西路与白庙路交叉口西北角),113.669886,34.795649,0371-65320085;19003831705,8：00——22：00
金水区,50800,糕饼店,香雪儿(绿地新都会店),金水东路80号绿地新都会F1层,113.770046,34.770051,0371-67113266,8：00——22：00
金水区,50800,糕饼店,大豫人家(郑州聚源路店),郑东新区宏图街21号院1号楼1-2层附1号商铺,113.739753,34.752178,0371-58601081,8：00——22：00
金水区,50800,糕饼店,好利家蛋糕(纬五路店),纬五路3号,113.697336,34.771859,0371-56665629;0371-56696978;17703866820,8：00——22：00
金水区,50800,糕饼店,香雪儿(郑州市郑东新区畅和街教师家属院店),郑东新区畅和街教师家属院北门东60米,113.772736,34.779086,0371-63389518,8：00——22：00
金水区,50800,糕饼店,桂洲村桃酥(丰产路店),国师高考团队文化路校区西门旁,113.666923,34.783533,15515506907,8：00——22：00
金水区,50800,糕饼店,仟吉西饼(东里路店),东里路58号楼第一层门面房3号,113.683967,34.758219,0371-60271535,8：00——22：00
金水区,50800,糕饼店,香雪儿(瀚宇新城店),丰庆路与龙门路交叉口向西100米翰宇新城南门西侧,113.648209,34.84247,18539962729,8：00——22：00
金水区,50800,糕饼店,the Roll'ING手作瑞士卷(丹尼斯·大卫城店),丹尼斯·大卫城B1层,113.665962,34.757518,15837104892,8：00——22：00
金水区,50800,糕饼店,呐呆面包,科明路与农科路交叉口北120米,113.676632,34.793296,16637108897,8：00——22：00
金水区,50800,糕饼店,FANEN法念烘焙(国贸360店),花园路39号新田360广场E003号(南区负一),113.679825,34.784975,13837159764,8：00——22：00
金水区,50800,糕饼店,黛汀烘焙DAINTY BAKERY(翰林居店),郑东新区九如东路6号6号楼1-2层附9号,113.743699,34.778619,0371-63390434;15150483765,8：00——22：00
金水区,50800,糕饼店,香雪儿(南阳路店),南阳路93号(同乐地铁站B口步行430米),113.638483,34.791519,13523502880,8：00——22：00
金水区,50800,糕饼店,DQ(郑州记忆油化厂创意园店),黄河路68号郑州记忆油化厂创意园区内顺河区河7-7号,113.640204,34.771938,13938533077,8：00——22：00
金水区,50800,糕饼店,香雪儿(徐寨店),嘉和园北门旁(北三环地铁站A口步行410米),113.684755,34.805432,0371-65713350,8：00——22：00
金水区,50800,糕饼店,仟吉西饼(万达中心店),农科路与科明路交叉口金水万达金街111号,113.677233,34.793092,0371-65353682,8：00——22：00
金水区,50800,糕饼店,仟吉西饼(兴荣街店),兴荣街27号,113.742095,34.75786,0371-58682039,8：00——22：00
金水区,50800,糕饼店,香雪儿(正商博雅广场店),平安大道与明理路交叉口西南角博雅广场3号楼104号,113.8098,34.791556,0371-61281886,8：00——22：00
金水区,50800,糕饼店,仟吉西饼(福元路店),银基王朝四期北门西110米,113.71471,34.757255,0371-55905814,8：00——22：00
金水区,50800,糕饼店,仟吉西饼(宝龙店),农业东路与九如路交叉口宝龙城市广场一楼,113.738252,34.782368,0371-58683787,8：00——22：00
金水区,50800,糕饼店,仟吉西饼(建文店),黄河路25号院经津大厦F1层,113.669854,34.774799,0371-55073151,8：00——22：00
金水区,50800,糕饼店,中原铺子(郑州印象汇店),中州大道1188号郑州印象汇1F层,113.725113,34.748575,19900962771,8：00——22：00
金水区,50800,糕饼店,ONE BAGEL(丹尼斯·大卫城店),二七路与西太康路交汇处大卫城B1层050号,113.666716,34.757688,15803840108,8：00——22：00
金水区,50800,糕饼店,卡米琪蛋糕(主语城店),文化路与三全路交叉口西200米路北主语城商业街13号楼1层附2号,113.655978,34.830775,0371-63709688,8：00——22：00
金水区,50800,糕饼店,仟吉西饼(建业五栋大楼店),万达坊建业五栋大楼店南门东50米,113.731629,34.745198,0371-55906525,8：00——22：00
金水区,50800,糕饼店,仟吉西饼(经三路东风渠店),经三路与鑫苑路交叉口东北角,113.693045,34.797091,0371-58683782,8：00——22：00
金水区,50800,糕饼店,爱尚多来福(盛和街店),郑东新区祭城社区东六小区32号,113.768175,34.776625,15617826669;15670605559;15890108955,8：00——22：00
金水区,50800,糕饼店,怡然烘焙DIY·定制蛋糕,科源路与科明路交叉路口南万达公SOHOA座6楼631,113.676504,34.79341,15516952356,8：00——22：00
金水区,50800,糕饼店,黛汀烘焙DAINTYBAKERY(熙地港店),如意湖街道地德街1号绿城·百合公寓春晓苑,113.718677,34.78613,0371-55616434,8：00——22：00
金水区,50800,糕饼店,谷禾列巴(纬五路店),经三路纬五路交叉口向西100米路南,113.69098,34.771748,18703833909,8：00——22：00
金水区,50800,糕饼店,田朵半糖蛋糕,黄河里PARK东门,113.74664,34.756427,17319798885,8：00——22：00
金水区,50800,糕饼店,仟吉西饼(普罗旺世店),索凌路与国基路交叉口向南100米路西,113.639117,34.817883,0371-58682079,8：00——22：00
金水区,50800,糕饼店,香雪儿烘焙文创小院(蜜油创意园店),沙口路129号蜜油创意园区内8号楼,113.639922,34.774132,0371-89831193;19003831538,8：00——22：00
金水区,50800,糕饼店,蓝塔烘焙(建文新世界商厦店),黄河路96号建文新世界商厦F1层,113.669447,34.77433,0371-60950087,8：00——22：00
金水区,50800,糕饼店,DQ(郑州瀚海海尚店),东风路32号瀚海海尚集中商业1层012号,113.646403,34.800922,17737795162,8：00——22：00
金水区,50800,糕饼店,三利草鸡蛋蛋糕,宏明路郑州国际城商铺12号,113.66927,34.824326,17744624016,8：00——22：00
金水区,50800,糕饼店,一鹿稻甜蛋糕店(金城时代店),金城时代广场14号楼1单元东面商铺188商铺,113.705463,34.777926,15565080295,8：00——22：00
金水区,50800,糕饼店,香雪儿(永威·五月花城店),永威·五月花城东门北70米,113.81674,34.812633,0371-57073718,8：00——22：00
金水区,50800,糕饼店,福晶园(牧专社区店),广电南路与金明路交叉口东南角1层2号,113.688997,34.805378,0371-86560515,8：00——22：00
金水区,50800,糕饼店,香雪儿(姚桥店),小夏街与薛夏南街交汇处南路西,113.797503,34.812647,0371-55676661,8：00——22：00
金水区,50800,糕饼店,蓝塔烘焙(信万广场店),国基路87号信万广场F1层,113.646575,34.819524,0371-60907745;15324940967,8：00——22：00
金水区,50800,糕饼店,仟吉西饼(瀚海海尚店),东风路丰庆路交叉口瀚海海尚广场街区一层B187号,113.647392,34.801287,0371-63753855,8：00——22：00
金水区,50800,糕饼店,香雪儿(纬二路店),纬二路11-2号,113.68575,34.767718,0371-55200378;0371-61776935;19003831509,8：00——22：00
金水区,50800,糕饼店,麦上云霄烘焙(国泰一品店),北林路街道金明路28号国泰一品庄园2号楼1-2层商108,113.688358,34.813001,15603715186,8：00——22：00
金水区,50800,糕饼店,帕帕珍味(金融岛店),龙湖金融岛郑州银泰inPARK商业1区1层L1-DJ104-1,113.738662,34.812396,19103887435,8：00——22：00
金水区,50800,糕饼店,崎本的店·烘焙小镇(郑州正弘城店),花园路126号郑州正弘城B1层(东风路地铁站D口旁),113.680678,34.796454,17516190664,8：00——22：00
金水区,50800,糕饼店,仟吉西饼(东风路店),同乐小区59号楼1号(同乐地铁站E口步行230米),113.638548,34.797278,0371-58683761;17737279191,8：00——22：00
金水区,50800,糕饼店,仟吉西饼(21世纪店),花园北路59号(沙门地铁站A口步行180米),113.682293,34.817236,0371-58682083,8：00——22：00
金水区,50800,糕饼店,全日鲜(宏图街店),八里庙南六社区北门西60米,113.733725,34.752156,0371-55027066;13608694966,8：00——22：00
金水区,50800,糕饼店,仟吉西饼(龙兴嘉苑店),七星整形南门西北100米,113.770292,34.793223,0371-58682019,8：00——22：00
金水区,50800,糕饼店,安妮贝可生日蛋糕(正弘城店),文化路街道农科路16号10号楼1层127-1号,113.676985,34.794023,19139953112,8：00——22：00
金水区,50800,糕饼店,爸爸糖吐司面包(郑州聚源路店),聚源路与兴荣街交叉口向东50米路南,113.740229,34.757848,18530927188,8：00——22：00
金水区,50800,糕饼店,稻香村(东风路直营店),东风路街道东风路32号院化纤厂家属院10号楼1层3号,113.646151,34.799382,0371-60981773,8：00——22：00
金水区,50800,糕饼店,约尚蛋糕龙子湖店,教工花苑西门北150米,113.793938,34.807722,15036063492,8：00——22：00
金水区,50800,糕饼店,中原铺子(二七店),友谊四季广场A座南门东60米,113.666415,34.764161,19937620928,8：00——22：00
金水区,50800,糕饼店,W·法式蛋糕(曼哈顿店),未来路街道顺河路107号1层1号,113.709173,34.759513,18503873030,8：00——22：00
金水区,50800,糕饼店,桂洲村桃酥(柳林路店),风雅颂·天骄学府南区东北门旁,113.674163,34.828184,15670611119,8：00——22：00
金水区,50800,糕饼店,仟吉西饼(汉飞国际店),沙口路与金水路交叉口汉飞金沙国际西门向北20米路东,113.645654,34.764572,0371-55951708,8：00——22：00
金水区,50800,糕饼店,豫见热麦 新鲜烘焙零食超级工厂(黄河路店),黄河路88号1号楼1层,113.660928,34.774458,13015505867,8：00——22：00
金水区,50800,糕饼店,8点DIY烘焙坊(国贸360),花园路与丰产路交叉口国贸新领地2号楼1单元911室,113.679425,34.784125,13513712855,8：00——22：00
金水区,50800,糕饼店,仟吉西饼(太格茂店),汇艺悦公馆北门西140米,113.801519,34.793094,0371-63318702,8：00——22：00
金水区,50800,糕饼店,西萨(丰产路店),经八路街道丰产路经七路交叉口27号院,113.673285,34.78349,0371-63935130;0371-65745359;18790293546,8：00——22：00
金水区,50800,糕饼店,董满满健康烘焙祥盛街店,心怡路祥盛街交口向东120米路北,113.773402,34.767369,16668115290,8：00——22：00
金水区,50800,糕饼店,蛋糕剧院(万达坊店),花园路278号建业凯旋广场外层商铺3号楼2楼207,113.680001,34.793444,17601505726,8：00——22：00
金水区,50800,糕饼店,吉叮烘焙(国贸店),红专路50号院西1门旁,113.677965,34.780229,15137193874,8：00——22：00
金水区,50800,糕饼店,瑞晶坊面包蛋糕(口口香老店),纬五路30号院北门旁,113.676123,34.771801,0371-55935286,8：00——22：00
金水区,50800,糕饼店,苏苏烘焙,华北水利水电大学北区,113.673957,34.816202,15038118924,8：00——22：00
金水区,50800,糕饼店,佬俵糕点(三全路店),三全路86号4号楼1层附8号,113.654918,34.830027,15514500091;18839776827,8：00——22：00
金水区,50800,糕饼店,百福斋宫廷糕点(马庄小区店),商鼎路与百福街向南50米路东,113.73653,34.754209,18039971337,8：00——22：00
金水区,50800,糕饼店,浮光之丘MontCake生日蛋糕(郑州正弘城店),花园路126号郑州正弘城B1层(东风路地铁站C口旁),113.680468,34.79583,13938517407,8：00——22：00
金水区,50800,糕饼店,浅夏鲜果蛋糕,黄河路40号,113.659667,34.774651,18137102755,8：00——22：00
金水区,50800,糕饼店,Mangata月影烘焙工作室(创意Studio店),丰产路国贸创意studio2号楼一单元1508,113.679276,34.783985,15093233673,8：00——22：00
金水区,50800,糕饼店,RU cake茹小茹蛋糕定制,国基路与索凌路交叉口向南20米路西,113.639386,34.819064,18530074788;18538926355,8：00——22：00
金水区,50800,糕饼店,王豆哥绿豆饼,文劳路园田路交叉口向西100米路南,113.651186,34.805106,15036064545,8：00——22：00
金水区,50800,糕饼店,仟吉西饼(普罗旺世二店),索凌路宏明路交叉口向东50米路南,113.641052,34.825229,0371-55395850,8：00——22：00
金水区,50800,糕饼店,麦上云霄(福彩路店),福彩路10号鑫苑名家都市家园一号楼一层附一号,113.698587,34.805357,15537110770,8：00——22：00
金水区,50800,糕饼店,中原铺子(东三店),东三街与农业路交叉口,113.658644,34.786915,19949197815,8：00——22：00
金水区,50800,糕饼店,大豫人家(郑州博颂路店),东风路街道博颂路38号豫军长基花园1号楼1层107号,113.640356,34.808758,19337100018,8：00——22：00
金水区,50800,糕饼店,香雪儿(21世纪社区店),郑花路59号21世纪广场左岸国际1层西2商铺,113.682581,34.815805,0371-88813879,8：00——22：00
金水区,50800,糕饼店,百乐(林科路店),中州大道217国信广场F1层,113.705264,34.789386,0371-86599813;18503840945,8：00——22：00
金水区,50800,糕饼店,福晶园(龙门店),普庆路与宏康路交叉口东北角,113.646222,34.842626,0371-63680233;13526671609,8：00——22：00
金水区,50800,糕饼店,辰记江南米糕(纬四路店),纬四路与政七街交叉口东60米,113.688027,34.770226,15515913914,8：00——22：00
金水区,50800,糕饼店,南耀離绿豆饼店,花园路红专路西50米路北,113.681342,34.780074,13333569211,8：00——22：00
金水区,50800,糕饼店,北京稻香村(兴荣街店),通泰路与兴荣街交叉口向东50米路北,113.734143,34.758473,18503800955,8：00——22：00
金水区,50800,糕饼店,多来福烘焙(龙都汇店),中州大道与天伦路交叉口西北角龙都汇F1-06号商铺,113.694479,34.826341,17335711258,8：00——22：00
金水区,50800,糕饼店,中原铺子(黄河路店),黄河路政七街往东100米路北,113.687928,34.77483,0371-88903187;19937114364,8：00——22：00
金水区,50800,糕饼店,清晨阳光烘焙生活馆,丰庆路36号院15号楼一层s1507号,113.643957,34.817449,16638132580,8：00——22：00
金水区,50900,甜品店,福禄冰甜食堂,南阳路沙口路129号蜜油创意园西广场入口处东南方向40米,113.638127,34.773085,15788988294;16603813294,8：00——22：00
金水区,50900,甜品店,赵记传承(郑州印象汇店),凤凰台街道中州大道1188号印象汇负一楼鲜风超市出口,113.725257,34.749336,18926045647,8：00——22：00
金水区,50900,甜品店,小莲炒冰(郑州总店),纬三路18号,113.667704,34.76926,18639024789,8：00——22：00
金水区,50900,甜品店,仲景生活(国贸店),丰产路63号,113.680488,34.783863,18625553406,8：00——22：00
金水区,50900,甜品店,极拉图(郑州正弘城店),花园路126号郑州正弘城B1层(东风路地铁站D口旁),113.680615,34.796129,15516151253,8：00——22：00
金水区,50900,甜品店,赵记传承(永和时光里店),永和时光里三楼,113.805584,34.791185,18926045647,8：00——22：00
金水区,50900,甜品店,DQ(郑州国贸店),花园路39号郑州国贸中心负一层,113.679973,34.784954,0371-65701580,8：00——22：00
金水区,50900,甜品店,赵记传承(郑州信万广场店),国基路与丰庆路交叉口信万广场负一层,113.647244,34.819151,18926045647,8：00——22：00
金水区,50900,甜品店,DQ(郑州建文店),经八路96-8号建文汇美尚城商场一层A006商铺,113.669151,34.77397,0371-56000238,8：00——22：00
金水区,50900,甜品店,CHCHCHUN春夏甜品,花园路街道纬五路10号院6号楼A10-1B10商铺,113.688392,34.774395,17310889093,8：00——22：00
金水区,50900,甜品店,极拉图·冰淇淋&茶(丹尼斯·大卫城店),二七路150号丹尼斯大卫城B1层,113.666152,34.75759,17365981128,8：00——22：00
金水区,50900,甜品店,红豆Q醇,优胜北路与健康路交叉向东30米路南,113.664609,34.769082,15136234678,8：00——22：00
金水区,50900,甜品店,青岩爆浆榴莲芝士饼,燕庄二街485号,113.707115,34.76085,13223022935,8：00——22：00
金水区,50900,甜品店,枫糖里·糖水铺,东风路街道瀚海海尚商业街1层B172,113.647015,34.80078,13523429773,8：00——22：00
金水区,50900,甜品店,朱迪小铺(大观店),中州大道北三环交叉口北400米路西中永中原大观10号楼3楼,113.698543,34.812916,18637186285,8：00——22：00
金水区,50900,甜品店,树夏甜铺,盛和街建业半英里1楼(祭城地铁站B口步行140米),113.764312,34.777039,18838982154,8：00——22：00
金水区,50900,甜品店,书亦烧仙草(郑州金水区建文新世界店),黄河路96号汇美尚城F1层,113.669271,34.774319,19937133016,8：00——22：00
金水区,50900,甜品店,星姨糖水铺(郑州郑东万象城),金水东路辅路与才高街交叉口东南200米郑州郑东万象城L3层,113.765366,34.764744,15303818238,8：00——22：00
金水区,50900,甜品店,胖熊家炒酸奶(郑州健康路店),优胜南路于健康路交叉口向南五十米路西,113.663991,34.766479,15690886587,8：00——22：00
金水区,50900,甜品店,奶噗噗(外贸家属院店),黄河路黄河北街交叉口,113.660896,34.774745,17337187153,8：00——22：00
金水区,50900,甜品店,西树泡芙(郑州绿地新田360广场店),金水东路80号新田360广场郑州绿地店F4层,113.768388,34.769605,15324990302;18697326829,8：00——22：00
金水区,50900,甜品店,书亦烧仙草(郑州正道花园店),"花园路10-9号,正道花园商厦北15米路东",113.682347,34.769767,15664135188,8：00——22：00
金水区,50900,甜品店,阿福甜品(勤工街店),东风路贵人街7-124二楼,113.677664,34.796252,13164352200,8：00——22：00
金水区,50900,甜品店,汴梁徐先生厚切炒酸奶(金水金街店),农科路2万达中心F1层,113.67697,34.792685,17329335993,8：00——22：00
金水区,50900,甜品店,星姨糖水(瀚海海尚店),东凤路街道东风路142号瀚海海尚商业街区多径1层JY-B-1F-004号,113.647741,34.800508,15515687608,8：00——22：00
金水区,50900,甜品店,书亦烧仙草(郑州东区永和龙子湖中央广场店),永和时光里购物中心B1层,113.806338,34.791032,13373951839,8：00——22：00
金水区,50900,甜品店,二分之一,海滩街114号(海滩寺地铁站A口步行210米),113.65245,34.773131,18574169206,8：00——22：00
金水区,50900,甜品店,阿秋姐妹手作糖水铺(尚座中心),尚座中心B馆外面B120麦陌隔壁,113.757321,34.764044,19036522511,8：00——22：00
金水区,50900,甜品店,书亦烧仙草(郑州金水区宏明路店),宏明路7-36,113.671659,34.823982,15136408879,8：00——22：00
金水区,50900,甜品店,豆花日记(文化路店),亚亨花园北门西60米,113.661019,34.808476,18133630533,8：00——22：00
金水区,50900,甜品店,星姨糖水(油化厂店),中宫南路3号,113.640075,34.772117,16696637187,8：00——22：00
金水区,50900,甜品店,阿秋姐妹手作糖水铺(健康路店),体育场西门北110米,113.664226,34.768916,16668173255,8：00——22：00
金水区,50900,甜品店,书亦烧仙草(郑州新密刘寨镇店),建业步行街A区1排1号,113.724296,34.747804,19913718893,8：00——22：00
金水区,50900,甜品店,CoCo都可茶饮(金融岛店),龙湖金融岛郑州银泰inPARK商业1区2层B-L2009-2号,113.738289,34.811331,19069615569,8：00——22：00
金水区,50900,甜品店,蜜雪冰城(金成时代广场店),丰产路街道姚砦路133-25金成时代广场,113.706222,34.777102,18923340307,8：00——22：00
金水区,50900,甜品店,DQ(郑州金融岛银泰In Park店),龙湖金融岛小中环路(支11支12中间)郑州银泰inpark项目1区,113.739025,34.811273,15038145618,8：00——22：00
金水区,50900,甜品店,书亦烧仙草(郑州金水区正弘数码公寓店),文博西路25号正弘数码公寓,113.671279,34.794581,15993851826,8：00——22：00
金水区,50900,甜品店,九十葉(丹尼斯大卫城店),二七路太康路丹尼斯大卫城B1层004号柜位,113.666435,34.757935,18639021760,8：00——22：00
金水区,50900,甜品店,阿秋姐妹手作糖水(金水万达店),花园路街道科源路5号万达公馆,113.679324,34.793997,17629369917,8：00——22：00
金水区,50900,甜品店,芋香缘tarosweet(丹尼斯1天地),商务外环路1号丹尼斯1天地3层,113.723801,34.76728,0371-86012886;18103812605,8：00——22：00
金水区,50900,甜品店,书亦烧仙草(郑州金水区龙兴嘉苑店),龙翔七街与平安大道西200米龙兴嘉苑2号院17号楼3号商铺,113.77017,34.793298,19139899790,8：00——22：00
金水区,50900,甜品店,三好冰淇淋店(经纬花园店),纬四路与经四路交叉口往西100米路北,113.689001,34.770192,16692108670,8：00——22：00
金水区,50900,甜品店,DQ(郑州瀚海北金店),北三环73号北金时尚购物广场商场一楼DJ1001铺位,113.666456,34.809175,0371-63222741,8：00——22：00
金水区,50900,甜品店,星姨糖水(金融岛银泰4区店),金融岛郑州银泰4区2层C-L2020号,113.729252,34.811639,16668175649,8：00——22：00
金水区,50900,甜品店,书亦烧仙草(郑州金水区索凌路店),信基路西史赵小区南院22号楼2号商铺,113.638313,34.814118,15638221183,8：00——22：00
金水区,50900,甜品店,抱抱糕甜品店,小夏街与薛夏南街交叉口西200米路北58-8号,113.794722,34.813096,15378722918,8：00——22：00
金水区,50900,甜品店,米莎吉诺(郑州东明路店),东明路与顺河路交叉口北20米路西,113.700017,34.760197,0371-55287555,8：00——22：00
金水区,50900,甜品店,DQ(郑州信万广场店),国基路87号郑州信万广场1楼1013铺位,113.647244,34.819151,15544168833,8：00——22：00
金水区,50900,甜品店,书亦烧仙草(郑州金水区油化厂创意园店),沙口路181号(沙口路地铁站C口步行170米),113.640212,34.772017,17395818012,8：00——22：00
金水区,50900,甜品店,书亦烧仙草(郑州丹尼斯六天地店),郑东新区CBD商务内环丹尼斯六天地三楼,113.721439,34.777533,18538763176,8：00——22：00
金水区,50900,甜品店,书亦烧仙草(郑州郑东新区金融岛银泰A区店),金融岛A区2层A-L2007号,113.737655,34.814437,15639917877,8：00——22：00
金水区,50900,甜品店,书亦烧仙草(郑州金水区关虎屯地铁站店),地铁2号线关虎屯站C口负一楼,113.681218,34.787189,19339955962,8：00——22：00
金水区,50900,甜品店,珍毓糖水铺(外贸家属院店),海滩街3-5(海滩寺地铁站A口步行270米),113.652857,34.77228,18768899432,8：00——22：00
金水区,50900,甜品店,书亦烧仙草(郑州金水区朝阳街店),朝阳街店,113.683556,34.800053,13007540604,8：00——22：00
金水区,50900,甜品店,八喜冰淇淋蛋糕(郑东新区店),姚砦路133号金成时代广场12号楼112号,113.707273,34.778197,15736975659,8：00——22：00
金水区,50900,甜品店,JM手作甜品社(天下城店),大石桥街道体育馆西侧优胜南路1号天下城,113.660812,34.768788,13526862588,8：00——22：00
金水区,50900,甜品店,来碗糖水,工人新村41号楼63号,113.676759,34.758815,15516173328,8：00——22：00
金水区,50900,甜品店,凉凉慕水果捞(信万广场店),国基路87号信万广场F5层,113.647095,34.819089,13213222340;15138926300,8：00——22：00
金水区,50900,甜品店,F先生榴莲专营店(金汇苑店),郑东新区众意西路8号1号楼一层商铺,113.715366,34.783066,18738177773,8：00——22：00
金水区,50900,甜品店,登登糕甜品,经八路街道黄河路96号建文天天向上步行街内,113.668181,34.773936,17513236709,8：00——22：00
金水区,50900,甜品店,觉醒BAKERY甜品厨房,万科·古翠隐秀西门旁,113.695317,34.781545,17365986821,8：00——22：00
金水区,50900,甜品店,蜜雪冰城(新科大厦店),富景花园北门旁(白庙地铁站B1口步行480米),113.66205,34.799398,18003822391;18037301527,8：00——22：00
金水区,50900,甜品店,书亦烧仙草(郑州金水区丰庆佳苑店),博远路与普庆路交叉口,113.644017,34.817625,15703897365,8：00——22：00
金水区,50900,甜品店,芝士青年(名门国际A座店),农业路与东明路交叉口名门国际A座2328,113.699066,34.786221,0371-86555591,8：00——22：00
金水区,50900,甜品店,Y CAKE面包·咖啡·甜品,农科路与文博东路交叉口西5米,113.673416,34.792269,13303860858,8：00——22：00
金水区,50900,甜品店,快乐熊日面包.蛋糕.甜品(白庙小区店),东风路街道东风路59号白庙小区2号楼1-2层10号商铺,113.670488,34.795879,19139964558,8：00——22：00
金水区,50900,甜品店,八喜冰淇淋蛋糕(正弘城店),科源路5号金水金街2号楼2楼216(门口有国旗),113.677725,34.793375,18703632828,8：00——22：00
金水区,50900,甜品店,香酥牛奶棒,人民路工二街与工四街交叉口,113.676509,34.758072,18539860909,8：00——22：00
金水区,50900,甜品店,DQ(郑州嘉茂店),中州大道1188号印象汇负一楼,113.724882,34.748329,0371-55689080,8：00——22：00
金水区,50900,甜品店,汴梁徐先生厚切炒酸奶(普罗旺世店),普罗旺世地中海广场1号楼1层122号,113.636369,34.822899,17719874889;18638776092,8：00——22：00
金水区,50900,甜品店,蜜雪冰城(文化路店),河南省工业学校东门旁,113.664652,34.807503,18838218618,8：00——22：00
金水区,50900,甜品店,爱烘焙千层蛋糕甜品(阳光新城店),中州大道与鑫苑路交叉口阳光新城21号楼3单元1层附80号,113.703439,34.798185,17335705070,8：00——22：00
金水区,50900,甜品店,有间甜铺(瀚海海尚店),瀚海海尚街区二楼A203,113.646668,34.800654,16668093358,8：00——22：00
金水区,50900,甜品店,好时炒酸奶(天旺广场店),东风路丰乐路世纪联华天旺店1层1号,113.639955,34.797209,15517158837;15737107180,8：00——22：00
金水区,50900,甜品店,快乐番薯(郑州金水海亮时代广场店),海亮时代广场一楼,113.667625,34.842425,13526685319,8：00——22：00
金水区,50900,甜品店,上下甜品,河南省实验小学西门西50米,113.694948,34.767253,0371-65029699,8：00——22：00
金水区,50900,甜品店,徐先生厚切炒酸奶(瀚海海尚店),东风路丰庆路瀚海海尚商业街区2楼206,113.646776,34.801061,13253398665;18539277895,8：00——22：00
金水区,50900,甜品店,书亦烧仙草(河南省信息安全产业示范基地店),辉瑞财智广场南1门旁,113.742257,34.842879,15538317891,8：00——22：00
金水区,50900,甜品店,书亦烧仙草(郑州华北水院水科路店),华北水利水电大学花园校区北苑餐厅东侧水科路20-1号附1号,113.674136,34.815461,15225056739,8：00——22：00
金水区,50900,甜品店,阿秋姐妹手作糖水铺(龙湖里店),郑东新区龙湖中环南路67号B区1层102号,113.741864,34.79083,19913856660,8：00——22：00
金水区,50900,甜品店,糯米甜藕(祭城店),祭城农贸市场a区8号(祭城地铁站D口步行130米),113.767874,34.776329,18037306762,8：00——22：00
金水区,50900,甜品店,吉姆大师傅(文化路店),安泰文苑南门西60米(丰庆路地铁站A口步行110米),113.656333,34.829922,17737178762,8：00——22：00
金水区,50900,甜品店,奈雪的茶(郑州永威木色购物公园店),河南自贸试验区郑州片区(郑东)商务东五街6号永威木色购物公园1层L129号铺位,113.776853,34.758582,19868123316,8：00——22：00
金水区,50900,甜品店,三小姐甜品(金水金街店),金水区金水金街11-228,113.677717,34.793161,15603104003;18339996075,8：00——22：00
金水区,50900,甜品店,郑州市花甜间·鲜花蛋糕(创意studio创意楼店),花园路丰产路国贸创意(studio)写字楼2号楼1单元7层707,113.679571,34.783868,15093176566,8：00——22：00
金水区,50900,甜品店,胖墩炒酸奶(国贸360店),经五路19号关虎屯生活广场A栋壹层AFM1003,113.679228,34.783193,15237182895;18203729891,8：00——22：00
金水区,50900,甜品店,云冻城DuangDuang炒酸奶,相济路28号庙张社区7号楼三单元一楼西户,113.774159,34.784124,18539492568,8：00——22：00
金水区,50900,甜品店,书亦烧仙草(郑州金水区丰业广场店),农业路52号丰业广场F1层,113.643666,34.786065,18838254880,8：00——22：00
金水区,50900,甜品店,蜜雪冰城(华水乐山园金鹿鸣餐厅一楼店),华北水利水电大学龙子湖校区乐山园餐厅一楼,113.796954,34.782373,18638111858,8：00——22：00
金水区,50900,甜品店,三好冰淇淋(兴荣街店),兴荣街与通泰路交叉口东100米路北,113.735196,34.758415,13253543075,8：00——22：00
金水区,50900,甜品店,烤梨先生(郑州国贸360店),丰产路44-2号,113.676887,34.783837,13598848040,8：00——22：00
金水区,50900,甜品店,球球炒酸奶,健康路与优胜北路交叉口向东20米路南,113.664627,34.769095,15836886090,8：00——22：00
金水区,50900,甜品店,七分糖.提拉米苏(健康路店),同乐路13号附17号,113.661882,34.771786,13253344566,8：00——22：00
金水区,50900,甜品店,VolaGelato意大利手工冰淇淋(正弘城店),花园路126号郑州正弘城B1层(东风路地铁站D口旁),113.680604,34.796112,13673413053,8：00——22：00
金水区,50900,甜品店,咔时甜品(熙地港店),郑东新区地润路5号绿城百合二期9号楼附04号,113.719361,34.787096,17398953555,8：00——22：00
金水区,50900,甜品店,蜜雪冰城(丹尼斯·大卫城店),二七路155号,113.666097,34.758169,13653993696,8：00——22：00
金水区,50900,甜品店,不知名甜品(太格茂店),博学路局外太格茂8楼808,113.801256,34.793284,13949052269;15517140061,8：00——22：00
金水区,50900,甜品店,书亦烧仙草(郑州金水区百福街店),崔庄花园社区北区西1门南180米,113.73656,34.752135,13293326744,8：00——22：00
金水区,50900,甜品店,枫糖里甜铺(瀚宇·天悦城店),瀚宇·天悦城五号院(丰庆路地铁站A口步行210米),113.654641,34.828867,15824755047,8：00——22：00
金水区,50900,甜品店,树夏甜铺(金庄社区8号院店),庙张街金庄社区8号院13栋一楼门面房树夏甜铺,113.774534,34.776991,18838982154,8：00——22：00
金水区,50900,甜品店,三好冰淇淋(东明路店),丹尼斯(东明路店),113.699855,34.780862,15225110244,8：00——22：00
金水区,50900,甜品店,Vola Gelato意大利手工冰淇淋(大卫城店),27路与太康路交叉口丹尼斯大卫城B1f层103号,113.666456,34.757735,17839651683,8：00——22：00
金水区,50900,甜品店,三好冰淇淋(安泰嘉园店),安泰嘉园西门旁,113.69889,34.803607,19103717466,8：00——22：00
金水区,50900,甜品店,红豆Q醇,尚座中心B座2楼红豆Q醇,113.757384,34.764121,17797777058,8：00——22：00
金水区,50900,甜品店,四季蛋糕(生日蛋糕&甜品),13号楼东一楼商铺1154,113.706894,34.77777,13253674699,8：00——22：00
金水区,50900,甜品店,果果泥泥炒酸奶,小贺庄村西院临街商铺001号,113.757193,34.846002,13203800512,8：00——22：00
金水区,50900,甜品店,书亦烧仙草(郑州金水区杨槐新佳苑店),杨槐新佳苑一期西门南100米,113.696877,34.85183,18124375795,8：00——22：00
金水区,50900,甜品店,天冰三好冰淇淋(老街绿地店),天赋路30-15号,113.749903,34.783727,19937373070,8：00——22：00
金水区,50900,甜品店,豫佳甜品店,南阳路街道沙口路129号蜜油创意园S-19号,113.63943,34.773196,17744625678,8：00——22：00
金水区,50900,甜品店,陋室张手作糖水(顺河路店),东明路顺和路交叉口西10米路南,113.69991,34.759586,15225066668;18339953343,8：00——22：00
金水区,50900,甜品店,安妮斯贝闪电泡芙(丹尼斯五天地负一楼),商务内环路与众意西路交叉口丹尼斯5天地F3,113.719094,34.774114,13815590627;18637189895,8：00——22：00
金水区,50900,甜品店,小莲炒冰,沙口路黄河路北郑州记忆1952油化厂旅游休闲街区(东南角),113.640776,34.771729,18538089181,8：00——22：00
金水区,50900,甜品店,书亦烧仙草(郑州金水区金水金街店),花园路街道科源路5号万达公馆,113.677179,34.794202,18937124892,8：00——22：00
金水区,50900,甜品店,三好冰淇淋(大观国际店),未来路街道玉凤路362号大观国际居住区南区,113.709839,34.755343,15638807571,8：00——22：00
金水区,50900,甜品店,余千千糖水,11号楼1层附3号,113.658897,34.808155,15890667358,8：00——22：00
金水区,50900,甜品店,喜拉拉·咖啡甜品·生日蛋糕,建业路与青年路交叉口西北角(美馆苑南门口),113.721728,34.742649,15978685060,8：00——22：00
金水区,50900,甜品店,书亦烧仙草(郑州金水区Z世代店),国基路Z世代商业体,113.682471,34.818246,17739793929,8：00——22：00
金水区,50900,甜品店,芋说新鲜手作甜品(郑州健康路店),健康路159号附1号,113.664369,34.77302,17335706286,8：00——22：00
金水区,50900,甜品店,橙小橘·手搓茉莉冰粉,丰乐路31号,113.643833,34.789954,13782809212,8：00——22：00
金水区,50900,甜品店,上上甜品(经五路8号院店),经八路街道经五路8号经五路8号院,113.677911,34.77143,18530887918,8：00——22：00
金水区,50900,甜品店,发Fa Cake甜品(海滩街店),海滩街123号(海滩寺地铁站A口步行140米),113.652235,34.773717,15639079936,8：00——22：00
金水区,50900,甜品店,Y CAKE面包·咖啡·甜品,花园路31-3号(关虎屯地铁站C口步行390米),113.682288,34.784129,13290969880,8：00——22：00
