区域,餐饮类型编码,餐饮类型名称,POI名称,详细地址,经度(lon),纬度(lat),联系电话,营业时段
中原区,50100,中餐厅,阿五黄河大鲤鱼(郑州陇海西路店),陇海西路306-34号,113.597099,34.735589,0371-68630555,8：00——22：00
中原区,50100,中餐厅,须水邓记叫化鸡(须水总店),西四环与建设西路交叉口向北300米路东邓记叫化鸡总店,113.530269,34.766001,0371-67810996;0371-67810998,8：00——22：00
中原区,50100,中餐厅,粗粮厨掌柜(瑞达路店),瑞达路玉兰街交叉口向北20米路东,113.568591,34.805573,0371-58627788;13673711618,8：00——22：00
中原区,50100,中餐厅,裕丰源(桐柏路店),桐柏路与伊河路交叉口西北角路西,113.613315,34.742935,0371-67636670;0371-67665018,8：00——22：00
中原区,50100,中餐厅,豫锦生态园,陇海西路新田大道交叉口向西800米路南,113.494114,34.723624,0371-55251111;0371-86019999,8：00——22：00
中原区,50100,中餐厅,解家河南菜(碧沙岗店),百花路建设路交叉口向南100路东,113.624848,34.753544,0371-67717000,8：00——22：00
中原区,50100,中餐厅,鲍三羊肉炝锅面·烧烤,伊河路38-3号,113.6196,34.742811,16603875333,8：00——22：00
中原区,50100,中餐厅,南泥湾(秦岭路店),秦岭路与颖河路交叉口西南角202号,113.603008,34.739436,0371-86238000,8：00——22：00
中原区,50100,中餐厅,葛记焖饼(伏牛路总店),建设西路100号院(路东),113.607091,34.754758,0371-67869797;18838066932,8：00——22：00
中原区,50100,中餐厅,裕丰源·西美雅宴,长椿路5号西美大厦1楼至3楼,113.540403,34.785182,0371-55697333;0371-60909666,8：00——22：00
中原区,50100,中餐厅,蒙巴图草原涮肉,科学大道保利文化广场7号楼1号商铺,113.55828,34.807967,0371-55551955;16692185999,8：00——22：00
中原区,50100,中餐厅,解家河南菜(陇海路店),陇海路与伏牛路交叉口向东20米路南,113.607671,34.736126,0371-67667711,8：00——22：00
中原区,50100,中餐厅,鹿鸣记,农业路与桐柏路交叉口东南角,113.618787,34.774203,0371-69065555,8：00——22：00
中原区,50100,中餐厅,胡庆一重庆火锅(高新店),枫杨街道白桦街75号东史马小区南区,113.557721,34.829275,0371-55685191,8：00——22：00
中原区,50100,中餐厅,西郊竹园甲鱼面(老一中店),桐柏路219号院东门北60米,113.613393,34.74193,0371-67521111,8：00——22：00
中原区,50100,中餐厅,张福记(五一公园店),市场街1号(五一公园·市中医院地铁站C口步行300米),113.616546,34.754201,0371-67777665;0371-67777666,8：00——22：00
中原区,50100,中餐厅,食欲老院子民间菜(瑞达路店),瑞达路86号院(冬青街地铁站C口步行250米),113.568137,34.803964,18037332219,8：00——22：00
中原区,50100,中餐厅,解家河南菜(农业路店),农业路101号(与桐柏路交叉口),113.619591,34.775525,0371-67548000,8：00——22：00
中原区,50100,中餐厅,金椒鱼火锅店,桐柏路与市场街东50米路北,113.614272,34.754572,18436957686;19837176878,8：00——22：00
中原区,50100,中餐厅,胡庆一重庆火锅(冉屯路店),冉屯东路煤仓北街交叉口向北60米路东,113.611161,34.774957,0371-66567599,8：00——22：00
中原区,50100,中餐厅,久年记原汤烩面(石楠路店),金兰西景苑东门南50米,113.551327,34.808545,0371-68051999;16650111086,8：00——22：00
中原区,50100,中餐厅,山海盟全球美食博览(锦艺城购物中心B区店),棉纺西路23号锦艺城购物中心B区3F层,113.609824,34.76216,0371-68771888,8：00——22：00
中原区,50100,中餐厅,南泥湾,桐柏南路与淮河路交叉口往北200路东,113.613894,34.730619,0371-86561010;0371-86561818,8：00——22：00
中原区,50100,中餐厅,须水邓记叫化鸡(锦尚苑店),中原西路与西三环交叉口500米路南阳光花苑30号楼一二三层,113.576521,34.746565,0371-87787888;16638099845,8：00——22：00
中原区,50100,中餐厅,粗粮小厨(梧桐街店),梧桐街与雪松路西南角,113.555156,34.793771,0371-55296988;18135698992,8：00——22：00
中原区,50100,中餐厅,阿五黄河大鲤鱼(正弘汇店),科学大道与瑞达路交汇处正弘汇7层,113.567176,34.809059,0371-63222555,8：00——22：00
中原区,50100,中餐厅,瓦舍茶馆(伊河路店),伊河路与嵩山路交叉口向西300米路北,113.622584,34.742864,0371-55550075;18539262305,8：00——22：00
中原区,50100,中餐厅,朱记滇味坊煳辣鱼,淮河路12号院(淮河路小学斜对面),113.616322,34.729033,18137103567,8：00——22：00
中原区,50100,中餐厅,竹西河畔(华山路店),华山路153号,113.599302,34.741912,0371-66997788;15690882855;15690882881,8：00——22：00
中原区,50100,中餐厅,豫满楼(建设西路店),华山路与建设西路交叉口东北角悦际酒店1楼,113.599879,34.757971,0371-88888019,8：00——22：00
中原区,50100,中餐厅,幸福港湾生态园,嵩山北路299-9号,113.629878,34.771394,13353804798;13393704056,8：00——22：00
中原区,50100,中餐厅,罗有财烙馍村,淮河西路与昆仑路交叉口西北角,113.594233,34.729118,0371-66601666,8：00——22：00
中原区,50100,中餐厅,瓦舍茶馆(桐柏路店),桐柏路与建设西路交叉口西北角50米,113.613241,34.756624,0371-67680660;15890662043,8：00——22：00
中原区,50100,中餐厅,解家河南菜(瑞达路店),瑞达路与宏兴街交叉口路西路口西南角,113.574353,34.790353,0371-86628111,8：00——22：00
中原区,50100,中餐厅,汕之味潮州菜(瑞达路店),瑞达路68号5号光华大酒店东侧,113.567982,34.798875,13393705558;15538163839,8：00——22：00
中原区,50100,中餐厅,老院子荆芥疙瘩汤(朗悦公园茂店),公园茂一号馆三楼东北角,113.554666,34.818667,17320151838,8：00——22：00
中原区,50100,中餐厅,穆彦华逍遥镇胡辣汤(岗坡路总店),秦岭路街道秦岭路岗坡路菜市场对面,113.602714,34.75238,13083713040;13949145578,8：00——22：00
中原区,50100,中餐厅,金元甲甲鱼馆(公园茂店),中原区高新区金菊街丁楼南门二楼金元甲,113.548232,34.822534,15637132288,8：00——22：00
中原区,50100,中餐厅,叫重重重庆江湖菜(公园里店),国槐街朗悦悦都汇5B号楼一楼附12号,113.553337,34.810767,17337138118,8：00——22：00
中原区,50100,中餐厅,西贝(郑州探十里店),陇海西路338号探十里升龙金中环财富中心店F3层,113.614662,34.734989,19059587103,8：00——22：00
中原区,50100,中餐厅,黑土风情铁锅炖(建设路店),建设路秦路交叉口南100米路西,113.603179,34.756388,15617729697,8：00——22：00
中原区,50100,中餐厅,三厂烩羊肉(五龙口总店),五龙口南路盛世港湾17号楼附1-2号,113.608864,34.785471,15515832333,8：00——22：00
中原区,50100,中餐厅,杨掌柜辣椒炒肉(银屏路店),迎春路与银屏路交叉口东北角,113.561107,34.819739,0371-85510301,8：00——22：00
中原区,50100,中餐厅,功夫怪兽·烧烤(121文创园磨街店),华山路121号(二砂地铁站A3口步行410米),113.598223,34.745542,13137121510,8：00——22：00
中原区,50100,中餐厅,葭荷·粗粮小厨(华山路店),华山路130-2号,113.599468,34.737521,0371-65050722;15890609282,8：00——22：00
中原区,50100,中餐厅,绿茶餐厅(郑州中原万达店),中原中路171号中原万达广场3楼,113.601128,34.74639,0371-60282668,8：00——22：00
中原区,50100,中餐厅,阿勇金汤甲鱼(工人路店),中原农科楼西门旁,113.620955,34.728282,0371-88982888;0371-88983888;17398965526,8：00——22：00
中原区,50100,中餐厅,阿甘小馆(陇海路店),陇海西路55号院6号楼一层,113.623002,34.736601,0371-60923383;13373926996,8：00——22：00
中原区,50100,中餐厅,老李家炒鸡面馆(中原万达店),华山路156号靠近中国银行,113.599998,34.744516,13939046765;17839911289,8：00——22：00
中原区,50100,中餐厅,羊蝎子老店(郑州总店),梧桐街道办事处冬青街与春藤路交叉口西北角50米,113.54578,34.801659,13343865618;19137185168,8：00——22：00
中原区,50100,中餐厅,云晓仙腊味汤煲(公园里店),国槐街南石楠路西朗悦公园里B栋2层B2003-B2004号铺,113.549607,34.80997,13083604933,8：00——22：00
中原区,50100,中餐厅,唐河王记·宛宴十三味(郑州大学店),科学大道92号,113.546753,34.809746,0371-67822999,8：00——22：00
中原区,50100,中餐厅,西郊竹园甲鱼面(月季公园店),黄河路与嵩山北路东北角,113.631364,34.767543,0371-67516789,8：00——22：00
中原区,50100,中餐厅,稻咱家(电厂路华强广场店),电厂路46号华强广场8栋1层附5号,113.603554,34.789302,0371-88916628;17303861699,8：00——22：00
中原区,50100,中餐厅,银杏树海鲜餐厅(桐柏路店),桐柏南路桐柏路40号,113.61387,34.743476,0371-60951655,8：00——22：00
中原区,50100,中餐厅,米村拌饭(中原万达店),中原中路171号中原万达广场室内步行街3层3011号商铺,113.600642,34.746168,17638278759,8：00——22：00
中原区,50100,中餐厅,解家河南菜(华山路店),华山路178-25(中原路与交叉口向南20米),113.599355,34.74683,0371-87512999,8：00——22：00
中原区,50100,中餐厅,兰湘子.湘菜小炒(郑州中原万达广场店),中原中路171号万达广场室内步行街3层,113.6021,34.746407,0371-63430806,8：00——22：00
中原区,50100,中餐厅,葛记焖饼(桐柏路店),桐柏路淮河路交叉口向南200米路西,113.613331,34.725311,0371-60331676,8：00——22：00
中原区,50100,中餐厅,胖娃川菜馆(文化宫路总店),中原中路31-1号中原路文化宫路东北角,113.61699,34.747811,18239992556,8：00——22：00
中原区,50100,中餐厅,茶语信阳宴,林山寨街道工人路83号院,113.620683,34.751295,0371-67003999;18595717881,8：00——22：00
中原区,50100,中餐厅,知青老食堂(冉屯路店),煤仓北街33号楼7号商铺,113.61113,34.774417,15893652858,8：00——22：00
中原区,50100,中餐厅,眉山小馆(华强城市广场小区2期店),电厂路46号华强城市广场2期,113.603745,34.789904,0371-55397796;17752512378;18624937797,8：00——22：00
中原区,50100,中餐厅,湘土情菜馆(仟禧·金泉国际店)工人路店,汝河路街道工人路349号群房1-2层3号,113.621095,34.722461,15617785387,8：00——22：00
中原区,50100,中餐厅,围炉铜瓢牛肉(桐柏路店),桐柏南路与伊河路交叉口东北80米,113.613916,34.74331,0371-67915588;0371-67915599,8：00——22：00
中原区,50100,中餐厅,东方老醋鱼(建设路店),建设路西三环地铁B1口向东100米,113.589003,34.759771,18603831322,8：00——22：00
中原区,50100,中餐厅,厨到粗粮小厨(百花路店),百花路37号,113.624257,34.750869,16696116696,8：00——22：00
中原区,50100,中餐厅,锅大侠市集火锅(新悦荟店),长椿路与红桦街交汇处新悦荟购物中心4层422-423号商铺,113.540946,34.831519,0371-53363336;15151636925,8：00——22：00
中原区,50100,中餐厅,九味川香麻婆豆腐(秦岭路店),秦岭路与棉纺路交叉口向南五十米路东,113.603676,34.761525,15729399705,8：00——22：00
中原区,50100,中餐厅,小胡同前门涮肉(瑞达路店),郑州市高新区化工路与瑞达路交叉口向北300米路西,113.579206,34.784469,0371-66766706,8：00——22：00
中原区,50100,中餐厅,岚火锅,中原西路街道华山路121号,113.599142,34.744766,0371-65096006,8：00——22：00
中原区,50100,中餐厅,赵福记·烙馍小馆,华山路颖河路向南100米路西,113.599475,34.739117,18037168586,8：00——22：00
中原区,50100,中餐厅,兰湘子.湘菜小炒(锦艺城购物中心B区店),棉纺西路36号郑州锦艺城购物中心B区3F层,113.610099,34.762087,0371-86136166,8：00——22：00
中原区,50100,中餐厅,萍姐火锅·公路夜市(高新店),长椿路莲花街交叉口东南角翰林火星一号1楼,113.543366,34.825259,0371-69179999,8：00——22：00
中原区,50100,中餐厅,野樱桃贵州菜(磨街店),中原区蘑街B区2号楼1楼,113.5981,34.744213,18538177266,8：00——22：00
中原区,50100,中餐厅,岛岛归来台湾私房菜,华山路121号,113.598934,34.745842,15617688944,8：00——22：00
中原区,50100,中餐厅,小城外品质民间菜(工人路店),工人路351号南溪瑶台西区,113.620623,34.721138,0371-86615859,8：00——22：00
中原区,50100,中餐厅,超姐·咱家小院(文绣路店),文绣路与河清路交叉口,113.558881,34.75307,0371-67829555;0371-67829666;0371-67829777,8：00——22：00
中原区,50100,中餐厅,东来顺(汝河路店),汝河路85-4号(与工人路交汇处)东来顺店路,113.619896,34.732292,0371-55503366;15649118826,8：00——22：00
中原区,50100,中餐厅,廣順興(郑州华强广场店),电厂路与东风西路交叉口向南50米路西,113.60372,34.789789,0371-60333777,8：00——22：00
中原区,50100,中餐厅,胖娃川菜馆(前进路店),前进路26号院(前进路市场街交叉口向南50米路东),113.609507,34.753613,0371-61310161;15838187339;18738151706,8：00——22：00
中原区,50100,中餐厅,须水邓记叫化鸡(宴恒苑店),建设西路与西四环交叉口向北800米路西元通大厦一二三层,113.527776,34.767878,0371-67819866,8：00——22：00
中原区,50100,中餐厅,食欲老院子泥炉涮肚(磨街文创园店),华山路121号磨街文创园内,113.599201,34.744262,16696112266,8：00——22：00
中原区,50100,中餐厅,喜家德虾仁水饺(锦艺城店),棉纺西路锦艺城购物中心B区三楼,113.610375,34.762129,19937538978,8：00——22：00
中原区,50100,中餐厅,豫锦·宴宾楼白记烩面馆,玉华路与金轩路交叉口西南60米,113.531206,34.736759,0371-86011115,8：00——22：00
中原区,50100,中餐厅,舒来喜鱼锅(伊河路店),伊河路42号,113.614829,34.742819,0371-67439888;18703979521,8：00——22：00
中原区,50100,中餐厅,合记(伏牛路店),伏牛路70号(伏牛路与伊河路交叉口南100米路东),113.607084,34.742149,0371-67510789;0371-67516698;13949056568,8：00——22：00
中原区,50100,中餐厅,泮金大塘(金梭路店),冬青街23号(冬青街地铁站C口步行410米),113.564378,34.801761,0371-55200279;19137166318,8：00——22：00
中原区,50100,中餐厅,熊喵来了火锅(郑州中原万达店),万达广场3楼,113.601546,34.746424,15003712177,8：00——22：00
中原区,50100,中餐厅,岩哥土鲫鱼(公园里店),国槐街与石楠路交叉口向西200米路南,113.549651,34.810602,15324747419,8：00——22：00
中原区,50100,中餐厅,姐弟俩土豆粉(郑州中原万达金街店),大学路与航海路中原万达1-2层120-121号,113.600514,34.746533,18137187728,8：00——22：00
中原区,50100,中餐厅,西湖庄园·莫山小馆(百花店),豫欣公司生活小区东1门旁,113.624289,34.753642,0371-55688807;15238043710,8：00——22：00
中原区,50100,中餐厅,绿茶餐厅(郑州锦艺城店),"棉纺西路40号,锦艺城购物中心C区C4-10",113.60536,34.763227,0371-55656260,8：00——22：00
中原区,50100,中餐厅,宝正臻天津包子店(秦岭路店),九龙城龙栖尚都西门北100米,113.600912,34.773568,0371-63367926,8：00——22：00
中原区,50100,中餐厅,肖大同.信阳菜(郑州大学店),科学大道与石楠路交叉口路北全季酒店向西100米,113.549601,34.808371,0371-69997999;0371-69998999;16603717000,8：00——22：00
中原区,50100,中餐厅,石羊寺大锅菜(华山路新店),颍河路华山路向南50米路西,113.599475,34.739166,15837118120,8：00——22：00
中原区,50100,中餐厅,龙太极火锅(高新店),高新技术产业开发区金菊街16号35幢1-2层附37号,113.551749,34.824527,0371-66235588;15838268433,8：00——22：00
中原区,50100,中餐厅,虎丫炒鸡(河南郑州高新公园茂店),中原区高新区迎春街与雪松路西南角朗悦公园茂1号馆3楼B3014号商铺,113.554799,34.818373,15838136833,8：00——22：00
中原区,50100,中餐厅,红灯笼川菜馆(伏牛路139号院店),伏牛路139号附5号,113.606779,34.746877,0371-68503619;13643842818,8：00——22：00
中原区,50100,中餐厅,美林半闲斋羊肉铺(桐柏路店),升龙御玺东门旁(陇海西路地铁站B口步行400米),113.613267,34.733509,0371-58585388,8：00——22：00
中原区,50100,中餐厅,小菜园新徽菜(郑州中原万达店),三官庙街道中原万达广场3F影城楼下,113.600587,34.746801,18761617395,8：00——22：00
中原区,50100,中餐厅,春平湖南土菜馆,郑州市高新区石楠路103-20,113.55147,34.826563,13213213008,8：00——22：00
中原区,50100,中餐厅,溢香苑小酥肉瓦罐(南溪瑶台店),工人路351号4号楼5号商铺,113.620602,34.721342,0371-55151665,8：00——22：00
中原区,50100,中餐厅,小菜园新徽菜(郑州中原探十里店),陇海西路探十里338号L302号三楼小菜园,113.614573,34.735294,0371-63316539,8：00——22：00
中原区,50100,中餐厅,泮金大塘老佛山干蒸排骨,枫杨街道朗悦公园茂1号馆1F,113.55524,34.818771,0371-53378819,8：00——22：00
中原区,50100,中餐厅,山间晓厨·爆炒下饭菜(探十里店),陇海西路338号探十里升龙金中环财富中心店F4层,113.6149,34.735393,16696201961,8：00——22：00
中原区,50100,中餐厅,曼玉小馆(正弘汇店),科学大道正弘汇7楼(银屏路地铁站D口步行360米),113.565303,34.808991,0371-53625991,8：00——22：00
中原区,50100,中餐厅,怀生记小馆(易生活店),枫杨街道银杏路6号高新·锦绣苑,113.560611,34.821412,0371-89952299,8：00——22：00
中原区,50100,中餐厅,虎丫炒鸡(河南郑州中原万达店),中原中路万达广场(中原店)3楼3016号商铺,113.601003,34.746108,15838105871,8：00——22：00
中原区,50100,中餐厅,阿润打边炉(中原万达店),华山路与二砂北路交叉口向西30米阿润打边炉,113.599015,34.745477,17516181099,8：00——22：00
中原区,50100,中餐厅,阿平小馆(中原万达店),中原西路街道中原万达步行街3号门A20商铺(蓝塔左边),113.600723,34.745956,0371-63221329,8：00——22：00
中原区,50100,中餐厅,状元甲 (秦岭路店),秦岭路颖河路交叉口东南角临街门面2-2B号,113.603702,34.739815,19339912770,8：00——22：00
中原区,50100,中餐厅,(高新区)味知苑烤鸭,莲花街与雪松路交叉口向东50,113.559282,34.826364,0371-66325555;0371-67115555,8：00——22：00
中原区,50100,中餐厅,虎丫炒鸡(河南郑州高新万科店),中原区高新区科学大道南红叶路89号高新万科广场4楼3243商铺,113.525201,34.806107,15093580904,8：00——22：00
中原区,50100,中餐厅,长生树餐厅,秦岭路62号,113.603151,34.749233,15516914599,8：00——22：00
中原区,50100,中餐厅,臻德锦(优选海河鲜.细烹家常菜),河阳路与翠柏路交叉口西200米,113.485207,34.818825,16696186368,8：00——22：00
中原区,50100,中餐厅,兰湘子.湘菜小炒(升龙金中环财富中心探十里店),航海西路街道陇海西路338号T10探十里购物中心3楼L332号铺位,113.614332,34.735176,15688129988,8：00——22：00
中原区,50100,中餐厅,额娘春饼·烤鸭(锦艺城店),棉纺西路23号锦艺城购物中心B区B3层,113.61006,34.762062,0371-61777113,8：00——22：00
中原区,50100,中餐厅,叫重重重庆江湖菜(磨街店),华山路二砂文化创意园,113.598571,34.745468,19339968118,8：00——22：00
中原区,50100,中餐厅,虎丫炒鸡(河南郑州高新正弘汇店),中原区高新区瑞达路138号正弘汇商业中心6楼606号,113.56473,34.809628,19930645047,8：00——22：00
中原区,50100,中餐厅,莫山宴·莫山小馆品牌店(陇海店),陇海快速路出口与陇海西路交叉口东140米,113.616175,34.73666,0371-55090606,8：00——22：00
中原区,50100,中餐厅,五世名厨豫菜馆(秦岭路店),聚龙花园东门旁,113.603037,34.721948,0371-66310888;13403716221,8：00——22：00
中原区,50100,中餐厅,米喜鱼·烤活鱼(高新万达店),科学大道高新万达广场4楼,113.582354,34.808928,13663820841,8：00——22：00
中原区,50100,中餐厅,易德元小馆子(前进路店),前进路22号院4排1层4号,113.609288,34.751751,15138689116,8：00——22：00
中原区,50100,中餐厅,莫山宴,,113.528937,34.777503,19137131808,8：00——22：00
中原区,50100,中餐厅,半天妖烤鱼(高新万科广场店),科学大道红叶路交叉口万科广场4楼中庭28-29号,113.524938,34.806209,0371-63718211;15286816849;15937353489,8：00——22：00
中原区,50100,中餐厅,钰锦园饭店(和昌澜景店),和昌澜景东门旁南约80米处,113.590991,34.730278,13937115829,8：00——22：00
中原区,50100,中餐厅,醉巴鲜烤鱼(工大东门店),雪松路与百桦街交叉口南东史马村C区商铺87号,113.55773,34.829372,18638201611,8：00——22：00
中原区,50100,中餐厅,橘子餐厅(正弘汇店),科学大道与瑞达路交叉口西北角正弘汇,113.56603,34.80922,0371-55035445,8：00——22：00
中原区,50100,中餐厅,山缓缓火锅(郑州正弘汇店),瑞达路138号正弘汇商业中心6楼L601号,113.566383,34.808933,18595865511,8：00——22：00
中原区,50100,中餐厅,米村拌饭(郑州公园茂店),迎春街与雪松路交汇处西北角公园茂1号馆-3层B3017号商铺,113.554675,34.818475,13436642628,8：00——22：00
中原区,50100,中餐厅,福状元(工人店),工人路178-1号,113.621093,34.736909,0371-68660226,8：00——22：00
中原区,50100,中餐厅,京都老蔡记(伊河路店),工人路伊河路交叉口西150米路北,113.619044,34.742771,15378715938,8：00——22：00
中原区,50100,中餐厅,啫三千·家宴啫啫煲(探十里店),探十里4楼(陇海西路地铁站A口步行360米),113.615121,34.735147,0371-58586687,8：00——22：00
中原区,50100,中餐厅,和喜来绿豆酸浆火锅(秦岭路店),六合幸福门北1门南100米,113.603069,34.760376,19137635577,8：00——22：00
中原区,50100,中餐厅,米喜鱼·烤活鱼(正弘汇店),中原区高新区瑞达路138号正弘汇商业中心7层L720,113.565562,34.809308,19339956622,8：00——22：00
中原区,50100,中餐厅,合记(文化宫路店),文化宫路18-1号(陇海西路地铁站A口步行340米),113.617017,34.737316,0371-66971717;13523488566;17337175856,8：00——22：00
中原区,50100,中餐厅,华豫川酒家(锦艺城店),棉纺西路36号2号楼C区4层0809,113.605843,34.763118,0371-66991984,8：00——22：00
中原区,50100,中餐厅,好彩猪肚鸡火锅(公园茂店),高新区朗悦公园茂1号馆1层B1021,113.554447,34.817577,0371-55969943;17334886477,8：00——22：00
中原区,50100,中餐厅,啫三千(正弘汇店),郑州正弘汇,113.566757,34.809287,17734824342,8：00——22：00
中原区,50100,中餐厅,花千代秘制烤鱼(郑州中原万达广场店),中原路万达广场金街136号,113.6003,34.745787,0371-69373228;0371-86551319;18538591706,8：00——22：00
中原区,50100,中餐厅,米村拌饭(中原探十里购物中心店),陇海路和桐柏路口探十里购物中心三楼L351号商铺,113.614647,34.735474,15344353639,8：00——22：00
中原区,50100,中餐厅,半天妖烤鱼(升龙金中环财富中心探十里店),陇海西路与桐柏路探十里购物中心三楼L339-L350,113.614573,34.735268,0371-55200163;15136807028,8：00——22：00
中原区,50100,中餐厅,米村拌饭(正弘汇店),瑞达路138号正弘汇6楼L610,113.565521,34.8092,17839822205;18638206696,8：00——22：00
中原区,50100,中餐厅,川香渔歌(风和日丽家园店),风和日丽家园东1门南230米,113.613849,34.770448,0371-55663798,8：00——22：00
中原区,50100,中餐厅,庖丁堂高新区店(威科姆大厦店),高新区莲花街5号3号楼,113.562112,34.823994,0371-68880009;18537162093,8：00——22：00
中原区,50100,中餐厅,桂秋姐锅叉子东北地锅烤肉(郑州店),保利文化广场1栋2单元附10号商铺,113.558934,34.811861,18345674567,8：00——22：00
中原区,50100,中餐厅,我的小板凳街坊火锅(棉纺西路店),棉纺西路18号西广场附112号,113.620905,34.759898,15603713861,8：00——22：00
中原区,50100,中餐厅,东来顺饭庄(王府井城市奥莱店),棉纺西路4号王府井百货F1,113.613471,34.761765,0371-86258688;13901133667,8：00——22：00
中原区,50100,中餐厅,小胡同前门涮肉(大里坊店),藤松里大里坊2楼,113.54705,34.80964,17630063007,8：00——22：00
中原区,50100,中餐厅,半天妖烤鱼(朗悦公园茂店),迎春街朗悦公园茂二号馆4层,113.55609,34.820068,0371-58573458,8：00——22：00
中原区,50100,中餐厅,YUOZUO渝作·川渝冒肚(正弘汇店),中原区高新区瑞达路138号正弘汇商业中心6层L607号商铺,113.566285,34.808914,15286843534,8：00——22：00
中原区,50100,中餐厅,绿茶餐厅(郑州高新万达店),科学大道北郁香路西高新万达广场4楼,113.582029,34.809326,0371-60100708,8：00——22：00
中原区,50100,中餐厅,杨掌柜辣椒炒肉(郑州锦艺城店),棉纺路与桐柏路交叉口向北100米路西,113.613215,34.76237,0371-85513158,8：00——22：00
中原区,50100,中餐厅,半天妖烤鱼(锦艺城购物中心B区店),棉纺路西36号锦艺城B区四层4-04商铺成龙影院斜对面,113.610013,34.762074,0371-63211019;19693832527,8：00——22：00
中原区,50100,中餐厅,虎丫炒鸡(河南郑州中原锦艺城店),棉纺西路锦艺城购物中心C区4层C4-14号,113.60588,34.763584,17339096585,8：00——22：00
中原区,50100,中餐厅,鹅娘金塘地锅(高新区店),化工路凯旋路交叉口向西450米路北百炉屯村01号,113.566025,34.781942,18638551118,8：00——22：00
中原区,50100,中餐厅,三厂烩羊肉(建设西路辅路店),三官庙街道郑上路40号院1号楼(西三环地铁站B1口旁),113.588748,34.759869,15225199929;18790298989,8：00——22：00
中原区,50100,中餐厅,醉巴鲜烤鱼(祝福红城店),药厂街碧桃路向南100米路西,113.547617,34.78793,19339913311,8：00——22：00
中原区,50100,中餐厅,九九津味馆,莲花街176号附11号,113.538208,34.827675,15515513109;18037693579,8：00——22：00
中原区,50100,中餐厅,北角秀味港式茶餐厅(锦艺城C区店),棉纺路与秦岭路交叉口东150米锦艺城C区4楼北,113.606488,34.763426,17703860076,8：00——22：00
中原区,50100,中餐厅,胖哥俩肉蟹煲(郑州正弘汇店),瑞达路138号正弘汇商业中心6层L619号,113.566342,34.808916,0371-88916969,8：00——22：00
中原区,50100,中餐厅,品意德北京烤鸭(建设路总店),建设西路56号(五一公园地铁站H口旁),113.614512,34.756061,13838273476;17729720829,8：00——22：00
中原区,50100,中餐厅,68号郑川味道(总部企业基地店),总部企业基地3期西北1门旁,113.563722,34.821563,13783535673,8：00——22：00
中原区,50100,中餐厅,邵记宏锦信阳菜· 土菜馆(高新莲花街店),雪松路莲花街交叉口东南角莲花街南辅路进50米11-8号楼,113.558312,34.826458,18037195898,8：00——22：00
中原区,50100,中餐厅,靓灶小馆.招牌酱椒丹江鱼.烙馍菜(谦祥·万和城A区店),长椿路108-11幢附-15谦祥万和城,113.541175,34.833705,15617199930,8：00——22：00
中原区,50100,中餐厅,曼玉餐厅,中原中路171号万达广场三层,113.602542,34.746257,0371-55195665;19139971313,8：00——22：00
中原区,50100,中餐厅,味庄(三厂食堂店),棉纺西路27-21囯棉三厂,113.614681,34.760212,0371-67220417,8：00——22：00
中原区,50100,中餐厅,廣順興(锦艺城购物中心B区店),棉纺西路36号锦艺城购物中心B区3层B3-03B号,113.610265,34.76206,0371-86565299,8：00——22：00
中原区,50100,中餐厅,彼酷哩活鱼现烤(郑州锦艺城购物中心店),桐柏路与棉纺路交叉口锦艺城B区4楼(近棉纺西路),113.610439,34.762091,0371-86588191,8：00——22：00
中原区,50100,中餐厅,久久缘宴会中心(桐柏路店),桐柏南路与颍河路交叉口西北角,113.613231,34.740776,0371-66031666;0371-66031888,8：00——22：00
中原区,50100,中餐厅,佰人王串串香(工人路店),工人路104号(工人路与伊河路交叉口向北30米),113.620645,34.74348,0371-67428222;13730709388;18780558008,8：00——22：00
中原区,50100,中餐厅,稻庄宁波元宵,棉纺西路31号院,113.613137,34.76063,18638580798,8：00——22：00
中原区,50100,中餐厅,名厨粮造·粗粮小馆(秦岭路店),秦岭路163号国弘商业F1层,113.602836,34.744135,18137146585,8：00——22：00
中原区,50100,中餐厅,京都老蔡记瑞达路总店,快乐一家西门东南80米,113.571609,34.794518,0371-67983970;0371-68668666,8：00——22：00
中原区,50100,中餐厅,好彩猪肚鸡(正弘汇店),正弘汇6楼,113.56655,34.809088,0371-55035722;19900916207,8：00——22：00
中原区,50100,中餐厅,入鸡山鲜炒鸡酸菜鱼(祝福红城店),中原区高新区锦葵街与碧桃路交叉口北30米,113.548149,34.786086,17703879209,8：00——22：00
中原区,50100,中餐厅,傻子张大盘鸡(郑大南门店),科学大道与腊梅路交叉口西南角,113.536361,34.806336,18937182237,8：00——22：00
中原区,50100,中餐厅,李军力烧烤(二砂店),二砂地铁站A3口步行360米,113.598787,34.745481,0371-88916087,8：00——22：00
中原区,50100,中餐厅,虎丫炒鸡(河南郑州高新万达店),中原区高新区科学大道万达广场室内步行街4层4022,113.582252,34.809127,15611229350,8：00——22：00
中原区,50100,中餐厅,粤小煲鲜汤猪肚鸡(锦艺城店),棉纺路与秦岭路交叉口向东50米锦艺城购物中心c区4楼,113.606062,34.763045,0371-61170067,8：00——22：00
中原区,50100,中餐厅,豫龙晏曲老烩面·河南菜(莲花街老店),莲花街雪松路向东100米路南,113.558181,34.826474,13140080076;15238055075,8：00——22：00
中原区,50100,中餐厅,福状元粥店(金梭路店),银杏路与金梭路交叉口向南50米万丰慧城商铺6号商铺,113.563587,34.82085,0371-85963558,8：00——22：00
中原区,50100,中餐厅,岩哥土鲫鱼·平价湘菜(工业大学店),雪松路与白桦街交叉口向南100米路东,113.557725,34.829743,17638513191,8：00——22：00
中原区,50101,综合酒楼,豪客来牛排(郑州锦艺花都餐厅),桐柏路西与棉纺路交叉口锦艺城北门对面锦艺美城小区6号楼1-2层,113.61107,34.762755,0371-55019889,8：00——22：00
中原区,50101,综合酒楼,萧记三鲜烩面(瑞达路店),瑞达路81号(近樱花路),113.569233,34.797243,0371-67980099;0371-67998299,8：00——22：00
中原区,50101,综合酒楼,萧记三鲜烩面(秦岭路店),秦岭路与金水西路交叉西北角,113.601052,34.771059,0371-67515755;0371-67527766,8：00——22：00
中原区,50101,综合酒楼,老桐树炙子烤肉(郑密路店),郑密路40-20号门面房,113.624039,34.724657,15515638988,8：00——22：00
中原区,50101,综合酒楼,豪享来(工海店),工人路南溪瑶台小区6栋一、二层5号门面房,113.620563,34.721437,0371-65522726,8：00——22：00
中原区,50101,综合酒楼,华都酒店(前进路店),中原路前进路22号北单元1层,113.609539,34.752184,0371-67622096;0371-67648275;15093262008,8：00——22：00
中原区,50101,综合酒楼,南岭啤酒鸭(前进路总店),建设路街道前进路市场街78号院1号楼附1号,113.609622,34.754582,0371-67617366;13838545720,8：00——22：00
中原区,50101,综合酒楼,鱼你在一起(锦艺城购物中心店),锦艺城B区3楼鱼你在一起,113.609915,34.762061,16603829128,8：00——22：00
中原区,50101,综合酒楼,梧桐家宴,梧桐街碧桃路向东50米路北梧桐家宴,113.549263,34.794566,0371-55397776;19139937766,8：00——22：00
中原区,50101,综合酒楼,半天妖烤鱼(朗悦新悦荟店),高新长椿路新悦荟4楼东头,113.540804,34.83141,0371-55173511,8：00——22：00
中原区,50101,综合酒楼,忆西郊烤肉摊(乾达国际店),嵩山北路158号附3号,113.62174,34.78071,18637184718,8：00——22：00
中原区,50101,综合酒楼,徐记叫化鸡(元通综合商城店),郑上路与须水河东路元通商城H-21至H-30、B1-11号,113.521947,34.76324,13253338085,8：00——22：00
中原区,50101,综合酒楼,忆厨菜馆(华瑞紫韵城福园店),顺昌路华瑞紫韵城1号楼1-2层附16-17号,113.538517,34.76693,15515568713,8：00——22：00
中原区,50101,综合酒楼,阳光小餐厅农家烙馍村(秦岭路店),秦岭路与伊河路交叉口向南195-31,113.603616,34.741287,0371-56682158;13027502408;15093206177,8：00——22：00
中原区,50101,综合酒楼,豪客来牛排(郑州高新区郎悦公园茂餐厅),郎悦公园道1号商业1期(U-2406)地块,113.55672,34.819717,0371-55021192,8：00——22：00
中原区,50101,综合酒楼,农家烙馍村(莲花苑店),莲花街莲花苑176-1,113.53942,34.82772,13103865342;13598819227,8：00——22：00
中原区,50101,综合酒楼,豪享来(朗悦公园里店),高新技术产业开发区国槐街与雪松路交叉口朗悦公园道1号熙园7号楼2005商铺,113.555086,34.810438,0371-65099885,8：00——22：00
中原区,50101,综合酒楼,喜尚禧酒店,雪松路与冬青街交叉口向北一百米路东喜上喜中原菜,113.55631,34.802835,0371-55201111;17796663853,8：00——22：00
中原区,50101,综合酒楼,六姐烧烤馄炖(祝福红城店),中原区高新区药厂街78号3号楼附东,113.552415,34.789462,18037134888,8：00——22：00
中原区,50101,综合酒楼,王伟烧烤羊肉汤,合欢路与趣园里交叉口向西50米,113.566101,34.797644,13838017288;18339845229;18838096267,8：00——22：00
中原区,50101,综合酒楼,柘城全羊鲜汤,金科城二期对面瓦屋李办公综合楼下,113.573524,34.802538,15503700679,8：00——22：00
中原区,50101,综合酒楼,云端筑梦露营餐厅,中原西路76号院,113.603502,34.749631,18137178077,8：00——22：00
中原区,50101,综合酒楼,豪客来牛排(郑州中原万达餐厅),中原中路171号7号商业用房1-3层109-110号,113.602863,34.746795,0371-89980498,8：00——22：00
中原区,50101,综合酒楼,梁山烤串(锦艺城店),锦艺城6-08,113.611429,34.762747,17320130714,8：00——22：00
中原区,50101,综合酒楼,玛黎娜西餐厨房(探十里店),探十里4楼玛黎娜西餐厨房,113.615107,34.73537,18695808101,8：00——22：00
中原区,50101,综合酒楼,老邻居·鱼头泡饼(全威花园西区店),电厂路与东风西路交叉口全威花园29-28号,113.605576,34.791209,17630061214,8：00——22：00
中原区,50101,综合酒楼,五谷渔粉(和昌澜景店),李江沟南1-105,113.590292,34.73235,15537887281,8：00——22：00
中原区,50101,综合酒楼,固泉汉鹅土菜馆(永庆路店),永庆路8-号,113.597088,34.734058,15038204183,8：00——22：00
中原区,50101,综合酒楼,刘文祥麻辣烫(中原万达店),中原万达8号116(二砂地铁站A3口步行450米),113.601827,34.745696,15245463311;19503879050,8：00——22：00
中原区,50101,综合酒楼,八佰果麻辣烫(西耿河家园店),航海西路街道汝河路72号西耿河家园,113.62365,34.732858,17638529789,8：00——22：00
中原区,50101,综合酒楼,王国华炭烤排骨(华强广场店),电厂路29号(大学科技园地铁站D口步行50米),113.605917,34.791108,18438058908,8：00——22：00
中原区,50101,综合酒楼,食锦坊(煤气化公司家属院店),煤气化公司家属院东北门西100米,113.566251,34.801298,15090458211,8：00——22：00
中原区,50101,综合酒楼,食字口,东风西路王屋路交叉口向北100米路西,113.601507,34.792882,18123924557,8：00——22：00
中原区,50101,综合酒楼,杨国中周口炖肉胡辣汤,淮河西路110号,113.596796,34.728992,15639050002,8：00——22：00
中原区,50101,综合酒楼,沙野轻食(保利文化广场尚园店),保利文化广场1号楼二单元17号附33号,113.558516,34.811732,17803881203,8：00——22：00
中原区,50101,综合酒楼,解先生香辣蟹火锅(百花路店),碧沙岗百花路20号锦绣华庭A座,113.624686,34.753594,0371-67717000;0371-67758000,8：00——22：00
中原区,50101,综合酒楼,二力涮锅(玉兰街店),金梭路32号大院内综合楼二楼西二房,113.563995,34.804769,0371-67983636,8：00——22：00
中原区,50101,综合酒楼,御菜坊餐饮饭店,元通综合商城东2门北160米,113.523248,34.766678,13083712994,8：00——22：00
中原区,50101,综合酒楼,陈厚酒馆(高新区店),中原区高新技术产业开发区碧桃路260号铭海综合楼1号楼1单元1层101,113.54669,34.78064,13703847793;17719868906,8：00——22：00
中原区,50101,综合酒楼,小猪查理自助烤肉(高新万科店),高新万科广场4楼(祥营地铁站A1口步行310米),113.525447,34.805444,18238223316,8：00——22：00
中原区,50101,综合酒楼,三顾诸葛烤串(万科城水云苑店),万科城水云苑南门西120米,113.501235,34.81099,15803714000,8：00——22：00
中原区,50101,综合酒楼,李吉北京烤鸭(须水店),须水商贸城B号馆一层1-9号,113.523142,34.766375,13095677799;15093227006,8：00——22：00
中原区,50101,综合酒楼,尚养三品鸡元汤(郑州绿都城北区店),绿都城景观大道(西流湖公园南地铁站A2口步行460米),113.582589,34.745527,18603818676,8：00——22：00
中原区,50101,综合酒楼,七娘子现包饺子(翰林国际城丁楼庄园店),金梭路紫藤路口20米丁楼庄园11号楼附10号,113.546913,34.824598,18638550696,8：00——22：00
中原区,50101,综合酒楼,李师傅饺子手擀面,梧桐街道兰寨新城西门8-4号商铺,113.544963,34.78725,18348395388;18848872780,8：00——22：00
中原区,50101,综合酒楼,第一部落烤串(兰寨新城店),梧桐街道药厂街105号兰寨新城,113.547312,34.786684,17703876913,8：00——22：00
中原区,50101,综合酒楼,陈九如牛肉面(国棉四厂店),国棉四厂中街综合服务楼一层-5号,113.621325,34.756925,18625554325,8：00——22：00
中原区,50101,综合酒楼,刘记专业手工水饺店,汝河小区北2门东250米(桐淮地铁站C口步行460米),113.612312,34.732443,19522418296,8：00——22：00
中原区,50101,综合酒楼,韩记手工水饺,桐柏路68号东南角301号附25号,113.614212,34.764361,15036033308,8：00——22：00
中原区,50101,综合酒楼,大李烧烤,广文街与文思街交叉口西南40米,113.557366,34.752524,19939920506,8：00——22：00
中原区,50101,综合酒楼,立曰烧烤,科学大道与西四环入口交叉口南100米,113.533202,34.806954,13052037313;18272693832,8：00——22：00
中原区,50101,综合酒楼,聚享阁(元通综合商城店),建设西路717号,113.522874,34.764036,17637100966,8：00——22：00
中原区,50101,综合酒楼,Helens海伦司小酒馆(磨街文创园店),华山路121号磨街文创园10号楼2楼7铺1813,113.599142,34.744615,13140190163,8：00——22：00
中原区,50101,综合酒楼,喵先生休闲馆(翰林国际城丁楼庄园店),翰林国际城丁楼庄园六号楼一单元一楼102,113.550245,34.823684,15893801539;17760773063,8：00——22：00
中原区,50101,综合酒楼,中原高春花中医(综合)诊所,秦岭路57号西湖新城小区11号楼临街商铺第11-5号,113.600059,34.782288,13938410353;17737718205,8：00——22：00
中原区,50101,综合酒楼,章老太铁锅炒鸡(装修中),西华营十字街向西500米,113.522732,34.766564,15294787400,8：00——22：00
中原区,50101,综合酒楼,刘文祥麻辣烫(朗悦公园茂店)(暂停营业),高新区公园道1号泓苑北里安置区商铺3-附17号1-2层,113.55513,34.821291,17513110097,8：00——22：00
中原区,50101,综合酒楼,顺意坊(暂停营业),顺意坊宴会厅梧桐街与石楠路交叉路口西南角50米,113.550697,34.793761,0371-55982079;17719993758,8：00——22：00
中原区,50102,四川菜(川菜),阿虎酸菜鱼(郑州绿都城北区店),中原西路137号院31B号楼1层,113.582812,34.743429,0371-61170032;13733878894,8：00——22：00
中原区,50102,四川菜(川菜),关记巴蜀酸菜鱼,沟赵办事处水牛张村水云苑小区1号楼一单元,113.503553,34.810983,0371-56785660;19939976655,8：00——22：00
中原区,50102,四川菜(川菜),川味居(电厂路店),中原区高新区五龙口南路16号红河瀛园小区16幢1层附16号,113.60606,34.786344,0371-86259209;15838029595,8：00——22：00
中原区,50102,四川菜(川菜),川妹子串串香(伏牛路店),伏牛路102号院西门旁,113.607043,34.749888,13838225238,8：00——22：00
中原区,50102,四川菜(川菜),蜀香轩餐饮(淮河路店),淮河西路51-1号(桐淮地铁站D口步行270米),113.615703,34.728725,0371-68867205;0371-86661558,8：00——22：00
中原区,50102,四川菜(川菜),四川一绝鸡汤砂锅米线,工人路友爱路向南五十米,113.620642,34.75158,15736469288,8：00——22：00
中原区,50102,四川菜(川菜),菜根香川菜馆,建设路与嵩山路交叉口向西一百米路北,113.626977,34.755082,13213135832;15188364645,8：00——22：00
中原区,50102,四川菜(川菜),李双全川香石锅鱼(须水店),郑上路与须水河东路交叉口向北300米路东5-11,113.523279,34.7646,18039123625,8：00——22：00
中原区,50102,四川菜(川菜),朱熙熙三不炒(万科城店),科学大道与红叶路交叉口万科城小世界B座B1-04(广场内正中央),113.524957,34.809438,19283821223,8：00——22：00
中原区,50102,四川菜(川菜),西川巷子市井火锅(紫楠路店),中原区高新区紫楠路35号9号楼1层附7-8号,113.500981,34.812986,15275015261,8：00——22：00
中原区,50102,四川菜(川菜),永亮巷子市井老火锅(启福·铭都店),文化宫路沁河路交叉口向北100米路东,113.617113,34.723834,15093091002,8：00——22：00
中原区,50102,四川菜(川菜),勇哥重庆火锅,农业路桐柏路交叉口东南角一楼勇哥重庆火锅,113.618703,34.774406,18530925398,8：00——22：00
中原区,50102,四川菜(川菜),一分利老式川菜,南流小区西门向南50米路东,113.57768,34.787489,13838394946,8：00——22：00
中原区,50102,四川菜(川菜),正味居(郑州大学店),泊月路与河园西路交叉口东100米路北,113.530431,34.813633,15036072687;15136194196,8：00——22：00
中原区,50102,四川菜(川菜),喜嬢老火锅(耿河小区店),淮河路10一4,113.624501,34.729055,18838123828;19137899995,8：00——22：00
中原区,50102,四川菜(川菜),椒爱水煮鱼川菜(中原万达店),中原中路171号中原万达广场室内步行街3F层3007B3008-3009号商铺,113.60045,34.746271,19139703638,8：00——22：00
中原区,50102,四川菜(川菜),蓉嫂·川味小炒油泼砂锅菜,郑州高新区立德幼儿园南门旁,113.562126,34.81958,16697854462,8：00——22：00
中原区,50102,四川菜(川菜),西川巷子市井火锅(紫韵城店),华瑞紫韵城丽园西门西川巷子市井火锅(紫韵城店),113.543442,34.765145,13838327152,8：00——22：00
中原区,50102,四川菜(川菜),西川巷子市井火锅(淮河西路店),淮河西路65号,113.591849,34.728676,17755669333,8：00——22：00
中原区,50102,四川菜(川菜),逯林汇川味火锅店(旗舰店),华山路121产业园(二砂地铁站A3口步行240米),113.598893,34.746096,19037118226,8：00——22：00
中原区,50102,四川菜(川菜),四川担担面馆,汝河路105-10号,113.605415,34.732473,15039059055,8：00——22：00
中原区,50102,四川菜(川菜),军嫂川菜馆(紫韵城店),顺昌路126号华瑞紫韵城福园3号楼1-2层附21号,113.538523,34.766998,13838186394;18537152030,8：00——22：00
中原区,50102,四川菜(川菜),重庆家常菜,王屋路大学科技园5号楼对面9号门面房,113.60307,34.797377,15038191148;18838274213,8：00——22：00
中原区,50102,四川菜(川菜),张矮子川菜馆(郑州建委北院店),淮河路与文化宫路向北50米路东张矮子川菜馆,113.617042,34.729546,18236964408,8：00——22：00
中原区,50102,四川菜(川菜),川奇麻辣香锅(金梭路店),金梭路万丰慧城52-22号,113.563367,34.821419,13733645448;18836620968,8：00——22：00
中原区,50102,四川菜(川菜),钱辣辣老成都串串火锅(华强广场店),高新区太白路五龙口南路交叉口,113.606025,34.786225,18037375923,8：00——22：00
中原区,50102,四川菜(川菜),四川担担面(颖河小区店),颖河小区北院东南门旁,113.619491,34.74037,15938773590,8：00——22：00
中原区,50102,四川菜(川菜),巴码串局串串火锅,雪松路与金菊街交叉口北里安置区1附10附11号1层,113.55389,34.822067,16691635659,8：00——22：00
中原区,50102,四川菜(川菜),川菜小酒馆(万科城紫兰苑店),万科城紫兰苑西门南50米,113.516088,34.812456,15003844068,8：00——22：00
中原区,50102,四川菜(川菜),川府酸菜鱼(秦岭路店),秦岭路与伊河路交叉口向南100m路东,113.603647,34.741599,13838125306,8：00——22：00
中原区,50102,四川菜(川菜),蓉姐川菜馆(啟福尚都C区店),广文街与兴国路交叉口东北角商铺17-6号,113.557859,34.751114,13393737900,8：00——22：00
中原区,50102,四川菜(川菜),成都小酒馆,淮河路街道锦绣园兴达锦绣园,113.623854,34.725426,15890633983;18738192021,8：00——22：00
中原区,50102,四川菜(川菜),蜀味居毛血旺(郑顺青年公寓店),高新区盘槐里1号第三间,113.56232,34.803356,13783531420,8：00——22：00
中原区,50102,四川菜(川菜),山西油泼拌面川湘菜大盘鸡(金玺·总部港店),健杨路与莲花街交叉口东北180米,113.503933,34.836138,18935062409,8：00——22：00
中原区,50102,四川菜(川菜),汤师傅回锅肉(凯田花园店),凯田花园东门北50米(卧龙岗地铁站B2口步行240米),113.603078,34.727344,13837132526;18903833500,8：00——22：00
中原区,50102,四川菜(川菜),郑记成都串串香,陇海路与前进路交叉口向北200米路东,113.610453,34.738212,15836039212,8：00——22：00
中原区,50102,四川菜(川菜),四川担担面,春藤路35号4号楼附2号,113.545568,34.80523,16603888898;18638217480,8：00——22：00
中原区,50102,四川菜(川菜),刘少臣四川担担面(正弘生活广场店),红枫里玉兰街交叉口向东100米路北,113.567056,34.805267,15238638209,8：00——22：00
中原区,50102,四川菜(川菜),四川菜馆,腊梅路102号,113.536421,34.805968,17783712316,8：00——22：00
中原区,50102,四川菜(川菜),向居膳江湖菜馆,桐柏路街道桐柏北路100号城开·水城二期,113.612842,34.779371,15238354046,8：00——22：00
中原区,50102,四川菜(川菜),川府小吃(凯田花园店),淮河西路83-12号,113.60231,34.728617,13526721669,8：00——22：00
中原区,50102,四川菜(川菜),山城老火锅,雪松路与冬青街秦悦汇一楼山城老火锅,113.555159,34.799911,15238699568,8：00——22：00
中原区,50102,四川菜(川菜),老成都旋转小火锅(探十里店),新城新天地小区2号楼1楼附2号,113.616256,34.7347,17788178866,8：00——22：00
中原区,50102,四川菜(川菜),川渝小厨(汇泉西悦城店),汇泉城11号院7-122,113.528149,34.72761,18875384512,8：00——22：00
中原区,50102,四川菜(川菜),老磨盘市井川菜,航海西路街道工人路商业街20号,113.620654,34.717393,13598096865,8：00——22：00
中原区,50102,四川菜(川菜),渝香情川菜(巨正大厦店),中原西路171号万达广场东区,113.602772,34.744565,15515876053,8：00——22：00
中原区,50102,四川菜(川菜),瓜娃子川菜四厂烩面,嵩山北路车兴街112号,113.625836,34.772546,15138987073,8：00——22：00
中原区,50102,四川菜(川菜),年轻20年·绝无预制菜(朗悦公园店),枫杨街21号玺园附6附7号商铺,113.554578,34.813912,15617693311,8：00——22：00
中原区,50102,四川菜(川菜),天府川菜馆(伏牛路店),伏牛南路5号尚景小区2号楼1层,113.606809,34.72708,13838197949;15516904993,8：00——22：00
中原区,50102,四川菜(川菜),川味小厨(石楠路店),朗悦·公园道1号·玺园南门西50米7-附18号,113.552735,34.811085,18037129612,8：00——22：00
中原区,50102,四川菜(川菜),辣妹子川菜馆,须水河东路百合女性购物广场一楼8号辣妹子川菜,113.522635,34.767034,15870576899,8：00——22：00
中原区,50102,四川菜(川菜),蓉姐川菜馆(大中原汽车城店),中原西路与兰州北路交叉口大中原汽车城C区,113.490598,34.753512,15038280215;15286805605,8：00——22：00
中原区,50102,四川菜(川菜),巧嫂子老成都旋转小火锅(冉屯路店),桐柏北路100号院14号楼一层11号,113.600978,34.758435,15537129813;15638226661,8：00——22：00
中原区,50102,四川菜(川菜),川菜鱼庄回锅肉(万科城水云苑店),沟赵乡沟赵街道紫楠路35号万科城水云苑,113.501068,34.813642,18838229778,8：00——22：00
中原区,50102,四川菜(川菜),川帮菜馆,正星科技股份有限公司北门旁,113.554392,34.80504,13213231717,8：00——22：00
中原区,50102,四川菜(川菜),四川担担面高新店,郑州市高新区雪松路北段路东四川担担面,113.557607,34.832621,13213161888;13592609798;17796666557,8：00——22：00
中原区,50102,四川菜(川菜),老坛酸菜鱼(前进路中原路店),建设路街道前进路12号前进路12号院,113.609534,34.748614,13526582715,8：00——22：00
中原区,50102,四川菜(川菜),巴蜀川菜馆,须水河东路27-5号,113.522887,34.769775,18523782971,8：00——22：00
中原区,50102,四川菜(川菜),吴一轩成都口水鸡(桐淮小区北院店),汝河路与桐柏路交叉口东北角,113.61418,34.732701,18237161186,8：00——22：00
中原区,50102,四川菜(川菜),杨小哥四川担担面,高新技术产业开发区金竹街12号谦祥·世茂万华城悦府,113.58187,34.815734,15188320932,8：00——22：00
中原区,50102,四川菜(川菜),郸城人家川湘味,须水街道河东路29-4-1号,113.524377,34.772612,15517532182,8：00——22：00
中原区,50102,四川菜(川菜),一日三餐,须水河东路与荣达路交叉口向东50米路南19-9,113.524229,34.772008,13619843313,8：00——22：00
中原区,50102,四川菜(川菜),手擀面川湘家常菜,金柏路与青梅街交叉口,113.47477,34.821992,15555407407,8：00——22：00
中原区,50102,四川菜(川菜),重庆家常菜,五龙口南路16号院红河瀛园1期1层附39号,113.606434,34.786208,15019131796,8：00——22：00
中原区,50102,四川菜(川菜),万记重庆串串香(汝河路店),桐淮小区北院南门旁,113.61549,34.732513,15936257783;17337178675,8：00——22：00
中原区,50102,四川菜(川菜),京慧园麻辣香锅(王府井城市奥莱店),王府井城市奥莱负一层京慧园麻辣香锅,113.613134,34.761602,18595628452,8：00——22：00
中原区,50102,四川菜(川菜),紫燕百味鸡(前进路店),前进路80号院1层附15号,113.610077,34.739012,13663859568,8：00——22：00
中原区,50102,四川菜(川菜),秦川面馆(公园茂店),银屏路与迎春街交叉口南120米,113.561027,34.81836,19137435853,8：00——22：00
中原区,50102,四川菜(川菜),鱼你在一起(万科广场店),万科广场4层42A,113.525174,34.805648,13203969904;15638130133,8：00——22：00
中原区,50102,四川菜(川菜),鱼库秘制烤鱼(朗悦公园里店),石楠路国槐街西100米路北,113.549247,34.810929,15155816706,8：00——22：00
中原区,50102,四川菜(川菜),鮮炒鸡酸菜鱼(中鸿花园店),中鸿花园东南门旁,113.565969,34.824965,13703756526,8：00——22：00
中原区,50102,四川菜(川菜),川渝人家(电厂南路店),电厂南路望湖花园2号楼08号门面房,113.601311,34.798609,17384018043,8：00——22：00
中原区,50102,四川菜(川菜),李不馆水煮鱼水煮蛙(华山路店),华山路66号付8号,113.599898,34.739775,13253510932,8：00——22：00
中原区,50102,四川菜(川菜),四川担担面(万科城祥祯苑店),沟赵乡红叶路90号万科城祥祯苑,113.524013,34.806294,15090992955,8：00——22：00
中原区,50102,四川菜(川菜),麻婆豆腐(洛河路),桐柏路与洛河路交叉口向西200米路南,113.611545,34.744946,13623856753,8：00——22：00
中原区,50102,四川菜(川菜),秦一顺手擀面川湘菜,天健湖智联产业园旁边商铺103号,113.482118,34.810949,18636351005,8：00——22：00
中原区,50102,四川菜(川菜),蜀面堂(升龙又一城店),升龙又一城AB区南门东180米,113.545483,34.80526,18638217480,8：00——22：00
中原区,50102,四川菜(川菜),重庆美食(石楠路),莲花街103-22,113.55161,34.82647,13523524528;18574107788,8：00——22：00
中原区,50102,四川菜(川菜),赵九记老火锅(高新店),中原区高新区石楠路国槐街向西150米,113.550315,34.810783,18838903822,8：00——22：00
中原区,50102,四川菜(川菜),刘记川邦菜馆快餐小炒,郑州锦源新型节能材料有限公司南门旁,113.554753,34.805076,13213231717,8：00——22：00
中原区,50102,四川菜(川菜),宽窄巷子麻辣香锅(棉纺西路店),秦岭路街道棉纺西路35号国棉六厂家属院,113.610162,34.76062,15981899870;19139707896,8：00——22：00
中原区,50102,四川菜(川菜),川奇麻辣香锅,汇泉西悦城11号院1号楼北101号,113.526661,34.726892,15936353706,8：00——22：00
中原区,50102,四川菜(川菜),川湘阁,陇海西路和工人路交叉口向东100米路北100米,113.621609,34.736771,0371-65117771,8：00——22：00
中原区,50102,四川菜(川菜),川奇麻辣香锅(中原商贸城店),林山寨街道友爱路2号中原商贸城1层2号,113.625607,34.753332,17513123538,8：00——22：00
中原区,50102,四川菜(川菜),满屋福麻辣香锅(丁香里店),梧桐街与丁香里交叉口向北70米路东,113.558514,34.795295,16638255882,8：00——22：00
中原区,50102,四川菜(川菜),川火人砂锅菜,中原区高新区大里鑫茂源2栋1层附7号附8号,113.547934,34.810351,18837275122,8：00——22：00
中原区,50102,四川菜(川菜),锦壹香,秦岭路与洛河西路交叉口巨正商业广场3号楼1层112号,113.602077,34.744095,17809346789,8：00——22：00
中原区,50102,四川菜(川菜),嗨辣派小龙虾,谦祥万和城A区北门地库口东1米,113.540915,34.833782,16638307281;18137293178,8：00——22：00
中原区,50102,四川菜(川菜),川奇麻辣香锅,须水河东路与昌达路交叉口东南460米,113.524666,34.766007,18538060580,8：00——22：00
中原区,50102,四川菜(川菜),蜀湃川渝冒肚(朗悦公园里店),中原区高新区国槐街朗悦·公园里5B号楼1层5-1009号商铺,113.553581,34.8105,17719878897,8：00——22：00
中原区,50102,四川菜(川菜),川奇麻辣香锅,锦艺国际华都·欧尚西门南90米,113.611474,34.76288,17737289019,8：00——22：00
中原区,50102,四川菜(川菜),川奇麻辣香锅(升龙又一城店),高新区科学大道89号一号楼1层商业18号,113.545543,34.80517,13526831969,8：00——22：00
中原区,50102,四川菜(川菜),京绣川麻辣香锅(正弘汇店),青云路与金梭路辅路交叉口东南160米,113.566239,34.808808,13137060903,8：00——22：00
中原区,50102,四川菜(川菜),登封羊肉烩菜馆(冬青街店),冬青街银屏路交叉口东北角,113.561096,34.801603,15738408220;18236798257,8：00——22：00
中原区,50102,四川菜(川菜),四川担担面,莲花街11号,113.558781,34.824833,17796666557,8：00——22：00
中原区,50102,四川菜(川菜),朱熙熙三不炒(公园里店),国槐街69号2号楼1层附15、附16号商铺,113.550043,34.809754,13525871066,8：00——22：00
中原区,50102,四川菜(川菜),兴盛老火锅,前进路99号,113.609289,34.754346,15604080201,8：00——22：00
中原区,50102,四川菜(川菜),馋躲躲麻辣香锅(高新万科广场店),中原区4楼23铺(祥营地铁站A1口步行70米),113.525106,34.806003,15738086228,8：00——22：00
中原区,50102,四川菜(川菜),胖三酸菜鱼(新合鑫木兰里店),瑞达路与木兰里交叉口睿达广场4楼,113.566406,34.796836,0371-67993188,8：00——22：00
中原区,50102,四川菜(川菜),灯火可亲(啟福尚都C区店),启福尚都C区东1门旁,113.561788,34.75194,0371-61283389;13071003338;18937197882,8：00——22：00
中原区,50102,四川菜(川菜),大先生(翰林国际城孟园店),金菊街与长椿路交叉口东100米,113.543283,34.822733,17320181676,8：00——22：00
中原区,50102,四川菜(川菜),良厨巷子重庆老火锅(华瑞紫韵城福园店),华瑞紫韵城福园(铁炉地铁站C口步行420米),113.538625,34.766513,19900936386,8：00——22：00
中原区,50102,四川菜(川菜),掌小柜成都老味串串香火锅,淮河路伏牛路向北100米,113.607068,34.73005,15664153153,8：00——22：00
中原区,50102,四川菜(川菜),重庆鲜面条店,睿智花园东门北50米,113.558251,34.796752,15334606499,8：00——22：00
中原区,50102,四川菜(川菜),渝香苑酸菜鱼(西现代城店),金梭路枫杨街交叉口向南50米路西,113.564363,34.813299,13663808289,8：00——22：00
中原区,50102,四川菜(川菜),川奇麻辣香锅(华强广场店),电厂路70-3号,113.602725,34.793725,18595915691,8：00——22：00
中原区,50102,四川菜(川菜),百菜源麻辣香锅(中原新城店),汝河西路69号世纪联华美食城内,113.610375,34.733225,15738363991,8：00——22：00
中原区,50102,四川菜(川菜),川奇麻辣香锅,秦岭路9号院1号楼1-2层附5号,113.600739,34.758519,17320196229;17890673890,8：00——22：00
中原区,50102,四川菜(川菜),巴奴毛肚火锅(中原万达店),中原中路171号万达广场室外步行街一层A025-3号,113.600723,34.74613,0371-55131577,8：00——22：00
中原区,50102,四川菜(川菜),成都油辣子串串,汝河路街道淮河西路85号华淮小区南区,113.599931,34.727317,19939702488,8：00——22：00
中原区,50102,四川菜(川菜),渝香干拌烤鸭,航海西路街道前进路81号院8号楼商业1层附83号,113.611384,34.739466,18317537985,8：00——22：00
中原区,50102,四川菜(川菜),小龙坎火锅(中原万达店),中原路秦岭路西南角中原万达广场金街3号门东侧,113.601817,34.74597,0371-86109909,8：00——22：00
中原区,50102,四川菜(川菜),胖林爆炒鸡酸菜鱼烙馍村(石楠路店),枫杨街道莲花街50号院学府花园,113.551476,34.825427,13137124889,8：00——22：00
中原区,50102,四川菜(川菜),成都串串香(锦艺国际华都·美域店),棉纺路西路六厂前街向北50米工商银行楼下8-06,113.607988,34.763205,18838126305,8：00——22：00
中原区,50102,四川菜(川菜),蓉城师傅串串火锅,,113.561121,34.819617,0371-63286298,8：00——22：00
中原区,50102,四川菜(川菜),川奇麻辣香锅(万和店),枫杨街道长椿路216号谦祥·万和城B区,113.538955,34.8331,19036910688;19069633953,8：00——22：00
中原区,50102,四川菜(川菜),川奇麻辣香锅(万科城店),万科城万科小世界f16(祥营地铁站C口步行240米),113.525687,34.810011,15993615110,8：00——22：00
中原区,50102,四川菜(川菜),万盛屯烤肉麻辣烫,中原西路156号9号楼1层104号,113.594604,34.745598,15637195114,8：00——22：00
中原区,50102,四川菜(川菜),益丰源烩面家常菜,玉兰西街与红叶路交叉口东150米,113.525392,34.804629,18039218436,8：00——22：00
中原区,50102,四川菜(川菜),川奇麻辣香锅(杜兰街19号),沟赵乡黄兰路38号万科城秋棠苑,113.493904,34.810612,13103859122,8：00——22：00
中原区,50102,四川菜(川菜),牛水煮·麻辣水煮牛肉(正弘汇店),瑞达路138号正弘汇7楼709,113.567075,34.809042,19139986780,8：00——22：00
中原区,50102,四川菜(川菜),豫蓉源川味担担面(前进路总店),前进路25号院1单元,113.609515,34.752915,18639552005,8：00——22：00
中原区,50102,四川菜(川菜),川渝小食府(百炉屯二号院店),百炉屯二号院南门旁,113.577765,34.779053,18423397879,8：00——22：00
中原区,50102,四川菜(川菜),胖大侠火锅(翰林商业广场店),金菊街丁楼庄园南门36-10号,113.548139,34.822558,19939712099,8：00——22：00
中原区,50102,四川菜(川菜),小破摊重庆老火锅,杏湾路与长城路交叉口东南60米,113.578707,34.742887,15936783143,8：00——22：00
中原区,50102,四川菜(川菜),西郊味道,建设路与西三环交叉口南300米路西,113.585243,34.756358,13526455665,8：00——22：00
中原区,50102,四川菜(川菜),重庆老妈串串香,百炉屯十号院东门旁,113.572905,34.778052,15826383724,8：00——22：00
中原区,50102,四川菜(川菜),渝老五老重庆地摊麻辣鱼(谦祥·万和城A区店),长椿路216-219号,113.541675,34.833447,13937310864;15565283370;15998498022,8：00——22：00
中原区,50102,四川菜(川菜),槾姐老成都火锅(二砂文创园店),二砂文化创意园47号一层西,113.59646,34.743518,16621116606,8：00——22：00
中原区,50103,广东菜(粤菜),森林海广东火锅打边炉·清真,枫杨街道石楠路99号金盾花园,113.551829,34.821875,18738153391,8：00——22：00
中原区,50103,广东菜(粤菜),粤广来鲜切土鸡煲,金菊街16-21,113.555709,34.822332,0371-55681999,8：00——22：00
中原区,50103,广东菜(粤菜),阿科广州小屋,陇海西路370号(工人路陇海路向东30米路南),113.62155,34.736046,0371-63386138,8：00——22：00
中原区,50103,广东菜(粤菜),汇军瓦罐烤鸡粤菜小炒,中原区河南省元通雅居底商2-108号,113.524213,34.76708,13937184591;17319740591,8：00——22：00
中原区,50103,广东菜(粤菜),广州牛杂,郑州高新区电厂路70号华强广场1号楼1层附64号,113.602218,34.792958,13633863232,8：00——22：00
中原区,50103,广东菜(粤菜),相粤河南雷锋主题餐厅,工人路83号,113.619758,34.751268,18595717881,8：00——22：00
中原区,50103,广东菜(粤菜),老广粥粉铺(中原万达店),华山路二砂北路交叉口西北角,113.599449,34.745489,18037675797,8：00——22：00
中原区,50103,广东菜(粤菜),锅清欢·广州牛杂(公园茂外街店),迎春街52号公园道1期2号楼附9号,113.555275,34.820267,15638194912,8：00——22：00
中原区,50103,广东菜(粤菜),佬港味港式餐厅(锦艺国际华都·美域店),棉纺西路4号院8号楼1-2层商16号,113.608554,34.763075,15638501071,8：00——22：00
中原区,50103,广东菜(粤菜),喜粤顺德干蒸菜(暂停营业),华强广场1期1号楼附22号,113.604085,34.793512,18037380267,8：00——22：00
中原区,50104,山东菜(鲁菜),山东鲜炒鸡,电厂路-46-44(大学科技园地铁站B口步行110米),113.602575,34.790525,19283711993,8：00——22：00
中原区,50104,山东菜(鲁菜),山东傅氏小馆,棉纺路街道建设西路127号楼附4、5号,113.620906,34.754805,13044516669,8：00——22：00
中原区,50104,山东菜(鲁菜),陈家鲁山揽锅菜(汝河路店),桐淮小区1号楼营业房1单元1层74号,113.614802,34.732687,15515757406,8：00——22：00
中原区,50104,山东菜(鲁菜),鲁香·沂蒙山炒鸡(保利文化广场店),国槐街32号1号楼1层附65号,113.558566,34.812022,18010472539,8：00——22：00
中原区,50104,山东菜(鲁菜),何一鸣鲜炒鸡(二砂旗舰店),华山路阳光商务B座,113.599892,34.741566,18037503668,8：00——22：00
中原区,50104,山东菜(鲁菜),鲁记开封鸡血汤(同汇花园2号院店),建设西路396号院4号楼1层商24号,113.548325,34.764093,15225483831,8：00——22：00
中原区,50104,山东菜(鲁菜),锦和羊肉汤(高新·锦和苑A区店),堂门路10-2号,113.526997,34.830864,18625558906,8：00——22：00
中原区,50106,浙江菜,晓江南冬青街店,中原区高新区冬青街26-2号,113.545559,34.801667,0371-66626766;16692160077,8：00——22：00
中原区,50106,浙江菜,胖哥俩肉蟹煲(郑州探十里店),航海西路街道探十里购物中心三楼L329号商铺,113.614487,34.735105,0371-65016288,8：00——22：00
中原区,50106,浙江菜,君乐山江浙菜·豫菜(嵩山路店),嵩山北路和中原路交叉路口向北300米,113.627655,34.750846,0371-67808888,8：00——22：00
中原区,50106,浙江菜,满堂印巷市井杭州菜(暂停营业),工人路淮河路交叉口东南角院内,113.62104,34.728319,16696016668,8：00——22：00
中原区,50107,上海菜,小南国酒楼(伊河路店),林山寨街道伊河路42号,113.616461,34.742935,0371-67425000;0371-67425333,8：00——22：00
中原区,50107,上海菜,老豆源老上海酥鱼(伊河路店),伊河路文化宫路交叉口,113.617159,34.742779,15290886485,8：00——22：00
中原区,50107,上海菜,老豆源老上海酥鱼(互助路店),互助路与工人路交叉口西20米,113.620472,34.74982,18530065371,8：00——22：00
中原区,50107,上海菜,老豆源老上海酥鱼(药厂街店),祝福红城二号院南门向西100米门面房,113.552467,34.789453,15796652180,8：00——22：00
中原区,50107,上海菜,老豆源老上海酥鱼(淮河路店),淮河西路83-7号(卧龙岗地铁站B2口步行100米),113.602904,34.728615,13303719304,8：00——22：00
中原区,50108,湖南菜(湘菜),湘菜馆(万和城店),谦祥·万和城C区南门旁,113.539368,34.830149,15538226828;18530009148,8：00——22：00
中原区,50108,湖南菜(湘菜),华豫湘家常菜,朝阳小区西侧120米,113.523163,34.758134,18538509885,8：00——22：00
中原区,50108,湖南菜(湘菜),聚家湘菜馆(中原万达店),秦岭路与中原路交叉口向南400米路西(中国工商银行南100米),113.602698,34.744479,15093395242,8：00——22：00
中原区,50108,湖南菜(湘菜),聚家湘菜馆(华山路店),华山路130一27,113.599472,34.738976,13027779185,8：00——22：00
中原区,50108,湖南菜(湘菜),蜀湘菜馆,伏牛路协作路交叉口向南200米路东,113.607123,34.749644,18638110425,8：00——22：00
中原区,50108,湖南菜(湘菜),聚家湘菜馆(王屋路店),紫熙苑东门旁,113.599459,34.785685,0371-55370979;18838131311,8：00——22：00
中原区,50108,湖南菜(湘菜),湘妹子湖南米粉牛肉面店,科学大道春藤路与玉兰街交叉口向西50米路北升龙AB区1号楼底商附21号,113.545407,34.805224,18336302810,8：00——22：00
中原区,50108,湖南菜(湘菜),老罗湘菜馆,陇海西路168号-15号,113.603081,34.738944,18637138457,8：00——22：00
中原区,50108,湖南菜(湘菜),阿龙湘菜馆,沟赵乡高新区黄兰路万科城四期21号楼附20号,113.49486,34.810607,13939356644,8：00——22：00
中原区,50108,湖南菜(湘菜),长沙菜馆(原淮河路分店),淮河路南秦岭路西7号楼1-2层103号,113.603055,34.728092,13526599401,8：00——22：00
中原区,50108,湖南菜(湘菜),傲椒小芙蓉精致湘菜,雪松路与翠竹街交叉口北60米,113.556073,34.817542,0371-88916861;13653832953;17739792033,8：00——22：00
中原区,50108,湖南菜(湘菜),湖南米粉(沁河路店),沁河路北文化宫路东啟福铭都6号楼,113.617469,34.723134,18224500360,8：00——22：00
中原区,50108,湖南菜(湘菜),湘悦湘菜小馆,启福尚都C区北门旁,113.559438,34.752592,19103861938,8：00——22：00
中原区,50108,湖南菜(湘菜),福轩楼三十六道湘(万科城雅梅苑店),杜兰街与创新大道交叉口东北角,113.491898,34.811065,18339263970;18838136362,8：00——22：00
中原区,50108,湖南菜(湘菜),豫才记烧汁鱼川湘小馆,中国河南省郑州市中原区金水西路冉屯东路向北400米路西天誉华庭10号楼商铺,113.609874,34.773005,13623834968;15093459619,8：00——22：00
中原区,50108,湖南菜(湘菜),老味道湘菜(文化宫路店),文化宫路9-14,113.616967,34.731851,13837107961,8：00——22：00
中原区,50108,湖南菜(湘菜),湘酥中点(正商花语里店),濮河路6-49号,113.598314,34.782568,13283839855,8：00——22：00
中原区,50108,湖南菜(湘菜),广瑞湘·滑蛋饭(金梭路),中原区高新区金梭路盘槐里32-15号,113.563279,34.803355,13795215966,8：00——22：00
中原区,50108,湖南菜(湘菜),戴湘府.家宴(文化宫路总店),文化宫路9-14号,113.617016,34.731851,13837107961,8：00——22：00
中原区,50108,湖南菜(湘菜),好兄弟湖南米粉牛肉面(棉纺西路18号院店),棉纺西路18号院北门东70米,113.606742,34.76218,15649020200;18073692769,8：00——22：00
中原区,50108,湖南菜(湘菜),湖南米粉牛肉面(河南工业大学店),郑州高新区金梭路莲花街11号3幢1单元1层附3号,113.551746,34.82664,13837150604;13938249287,8：00——22：00
中原区,50108,湖南菜(湘菜),豫你湘约小碗菜,棉纺北路与纺织路交叉口方圆·经纬花园好味饺子旁边二层,113.616394,34.761693,17839908862,8：00——22：00
中原区,50108,湖南菜(湘菜),郑州市高新技术开发区湖湘灯火餐饮店,梧桐街石楠39号,113.550209,34.793733,0371-58637155;19138182923,8：00——22：00
中原区,50108,湖南菜(湘菜),花塘湘味紫苏鱼(新芒果·春天苑店),郑州市高新技术开发区长椿路16号春天大厦2号楼1-2层附3商铺4,113.537452,34.798037,15514501394,8：00——22：00
中原区,50108,湖南菜(湘菜),味湘知(翰林国际城孟园店),长椿路与金菊街交叉口向东一百米路北味湘知,113.543872,34.822789,13071096773,8：00——22：00
中原区,50108,湖南菜(湘菜),油泼面川湘菜(银屏路店),银屏路中益七禧10号楼1单元附11号,113.561133,34.799809,15294610929,8：00——22：00
中原区,50108,湖南菜(湘菜),湘菜小馆子(龙鼎企业中心三期创富中心店),龙鼎企业中心三期创富中心,113.509928,34.833051,18638295506,8：00——22：00
中原区,50108,湖南菜(湘菜),湘水人家(秦岭路店),秦岭路淮河路南100米路西,113.603072,34.727608,13253316978;15517198059,8：00——22：00
中原区,50108,湖南菜(湘菜),东寨门川湘小厨 地锅柴鸡(中原路西三环店),中原西路西三环向西三百米路北,113.58011,34.748103,16603868188,8：00——22：00
中原区,50108,湖南菜(湘菜),鱼码头主题餐厅(学府花园店),莲花街与雪松路交叉口西南角,113.557125,34.826464,0371-67597113,8：00——22：00
中原区,50108,湖南菜(湘菜),老湘好(凯田花园店),秦岭路238-10号(卧龙岗地铁站B2口步行230米),113.603065,34.727822,15036183282,8：00——22：00
中原区,50108,湖南菜(湘菜),师徒俩猛火现炒菜,翰林国际城12号楼附9-10,113.548143,34.824632,18438116668,8：00——22：00
中原区,50108,湖南菜(湘菜),湘味烙馍村鲜炒鸡虾尾烧烤(谦祥·万和城店),谦祥万和城C区28号楼1层附12号,113.53752,34.830187,15515845828,8：00——22：00
中原区,50108,湖南菜(湘菜),湘味中式快餐,中原区电子商务产业园5号楼附03号,113.546081,34.802153,15874987295,8：00——22：00
中原区,50108,湖南菜(湘菜),米湘园大米盒饭(CCmall大摩西元广场店),建设西路198号西元国际广场F1层,113.602274,34.758049,17344990812,8：00——22：00
中原区,50108,湖南菜(湘菜),湘下佬老长沙吃货铺(中原万达店),中原中路171号万达广场(郑州中原店)3F层,113.60183,34.746354,19139917055,8：00——22：00
中原区,50108,湖南菜(湘菜),程家小宴(玉兰街店),高新技术产业开发区玉兰街2号一楼,113.570355,34.805157,18538318833,8：00——22：00
中原区,50108,湖南菜(湘菜),喜湘豫(永威·V棠店),永威·V棠,113.530732,34.740773,13803863445,8：00——22：00
中原区,50108,湖南菜(湘菜),阿允大盘鸡,金田路10号20栋1-层102号房层102号房,113.528769,34.727259,13718171786,8：00——22：00
中原区,50109,安徽菜(徽菜),安徽菜馆(863软件园店),翠竹街6号国家863中部软件园内4号楼西北角,113.56168,34.818199,18339270269,8：00——22：00
中原区,50109,安徽菜(徽菜),徽夫子辣椒炒肉,科学大道89号2号楼1层附18号,113.544122,34.805141,13526878892,8：00——22：00
中原区,50111,北京菜,鸭舞优北京烤鸭(建设路店),建设路56号(桐柏路交叉口东北角),113.614681,34.756051,15639091716;18539973666,8：00——22：00
中原区,50111,北京菜,二力涮锅(秦岭路店),秦岭路217号,113.603703,34.739681,0371-67693185,8：00——22：00
中原区,50111,北京菜,清真·老北京涮锅(锦艺城购物中心B区店),棉纺西路桐柏路锦艺城B区3楼东侧,113.610636,34.762028,0371-86587388,8：00——22：00
中原区,50111,北京菜,全德北京烤鸭(公园茂店),迎春街53-17,113.552985,34.819245,15617761976,8：00——22：00
中原区,50111,北京菜,鸭荣华北京烤鸭(秦岭路店),岗坡路与秦岭路交叉口西30米,113.602955,34.752871,18300708392,8：00——22：00
中原区,50111,北京菜,品意德北京烤鸭(锦艺形象店),棉纺西路22号院东北门西60米,113.607807,34.761943,17739775437,8：00——22：00
中原区,50111,北京菜,鸭舞优北京烤鸭(桐柏路店),桐柏北路101号农业路与桐柏路交叉口东北角路东,113.619116,34.775401,18860394467,8：00——22：00
中原区,50111,北京菜,壹亩田烤鸭(郑煤机社区南区店),秦岭路岗坡路东南角一楼二号,113.603666,34.751972,0371-55112122;13027785343,8：00——22：00
中原区,50111,北京菜,品意德北京烤鸭(电厂路店),电厂路19号2号楼1层附4号,113.602821,34.782424,13393732978,8：00——22：00
中原区,50111,北京菜,意品香北京烤鸭(工人路店),工人路340-8号,113.621019,34.724258,13223052009,8：00——22：00
中原区,50111,北京菜,全德北京烤鸭(锦艺国际华都·欧尚店),棉纺西路2号院一层商15号,113.611892,34.765178,15937190937,8：00——22：00
中原区,50111,北京菜,建华北京烤鸭(高新区店),莲花街与雪松交叉口学府花园99一4号,113.556597,34.826612,18530117655,8：00——22：00
中原区,50111,北京菜,品意德北京烤鸭(绿都城店),西三环与长城路交叉口西200米路南绿都城北门西10米绿都城2号楼1层附1号,113.581365,34.743201,15638938282,8：00——22：00
中原区,50111,北京菜,鸭舞优北京烤鸭(工人路店),工人路与沁河路交叉口东南角349-15号,113.621075,34.722725,15639052343,8：00——22：00
中原区,50111,北京菜,全德北京烤鸭(郑顺青年公寓店),盘槐里快乐家楼下东六,113.562209,34.803289,15342468284;17752560636,8：00——22：00
中原区,50111,北京菜,春意斋北京烤鸭,秦岭路199号(与颖和路交叉口东北角),113.603617,34.740892,17737198039,8：00——22：00
中原区,50111,北京菜,北京果木烤鸭(农业路店),开元社区冉屯路五号院西南门东170米,113.614327,34.775994,13298163180,8：00——22：00
中原区,50111,北京菜,品意德北京烤鸭(公园道1号店),朗悦·公园道1号·南苑,113.553655,34.819286,13203807650;13213227883,8：00——22：00
中原区,50111,北京菜,京顺北京烤鸭(冉屯新村北院店),农业快速路与电厂路交叉口向西10米路北,113.600749,34.778559,0371-86259928,8：00——22：00
中原区,50111,北京菜,阿龙北京果木烤鸭(师新庄社区店),师新庄社区南门旁,113.536722,34.82757,13598486154;15303899282,8：00——22：00
中原区,50111,北京菜,京城一只鸭(翰林商业广场店),翰林国际城桃李园南门西南80米,113.547545,34.824613,13273843118,8：00——22：00
中原区,50111,北京菜,京焱坊果木烤鸭店,莲花街裕华满园西南角198-59,113.531773,34.828241,17637149805,8：00——22：00
中原区,50111,北京菜,品意德北京烤鸭(汝河路店),汝河路文化宫路西30米路北,113.616173,34.732706,15093080997,8：00——22：00
中原区,50111,北京菜,北京烤鸭(万科生活广场店),须水河东路杜鹃街北京烤鸭,113.518214,34.810565,18003860625,8：00——22：00
中原区,50111,北京菜,朝思暮想手撕烤鸭,郑州高新区银屏路115号,113.56363,34.820586,15238623636,8：00——22：00
中原区,50111,北京菜,千味斋.北京烤鸭(荣邦城店),学府嘉园西门北70米,113.564018,34.829935,18537138836,8：00——22：00
中原区,50111,北京菜,京鸭坊北京烤鸭(乐丁广场店),电厂路17号乐丁广场一号楼西北角(中影影城入口),113.602814,34.781355,18538132050,8：00——22：00
中原区,50111,北京菜,品意德北京烤鸭(祝福红城店),药厂街与石楠路交叉口东行50米路南,113.551955,34.78878,18039118907,8：00——22：00
中原区,50111,北京菜,正宗李记手撕烤鸭,桐柏北路100号院14号楼1单元1层01号,113.612683,34.778588,18530070251,8：00——22：00
中原区,50111,北京菜,京味煌北京烤鸭(保利文化广场尚园店),保利文化广场一期尚园南门口东20米路南,113.560167,34.812541,13603737362,8：00——22：00
中原区,50111,北京菜,聚味德北京烤鸭,桐柏路便民服务中心B区107号,113.615738,34.743297,15038210203,8：00——22：00
中原区,50111,北京菜,仲记正宗手撕烤鸭,棉纺西路与棉织一街交叉口西南60米,113.611376,34.760809,15538213145,8：00——22：00
中原区,50111,北京菜,焖炉王北京烤鸭,桐柏路与煤仓北街交叉口向东一百米,113.61878,34.772278,15038283016,8：00——22：00
中原区,50111,北京菜,品意德北京烤鸭(直营店),高新区沟赵办事处水牛张村水云苑社区3号楼1单元4室,113.501382,34.810993,13213195277;16603867060,8：00——22：00
中原区,50111,北京菜,肥小鸭北京烤鸭汝河路店,汝河路107-8号,113.604714,34.732478,13623714153,8：00——22：00
中原区,50111,北京菜,北京张英茶油鸭,自来水公司工程队家属院北门西60米,113.60466,34.732506,15515536122,8：00——22：00
中原区,50111,北京菜,刘师傅手撕烤鸭,棉纺北路91号,113.61412,34.764559,15936990980,8：00——22：00
中原区,50111,北京菜,宴聚德北京烤鸭(启福花园北区店),汝河西路39号院3号楼一层商6,113.598674,34.732694,18937878128,8：00——22：00
中原区,50111,北京菜,北京烤鸭(电厂路店),电厂路与泾河路交叉口向北60米路西82-14号门面房,113.605547,34.79696,17700667787,8：00——22：00
中原区,50111,北京菜,品意德北京烤鸭(须水店),西四环136号附1号院9号楼1-2层5号,113.523864,34.765954,13733187017,8：00——22：00
中原区,50111,北京菜,正宗黄记手撕烤鸭,卧龙花园南门东边第三家,113.602296,34.732685,13112254638,8：00——22：00
中原区,50111,北京菜,鸭舞优北京烤鸭(工人路店),汝河路街道工人路349号裙房1-2层5号,113.621014,34.722725,15639052343,8：00——22：00
中原区,50111,北京菜,品意德北京烤鸭(汇泉城店),西四环玉轩路与金兰路交叉口西北角商铺105号,113.528295,34.723467,19603888365,8：00——22：00
中原区,50111,北京菜,德平斋北京烤鸭,瑞达路玉兰街交叉口向西三十米路南,113.567709,34.804879,13007619350,8：00——22：00
中原区,50111,北京菜,正宗仲记手撕烤鸭,金菊街公园道一号泓苑北门15-66号,113.558525,34.800275,15037486159;15639039204,8：00——22：00
中原区,50111,北京菜,自然香北京烤鸭(汝河小区店),汝河路20院贝贝特幼儿园隔壁,113.608786,34.730549,15138994483;15515721400,8：00——22：00
中原区,50111,北京菜,聚和德汴京烤鸭(锦艺城店),棉纺西路四号院2号商业一层商10号,113.611119,34.763339,15538320237,8：00——22：00
中原区,50111,北京菜,董大酥北京烤鸭(公园道玺园店),枫杨街21号2号附15号,113.552245,34.81396,13103862918,8：00——22：00
中原区,50111,北京菜,元聚德北京烤鸭(月桂路店),梧桐街道月桂路21号金科城壹号院,113.573539,34.802845,18937195556,8：00——22：00
中原区,50111,北京菜,北京烤鸭,玉轩路与金轩路交叉口北120米,113.528761,34.738356,17703788850,8：00——22：00
中原区,50111,北京菜,碳窑坊木炭烤鸭,棉纺西路40-13号,113.60788,34.76517,13607669791,8：00——22：00
中原区,50111,北京菜,兴合昌北京烤鸭,电厂南路2号院王屋路众源农贸市场1号楼103,113.602232,34.801945,18503801355,8：00——22：00
中原区,50111,北京菜,手撕烤鸭高新万达店,华府北门8-附14号,113.580546,34.810461,15038281351,8：00——22：00
中原区,50111,北京菜,壹佰零捌片正宗北京烤鸭,嵩山北路升龙天汇广场10号院西门向南112号,113.625216,34.771749,15333808523,8：00——22：00
中原区,50111,北京菜,四九城北京烤鸭(同汇花园3号院店),同汇花园3号院2号楼109号商铺,113.546899,34.764395,15517131949,8：00——22：00
中原区,50111,北京菜,味鸭来北京烤鸭(六合幸福门三期南区店),六合幸福门3期南区北1门东50米,113.598222,34.755664,17538138203,8：00——22：00
中原区,50111,北京菜,金玉满堂(西四环店),郑上路西四环交叉口中州国际大饭店27层,113.528283,34.76499,0371-86031999;0371-86529888,8：00——22：00
中原区,50111,北京菜,李记老北京炸酱面,西十里铺路与桐柏北路交叉口西50米路南,113.615995,34.769976,13393715570,8：00——22：00
中原区,50111,北京菜,趙筅笙铜锅涮烧烤,电厂路37-10号,113.605789,34.796483,15938540837,8：00——22：00
中原区,50111,北京菜,鑫记五一涮锅总店,九龙城龙栖尚都西门南50米,113.601338,34.772399,18538938268,8：00——22：00
中原区,50111,北京菜,兰州清汤牛肉拉面,郑州市中心医院高新院区东北门旁,113.567251,34.818101,15290806255,8：00——22：00
中原区,50111,北京菜,京味炸酱面(帝湖店),工人路356-129号,113.620625,34.713356,13253413100;18538024845,8：00——22：00
中原区,50111,北京菜,白记烧鸡酱牛肉(伊河路店),伊河路102-3号,113.605707,34.742517,13613860448,8：00——22：00
中原区,50112,湖北菜(鄂菜),九头鸟热干面(嵩岳小区店),嵩岳小区北区西门南170米,113.618139,34.772622,13598096468,8：00——22：00
中原区,50112,湖北菜(鄂菜),楚丰园荆楚味道空中花园,豫桐花园3号院6号楼商铺4楼,113.528295,34.723804,15637185392,8：00——22：00
中原区,50112,湖北菜(鄂菜),杨记隆兴热干面(伏牛路26号院店),伏牛路26-4号(汝河路金帝大厦对面),113.607049,34.735021,18134735999,8：00——22：00
中原区,50112,湖北菜(鄂菜),小俩口热干面(须水河东路店),昌达路与须水河东路交汇处东侧路北,113.523538,34.770815,13838189207;15638219957,8：00——22：00
中原区,50112,湖北菜(鄂菜),李记永光热干面(汝河路第十八店),汝河小区北2门旁,113.61019,34.732172,15037125980;15638538818,8：00——22：00
中原区,50112,湖北菜(鄂菜),徐保峰九头鸟热干面,昆伦路29号门面房(李江沟地铁站A口步行250米),113.594535,34.729924,13783699269,8：00——22：00
中原区,50112,湖北菜(鄂菜),九头鸟热干面(瑞达路辅路店),瑞达路南流小区门面房,113.577423,34.787645,15136279298;18737185893,8：00——22：00
中原区,50113,东北菜,北国印象(郑州建委北院店),淮河西路38号郑州建委北院F1层,113.617042,34.7294,0371-53690939,8：00——22：00
中原区,50113,东北菜,十三幺东北烧烤店,长椿路216-93号,113.540014,34.833811,13704504566,8：00——22：00
中原区,50113,东北菜,东北野生大鱼坊(秦岭路店),秦岭路与西站路交叉口向北150米路东(龙栖尚都商14-01号),113.601261,34.772553,0371-55183850,8：00——22：00
中原区,50113,东北菜,犇牛东北特色烤肉,郑州市高新区蔷薇街谦祥万和城A区12号楼附14号,113.539939,34.833708,18714610277,8：00——22：00
中原区,50113,东北菜,东北饺子精品家乡菜,梧桐街34号,113.550476,34.793687,0371-55387333,8：00——22：00
中原区,50113,东北菜,东北饺子手擀面(锦和苑店),莲花街220号,113.526619,34.829074,18574169596,8：00——22：00
中原区,50113,东北菜,岗刘砂锅老店(前进路店),伊河路108号院东门旁,113.610457,34.742121,13949132811,8：00——22：00
中原区,50113,东北菜,东北小馆(华瑞紫银华庭店),,113.546651,34.808809,18245511991;19003848989,8：00——22：00
中原区,50113,东北菜,地锅根据地(冉屯东路店),煤仓北街22号院33号楼二层4-5号,113.611057,34.774679,0371-66328884,8：00——22：00
中原区,50113,东北菜,龙江东北私房菜(工人路店),工人路98-1号,113.620604,34.745359,15837162698;15837612698,8：00——22：00
中原区,50113,东北菜,豫姥家大锅台(三官路店),三官庙南街与华山路交叉口西220米,113.597362,34.756115,13015501899;15565053868;4001662517,8：00——22：00
中原区,50113,东北菜,众品轩东北小厨(高新·锦华苑店),高新区金菊街16号36幢1-2号附11号,113.551682,34.822937,15511334555;19937868266,8：00——22：00
中原区,50113,东北菜,黑土风情铁锅炖(冉屯路店),桐柏路街道桐柏北路100号53号楼1-3层商场一层门面外2铺位,113.61371,34.781919,13323827299;13333839787,8：00——22：00
中原区,50113,东北菜,郭峰记老式砂锅,电厂路50号丹尼斯大卖场秦岭店F1层,113.603347,34.792372,18037103262,8：00——22：00
中原区,50113,东北菜,东北饺子手擀面(清城美苑店),冉屯路与冉屯东路交汇处向北100米路西,113.611653,34.777505,13938493030;15238068595,8：00——22：00
中原区,50113,东北菜,东北食屋(郑州电力新村工人路北区东),工人路2号(郑州电力新村工人路北区东),113.620974,34.730079,13849059150,8：00——22：00
中原区,50113,东北菜,百年家和饺子东北私房菜,工人路伊河路交叉口向西二百米,113.618873,34.742768,13383859377,8：00——22：00
中原区,50113,东北菜,鑫煜升东北铁锅炖鹤岗小串(郑州大学万科店),红叶路118号(鑫煜升东北铁锅炖鹤岗小串),113.524072,34.811972,0371-66588899,8：00——22：00
中原区,50113,东北菜,石羊寺大锅菜(凯旋路店),凯旋路与化工路向北100路东,113.571207,34.78256,13949134800,8：00——22：00
中原区,50113,东北菜,肉小胖地摊烤肉(华山路店),伊河路93号阳光四季园18号楼1楼6号,113.59989,34.741215,13849093360;15020252522,8：00——22：00
中原区,50113,东北菜,小关大砂锅,淮河路与昆仑路交叉口向北200米路东,113.594538,34.730166,15890113387,8：00——22：00
中原区,50113,东北菜,东北饺子家乡菜,梧桐街道八面神街5号商业房1号楼117室,113.529777,34.790467,0371-58614888;19137634888,8：00——22：00
中原区,50113,东北菜,春香园饭店(同汇花园店),建设西路369号同汇花园1号楼拐角处,113.550106,34.764053,15617688019,8：00——22：00
中原区,50113,东北菜,东北烧烤·私房菜(通和盛世西院店),漳河路35号,113.606583,34.793648,18545126946,8：00——22：00
中原区,50113,东北菜,东北老式烤肉(汝河小区店),汝河路街道桐柏路汝河小区,113.609695,34.731166,18624946789,8：00——22：00
中原区,50113,东北菜,梓宁东北地锅炖烧烤(瓦屋李店),科学大道瓦屋里民俗小吃街中段1051号,113.570579,34.805318,15093225742;17003939444,8：00——22：00
中原区,50113,东北菜,手撕大骨头(洼刘新城A区店),玉兰街春藤路洼刘新城A区78号3标段9号,113.548087,34.805264,15824836383,8：00——22：00
中原区,50113,东北菜,热烀炖大灶台(水云苑南门杜兰街店),水云苑南门2号楼,113.502139,34.811009,18838200556,8：00——22：00
中原区,50113,东北菜,肉小胖地摊烤肉(冉屯路店),煤仓北街22号院33号楼一层5号,113.611059,34.774727,18624907076,8：00——22：00
中原区,50113,东北菜,周记铁锅炖大鹅,西流湖街道建设西路与九州路同汇花园交叉口向北30米18号,113.550621,34.762932,19937606289,8：00——22：00
中原区,50113,东北菜,东北饺子精品家常菜(百炉屯二号院店),紫檀香路与红柳路交叉口路北,113.577961,34.779047,15093287356,8：00——22：00
中原区,50113,东北菜,东北菜小酒馆(正商紫薇里店),冉屯北路13-25号,113.604185,34.77901,18339911155;18545126946,8：00——22：00
中原区,50113,东北菜,梁记东北餐馆(农贸市场店),中原中路农贸市场18-19号,113.591277,34.747089,15837173096,8：00——22：00
中原区,50113,东北菜,王福勺大块牛肉饭(朗悦公园里店),石楠路56号4号楼1层附14号,113.550701,34.809316,18595688750,8：00——22：00
中原区,50113,东北菜,东北饺子私房菜(洼刘新城B区店),春藤路与红椿里交叉口东北40米,113.546575,34.803433,15738374956,8：00——22：00
中原区,50113,东北菜,十三幺东北烧烤石楠路店,石楠路,113.551712,34.823764,18845761813,8：00——22：00
中原区,50113,东北菜,任记砂锅,帝湖王府幼儿园北门北250米,113.620639,34.714358,15890068058,8：00——22：00
中原区,50113,东北菜,东北菜馆,长椿路16号楼8号楼1-2层附5号,113.540257,34.799578,13220838229,8：00——22：00
中原区,50113,东北菜,东北卤水豆腐坊,西三环宋庄柿园路168号(西湖花园南区西),113.577992,34.75522,15890626190,8：00——22：00
中原区,50113,东北菜,永乐煨汤世家(高新区店),石楠路103-6,113.551484,34.825673,18538086322,8：00——22：00
中原区,50113,东北菜,东北小厨,淮河西路与文化宫路交叉口西80米,113.616089,34.729032,17719884707,8：00——22：00
中原区,50113,东北菜,东北胖子饭店,工人路与颖河路交叉口向西20米东北胖子饭店,113.620315,34.740111,15824805538;15981993113,8：00——22：00
中原区,50113,东北菜,农家地锅鸡(工人路总店),工人路93号勘查机械厂东门北50米,113.620624,34.744884,19103821007,8：00——22：00
中原区,50113,东北菜,东北饺子馆,伏牛路74号东北饺子馆,113.607055,34.74314,13938559620,8：00——22：00
中原区,50113,东北菜,太子浓心港式猛火小锅米线(郑州正弘汇店),科学大道与金梭路交叉口东北160米正弘汇7楼,113.566179,34.809241,19903716260,8：00——22：00
中原区,50113,东北菜,江南厨艺私房菜,郑地·璞园东北门旁,113.604554,34.771497,13015536882,8：00——22：00
中原区,50113,东北菜,南湾南信阳四大盆(锦绣苑店),中原区高新区银屏路与牡丹路交叉口东北角,113.55946,34.821888,16691688906,8：00——22：00
中原区,50113,东北菜,西子湖银杏路金梭路(万丰慧城店),万丰慧城西北2门东北80米,113.562459,34.821978,0371-63379178;18837302238,8：00——22：00
中原区,50113,东北菜,周记手工米皮老店(工人路店),国棉四厂家属院西南门东北70米,113.621401,34.757184,13523068881;15038226361,8：00——22：00
中原区,50113,东北菜,梅·园融合菜(国棉三厂家属院店),中原区建设路第三小学东北门西240米,113.616191,34.758248,18625551435,8：00——22：00
中原区,50113,东北菜,豫姥家大锅台(须水店),须水街道河东路运河上城(西门)豫姥家大锅台黄河滩地锅城,113.523355,34.765601,15838288018,8：00——22：00
中原区,50113,东北菜,安阳扁粉菜,工人路与棉纺西路交叉口东北140米,113.622425,34.759825,18317333183,8：00——22：00
中原区,50113,东北菜,权哥·东北大油边,汝河路街道沁河路24号院郑州市青年人才公寓·沁河苑,113.609118,34.725246,13223047231;13248533077,8：00——22：00
中原区,50113,东北菜,信阳炖菜固始鹅,万科民安西上2号楼B座东北侧门面房,113.606559,34.72175,18135679117,8：00——22：00
中原区,50113,东北菜,有间小院,建设西路与九州路交叉路口东北角,113.550615,34.762934,15617411110,8：00——22：00
中原区,50113,东北菜,忆和轩土菜馆,银屏路迎春街交叉口东北角,113.561099,34.819755,0371-55656635;13523069471,8：00——22：00
中原区,50113,东北菜,厨匠博炮崩鸡(雪松路店),雪松路与白桦街交叉口B区76号商铺1层,113.557725,34.830888,17513176801,8：00——22：00
中原区,50113,东北菜,厨匠博炮崩鸡(万科星光广场店),须水河东路133号一层附2号-2,113.517878,34.811002,15639785621,8：00——22：00
中原区,50113,东北菜,丝伊泊尔兰州牛肉面(车行街店),升龙天汇七号院东北2门旁,113.623594,34.774742,17693257783,8：00——22：00
中原区,50113,东北菜,东北饺子鲜炒鸡(汝河小区店),汝河路桐柏路交叉口向西200米路南,113.612126,34.732535,19937161950,8：00——22：00
中原区,50113,东北菜,青海牛肉拉面,王屋路与泾河路交叉口东北40米,113.602863,34.796581,18236900579,8：00——22：00
中原区,50113,东北菜,喜胜客东北饺子快餐,纽科科技园南门东70米,113.559098,34.824766,13943070568,8：00——22：00
中原区,50113,东北菜,卫记餐馆(升龙天汇七号院店),农业路194号升龙天汇loftgo公寓一楼院内,113.622645,34.774816,18538273787,8：00——22：00
中原区,50113,东北菜,湉溪牛蝎子干锅-羊蝎子火锅(高新万科店),红叶路与玉兰街交叉口东北160米(祥营地铁站A1口旁),113.525201,34.806107,15837121995;15903628954,8：00——22：00
中原区,50113,东北菜,李三山野菜杂面条,尊享燕舍酒店郑州奥体中心店东北门西50米,113.526113,34.769555,15137101598,8：00——22：00
中原区,50113,东北菜,东北熏肉大饼丶粉浆面条(汝河路果蔬超市店),汝河西路22号果蔬菜超市内,113.605282,34.732507,15138688130;15729385827,8：00——22：00
中原区,50113,东北菜,陕记老潼关肉夹馍(万科店),万科城采薇苑东门南70米(祥营地铁站C口步行160米),113.524041,34.809109,13223086636,8：00——22：00
中原区,50113,东北菜,清真兰州牛肉拉面(金梭路店),万丰慧城东北2门旁,113.563533,34.821048,15138482552,8：00——22：00
中原区,50113,东北菜,金状元粥(金梭路店),万丰慧城东北1门旁,113.562818,34.821934,0371-86530220,8：00——22：00
中原区,50113,东北菜,白记溢香酱牛肉(香榭丽苑店),汝河路街道工人路318号院1号楼1层,113.620169,34.724656,0371-68665588;13526818409,8：00——22：00
中原区,50113,东北菜,翠姐土菜馆,郁香街与紫薇街交叉口关庄球场翠姐土菜馆,113.584996,34.827588,18539901696,8：00——22：00
中原区,50113,东北菜,翰林·先生老成都冒菜(工大商业街店),明礼路与尚德路交叉口东北80米,113.549746,34.831319,18614965706,8：00——22：00
中原区,50113,东北菜,三棵树大排档,银杉路红柳路交叉路口东北角30米,113.568386,34.77912,13526858375,8：00——22：00
中原区,50113,东北菜,李明春清真牛肉(紫薇里店),正商紫薇里东北门旁,113.600218,34.781825,17630170402,8：00——22：00
中原区,50113,东北菜,姑派清真饺子馆(锦绣城店),锦绣城西院19号楼底层商铺纺织街与棉纺三街交叉口东北角,113.620013,34.760412,16696068098,8：00——22：00
中原区,50113,东北菜,马小厨,郑州高新区长椿路16号8号楼附11号西半间,113.539932,34.799576,15939106086,8：00——22：00
中原区,50113,东北菜,青海牛肉拉面(暂停营业),玉兰街长椿路交叉口东北角,113.542216,34.805182,15617909499,8：00——22：00
中原区,50113,东北菜,逗一锅洛阳涮牛肚猪蹄火锅(高新店)(暂停营业),保利永威·西溪花园东北2门东北50米,113.577797,34.785181,18134710888;18703613377,8：00——22：00
中原区,50113,东北菜,亿桐林酒店,彩虹城东北门旁,113.579989,34.78302,0371-63996888;0371-66625521,8：00——22：00
中原区,50114,云贵菜,滇渔湾煳辣鱼,前进路16号楼底,113.609751,34.749831,15903680261,8：00——22：00
中原区,50114,云贵菜,贵州凯里酸汤鱼,建设西路100号家属院东2门南140米,113.60929,34.75371,13213214355,8：00——22：00
中原区,50114,云贵菜,昕时器云南蒸汽石锅鱼(星辰·万科生活广场店),万科民安星辰三楼11-12号商铺,113.609961,34.72009,13523431608;17760793335,8：00——22：00
中原区,50114,云贵菜,贵州酸汤鱼,建设西路100号五一公园地铁E口河南五建建设西路100号家属院东门南60米,113.609269,34.754312,13733833067,8：00——22：00
中原区,50114,云贵菜,摩登寨子·贵州火锅集合店(公园里店),国槐街与雪松路交叉口往西朗悦公园道1号玺园南门正对50米,113.553399,34.810818,15713676886,8：00——22：00
中原区,50114,云贵菜,黔来贵州菜,淮河西路112-20号,113.591986,34.728737,18538921300,8：00——22：00
中原区,50114,云贵菜,海底捞火锅(朗悦公园茂店),雪松路与翠竹街交叉口朗悦公园茂1号馆潮流茂4层,113.555228,34.817991,0371-55661155;0371-55661166,8：00——22：00
中原区,50114,云贵菜,柒黛无界餐厅(磨街店),华山路121号磨街文创园北侧入口,113.599529,34.745204,16638129988,8：00——22：00
中原区,50114,云贵菜,海底捞火锅(中原万达广场店),中原中路万达广场金街1层171号,113.602385,34.746031,0371-89936966;0371-89936977,8：00——22：00
中原区,50114,云贵菜,样样好云南主题特色火锅(磨街文创园店),华山路121号磨街文创园北路口向西直行200米花海隔壁,113.598877,34.745043,0371-86151899,8：00——22：00
中原区,50114,云贵菜,桥家园正宗云南过桥米线(中原万达店),中原中路171号万达广场中原店1F层,113.600198,34.74587,13043016619,8：00——22：00
中原区,50114,云贵菜,米皮记清真餐厅(煤仓北街店),煤仓北街22号一层8号,113.611267,34.774346,17503827011,8：00——22：00
中原区,50114,云贵菜,云滇之上生烫牛肉米线,冉屯路冉屯东路向北50米路东,113.612133,34.7776,13273811588,8：00——22：00
中原区,50114,云贵菜,米皮记清真餐厅(百花路店),林山寨街道百花路20号1层4号,113.624754,34.753529,18039552155,8：00——22：00
中原区,50114,云贵菜,小胖铁板烧烤砂锅,工人路汉江路向南150米路西,113.620648,34.714242,15038046579,8：00——22：00
中原区,50115,西北菜,京小凤鲜炒大盘鸡(华强广场店),电厂路70号郑州华强广场5号楼1层2号,113.60431,34.792616,13298169709;15286818488,8：00——22：00
中原区,50115,西北菜,聚味美鲜炒大盘鸡(王屋路店),王屋路临街一楼1314号,113.599525,34.784045,19137175859,8：00——22：00
中原区,50115,西北菜,傻子张大盘鸡(长椿路店),长椿路与合欢街交叉口向北30米路西,113.540494,34.798269,15981983579,8：00——22：00
中原区,50115,西北菜,王由里格外香大盘鸡(工大店),翰林国际13号楼1层附1号,113.550186,34.824621,15651875853,8：00——22：00
中原区,50115,西北菜,豫见新疆主题餐厅(中原店),陇海路与桐柏路交叉口西南角凯旋门B座一层,113.612495,34.735888,0371-66850915;13733873130,8：00——22：00
中原区,50115,西北菜,京小凤鲜炒大盘鸡(乐丁广场店),电厂路17号,113.603025,34.78136,15637088869;19138111958,8：00——22：00
中原区,50115,西北菜,张二大盘鸡,汝河路伏牛路口西50米,113.605982,34.732484,15824888869,8：00——22：00
中原区,50115,西北菜,老狼大盘鸡(前进路店),前进路岗坡路南100米路西,113.609258,34.751887,15836801616,8：00——22：00
中原区,50115,西北菜,新疆大盘鸡特色手抓饭(国棉四厂家属院店),棉纺路街道国棉四厂中街1号楼3单元31号,113.621095,34.755954,15515730026,8：00——22：00
中原区,50115,西北菜,桂掌勺大盘鸡(郭庄盛世新天地店),腊梅路与药厂街郭庄安置区34号附12号13号商铺,113.536477,34.790272,0371-68060699;13653810223;17729793808,8：00——22：00
中原区,50115,西北菜,新疆拉条烧烤伊河路店,伊河路与工人路西北角,113.620369,34.742811,18538101804,8：00——22：00
中原区,50115,西北菜,李记鲜炒大盘鸡,电厂南路29号,113.60343,34.798298,15803808840;15981951958,8：00——22：00
中原区,50115,西北菜,西部来客鲜炒大盘鸡(须水店),西四环136号附1号院5号楼1-2层9号,113.523263,34.76448,18337113466,8：00——22：00
中原区,50115,西北菜,聚味美鲜炒大盘鸡(朗悦公园里店),国槐街69号西都汇2号楼1层B1004-B1008号,113.549567,34.81002,18625536417,8：00——22：00
中原区,50115,西北菜,西部大盘鸡(工大东门店),雪松路与白桦路交叉口向南20米路东,113.557719,34.830001,18838131781,8：00——22：00
中原区,50115,西北菜,新疆艾力羊肉烧烤,万科城采薇苑(祥营地铁站C口步行130米),113.524142,34.809461,18690894117,8：00——22：00
中原区,50115,西北菜,学长大盘鸡(谦祥·万和城店),枫杨街道谦祥万和城A区,113.541548,34.83191,17729772789,8：00——22：00
中原区,50115,西北菜,老狼大盘鸡(中原新城店),王府壹号商业步行街中原新城王府小区-前进路81号院,113.610922,34.739557,18039233303,8：00——22：00
中原区,50115,西北菜,尕平子新疆椒麻鸡(工人路店),工人路友爱路郑州银行对面,113.620696,34.75139,13629908062;15890696611,8：00——22：00
中原区,50115,西北菜,四厂西部大盘鸡,百花路(碧沙岗地铁站A口旁),113.624588,34.755926,15516182835;18339922291,8：00——22：00
中原区,50115,西北菜,秦味香油泼面,陇海西路338号中原新城新天地小区,113.616209,34.734639,18037792907,8：00——22：00
中原区,50115,西北菜,傻子张大盘鸡(须水运河上城店),运河上城西1门旁,113.523236,34.764214,19337175799,8：00——22：00
中原区,50115,西北菜,老狼大盘鸡(西湖春天店),石佛镇鸿基西湖春天33号楼,113.609308,34.784587,15890629212,8：00——22：00
中原区,50115,西北菜,毛血旺大盘鸡(晶华城1期店),太白路晶华城小区一期西门11号楼附7号,113.604575,34.77909,13838131468,8：00——22：00
中原区,50115,西北菜,秦味面坊(升龙又一城2号院店),升龙又一城AB区南门西60米,113.54332,34.805176,17621117989,8：00——22：00
中原区,50115,西北菜,老狼大盘鸡(郑州中原区),秦岭路10号,113.600612,34.775761,17703869918,8：00——22：00
中原区,50115,西北菜,留香大盘鸡(中原西路店),中原西路137号院31B号楼1层附21号,113.582931,34.743498,15617559846;18337190886,8：00——22：00
中原区,50115,西北菜,陈记大盘鸡大骨头(御馨苑店),西四环与金菊街交叉口向西400米路北,113.519629,34.822341,0371-56788926;13838246815,8：00——22：00
中原区,50115,西北菜,西部来客鲜炒大盘鸡(正商花语里店),濮河路6-49号,113.598015,34.782587,0371-66815556,8：00——22：00
中原区,50115,西北菜,老五秘制大盘鸡,娅丽达服装厂东门旁50米,113.527979,34.771137,15515627709,8：00——22：00
中原区,50115,西北菜,傻子张大盘鸡餐饮,西四环与药厂街交叉口向北一百米路西傻子张大盘鸡三楼办公室,113.529777,34.790066,17513202567,8：00——22：00
中原区,50115,西北菜,老狼鲜炒大盘鸡(正弘店),中原区高新区银屏路15号正弘数码港三期2号楼一层附4号,113.560943,34.805627,15038331310,8：00——22：00
中原区,50115,西北菜,战狼大盘鸡(中原万达店),秦岭路与颍河西路交叉口北100米,113.603526,34.741106,13673382471,8：00——22：00
中原区,50115,西北菜,买买提新疆饭店(秦岭路店),秦岭路238-46号附近,113.603041,34.727168,17163222333,8：00——22：00
中原区,50115,西北菜,新疆阿凡提羊肉串大全,谦祥·万和城A区北门西60米,113.540084,34.833722,13999055132;19146694956,8：00——22：00
中原区,50115,西北菜,傻子张大盘鸡,玉兰街郑州中学附属小学对面,113.572563,34.804684,18538309621;18837162903,8：00——22：00
中原区,50115,西北菜,民族饭庄(须水街店),须水街道须水村十字老街,113.523431,34.757295,13838253836,8：00——22：00
中原区,50115,西北菜,大西北西域风味,航海西路街道帝湖花园工人路商业街104号,113.620663,34.71298,13854757708;15003713512,8：00——22：00
中原区,50115,西北菜,傻子张大盘鸡,金菊街与雪松路交叉口向西一百米路北,113.556058,34.822261,13203746431;18530816290,8：00——22：00
中原区,50115,西北菜,新疆椒麻鸡,汇泉西悦城11号院商铺3-122,113.52793,34.727083,13564052145,8：00——22：00
中原区,50115,西北菜,俏军嫂寻味新疆(水果牛奶新疆特产),物华城上城南门口(西三环地铁站C口步行210米),113.589635,34.760538,17797768828,8：00——22：00
中原区,50115,西北菜,傻子张大盘鸡(八面神店),西四环与药厂街交叉口向北一百米路西傻子张大盘鸡三楼办公室,113.529777,34.790066,17513202567,8：00——22：00
中原区,50115,西北菜,焖面大盘鸡,紫竹路与玉兰街交叉口西南40米,113.520215,34.804584,18339918774;18695801783,8：00——22：00
中原区,50115,西北菜,兄弟大盘鸡(须水街店),须水街道兄弟大盘鸡,113.523761,34.757403,18236908348,8：00——22：00
中原区,50115,西北菜,凰源记椒麻鸡桶子鸡,国槐街32号5号楼1层附7号西,113.560089,34.812661,15238631439,8：00——22：00
中原区,50115,西北菜,客香居椒麻鲜炒大盘鸡,棉纺路街道方圆经纬1号楼1单元102号,113.615674,34.761655,15515938867,8：00——22：00
中原区,50115,西北菜,陕西米皮店(电器厂家属院店),伏牛路139号3号楼3单元附21号,113.606711,34.746696,15038215596;15938798797,8：00——22：00
中原区,50115,西北菜,老司机烧烤,电厂路与王屋路交叉口西北20米院内,113.602503,34.798704,15517560945,8：00——22：00
中原区,50115,西北菜,蚝英雄鲜蚝烤肉自助专门店(正弘汇店),科学大道与瑞达路交叉口西北角正弘汇六楼L627,113.566926,34.808983,0371-65359398;19337875089,8：00——22：00
中原区,50115,西北菜,福状元(瑞达路店),快乐一家西门西北50米,113.57079,34.795355,0371-66112787,8：00——22：00
中原区,50115,西北菜,黑豹海鲜老西北烤全羊,绿东村街道伏牛路与伊河路交叉口向南50米路东,113.607051,34.741847,13783557943;15515806354,8：00——22：00
中原区,50115,西北菜,西北穆兰州牛肉拉面(清真),冬青街与春藤路交叉口上100米一层,113.546105,34.802432,18171725942;19374201483,8：00——22：00
中原区,50115,西北菜,袁记云饺(中原区世纪联华店),城开·水城二期西北门东北60米,113.61305,34.780045,18237183775,8：00——22：00
中原区,50115,西北菜,郑州M酒店美吉餐厅,陇海路与文化宫路交叉口西北角M酒店5楼,113.616431,34.736724,0371-61776999,8：00——22：00
中原区,50115,西北菜,老豫味烩面烩羊肉(红松路店),莲花街红松路西北角科研二号楼1楼101-102号,113.510277,34.833667,0371-53365123,8：00——22：00
中原区,50115,西北菜,正宗吴氏猪蹄,银屏路与梧桐街交叉口西北40米,113.560098,34.794384,17639571206,8：00——22：00
中原区,50115,西北菜,潮州牛肉丸(汝河路店),汝河小区西北1门东70米,113.60889,34.732437,13298369885,8：00——22：00
中原区,50115,西北菜,穆盛祥(万乘国际店),万乘国际西北门旁(碧沙岗地铁站A口旁),113.624853,34.755893,13526605189,8：00——22：00
中原区,50115,西北菜,曹妈螺蛳粉,长椿路红桦街西北角悦荟街16号,113.541972,34.830466,15737122280,8：00——22：00
中原区,50115,西北菜,森林子 · 果蔬茶(正弘汇店),中原区高新区科学大道与瑞达路交叉口西北角正弘汇负一楼LB-M12铺,113.565325,34.809175,17703718810,8：00——22：00
中原区,50115,西北菜,开封杠子油条胡辣汤,冉屯路辅路与董寨路交叉口西北120米,113.614946,34.776187,18860370032,8：00——22：00
中原区,50115,西北菜,豫东小山羊炭锅,雪松路与科学大道交叉口西北角50米,113.554684,34.811072,19138090111,8：00——22：00
中原区,50115,西北菜,老黑烤面筋烧饼夹菜,万龙住宅小区西北门旁,113.587251,34.748454,18538317160,8：00——22：00
中原区,50115,西北菜,和顺轩品质信阳菜,长城路与西三环辅路交叉口西北80米,113.583612,34.743731,17796653338,8：00——22：00
中原区,50115,西北菜,侯记粗粮大盘鸡(元通雅居店),须水河东路元通雅居1-109号,113.525314,34.767481,15290812446;15837072102,8：00——22：00
中原区,50115,西北菜,华豫品膳坊陕西哨子面(升龙又一城店),中原区高新区科学大道玉兰街89号3号楼1层商业17号,113.543059,34.805153,13123757318;13526773617,8：00——22：00
中原区,50115,西北菜,固始鹅块(望湖花园店),望湖花园37号,113.599036,34.798947,13017672757,8：00——22：00
中原区,50115,西北菜,满山红米皮(红河瀛园1期西院店),郑州高新区五龙口南路16号红河瀛园4幢1层18号北户,113.606181,34.786592,13007508352,8：00——22：00
中原区,50115,西北菜,陈记滋补煨汤馆(CCmall大摩西元广场店),建设西路与秦岭路交叉口西北角西元国际广场购物中心F1,113.601211,34.758387,15093252491;15138937958,8：00——22：00
中原区,50115,西北菜,沙县小吃(威尼斯水城店),城开·水城二期西北门旁,113.612853,34.779351,0371-67539598,8：00——22：00
中原区,50115,西北菜,穆百家兰州正宗牛肉拉面(银屏路店),翠竹街银屏路交叉口往北20米,113.560979,34.81778,15617606462;15617969250,8：00——22：00
中原区,50115,西北菜,陕西油泼面·秦安面馆(前进路店),建设路街道前进路27号前进路27号院,113.60955,34.753728,15036069646,8：00——22：00
中原区,50115,西北菜,小黑的店,西流湖街道通达路与长椿路交叉口西北角,113.540981,34.77445,18939355506,8：00——22：00
中原区,50115,西北菜,巧姐姐卤肉,须水街道须水老街十字路口西北角1号,113.523197,34.757875,18239185258,8：00——22：00
中原区,50115,西北菜,王师傅脆皮香酥鸡鸭深海炸鱼,汉铸街惠达路西北角,113.547907,34.764593,18530697655,8：00——22：00
中原区,50115,西北菜,夫妻饭店(凯旋路店),中原制药厂社区卫生服务站西北侧,113.570899,34.784749,15838646283,8：00——22：00
中原区,50116,老字号,方秀华周口清真胡辣汤(伏牛路店),绿东村街道伊河路107号院电缆一社区,113.607057,34.742026,13298352222;15838073808,8：00——22：00
中原区,50116,老字号,合记(华山路店),三官庙街道华山路98号,113.599977,34.752017,0371-55223723,8：00——22：00
中原区,50116,老字号,三厂烩羊肉(宏河路店),宏河路与文化宫路交汇处南30米路西,113.616706,34.72465,13203897733,8：00——22：00
中原区,50116,老字号,阿康小吃(郑州总店),百花路21-3号(碧沙岗地铁站B口步行180米),113.624534,34.754246,18539993980,8：00——22：00
中原区,50116,老字号,眼镜甘蔗汁,友爱路工人路交叉口西南50米,113.620666,34.751773,18530968280,8：00——22：00
中原区,50116,老字号,付记杏仁茶,汝河小区北门向南100米路西,113.609906,34.731924,13523538893;13633839103,8：00——22：00
中原区,50116,老字号,蔡记包子(百花路店),百花路31号(碧沙岗地铁站B口步行280米),113.624294,34.752942,0371-67231495,8：00——22：00
中原区,50116,老字号,艾记红油瓦罐(建设西路店),建设西路131号付5号(碧沙岗地铁站C口步行260米),113.621336,34.755045,13513716985,8：00——22：00
中原区,50116,老字号,三色鸽西饼店(哈佛店),工人南路332号(工人路与宏河路西北角),113.620468,34.725023,0371-68977209,8：00——22：00
中原区,50116,老字号,飞记板面黄酒总店,伊河路伊河大厦一楼,113.622537,34.742833,13949130399;16638727111,8：00——22：00
中原区,50116,老字号,马豫兴(伏牛路店),伏牛路70号附1号,113.607065,34.74199,13014608182,8：00——22：00
中原区,50116,老字号,白记溢香酱牛肉(河南纺织研究院小区西南),桐柏北路92-15号,113.616781,34.76859,0371-67551188;13073715002,8：00——22：00
中原区,50116,老字号,聚丰源烩面馆(嵩山路店),中原路与嵩山路交叉路口向南五百米党史馆隔壁院内,113.627664,34.744228,0371-67435666;15537182185,8：00——22：00
中原区,50116,老字号,邓记叫化鸡(通达路店),西四环与通达路西南角塞纳国际酒店1-2层,113.528229,34.77346,18603711630,8：00——22：00
中原区,50116,老字号,永忠老字号清真馆(五厂家属院店),五厂家属院北门西50米,113.628739,34.763956,13653861282;13803899042,8：00——22：00
中原区,50116,老字号,郭记烩面馆(文化宫路店),文化宫路130-1号(陇海西路地铁站A口步行410米),113.616717,34.734213,13526833336;13526891730,8：00——22：00
中原区,50116,老字号,二力涮锅(伏牛路店),伏牛路168-8号,113.606687,34.743339,0371-67658989;13603861851,8：00——22：00
中原区,50116,老字号,大林炒面馆,淮河路与昆仑路交叉口向北200米路东50号,113.594644,34.730704,15838096604;18236904063,8：00——22：00
中原区,50116,老字号,柘城垛子羊肉.汤(吴老二总店),航海路工人路向南200米路西366-1,113.620665,34.718514,13938546946;18538510211,8：00——22：00
中原区,50116,老字号,开封包子(老店),伏牛路伊河路口向西10米路北,113.605884,34.742865,13949075614,8：00——22：00
中原区,50116,老字号,老四串串香(伊河路店),伊河路151-6号,113.62223,34.742526,18838106860;18838542433,8：00——22：00
中原区,50116,老字号,全兴滋补鸡血汤(桐柏路店),桐柏北路98号付1号,113.617623,34.771476,13213156560;15544096960,8：00——22：00
中原区,50116,老字号,发展烧烤伊滨烩面泡馍(桐柏北路),桐柏北路与五龙口南路交叉口路东,113.620998,34.780551,13700872769,8：00——22：00
中原区,50116,老字号,乐仔甘蔗汁(友爱路市场店),友爱路和工人路交叉口向南30米路西,113.620652,34.75203,15516177585,8：00——22：00
中原区,50116,老字号,明华包子店,汝河路23号,113.605149,34.732503,13903832410,8：00——22：00
中原区,50116,老字号,粮心热干面(颖河路店),桐柏南路220号南楼1楼6号,113.612974,34.74035,18638562378,8：00——22：00
中原区,50116,老字号,驴肉香郑州人的味道(王屋路店),王屋路10-34号,113.602558,34.800889,18237115588,8：00——22：00
中原区,50116,老字号,华中吴三热干面伊河路老店,秦岭路与伊河路南20米路东热干面老店,113.603625,34.742242,15981832567;17638538185,8：00——22：00
中原区,50116,老字号,兄弟饺子馆(颍河路52号院店),颖河路52号院南门旁,113.612885,34.740341,15038150525,8：00——22：00
中原区,50116,老字号,云南一品过桥米线盖浇饭,锦艺城C区西北门旁,113.604615,34.76383,13673682318,8：00——22：00
中原区,50116,老字号,黄二怪麻辣烫(E区店),郑州高新区河南工业大学西门北侧第十一号标段二楼,113.542909,34.831933,13526761891,8：00——22：00
中原区,50116,老字号,清真王记火锅食汇,秦岭路伊河路口伊河路农贸市场3-26王记火锅食汇,113.602891,34.741808,13838535926,8：00——22：00
中原区,50116,老字号,温州烧鸡老店(凉菜),郑上路以北须水河东路以西元通商城负一层西南第二小间,113.522847,34.766842,15037173598;18739933877,8：00——22：00
中原区,50116,老字号,老南方熟食店,国棉三厂家属院,113.620139,34.757566,15093395557,8：00——22：00
中原区,50116,老字号,奉天一绝酱肉(欧丽集团家属区店),万福花园南2门西200米,113.609649,34.722749,15138480279,8：00——22：00
中原区,50116,老字号,永合米皮热干面(风和日丽家园店),风和日丽家园东北门东160米,113.614592,34.773242,15138699977,8：00——22：00
中原区,50116,老字号,卢记烧鸡,金玉满堂西四环店旁边,113.528304,34.765553,13598800683,8：00——22：00
中原区,50116,老字号,冉记胖子烧烤老店,方圆经纬小区南出车口西侧100路北,113.616265,34.761418,13253367477;18137851001,8：00——22：00
中原区,50116,老字号,曾经砂锅老店,帝湖王府幼儿园北门旁,113.620644,34.712444,13937177713,8：00——22：00
中原区,50116,老字号,大四喜·鲜牛肉火锅(郑州大里坊店),大里坊商业1层M1-L138、2层M1-L228号,113.546939,34.810538,0371-63155567,8：00——22：00
中原区,50116,老字号,董府家宴(金菊街店),金菊街16号38号楼附8号,113.555668,34.822334,0371-55681999;0371-55686222,8：00——22：00
中原区,50116,老字号,卡吉诺(祝福红城店),药厂街与石楠路交叉口北200米,113.551322,34.790578,0371-89832176,8：00——22：00
中原区,50116,老字号,坝子里菌菇鸡汤饭(正弘汇店),郑州正弘汇,113.566775,34.808825,13373919826,8：00——22：00
中原区,50116,老字号,卡吉诺(瑞达路店),瑞达路与桂花街交叉口东南角,113.570825,34.795421,0371-63356016;17637176363,8：00——22：00
中原区,50116,老字号,卡吉诺(金科城店),新区月桂路与玉兰街交叉口南金科城底商,113.574058,34.803833,0371-89832206,8：00——22：00
中原区,50116,老字号,京途鲜羊涮锅(华山路店),中原路与华山路交叉口向北200米路西,113.599465,34.750469,0371-55935565,8：00——22：00
中原区,50116,老字号,老四厂烩面,秦岭路与棉纺路交叉口向北100米路东,113.603898,34.76487,18339983407,8：00——22：00
中原区,50116,老字号,马老十牛肉面·清真(磨街店),华山路121号磨街项目园区10号楼1层10-11铺,113.599575,34.744858,13359480903,8：00——22：00
中原区,50116,老字号,香雪儿(中原万达店),万达金街3号门斜对面胡夫炸串店西侧,113.601288,34.745824,19003831690,8：00——22：00
中原区,50116,老字号,春莱老挝冰咖啡泰式奶茶(中原万达店),巨正商业广场3号楼一层107号,113.601515,34.744098,18595666250,8：00——22：00
中原区,50116,老字号,郭淑芬鲜切牛肉自助老火锅((探十里店)),航海西路街道桐柏南路85号睿海中心二楼F201号商铺,113.614025,34.734319,18037772922,8：00——22：00
中原区,50116,老字号,老乡鸡(探十里店),升龙金中环B座(陇海西路地铁站A口步行290米),113.614355,34.734987,18355174022,8：00——22：00
中原区,50116,老字号,卡吉诺(淮河路店),淮河路与工人路交叉口东北角,113.621042,34.7291,0371-60935958,8：00——22：00
中原区,50116,老字号,农家地锅柴鸡(金兰西景苑东门店),金兰西景苑东门旁,113.551212,34.808851,18568302205,8：00——22：00
中原区,50116,老字号,老味道土豆粉(万丰慧城店),枫杨街道高新区金梭路万丰慧城东门16号商铺,113.563405,34.821337,17698092272;18137793227,8：00——22：00
中原区,50116,老字号,张碗碗原汤手工拉面(高新万达店),科学大道高新区万达广场4层,113.58237,34.809373,15093153153;18137726300,8：00——22：00
中原区,50116,老字号,信阳土菜馆(华强广场店),电厂路29号权威花园6号楼1-2层附17号,113.605005,34.791561,13949043373,8：00——22：00
中原区,50116,老字号,闰闰爸爸麻椒鸡(康桥·上城品店),陇海西路306号3号楼康桥上城品北门西侧第四家,113.595613,34.735991,13271589206;19913890799,8：00——22：00
中原区,50116,老字号,蜀小柒老重庆米线(中原万达店),华山路与二砂北路交叉口北100米,113.599527,34.746323,13253638825,8：00——22：00
中原区,50116,老字号,五顺斋清真烤鸭(郑州二砂文化创意园店),华山121文化创意园门口,113.599522,34.746132,0371-88880219,8：00——22：00
中原区,50116,老字号,元掌门老式炸鸡(秦岭路店),秦岭路岗坡路交叉口向南150米路西,113.603125,34.75114,13271550131,8：00——22：00
中原区,50116,老字号,大象平价地摊烧烤大排档(周新花园店),周新花园北1门旁,113.601206,34.744135,18238733604,8：00——22：00
中原区,50116,老字号,石记港式茶餐厅(星辰·万科生活广场店),航海西路21号星辰·万科生活广场F2层,113.609966,34.720054,15515720266,8：00——22：00
中原区,50116,老字号,高老辈老母鸡汤米线(伊河路店),光合商业步行街东门北160米,113.620653,34.743056,13298308567,8：00——22：00
中原区,50116,老字号,梁程记生煎(桐柏北路店),桐柏路113号院1号楼1层附7号,113.615929,34.770059,15038202483;17698068165,8：00——22：00
中原区,50116,老字号,元掌门老式炸鸡(冉屯东路店),冉屯东路与农业路交叉口向北10米路西,113.611557,34.776782,18638717636,8：00——22：00
中原区,50116,老字号,元掌门老式炸鸡(淮河路店),汝河路街道淮河西路20号院5号楼1层门面房东1间,113.61488,34.729047,18639576553,8：00——22：00
中原区,50116,老字号,元掌门老式炸鸡(莲花街店),莲花街与石楠路交叉口向东30米路南,113.551923,34.826704,16603803731,8：00——22：00
中原区,50116,老字号,王老四臭豆腐(锦艺店),锦艺国际华都·欧尚西南门西100米,113.61172,34.762601,15225499008,8：00——22：00
中原区,50116,老字号,先锋糕点(国棉三厂家属院店),国棉三厂向荣街11号商铺,113.617633,34.758279,13213175612,8：00——22：00
中原区,50116,老字号,胖胖肚饼,西四环140号,113.524653,34.765936,13526865219,8：00——22：00
中原区,50116,老字号,老味巷卤味坊,关庄路7号关庄文苑东院10号楼17号标段,113.584978,34.827769,15045003392,8：00——22：00
中原区,50116,老字号,升级版鸡蛋灌饼(冬青街秦庄嘉园北门店),冬青街31号秦庄嘉园8号楼附3号商铺,113.553706,34.801126,13693634924;19137177518,8：00——22：00
中原区,50116,老字号,状元陈老陈鸭肠王(秦岭丹尼斯大卖场店),电厂路50号丹尼斯大卖场秦岭店F1层,113.603798,34.792302,15803821394,8：00——22：00
中原区,50116,老字号,汉口热干面(建设西路店),建设西路163-6号(西三环地铁站B2口旁),113.58844,34.759145,13938066595,8：00——22：00
中原区,50116,老字号,滋补饸饹面(西湖花园店),西流湖街道西湖花园北院大门口东侧,113.579794,34.755271,13525523459;13673675387,8：00——22：00
中原区,50116,老字号,傅记雪花酪(棉纺西路31号院店)(暂停营业),棉纺西路45-48号1层附21号,113.613365,34.760172,18339963998;18530840298,8：00——22：00
中原区,50117,火锅店,那些年潮汕牛肉火锅中原万达店,华山路二砂北路西100米路南,113.598909,34.745474,15617926100,8：00——22：00
中原区,50117,火锅店,巴奴毛肚火锅(郑州公园茂店),中原区高新区朗悦公园茂3号馆4层,113.555771,34.821588,0371-65352177,8：00——22：00
中原区,50117,火锅店,海底捞火锅(高新万达店),中原区高新技术产业开发区郁香路37号高新万达广场4F,113.581431,34.808818,0371-55296661,8：00——22：00
中原区,50117,火锅店,林记盆景鱼火锅(伊河大厦店),伊河路26-4号伊河大厦1层,113.621975,34.742885,0371-67712277,8：00——22：00
中原区,50117,火锅店,半闲斋羊肉铺(金菊街店),翰林国际城蘑菇公寓西南门旁,113.548691,34.822535,0371-55616922;19339596116,8：00——22：00
中原区,50117,火锅店,巴奴毛肚火锅(郑州锦艺城购物中心店),桐柏路与棉纺路交汇处西北角(锦艺城B区4楼),113.608956,34.7623,0371-86581777,8：00——22：00
中原区,50117,火锅店,巴奴毛肚火锅(正弘汇店),科学大道与瑞达路交叉口正弘汇商场7楼703,113.566374,34.808904,0371-61005777;19137440846,8：00——22：00
中原区,50117,火锅店,海底捞火锅(锦艺城店),棉纺路与秦岭路东100米路北锦艺城购物中心C区5层C5-04/05/06/07/08,113.606317,34.763041,0371-86013955;0371-86013977,8：00——22：00
中原区,50117,火锅店,锅大侠市集火锅(中原万达店),中原万达金街近1号门(麦当劳旁),113.602593,34.746477,0371-63375189,8：00——22：00
中原区,50117,火锅店,旬羊砂锅涮羊肉春藤路店,枫杨街道科学大道86号附1号华瑞紫银华庭,113.546672,34.808746,0371-55978999;18037877527,8：00——22：00
中原区,50117,火锅店,佰人王(建设路店),棉纺路街道五厂一街81号,113.626754,34.755119,18937632250;19103832701,8：00——22：00
中原区,50117,火锅店,海底捞火锅(探十里店),陇海西路与桐柏南路交叉口338号探十里购物中心4层L436号商铺,113.614665,34.735329,0371-68878112;0371-68878113,8：00——22：00
中原区,50117,火锅店,大四喜·鲜牛肉火锅(高新区店),祥合顺小世界生活广场A1-2号2层,113.524796,34.81013,0371-69999166,8：00——22：00
中原区,50117,火锅店,虎一家鱼火锅,秦岭路陇海路向南一百米路西216-8,113.603081,34.73445,0371-68881000;15038092222,8：00——22：00
中原区,50117,火锅店,大四喜·鲜牛肉火锅(郑州紫薇里店),濮河路紫薇里18栋19号商铺,113.600944,34.781687,18338818203,8：00——22：00
中原区,50117,火锅店,汕锦记潮汕牛肉火锅(秦岭路店),凯田花园北门东110米(卧龙岗地铁站B2口旁),113.602959,34.728519,0371-55007493,8：00——22：00
中原区,50117,火锅店,西川巷子市井火锅(郑州总店),煤仓北街16-51号,113.611324,34.774027,18739914525,8：00——22：00
中原区,50117,火锅店,大四喜·鲜牛肉火锅(工大东门店),雪松路白桦街东史马65-69号2层,113.557796,34.82982,0371-69896678;19263796527,8：00——22：00
中原区,50117,火锅店,海底捞火锅(华强广场店),电厂路70号华强广场三号楼1层F1-23号(奈雪对面),113.603362,34.791921,0371-58569768;0371-58569769,8：00——22：00
中原区,50117,火锅店,胡涂印象老串串(桐柏路店),金水西路62-1号,113.616594,34.767187,0371-89980042,8：00——22：00
中原区,50117,火锅店,熊喵来了火锅(郑州高新万达白金店),科学大道郁香路西北角郑州高新万达4层4027-4028铺,113.581525,34.809325,19303717890,8：00——22：00
中原区,50117,火锅店,我的小板凳街坊火锅(国槐街店),郑州市高新区春藤路国槐街东100米路南,113.548197,34.810589,0371-63298555,8：00——22：00
中原区,50117,火锅店,食欲老院子泥炉涮肚(红枫里店),玉兰街5号院,113.566626,34.803927,15515600165,8：00——22：00
中原区,50117,火锅店,豆捞坊·鲜牛肉火锅(正弘汇店),中原区高新区科学大道瑞达路交叉口正弘汇6楼L603,113.566582,34.80933,0371-63248801,8：00——22：00
中原区,50117,火锅店,槾姐老成都火锅(高新店),雪松路128号朗悦公园里,113.553896,34.81075,15637182228,8：00——22：00
中原区,50117,火锅店,呷哺呷哺(郑州探十里),陇海西路338号T10探十里购物中心项目第四层第416号,113.615525,34.736025,4008177878,8：00——22：00
中原区,50117,火锅店,舒来喜鱼锅(陇海路店),陇海西路97-2号(陇海西路地铁站C口步行130米),113.611415,34.736551,0371-67659595;13838587560,8：00——22：00
中原区,50117,火锅店,好彩猪肚鸡火锅(中原万达店),中原中路171号万达广场(郑州中原店)3F层,113.60099,34.7464,0371-58581366,8：00——22：00
中原区,50117,火锅店,善食锅语自助回旋火锅(探十里店),陇海西路与桐柏南路交叉口探十里4层,113.615325,34.735425,18639421651,8：00——22：00
中原区,50117,火锅店,豆捞坊·鲜牛肉火锅(中原万达广场店),中原中路171号万达广场(郑州中原店)3F层,113.601799,34.746071,0371-63247585;17320177609;17639603029,8：00——22：00
中原区,50117,火锅店,渝欢婆串串火锅(春藤路店),升龙又一城1期东门旁,113.54654,34.80395,19937534398,8：00——22：00
中原区,50117,火锅店,小胡同前门草原涮肉(万科城店),黄兰路38-10号,113.495424,34.808963,0371-88881989,8：00——22：00
中原区,50117,火锅店,呷哺呷哺(郑州锦艺城),棉纺西路36号锦艺城购物中心F4层B4-05A,113.609976,34.762287,0371-57166543;4008177676;4008177878,8：00——22：00
中原区,50117,火锅店,豆捞坊·鲜牛肉火锅(探十里店),陇海西路与陇海快速路出口探十里购物中心4楼,113.615003,34.735133,0371-58615773,8：00——22：00
中原区,50117,火锅店,豆捞坊·鲜牛肉小火锅(高新万达广场店),郑州高新技术产业开发区科学大道郁香路西北角万达广场,113.581669,34.808965,0371-58586630;13303810942,8：00——22：00
中原区,50117,火锅店,港味煌潮汕牛肉火锅(保利·心语心苑店),中原西路街道中原中路86号保利玖街5号楼2层112商铺,113.598623,34.747716,0371-86258887,8：00——22：00
中原区,50117,火锅店,虎一家鱼火锅(秦岭路总店),秦岭路新生活广场西2门北50米,113.603683,34.761898,0371-55208997;13526600068,8：00——22：00
中原区,50117,火锅店,善食锅语自助回转火锅(正弘汇店),中原区正弘汇7楼,113.566375,34.809225,19293849813,8：00——22：00
中原区,50117,火锅店,渝老四鲜切牛肉火锅(工人路店),工人路伊河路向北100米路西,113.620703,34.743661,19138052351,8：00——22：00
中原区,50117,火锅店,趁趁自助火锅(高新区旗舰店),洼刘新城B区北门西120米,113.54734,34.80463,15378783853,8：00——22：00
中原区,50117,火锅店,福上锅自助旋转火锅(保利久街店),华山路与中原中路交叉口西北角保利久街二楼,113.59891,34.74821,18703618014,8：00——22：00
中原区,50117,火锅店,我的小板凳街坊火锅(白桦街店),白桦街75-11号,113.558331,34.830333,19337194291,8：00——22：00
中原区,50117,火锅店,萌小旋自助火锅(中原万达店),中原万达广场3层,113.602278,34.746416,18137780572,8：00——22：00
中原区,50117,火锅店,豆捞坊·鲜牛肉火锅(锦艺城C区店),棉纺路与秦岭路交叉口锦艺城C区5楼,113.605873,34.763587,0371-63247016,8：00——22：00
中原区,50117,火锅店,陈实在豆花鱼火锅(淮河路店),淮河路耿河小区2号楼3号商铺,113.624325,34.729054,18538080648;18638206292,8：00——22：00
中原区,50117,火锅店,周小食火锅烤肉(高新万科店),红叶路78号(祥营地铁站A1口步行300米),113.524121,34.804169,13140150885,8：00——22：00
中原区,50117,火锅店,牛鲜生潮汕生鲜牛肉火锅,国槐街大里鑫桂源南门13-附41一楼二楼,113.54975,34.811046,0371-69999618,8：00——22：00
中原区,50117,火锅店,贵州小阿梦(郑上路105号院店),建设西路159号郑上路105号院,113.589436,34.757253,18583111004,8：00——22：00
中原区,50117,火锅店,蜀大侠火锅(郑州中原旗舰店),瑞达路与桂花街交叉口东北角,113.570525,34.795672,0371-88928333,8：00——22：00
中原区,50117,火锅店,醉巴鲜烤鱼高新万达店,高新区郁香路37号高新万达4层4056,113.583366,34.809374,15093390785,8：00——22：00
中原区,50117,火锅店,顶呱呱牛蛙煲(前进路总店),岗坡路与前进路交叉口南50米路西,113.609207,34.751601,0371-67619868,8：00——22：00
中原区,50117,火锅店,醉巴鲜烤鱼(锦艺城购物C区店),棉纺路与秦岭路交叉口东100米路北锦艺城购物中心C区4层,113.606327,34.763003,19937079433,8：00——22：00
中原区,50117,火锅店,阿润打边炉(公园里店),雪松路国槐街交叉口西200米路南阿润打边炉,113.553908,34.810584,16603811188,8：00——22：00
中原区,50117,火锅店,小v家火锅鸡(公园茂店),公园道一号鸿苑北里安置区商铺2号附18号,113.555294,34.821841,16692193322,8：00——22：00
中原区,50117,火锅店,郑小羊铜锅涮羊肉&草原羊脊骨,莲花街11号8号楼9号房,113.558518,34.826462,13781608989,8：00——22：00
中原区,50117,火锅店,我的小板凳街坊火锅(淮河西路店),华淮小区南区北门旁(卧龙岗地铁站B1口步行170米),113.600713,34.72868,17320174977,8：00——22：00
中原区,50117,火锅店,徐记烧烤羊排火锅(汝河路店),桐柏路汝河路交叉口向东150米路南,113.615478,34.732507,13674961848;13939027731,8：00——22：00
中原区,50117,火锅店,齐祺渔锅(市场街店),前进路与市场街交汇处向东100米路南二楼齐祺渔锅,113.610015,34.75436,0371-63729188;18239911559,8：00——22：00
中原区,50117,火锅店,京途(秦岭路新生活广场店),棉纺西路与秦岭路交叉口往南100米路东,113.603685,34.760952,0371-55652918,8：00——22：00
中原区,50117,火锅店,小魏串串王(雪松路总店),莲花街与雪松路交叉口向北500米路东,113.557722,34.831307,15890100117,8：00——22：00
中原区,50117,火锅店,食尚鸭虾火锅店(郑大店),檀香路与科学大道交叉口南80米,113.533219,34.80636,13007607696;18839438666,8：00——22：00
中原区,50117,火锅店,大宋汴京火锅(华强广场店),电厂路46号华强广场8号楼2层,113.603548,34.790372,0371-55507997,8：00——22：00
中原区,50117,火锅店,德梦轩老铜锅,桐柏北路方圆经纬小区一度健身2层,113.615639,34.763929,13569177779,8：00——22：00
中原区,50117,火锅店,牛出川牛杂火锅,昌信和家园东门北60米,113.54053,34.799361,15939044119;18300676293,8：00——22：00
中原区,50117,火锅店,我的小板凳街坊火锅(濮河路店),西湖新城西南门旁,113.600327,34.782317,13137719699,8：00——22：00
中原区,50117,火锅店,农小锅(探十里店),航海西路探十里购物中心负一层,113.614505,34.735239,17603826510;19337103736,8：00——22：00
中原区,50117,火锅店,许府牛火锅(河南郑州高新万科广场),高新技术产业开发区科学大道南红叶路89号高新万科广场4F-45-46-47,113.525032,34.806408,15138246432,8：00——22：00
中原区,50117,火锅店,豫聚阁火锅鸡,李江沟路与淮河西路交叉口北120米,113.591054,34.729993,15936933804,8：00——22：00
中原区,50117,火锅店,王婆大虾·烤全鱼(梧桐街店),梧桐街雪松路交叉口向西50米路南,113.554512,34.79376,13525411600,8：00——22：00
中原区,50117,火锅店,醉巴鲜烤鱼(高新万科广场店),科学大道红叶路交叉口东南角4楼影剧院旁,113.524923,34.805704,19138190525,8：00——22：00
中原区,50117,火锅店,王婆大虾(电厂路店),郑州高新区电厂路29号全威花园6号楼1-2层附21号,113.605011,34.791733,13525411600,8：00——22：00
中原区,50117,火锅店,椰椰榴椰子鸡火锅(正弘汇店),银屏路15号(银屏路地铁站C口步行450米),113.563702,34.806535,17596560423,8：00——22：00
中原区,50117,火锅店,顶食荟海鲜烤肉火锅自助餐厅,电厂路漳河路交叉口建设银行2楼,113.604496,34.793347,0371-63687968;17629386600,8：00——22：00
中原区,50117,火锅店,许府牛火锅(郑州中原锦艺城购物中心店),棉纺西路23号锦艺城购物中心B区B4-04A号,113.610092,34.762062,13454034864,8：00——22：00
中原区,50117,火锅店,扶摇树下·椒麻鲜活虾(郑州中原万达店),"万达三楼3031B,3032A",113.601031,34.747423,18100338793,8：00——22：00
中原区,50117,火锅店,玉兴信阳食府(工大店),高新·锦华苑西门南100米,113.551652,34.822563,0371-67509983;15515690856,8：00——22：00
中原区,50117,火锅店,齐祺渔锅(嵩山北路店),升龙天汇广场9号院东门,113.62595,34.774294,0371-86099980,8：00——22：00
中原区,50117,火锅店,海三草原涮羊肉(国棉三厂家属院店),棉纺路街道国棉三厂绿化西街6号楼附13号,113.614897,34.758536,13526873499,8：00——22：00
中原区,50117,火锅店,天壇院子,桐柏南路与伊河路交叉口北100米,113.613328,34.743476,0371-67892999,8：00——22：00
中原区,50117,火锅店,王婆大虾(锦华苑店),高新技术产业开发区锦华苑小区西门北20米鑫海五交化二楼,113.551653,34.823695,18539917629,8：00——22：00
中原区,50117,火锅店,辣炮泡鱼蛙火锅馆(朗悦公园里店),枫杨街道雪松路128号朗悦·公园道1号·熙园,113.553625,34.810275,18530577778,8：00——22：00
中原区,50117,火锅店,西川巷子市井火锅(西悦城店),金桐路与增晖路交叉口西南40米,113.523751,34.728868,0371-55200129;18135799288,8：00——22：00
中原区,50117,火锅店,农小锅(锦艺城店),棉纺西路4号王府井城市奥莱B1层,113.613242,34.761275,15037895508,8：00——22：00
中原区,50117,火锅店,丽江龙继斑鱼庄,科学大道与腊梅路交叉口向南100米路西,113.53636,34.805872,0371-56729998;18135789077,8：00——22：00
中原区,50117,火锅店,三合王婆大虾(伊河路店),伊河路38号-6,113.618984,34.74277,13837106997,8：00——22：00
中原区,50117,火锅店,洋洋鱼锅秦岭路,陇海路秦岭路交叉口100米路西,113.603042,34.737601,18903835099,8：00——22：00
中原区,50117,火锅店,农小锅(朗悦新悦荟店),枫杨街道长椿路红桦路交汇处西北角朗悦新悦荟购物中心4楼,113.541123,34.831294,15639003532;17744407720,8：00——22：00
中原区,50117,火锅店,王婆大虾(石楠路总店十年老店),石楠路金梭路交叉口东南角一楼,113.551787,34.824579,13938278244,8：00——22：00
中原区,50117,火锅店,齐祺渔锅(啟福尚都店),文思街祈福尚都C01区16号楼底,113.558562,34.752599,0371-88915776,8：00——22：00
中原区,50117,火锅店,渝景老火锅,保利久街5号楼1层101商铺,113.598226,34.748519,18737186069,8：00——22：00
中原区,50117,火锅店,王婆大虾(工人路店),帝湖花园东王府东南门东北70米,113.620664,34.717893,15136282751;15136282752,8：00——22：00
中原区,50117,火锅店,西川巷子市井火锅(万和城店),长椿路216号28号楼1层附7号,113.537625,34.830195,13373910188,8：00——22：00
中原区,50117,火锅店,福上锅旋转自助小火锅(西元国际店),建设西路西元国际广场负一楼福上锅自助旋转小火锅,113.601914,34.757677,18703618014,8：00——22：00
中原区,50117,火锅店,四厂一路飘香宣记串串香麻辣拌,建设路工人路国棉四厂中街106号楼,113.620866,34.756147,18838096751,8：00——22：00
中原区,50117,火锅店,冉老二羊蝎子烧烤(中原路店),中原中路交警二队正对面,113.591199,34.747109,18838072212,8：00——22：00
中原区,50117,火锅店,食广聚私厨小馆,龙柏里合欢街交叉口,113.56252,34.79817,18638779366,8：00——22：00
中原区,50117,火锅店,鞠一锅鲜鱼锅,棉纺五厂家属院1号院56号楼东侧,113.627023,34.755567,15639009597,8：00——22：00
中原区,50117,火锅店,王婆大虾(锦艺城店),棉纺路纺织街锦艺B区2期南门东侧8-21号,113.608951,34.762983,15516190926;19903808590,8：00——22：00
中原区,50117,火锅店,亲小满鲜切牛肉自助老火锅(公园茂店),高新技术产业开发区公园茂1号馆3层B3203号,113.554675,34.818775,18236319286,8：00——22：00
中原区,50117,火锅店,余大厨金汤酸菜鱼(领创·天誉华庭店),金水西路冉屯东路向北200米路西,113.60951,34.772137,0371-55959558,8：00——22：00
中原区,50117,火锅店,俏喜鸭鸭头馋虾火锅(高新区店),祝福红城二号院西门南60米,113.551815,34.789864,0371-60919979;13213015923,8：00——22：00
中原区,50117,火锅店,醉巴鲜烤鱼(正弘汇甄选店),正弘汇五楼东餐饮区,113.566875,34.808825,17319792969,8：00——22：00
中原区,50117,火锅店,六厂鱼锅,伏牛路建设路向南400米路西,113.606728,34.754144,16638087700,8：00——22：00
中原区,50117,火锅店,锅圈食汇火锅烧烤食材超市(东原阅城店),秋棠路7号东原阅城一期10号楼3号西户商铺,113.597001,34.827177,15538383755,8：00——22：00
中原区,50117,火锅店,香满城火锅鸡-郑大南门店,科学大道与腊梅路交叉口向南一百米路西,113.536423,34.806438,19036910003,8：00——22：00
中原区,50117,火锅店,木木社区火锅(龙源世纪花园店),陇海路与华山路交叉口向南100米路西,113.599507,34.734239,18539286877,8：00——22：00
中原区,50117,火锅店,我的小板凳街坊火锅(嵩山北路店),嵩山北路车行街升龙天汇10号院西门,113.625366,34.771974,13233932152,8：00——22：00
中原区,50117,火锅店,农小锅(中原新城店),航海西路街道前进路80号院1号楼,113.610182,34.737965,15938730858,8：00——22：00
中原区,50117,火锅店,西川巷子市井火锅(雪松路店),雪松路梧桐街向南88米路西,113.555482,34.792978,19103847770,8：00——22：00
中原区,50117,火锅店,螺徕螺趣鸭脚煲螺蛳粉祝福红城店,祝福红城2期北门西190米,113.548456,34.790879,18638272806,8：00——22：00
中原区,50117,火锅店,王婆大虾(西元国际店),秦岭路幸福六合门1号楼10004号,113.601704,34.757972,18703719838,8：00——22：00
中原区,50117,火锅店,越老二秘制地锅柴鸡(长椿路店),长椿路合欢街交叉口向北20米路西,113.540499,34.798038,17737105218,8：00——22：00
中原区,50117,火锅店,佰人王串串火锅(淮河路店),凯田花园北门旁(卧龙岗地铁站B1口步行90米),113.601664,34.728651,18337157157,8：00——22：00
中原区,50117,火锅店,福上锅自助小火锅(高新万科店),万科小世界E1-09(祥营地铁站C口步行100米),113.52532,34.809209,13213003810;18903832083,8：00——22：00
中原区,50117,火锅店,夏小天涮羊肉·烤牛肉(高新店),863软件园西6号4栋1层附4号,113.561007,34.817968,15539750057;18638015806,8：00——22：00
中原区,50117,火锅店,觅宴火锅(芝麻街公园里店),华山路105号机加工北区E9,113.597496,34.753891,0371-63892888,8：00——22：00
中原区,50117,火锅店,和盛轩涮锅,金水西路与董寨街交叉口东北角,113.613499,34.767937,0371-55007796,8：00——22：00
中原区,50117,火锅店,单身Go小火锅(高新万达店),高新万达4层,113.582688,34.809111,0371-55120777;19949165456,8：00——22：00
中原区,50117,火锅店,许府牛火锅(河南郑州中原高新万达广场店),科学大道郁香路西北角高新万达广场4层4063号,113.58237,34.809373,18237151380,8：00——22：00
中原区,50117,火锅店,发发牛潮汕鲜牛肉火锅(汇泉西悦城店),金兰路玉轩路交叉口西北角2楼,113.528208,34.723271,19525579623,8：00——22：00
中原区,50117,火锅店,俏椒川味老火锅(谦祥万和城店),长椿路河南工业大学西门向北150米路西,113.541657,34.833153,15324967075;18103867075,8：00——22：00
中原区,50117,火锅店,欢禧·巴蜀拾光,后河卢南街与西三环辅路交叉口北200米,113.608465,34.715743,13017655525,8：00——22：00
中原区,50117,火锅店,阿生哥柳州螺蛳粉(冉屯东路店),冉屯东路与淇河路交叉口向南180米路东,113.612828,34.779223,15516972086,8：00——22：00
中原区,50118,特色/地方风味餐厅,李军力烧烤(中原万达店),华山路96号(二砂地铁站D口步行440米),113.599889,34.751572,0371-88916087,8：00——22：00
中原区,50118,特色/地方风味餐厅,老三自助烤肉(颍河路店),颍河路110号郑州水利大厦郑州市水务局旁老三烧烤,113.618472,34.74017,13271568959,8：00——22：00
中原区,50118,特色/地方风味餐厅,撒个椒儿江西小炒(郑大工大店),丁楼庄园8号楼附10号,113.546404,34.824415,17839989905,8：00——22：00
中原区,50118,特色/地方风味餐厅,橘婆婆地锅柴鸡铁锅炖(梧桐街店),梧桐街与石楠路交叉口东南角50米,113.55214,34.793751,15639728966,8：00——22：00
中原区,50118,特色/地方风味餐厅,信阳菜馆固始鹅块(化工路店),长椿路一家公寓(兰寨地铁站D口步行170米),113.542043,34.784229,13203705461,8：00——22：00
中原区,50118,特色/地方风味餐厅,信阳乡厨,花园南街26号楼二楼(五一公园地铁站F口步行360米),113.611496,34.758358,13007523097;13253613009,8：00——22：00
中原区,50118,特色/地方风味餐厅,袁记云饺(郑州市高新区万科城店),沟赵乡郑州市高新区科学大道西四环祥瑞苑1号楼附5号,113.521768,34.811083,13071013079,8：00——22：00
中原区,50118,特色/地方风味餐厅,袁记云饺(谦祥·万和城店),谦祥万和城A区附9号,113.539601,34.83194,13017682617,8：00——22：00
中原区,50118,特色/地方风味餐厅,郭记鱼庄,通达路与西四环交叉口向西二百米路南,113.525242,34.773873,13613852369,8：00——22：00
中原区,50118,特色/地方风味餐厅,鱼库秘制烤鱼(公园茂店),高新·锦华苑南门东70米,113.555855,34.822339,17610032075,8：00——22：00
中原区,50118,特色/地方风味餐厅,袁记云饺(郑州市中原区汇泉西悦城店),金桐路泉州路东西悦城1号2号楼1层117号,113.528035,34.726848,13007607856,8：00——22：00
中原区,50118,特色/地方风味餐厅,饺子功·东北记忆·锅包肉(梧桐街店),梧桐街与石楠路交叉口西160米,113.549975,34.793725,0371-55387333,8：00——22：00
中原区,50118,特色/地方风味餐厅,禧堂盛宴酒店,瑞达路30号11栋109号,113.578391,34.785694,17638520888,8：00——22：00
中原区,50118,特色/地方风味餐厅,鸿鑫源鲜炒鸡(建设西路店),郑上路87号(西三环建设西路向西一百米路南),113.588826,34.759057,13273818916,8：00——22：00
中原区,50118,特色/地方风味餐厅,彼酷哩活鱼现烤(华强城市广场店),电厂路与五龙口南路交汇处向北300米路西华强城市广场4楼,113.60333,34.791752,0371-61368918;18569986622,8：00——22：00
中原区,50118,特色/地方风味餐厅,鱼库秘制烤鱼(中原万达磨街店),中原路与华山路交叉口向南100米路东,113.600097,34.745329,13838742029;13938977435,8：00——22：00
中原区,50118,特色/地方风味餐厅,忆捌零宵夜(华山路店),华山路89号龙园世纪花园(116-2),113.599503,34.733982,15803804066,8：00——22：00
中原区,50118,特色/地方风味餐厅,百花蒸饺(百花路总店),百花路31号(碧沙岗地铁站B口步行230米),113.624285,34.753325,18603860030,8：00——22：00
中原区,50118,特色/地方风味餐厅,袁记云饺(郑州市中原区建设路店),五厂二街79号闻家英辉生鲜店东边第一间,113.626035,34.755143,19339593329,8：00——22：00
中原区,50118,特色/地方风味餐厅,新密老王家炒鸡虾尾(万和店),中原区谦祥万和城C区32号楼附1号,113.540028,34.831429,17703832939;17740406175,8：00——22：00
中原区,50118,特色/地方风味餐厅,铁蛋鲜炒鸡(银屏路店),银屏路与盘槐里交叉口,113.561098,34.803332,13525553387,8：00——22：00
中原区,50118,特色/地方风味餐厅,信阳红酒楼,兴国路与雪松路交叉口,113.551613,34.750447,0371-87785678,8：00——22：00
中原区,50118,特色/地方风味餐厅,李家味道三环烩羊肉,航海西路街道陇海路与西三环交叉路口,113.587824,34.73675,13526617886;15036197228,8：00——22：00
中原区,50118,特色/地方风味餐厅,老巴铜涮(秦岭路店),中原区三官庙街道岗坡路7号郑煤机社区南区,113.603646,34.752243,13353804666,8：00——22：00
中原区,50118,特色/地方风味餐厅,鸣升鲜炒鸡伏牛路总店,伏牛路与陇海路交叉口向北100米路西,113.606726,34.73747,0371-66223878;13592585992;15803999289,8：00——22：00
中原区,50118,特色/地方风味餐厅,袁记云饺(中原新城王府店),航海西路街道前进路80号院中原新城王府小区西区,113.610149,34.738468,15617919858,8：00——22：00
中原区,50118,特色/地方风味餐厅,豫馨聚鲜阁烩面(工人路店),工人路伊河路交叉口北200米路西,113.620591,34.744765,15903638880,8：00——22：00
中原区,50118,特色/地方风味餐厅,李彬烧烤涮肚,工人路356-30号,113.620656,34.717595,13027791185,8：00——22：00
中原区,50118,特色/地方风味餐厅,金福小邓手工水饺家常菜(金玺·总部港店),莲花街338号5号楼1层12号,113.503703,34.835671,13393951870,8：00——22：00
中原区,50118,特色/地方风味餐厅,信阳土菜馆(公园里店),科学大道与石楠路交叉口往北二百米朗悦西都汇三号楼二楼,113.550941,34.809746,13938208857,8：00——22：00
中原区,50118,特色/地方风味餐厅,信阳土菜馆(公园里店),石楠路与国槐街交叉口向南朗悦西都汇,113.551014,34.809757,13938208857,8：00——22：00
中原区,50118,特色/地方风味餐厅,姐弟烧烤(兰寨新城店),中原区高新区兰寨新城东门向北100米路西,113.547651,34.78788,15093418931;15981926939,8：00——22：00
中原区,50118,特色/地方风味餐厅,七娘子现包饺子(兰寨新城店),中原区高新区兰寨新城东门,113.54734,34.786684,15638173197,8：00——22：00
中原区,50118,特色/地方风味餐厅,豫三福九头鸟热干面,豫三福莲花街11号南门,113.559046,34.824758,15515537000,8：00——22：00
中原区,50118,特色/地方风味餐厅,老香厨焖炒鸡(西悦城店),汇泉城5号苑16号楼107-108,113.529003,34.722376,17335731788;17761664887,8：00——22：00
中原区,50118,特色/地方风味餐厅,他二舅手工水饺(郑州旗舰店),高新技术开发区银屏路115号5号楼1层附27号,113.562494,34.821942,18637107361,8：00——22：00
中原区,50118,特色/地方风味餐厅,李军力烧烤(瑞达路店),瑞达路19号-附9号,113.57564,34.788756,0371-88915287,8：00——22：00
中原区,50118,特色/地方风味餐厅,方建营烧烤美食城,王屋路15号商铺,113.599582,34.784194,13592542098,8：00——22：00
中原区,50118,特色/地方风味餐厅,坛子吕地摊烤肉(冉屯路店),桐柏路街道煤仓北街16号17号楼1层10号,113.610887,34.774055,0371-61698288,8：00——22：00
中原区,50118,特色/地方风味餐厅,林记砂锅(秦岭路店),秦岭路205号,113.603705,34.739254,13503827658,8：00——22：00
中原区,50118,特色/地方风味餐厅,冯记蒸饺馄饨(伏牛路102号院店),前进路岗坡路向西50米路南,113.608825,34.752375,13623711120,8：00——22：00
中原区,50118,特色/地方风味餐厅,溢香苑瓦罐(前进路店),前进路与市场街交叉口东南角27号院1楼,113.609571,34.754353,0371-55919218,8：00——22：00
中原区,50118,特色/地方风味餐厅,老三烧烤烩面馆(总店),朱屯西路与西站路交叉口东北50米,113.619279,34.766738,13273814810;15638211992,8：00——22：00
中原区,50118,特色/地方风味餐厅,盼姐烤鱼,升龙天汇广场10号院2附12盼姐烤鱼,113.626018,34.772609,18310910231;18899747482,8：00——22：00
中原区,50118,特色/地方风味餐厅,碳锅鱼碳锅鸡烧烤,工人路84号,113.620689,34.749994,18336352375,8：00——22：00
中原区,50118,特色/地方风味餐厅,第一部落烤串中原商贸城店,中原商贸城步行街,113.625594,34.753508,18737066513;18838577805,8：00——22：00
中原区,50118,特色/地方风味餐厅,袁记云饺(高新区升龙又一城店),中原区高新区科学大道89号3号楼1层附10号,113.54336,34.805171,18638207806,8：00——22：00
中原区,50118,特色/地方风味餐厅,阿香米线(郑州高新万达餐厅),科技大道57号高新万达广场四层4035商铺,113.582252,34.809127,17721110314,8：00——22：00
中原区,50118,特色/地方风味餐厅,美特美快餐(睿海中心店),桐柏南路15号睿海中心F1层,113.615932,34.734723,15038378512;15803803167,8：00——22：00
中原区,50118,特色/地方风味餐厅,沙县小吃(桐淮小区店),桐淮小区9号楼三单元38号,113.614854,34.732663,13783650665,8：00——22：00
中原区,50118,特色/地方风味餐厅,张亮麻辣烫(郑州高新区中心店),银屏路15号We空间B座附5号,113.562923,34.80687,17729768077,8：00——22：00
中原区,50118,特色/地方风味餐厅,百汇饸饹面(万达广场西区店),中原金街6号楼附近(二砂地铁站A3口步行500米),113.600589,34.744514,17739218199;19949167719,8：00——22：00
中原区,50118,特色/地方风味餐厅,张亮麻辣烫(郑州工人路店),伊河路附近,113.620147,34.741784,17320137222,8：00——22：00
中原区,50118,特色/地方风味餐厅,董记臊子面(郑州华强广场店),电厂路70号华强城市广场一期北门1-付12号商铺,113.603077,34.793665,15037137600;18903714075,8：00——22：00
中原区,50118,特色/地方风味餐厅,逍遥镇胡辣汤(腊梅路店),郭庄盛世新天地东门旁,113.536422,34.790007,13526461906;13526765098,8：00——22：00
中原区,50118,特色/地方风味餐厅,张亮麻辣烫(公园道一号店),雪松路迎春街公园道一号一期1号楼附8号,113.554925,34.819569,13673633654,8：00——22：00
中原区,50118,特色/地方风味餐厅,扬光烧烤(电厂路分店),冉屯新村北院东门东北80米,113.601413,34.779772,18695878104,8：00——22：00
中原区,50118,特色/地方风味餐厅,张亮麻辣烫(万科店),郑州高新区紫竹路68号锦枫苑14号楼附10、12、14,113.518755,34.810545,18703697072,8：00——22：00
中原区,50118,特色/地方风味餐厅,贾记饺子馆(伏牛路店),伏牛路129号,113.607066,34.748942,15517575009,8：00——22：00
中原区,50118,特色/地方风味餐厅,侯哥烧烤(华山路店),颖河路与华山路交叉口北30米路东,113.599894,34.740833,18838208783,8：00——22：00
中原区,50118,特色/地方风味餐厅,杨国福麻辣烫(秦岭路店),秦岭路9号院1号楼1层附5号,113.600592,34.758517,19937658578,8：00——22：00
中原区,50118,特色/地方风味餐厅,沙县小吃(化工路店),金海·西湖美景南1门旁,113.579028,34.781444,15136266518,8：00——22：00
中原区,50118,特色/地方风味餐厅,二胖砂锅烧烤(电缆厂家属院170号院店),伏牛路173号附8号,113.606667,34.741854,13203727006;15638839881,8：00——22：00
中原区,50118,特色/地方风味餐厅,海涛麻辣烫(万和城店),长椿路216号2号楼1层,113.54096,34.831896,13681426426,8：00——22：00
中原区,50118,特色/地方风味餐厅,张亮麻辣烫(郑州汇泉西悦城小区店),中原汇泉西悦城店11号苑2号楼1层126商铺,113.52771,34.726612,18638718301,8：00——22：00
中原区,50118,特色/地方风味餐厅,沙县小吃(郑州华强广场店),电厂路70号郑州华强广场F1层,113.60263,34.793722,15639791561,8：00——22：00
中原区,50118,特色/地方风味餐厅,饺鲜说(国槐街店),枫杨街道枫杨街23号大里·鑫桂源,113.548788,34.811054,17737405699,8：00——22：00
中原区,50118,特色/地方风味餐厅,王朝烧烤(清真),石楠路与金梭路交叉口向西20米路南,113.550835,34.82462,16696026663,8：00——22：00
中原区,50118,特色/地方风味餐厅,王婆大虾·巫山烤鱼,万科城·小世界西门旁(祥营地铁站C口步行100米),113.524728,34.809223,18339911176,8：00——22：00
中原区,50118,特色/地方风味餐厅,沙现人沙县特色小吃(棉纺路699店),棉纺路街道五厂二街75号楼1层附一号,113.626247,34.757629,13183007769,8：00——22：00
中原区,50118,特色/地方风味餐厅,方勇烧烤(玉兰街店),瓦屋李商业街17号楼B座1层112室,113.571719,34.804654,16692132266,8：00——22：00
中原区,50118,特色/地方风味餐厅,三厂蒸饺,中原区国棉三厂家属院绿化东街7号楼,113.617419,34.756827,13598429646,8：00——22：00
中原区,50118,特色/地方风味餐厅,淄博烧烤秘制虾尾龙虾(中原新城王府小区东区店),航海西路街道前进路81号中原新城王府小区东区,113.611426,34.739649,13723285631;18595761296,8：00——22：00
中原区,50118,特色/地方风味餐厅,张亮麻辣烫(升龙天汇店),西站北街东、煤仓街北升龙天汇2号楼1-2层107号,113.625809,34.772534,13938293425,8：00——22：00
中原区,50118,特色/地方风味餐厅,许小芊麻辣烫(正弘汇店),郑州正弘汇,113.566525,34.808835,18697325455,8：00——22：00
中原区,50118,特色/地方风味餐厅,杨国福麻辣烫(高新万达店),中原区高新技术开发区郁香路37号万达后街6号楼1层附8号,113.583426,34.809385,17630911166,8：00——22：00
中原区,50118,特色/地方风味餐厅,臧家阿信米皮老店,秦岭路街道棉纺西路45-48号1层-15号,113.613371,34.760372,13911627802,8：00——22：00
中原区,50118,特色/地方风味餐厅,沙县小吃隆江猪脚饭,永威西郡金桂苑5-105商铺,113.529374,34.741552,13616948353,8：00——22：00
中原区,50118,特色/地方风味餐厅,大腰子烧烤店(康桥·上城品店),陇海西路306-1号,113.594827,34.736021,13703931002,8：00——22：00
中原区,50118,特色/地方风味餐厅,阿伟姐弟烧烤店,中原区高新区万科城黄兰路38秋棠苑21号附30号,113.494285,34.81061,15237426027,8：00——22：00
中原区,50118,特色/地方风味餐厅,香葱大饼(总店),工人路学府一号小区西门口,113.621075,34.738775,18838149366;19939996775,8：00——22：00
中原区,50118,特色/地方风味餐厅,阿飞烤串(中原新城王府小区东区店),中原新城王府小区东区西2门南190米,113.610476,34.737679,15515553386,8：00——22：00
中原区,50118,特色/地方风味餐厅,张亮麻辣烫(郑州高新区万科城四期店),黄兰路38-33号,113.495425,34.810221,18838128167,8：00——22：00
中原区,50118,特色/地方风味餐厅,扬光烧烤(公园茂店),郑州高新区公园道1号鸿苑北里安置区商铺2-符2121层,113.554565,34.821857,13462582022;16650271736,8：00——22：00
中原区,50118,特色/地方风味餐厅,张亮麻辣烫(郑州高新区东史马村店),郑州市高新区东史马村C区商铺55号下层,113.557739,34.830161,15333835882,8：00——22：00
中原区,50118,特色/地方风味餐厅,沙县小吃(师新庄社区店),枫杨办事处师新庄社区,113.536675,34.82783,13523032349;18736068406,8：00——22：00
中原区,50118,特色/地方风味餐厅,沙县小吃(锦艺城店),棉纺西路4号院3号商业一层12号,113.608534,34.765377,15517598337;18065837029,8：00——22：00
中原区,50118,特色/地方风味餐厅,金玉堂饺子,睿智花园东2门旁,113.558501,34.795002,13007514110;15981987102,8：00——22：00
中原区,50118,特色/地方风味餐厅,张亮麻辣烫(郑州昆仑华府店),绿东村街道华山路陇海路交叉口往北100米路西张亮麻辣烫华山路12号,113.599445,34.738134,15093100699,8：00——22：00
中原区,50118,特色/地方风味餐厅,沙县小吃(梧桐店),梧桐街睿智禧园商铺34号,113.551755,34.792991,15286846750;18759881187,8：00——22：00
中原区,50118,特色/地方风味餐厅,沙县小吃(万科城店),郑州高新区紫竹路68号3幢1层附18号,113.517907,34.810647,18060138399,8：00——22：00
中原区,50118,特色/地方风味餐厅,杨国福麻辣烫(前进路店),前进路81号院8号楼商业1层附62号,113.610562,34.739602,13937249697,8：00——22：00
中原区,50118,特色/地方风味餐厅,老刘烧烤夜市(龙源世纪花园店),华山路与陇海路向南100路西,113.599502,34.73394,15939001598,8：00——22：00
中原区,50118,特色/地方风味餐厅,沙县小吃(琴海花苑店),琴海花苑沁河路B10-1,113.601918,34.722997,13460043758,8：00——22：00
中原区,50118,特色/地方风味餐厅,大个刘烧烤(昆仑路店),淮河西路与昆仑路交叉口向北20米路东17号门面房,113.594528,34.729397,15093263692,8：00——22：00
中原区,50118,特色/地方风味餐厅,陈老伍麻辣烫(郑密路店),安康路郑密路40号,113.623577,34.726325,18339962892;18568645879,8：00——22：00
中原区,50118,特色/地方风味餐厅,沙县小吃黄焖鸡,嵩山路与建设西路向西200米路北,113.626425,34.755125,15516196962,8：00——22：00
中原区,50118,特色/地方风味餐厅,沙县小吃(建设大商店),建设西路121号2号门面大商千盛生活广场建设路店1层,113.613925,34.754649,15537186628;17839917209,8：00——22：00
中原区,50118,特色/地方风味餐厅,贾记饺子馆(前进路店),前进路25号1号楼1层7号,113.609525,34.753175,13526590433,8：00——22：00
中原区,50118,特色/地方风味餐厅,光头李饺子馆,濮河路与王屋路交叉口向东50米路北,113.599602,34.782362,13523053597;13673995509,8：00——22：00
中原区,50118,特色/地方风味餐厅,刘姐米线麻辣烫(华淮小区北院店),华山路淮河路向北20米路东刘姐米线麻辣烫,113.599915,34.729413,18638935730,8：00——22：00
中原区,50118,特色/地方风味餐厅,口福饺子(康桥·上城品店),昆仑路5-6号,113.594617,34.734325,15838282358,8：00——22：00
中原区,50119,海鲜酒楼,破店肥哈·海鲜·烧烤(磨街文创园店),华山路121号磨街文创园3-附6号,113.598415,34.744808,13213178782,8：00——22：00
中原区,50119,海鲜酒楼,吉布鲁牛排海鲜自助(郑州店),棉纺西路40号锦艺城购物中心C区4层,113.606125,34.763485,13778306593,8：00——22：00
中原区,50119,海鲜酒楼,夜小红炒虾尾(大里·鑫桂源店),,113.550582,34.811079,13569440329,8：00——22：00
中原区,50119,海鲜酒楼,莹福居(祝福红城一号院店),药厂街与碧桃路交叉口向北50米路东,113.548195,34.789932,13653816971;15736765595,8：00——22：00
中原区,50119,海鲜酒楼,鲑记龙虾(磨街文创园店),华山路二砂磨街文创三楼,113.599113,34.744645,18037327138,8：00——22：00
中原区,50119,海鲜酒楼,破店肥哈·海鲜·烧烤(正弘生活广场店),金梭路33号-4(银屏路地铁站D口步行400米),113.565161,34.806787,0371-65670788,8：00——22：00
中原区,50119,海鲜酒楼,主烤官海鲜大咖·烧烤·美食(工人路店),中原路与工人路交叉口向南200米路西,113.620651,34.74488,15136425346,8：00——22：00
中原区,50119,海鲜酒楼,胡子大虾海鲜烧烤(中原万达店),,113.600375,34.744116,17320132388,8：00——22：00
中原区,50119,海鲜酒楼,虾客传龙虾馆(秦岭路店),棉纺路与秦岭路交叉口向北100米路东,113.60392,34.765169,0371-55919665;15737113056,8：00——22：00
中原区,50119,海鲜酒楼,栗子海鲜潮味菜,中原区高新区雪松路128号公园里悦都汇7号楼二层,113.555033,34.810594,18681867766,8：00——22：00
中原区,50119,海鲜酒楼,郑州奥体建国饭店-海鲜自助餐厅,奥林匹克体育中心(奥体中心地铁站D口步行330米),113.537226,34.740746,0371-68231818,8：00——22：00
中原区,50119,海鲜酒楼,三五老友·烧烤·海鲜·羊肉汤(高新店),石楠路金菊街交叉口向北100米路东,113.551683,34.823407,15515865590,8：00——22：00
中原区,50119,海鲜酒楼,栗子正味海鲜(高新区店),中原区高新区科学大道检察院对面农贸市场正背后,113.549119,34.806735,18681867766,8：00——22：00
中原区,50119,海鲜酒楼,功夫夜宴(翰林商业广场店),翰林国际城丁楼庄园西门旁,113.54644,34.823876,15136433962,8：00——22：00
中原区,50119,海鲜酒楼,马哥鲜炒鸡海鲜烧烤(白杨路店),彩虹城西南门东南80米,113.58061,34.78232,13333837098,8：00——22：00
中原区,50119,海鲜酒楼,六月烧烤工场(公园里店),雪松路国槐街西南角,113.554982,34.810588,13073708076,8：00——22：00
中原区,50119,海鲜酒楼,王家聚滋补烩面·家常菜·海鲜烧烤,伏牛路8号(卧龙岗地铁站A口步行300米),113.607111,34.728174,18595521288,8：00——22：00
中原区,50119,海鲜酒楼,小李海鲜烧烤,郭村C区C8-3商铺,113.540256,34.845542,18624933157;18625780778,8：00——22：00
中原区,50119,海鲜酒楼,中原海鲜港,冉屯路与王屋路交叉口西80米,113.596964,34.778441,13598843031;13663817408,8：00——22：00
中原区,50119,海鲜酒楼,潘记蚝店·海鲜烧烤(高新区店),洼刘新城B区1栋1单元,113.547969,34.803452,13525577642;18137822880,8：00——22：00
中原区,50119,海鲜酒楼,李记辣欢天炒海鲜,桐柏路与汝河路交叉口汝河小区北门109号,113.6099,34.731625,13027734865,8：00——22：00
中原区,50119,海鲜酒楼,开封大梁门麻辣小龙虾(汝河小区店),汝河路汝河小区53号楼旁,113.6099,34.731675,15136200790,8：00——22：00
中原区,50119,海鲜酒楼,郭记火锅海鲜烧烤美食汇,桐柏北路101-19号,113.616423,34.779827,13733163027,8：00——22：00
中原区,50119,海鲜酒楼,金樽小海鲜(郑州华强广场店),电厂路70号郑州华强广场F1层,113.602122,34.789221,17633555580,8：00——22：00
中原区,50119,海鲜酒楼,利哥大连海鲜烧烤,须水河东路68号对面(须水菜市场西100米路西),113.522711,34.768333,15236801592,8：00——22：00
中原区,50119,海鲜酒楼,张大鹏海鲜烧烤,濮河路6-49号,113.598286,34.782733,15538357721,8：00——22：00
中原区,50119,海鲜酒楼,聚鑫阁(卧龙新村店),卧龙新村西北1门旁(卧龙岗地铁站B1口步行490米),113.599931,34.726727,13592516574,8：00——22：00
中原区,50119,海鲜酒楼,露小营地摊烤肉,报业大厦广场西头(常庄地铁站D口步行210米),113.561211,34.73932,13663863113;18697316786,8：00——22：00
中原区,50119,海鲜酒楼,小胖娃烧烤,众业街与乐民路交叉口一号50号,113.535534,34.759091,18339920534,8：00——22：00
中原区,50119,海鲜酒楼,刘记龙虾馆,物华城上城建设西路158-9号,113.589147,34.760594,19516765888,8：00——22：00
中原区,50119,海鲜酒楼,鸡香如壹海鲜黄焖鸡(高新区店),沟赵乡青梅街68号任寨宜居城,113.474746,34.823037,13526651377;19513360536,8：00——22：00
中原区,50119,海鲜酒楼,潮粥记潮汕海鲜砂锅粥(锦艺国际华都·博郡店),锦艺国际华都·博郡东门南70米,113.607768,34.765052,13949988806,8：00——22：00
中原区,50119,海鲜酒楼,盈翠轩老院虾尾烧烤(银屏路店),银屏路7号隔壁,113.561079,34.803321,13525553387,8：00——22：00
中原区,50119,海鲜酒楼,铁板烧生蚝扇贝王,航海路工人路向南200米路西5号,113.620742,34.718863,13939465085,8：00——22：00
中原区,50119,海鲜酒楼,厚道自助寿喜烧専門店(探十里店),陇海西路338号探十里升龙金中环财富中心店F3层,113.614875,34.735275,0371-65012270;18237131633,8：00——22：00
中原区,50119,海鲜酒楼,乐彼思特咖啡厅,中原中路220号郑州嘉锦酒店5层,113.623114,34.746835,0371-66762260;0371-67438888,8：00——22：00
中原区,50119,海鲜酒楼,厚道寿喜烧専門店(中原万达店),中原中路171号万达广场(郑州中原店)3F层,113.602216,34.74671,0371-55995607,8：00——22：00
中原区,50119,海鲜酒楼,太子浓心·招牌炸酱小锅米线(探十里店),航海西路街道陇海西路338号探十里负一楼B056号,113.614839,34.735248,13373959970,8：00——22：00
中原区,50119,海鲜酒楼,京琼汇,广文街与兴国路东北角17-1,113.558075,34.750925,0371-66929880,8：00——22：00
中原区,50119,海鲜酒楼,小牛海鲜港,启福中原东2门旁,113.594532,34.729729,13733898809,8：00——22：00
中原区,50119,海鲜酒楼,大飞海鲜集市,嵩山北路126号2号楼附3号,113.624323,34.774461,15137126581,8：00——22：00
中原区,50119,海鲜酒楼,蟹状元大闸蟹(郑州高新店),迎春街国家863软件创业园11号楼蟹状元,113.562798,34.819139,0371-63685735;0371-63685736;15838281254,8：00——22：00
中原区,50119,海鲜酒楼,必胜客(朗悦公园茂店),雪松路迎春街52号朗悦公园茂1号馆F1层,113.554801,34.818606,0371-55288921;4009701890,8：00——22：00
中原区,50119,海鲜酒楼,必胜客(中原万达餐厅),中原路与华山路交叉口中原万达广场二楼,113.600435,34.746843,4009701890,8：00——22：00
中原区,50119,海鲜酒楼,必胜客(高新万科广场店),中原区高新技术开发区科学大道与红叶路交叉口高新万科广场一层,113.52534,34.80615,0371-55655170;4009701890,8：00——22：00
中原区,50119,海鲜酒楼,鱼酷活鱼烤鱼(郑州中原万达店),中原路171号万达广场三层3056-3057号,113.601418,34.746352,0371-86228188,8：00——22：00
中原区,50119,海鲜酒楼,胖哥俩肉蟹煲(中原万达店),"中原路中路171号万达广场室内步行街3层3013,3015号商铺",113.600903,34.746058,0371-55299669,8：00——22：00
中原区,50119,海鲜酒楼,必胜客(华都餐厅),桐柏路与棉纺路交叉口向西500米锦艺城购物中心一层,113.608942,34.762228,4009701890,8：00——22：00
中原区,50119,海鲜酒楼,锅掌柜地锅鸡纸包鱼(翰林国际城孟园店),中原区高新区金梭路220号8号楼1-2房3号,113.543621,34.82459,18638250178,8：00——22：00
中原区,50119,海鲜酒楼,彼酷哩烤鱼市集(高新万达广场店),科学大道万达广场4楼4005店铺,113.58189,34.809041,0371-63325878;17516215869,8：00——22：00
中原区,50119,海鲜酒楼,胖哥俩肉蟹煲(郑州高新万达店),万达广场室内步行街4F层4060号商铺,113.581425,34.808825,0371-55200299,8：00——22：00
中原区,50119,海鲜酒楼,鱼你在一起(探十里店),陇海路桐柏路交叉口338号探十里负一楼,113.614389,34.734983,13373950708,8：00——22：00
中原区,50119,海鲜酒楼,半天妖烤鱼 (郑州高新万达店),万达广场室内步行街4层4053-4055号,113.582561,34.809288,19339590216,8：00——22：00
中原区,50119,海鲜酒楼,鱼你在一起(郑州华强广场店),电厂路70号华强广场四楼L4-09,113.603647,34.791546,15136494387;16696664836,8：00——22：00
中原区,50119,海鲜酒楼,必胜客(郑州大学店),高新产业技术开发区西四环东、科学大道北郑州大学柳园聚英园餐厅一层,113.530525,34.811383,4009701890,8：00——22：00
中原区,50119,海鲜酒楼,夜小红炒虾尾公园茂店,金菊街16号37号楼,113.553961,34.822315,18237393090;18530953072;19937087968,8：00——22：00
中原区,50119,海鲜酒楼,鱼你在一起(河南工业大学店),高新区新悦荟购物中心4F-415号店铺,113.540873,34.831209,13569874323;13803990109,8：00——22：00
中原区,50119,海鲜酒楼,光头家秘制炒鸡虾尾酱香大盆骨(莲花苑店),莲花街莲花苑176号,113.53897,34.827699,13623852283;15736725873,8：00——22：00
中原区,50119,海鲜酒楼,必胜客(高新万达店),科学大道与郁香路交叉口万达广场1-2层,113.582848,34.808847,0371-60920700;4008200775,8：00——22：00
中原区,50119,海鲜酒楼,久吉家日式料理(公园茂店),高新区2号馆4楼,113.556053,34.820249,15138689886;15855198827,8：00——22：00
中原区,50119,海鲜酒楼,北右六小龙虾(锦艺国际华都·美域店),棉纺西路锦艺国际美域6-07,113.610527,34.76262,15303820828;15324723676;15938745033,8：00——22：00
中原区,50119,海鲜酒楼,坛主酸菜鱼(锦艺城店),棉纺西路与桐柏路交叉口锦艺城B区3楼,113.61026,34.762235,19903281014;19903821014,8：00——22：00
中原区,50119,海鲜酒楼,必胜客(王府井城市奥莱店),棉纺路街道棉纺西路与桐柏北路交叉口王府井百货A座写字楼一楼,113.61304,34.762032,4009208809,8：00——22：00
中原区,50119,海鲜酒楼,醉若鱼烤鱼.活鱼现烤(王屋路店),王屋路附20号,113.599639,34.784511,15138118204,8：00——22：00
中原区,50119,海鲜酒楼,普拉蒂尼西餐厅,中原西路街道华山路78号二砂文创园16号楼,113.599238,34.742055,17516192155,8：00——22：00
中原区,50119,海鲜酒楼,豫轩斋清真饭店,豫桐花园3号院南门东150米,113.528125,34.723225,13140054006,8：00——22：00
中原区,50119,海鲜酒楼,胖大力肉蟹煲(朗悦新悦荟店),新悦荟四楼(河南工业大学地铁站F口步行480米),113.540838,34.831479,18538513967,8：00——22：00
中原区,50119,海鲜酒楼,胖大力肉蟹煲(高新万科店),红叶路高新万科广场4楼06号(祥营地铁站A1口旁),113.525089,34.806408,17596559788,8：00——22：00
中原区,50119,海鲜酒楼,巴啦巴啦恋上虾,高新万科广场4楼4-10,113.525483,34.805671,17838387513;18339473188,8：00——22：00
中原区,50119,海鲜酒楼,夜小红炒虾尾(万科城店),红叶路102-27号(祥营地铁站C口步行150米),113.52399,34.809964,17836980806,8：00——22：00
中原区,50119,海鲜酒楼,刘洋记羊肉汤烩面,中原区高新区牡丹路38号8号楼一层附68号附69号,113.56209,34.830382,15516909996,8：00——22：00
中原区,50119,海鲜酒楼,喜哥麻辣兔,农业路与冉屯东路交叉口向北50米路西,113.611511,34.77712,15617688790;17703783637,8：00——22：00
中原区,50119,海鲜酒楼,兄弟俩肉蟹煲(中原万达店),中原金街3号门西30米(二砂地铁站A3口步行310米),113.600715,34.745806,15225128270;18272677521,8：00——22：00
中原区,50119,海鲜酒楼,花甲客(郑州中原万达广场店),中原万达中原金街3号门往西50米,113.600548,34.745783,13838166809,8：00——22：00
中原区,50119,海鲜酒楼,鱼你在一起(朗悦公园茂店),高新区朗悦公园茂2号馆4层,113.55572,34.820179,13027702869;13333885581,8：00——22：00
中原区,50119,海鲜酒楼,臻味虾尾,郭村安置区,113.539962,34.845025,15517563335,8：00——22：00
中原区,50119,海鲜酒楼,王婆大虾(东史马小区南区店),雪松路与莲花街交叉口向北300米(工业大学东门正对面二楼),113.557712,34.829968,15617596553,8：00——22：00
中原区,50119,海鲜酒楼,又臣石锅拌饭(王府井百货锦艺城店),棉纺西路4号王府井百货B1层,113.612847,34.761763,13949096513,8：00——22：00
中原区,50119,海鲜酒楼,鱼你在一起(郑州高新锦和汇店),莲花街碧荷路优悦城一层,113.527278,34.828392,19337118048,8：00——22：00
中原区,50119,海鲜酒楼,牛蛙地摊火锅特色炒鸡,棉纺路街道升龙天汇3号院4号附16号,113.62229,34.776869,13598889238,8：00——22：00
中原区,50119,海鲜酒楼,左先生碳烤鱼鲜炒鸡(保利文化广场尚园店),保利文化广场尚园,113.558918,34.812435,13700883561;15890622033,8：00——22：00
中原区,50119,海鲜酒楼,鲜鱼港火锅鱼(郑工机械集团住宅小区店),桐柏路街道煤仓北路22号郑工机械集团住宅小区,113.611606,34.774288,15343718980,8：00——22：00
中原区,50119,海鲜酒楼,王婆大虾(啟福尚都店),启福尚都C区北门旁,113.55949,34.752609,17319728288,8：00——22：00
中原区,50120,中式素菜馆,李飞扬鲍鱼黄焖鸡米饭店(运河上城店),西四环136号附1号8号楼1-2层03号,113.524029,34.765851,13703717501,8：00——22：00
中原区,50121,清真菜馆,麦当劳(中原万达广场店),中原中路171号万达广场(郑州中原店)1F层,113.602593,34.746498,0371-88920696,8：00——22：00
中原区,50121,清真菜馆,比格比萨自助(郑州高新万达店),枫杨街道石佛村大街高新万达广场四楼,113.582641,34.809404,0371-55356966,8：00——22：00
中原区,50121,清真菜馆,肯德基(中原万达店),中原中路171号万达百货1层1002、2层2001、2067,113.600494,34.746732,0371-53631919,8：00——22：00
中原区,50121,清真菜馆,四厂烩面,百花路48号楼,113.621856,34.758147,4000056790,8：00——22：00
中原区,50121,清真菜馆,光华大酒店,梧桐办事处瑞达路68号,113.567452,34.798249,0371-67992888;0371-67995607,8：00——22：00
中原区,50121,清真菜馆,嵩山饭店,伊河路156号,113.623346,34.741634,0371-67176688;0371-67176699;0371-67178888,8：00——22：00
中原区,50121,清真菜馆,福润绿豆酥(锦艺店),棉纺西路与桐柏北路交叉口西南角,113.613173,34.760605,13733180653,8：00——22：00
中原区,50121,清真菜馆,大摩西元广场,与秦岭路西元国际广场附近,113.601299,34.757828,0371-86520200,8：00——22：00
中原区,50121,清真菜馆,很久以前羊肉串(朗悦公园茂店),朗悦公园茂3号馆1层(2号馆与连廊处),113.55615,34.820707,15936214494,8：00——22：00
中原区,50121,清真菜馆,郑州高新希尔顿欢朋酒店,玉兰街16-9号,113.5637,34.805539,0371-89951111,8：00——22：00
中原区,50121,清真菜馆,魏家凉皮(郑州万科城店),科学大道万科城小世界D栋1楼07号,113.524779,34.808588,15093295591,8：00——22：00
中原区,50121,清真菜馆,麦陌(探十里店),陇海西路338号探十里升龙金中环财富中心店F1层,113.614407,34.7353,17335780901,8：00——22：00
中原区,50121,清真菜馆,山也听风(磨街店),华山路121号磨街文创园B区3-1,113.598414,34.745084,0371-86008668;18237127931,8：00——22：00
中原区,50121,清真菜馆,比格比萨自助(郑州探十里店),航海西路街道陇海西路338号探十里购物中心3层,113.614647,34.735474,0371-55599209,8：00——22：00
中原区,50121,清真菜馆,麦陌(正弘汇店),科学大道与金梭路交叉口正弘汇西下沉广场负一楼6号门进门第一家商铺麦陌面包店,113.56586,34.808832,15138020735,8：00——22：00
中原区,50121,清真菜馆,山也听风(高新区店),枫杨街道雪松路15号保利文化广场西北角,113.556373,34.809216,0371-60586533;17503829189,8：00——22：00
中原区,50121,清真菜馆,觅橘西厨(保利久街店),保利久街一层6-113-114商铺(霸王茶姬右边直行20米),113.598671,34.74818,15249661088,8：00——22：00
中原区,50121,清真菜馆,CHUNHA春夏甜品,红枫里8号,113.566593,34.80402,17310889093,8：00——22：00
中原区,50121,清真菜馆,牛夫记全品类自助烤肉(郑州市锦艺城店),锦艺城B区四楼西侧,113.610087,34.762096,15036147776,8：00——22：00
中原区,50121,清真菜馆,DBe's大白俄 俄餐烧烤西餐厅(磨街文创园Blue Factory蓝标店),华山路121号磨街文创园7号,113.599331,34.745225,0371-63935887,8：00——22：00
中原区,50121,清真菜馆,山西麦香园馒头,百花路与友爱路交叉口南10米百花农贸市场里面,113.6241,34.751947,13213235252,8：00——22：00
中原区,50121,清真菜馆,郑喜旺烧烤(磨街店),磨街文创园121号(二砂地铁站A3口步行360米),113.599376,34.744728,0371-58584287;19939990237,8：00——22：00
中原区,50121,清真菜馆,普通·Putong-庭院餐酒吧,高新技术产业开发区雪松路5号院1号楼,113.556187,34.803635,18697306400,8：00——22：00
中原区,50121,清真菜馆,嘻嘻丽(意大利西餐厅),中原区二砂文创园48号楼,113.59719,34.743514,15638263655,8：00——22：00
中原区,50121,清真菜馆,尹珍珠·韩式无限烤肉(保利久街店),保利·心语心苑(二砂地铁站D口步行120米),113.598741,34.748043,15737177870,8：00——22：00
中原区,50121,清真菜馆,爷爷不泡茶NOYEYENOTEA(郑州高新区正弘汇店),瑞达路正弘汇负一楼LB118号铺,113.565423,34.808103,15893677581,8：00——22：00
中原区,50121,清真菜馆,瓦舍茶馆(高新区店),银屏路与迎春街交叉口向南100米路东,113.561022,34.818444,0371-61056105;18638276105,8：00——22：00
中原区,50121,清真菜馆,盘牛匠亚洲烤肉公司(正弘汇店),金梭路39号正弘汇6楼,113.566605,34.809137,19337190949,8：00——22：00
中原区,50121,清真菜馆,达美乐比萨(中原万达广场店),中原中路171号万达广场1F层A021,113.600415,34.745978,4001597597,8：00——22：00
中原区,50121,清真菜馆,六月烧烤工场(保利久街店)(暂停营业),保利·心语心苑(二砂地铁站D口步行130米),113.598744,34.747902,16691612123,8：00——22：00
中原区,50121,清真菜馆,星巴克臻选(郑州中原万达店),中原路秦岭路交叉口万达广场1号门,113.602608,34.746814,0371-89926125,8：00——22：00
中原区,50121,清真菜馆,达美乐比萨(探十里店),航海西路街道陇海西路338号探十里负一层B087-B088号商铺,113.614645,34.735477,4001597597,8：00——22：00
中原区,50121,清真菜馆,CHAGEE霸王茶姬(郑州正弘汇店),高新技术产业开发区瑞达路138号正弘汇商业中心负1层LB-31号,113.565921,34.808818,19339983064,8：00——22：00
中原区,50121,清真菜馆,星姨糖水(大里坊店),国槐街与石楠路交叉口西220米大里坊街区内阿平小馆对面,113.549154,34.810023,18538096826,8：00——22：00
中原区,50121,清真菜馆,瓦库50号(凯旋路店),凯旋路与文传东街交叉口西南角郑州报业大厦B座1楼,113.563327,34.740377,0371-69085000;0371-69085111,8：00——22：00
中原区,50121,清真菜馆,Tims天好咖啡(二砂文创园店),中原路华山路二砂文创园北配楼,113.599291,34.743467,19937656504,8：00——22：00
中原区,50121,清真菜馆,马仁鸿凉皮店,,113.61787,34.759903,15981853155,8：00——22：00
中原区,50121,清真菜馆,可口斋烩面(郑工机械集团住宅小区店),冉屯东路5号,113.611289,34.775295,17513339740,8：00——22：00
中原区,50121,清真菜馆,盘牛匠亚洲烤肉公司(锦艺城B区店),棉纺西路23号锦艺城购物中心B区4F层,113.610087,34.762096,18595655912,8：00——22：00
中原区,50121,清真菜馆,豪客来牛排(郑州高新万科广场餐厅),科学大道与红叶路交叉口高新万科广场一层1-2号,113.525152,34.806782,0371-55185200,8：00——22：00
中原区,50121,清真菜馆,小炭岛·撸串小排挡(二砂文化创意店),华山路164号(二砂地铁站A3口步行470米),113.599269,34.743757,18638220978,8：00——22：00
中原区,50121,清真菜馆,元祖(朗悦公园茂店),金菊街与雪松路交叉口西南角朗悦公园茂3号馆F1,113.556541,34.8216,0371-53628929,8：00——22：00
中原区,50121,清真菜馆,兔师傅·做保养&换轮胎(梧桐街店),梧桐街与雪松路交叉口向西50米路南,113.554596,34.79377,4001610777,8：00——22：00
中原区,50121,清真菜馆,杨记清芳牛肉拉面(西站路店),金水西路与桐柏北路交叉口东南60米,113.6161,34.766665,17398961886;18538738483,8：00——22：00
中原区,50121,清真菜馆,CHAGEE霸王茶姬(公园茂店),公园茂2号馆2号门左侧,113.556671,34.8201,16668110858,8：00——22：00
中原区,50121,清真菜馆,霸王茶姬(郑州中原万达一层店),"中原万达2号门入口左侧第2家,沃尔玛超市扶梯旁",113.60148,34.746095,13592630835,8：00——22：00
中原区,50121,清真菜馆,五号公路美式石烧牛扒(正弘汇店),科学大道瑞达路交叉口西北角正弘汇7楼,113.565872,34.809231,15136431219,8：00——22：00
中原区,50121,清真菜馆,冷遇见暖融合烤肉,华山路121号磨街文创园B区1-1,113.598059,34.745205,18638281155,8：00——22：00
中原区,50121,清真菜馆,星姨糖水(磨街店),中原路华山路魔街街区星姨糖水,113.599258,34.744715,18638682879,8：00——22：00
中原区,50121,清真菜馆,达美乐比萨(郑州朗悦公园茂店),朗悦公园茂2号馆1层,113.556505,34.819934,4001597597,8：00——22：00
中原区,50121,清真菜馆,一厂麻辣猪蹄,锦艺国际华都一期欧尚北门9-25商铺,113.612635,34.765022,13838117061;13939077702,8：00——22：00
中原区,50121,清真菜馆,炉小哥烤肉(正弘汇店),郑州正弘汇,113.56694,34.80922,0371-67670888;15638220700,8：00——22：00
中原区,50121,清真菜馆,星巴克(郑州朗悦公园茂店),雪松路与迎春街交叉口朗悦公园茂1号零售商区1层B1075,113.5552,34.81877,0371-55917921,8：00——22：00
中原区,50121,清真菜馆,白石的深夜食堂(中原万达店),中原中路171号万达广场3层,113.601698,34.746459,15565907906;19037110513,8：00——22：00
中原区,50121,清真菜馆,蓝塔烘焙(朗悦公园茂店),高新区雪松路与迎春街交叉口向西50米路北公园茂2号馆1楼,113.556476,34.819747,0371-58554041,8：00——22：00
中原区,50121,清真菜馆,霸王茶姬(郑州高新万科广场店),高新区高新万科广场2号门左西侧第一家临街商铺,113.524854,34.805415,19339590003,8：00——22：00
中原区,50121,清真菜馆,西吾道音乐餐吧(朗悦公园里店),西吾道音乐餐吧悦都汇大厦6号楼附13号,113.553763,34.810545,18092779080;18092779091,8：00——22：00
中原区,50121,清真菜馆,仟吉西饼(中原万达店),中原中路171号万达广场1F层A030,113.600389,34.746679,0371-58682006,8：00——22：00
中原区,50121,清真菜馆,醒Wake Bar,岗坡路与华山路交叉口西140米,113.598165,34.752184,0371-67916617,8：00——22：00
中原区,50121,清真菜馆,肯德基(西元店),建设西路与秦岭路交汇处西北侧西元国际广场一层,113.600418,34.757639,0371-80961908,8：00——22：00
中原区,50121,清真菜馆,流浪泡泡·破破烂烂的烤肉店(郑州首店朗悦新悦荟店),中原区朗悦新悦荟(河南工业大学地铁站F口步行480米),113.540989,34.8314,15515889697,8：00——22：00
中原区,50121,清真菜馆,一厂光头烤面筋(锦艺国际华都·欧尚店),锦艺城棉纺西路2号院商业街商铺8-13号,113.611782,34.7644,15188313584,8：00——22：00
中原区,50121,清真菜馆,西塔老太太泥炉烤肉(正弘汇店),中原区高新区科学大道正弘汇六层L626,113.566975,34.808875,0371-55372528,8：00——22：00
中原区,50121,清真菜馆,In time coffee(芝麻街),三官庙街道华山路105号12号厂房115室,113.597686,34.750945,13838335511,8：00——22：00
中原区,50121,清真菜馆,刘洋和烤肉(高新店),玉兰街与红枫里交叉路口南50米路东,113.566542,34.804235,13253611531,8：00——22：00
中原区,50121,清真菜馆,喜樽牛寿喜烧自助(朗悦公园茂店),翠竹街与雪松路交叉口公园茂1号馆3楼,113.554733,34.818298,0371-63367552,8：00——22：00
中原区,50121,清真菜馆,霸王茶姬(探十里店),中原中路171号(中原万达负1楼)中间位置3018A号铺位,113.614917,34.735444,13838531307,8：00——22：00
中原区,50122,台湾菜,霍先生台湾铁板烧,荷园西路与泊月路交叉口,113.530431,34.813633,13526806608,8：00——22：00
中原区,50122,台湾菜,台湾秘制卤肉饭·兴隆热干面(帝湖店),工人路帝湖花园东王府东门口356-43,113.620684,34.717115,15981903868,8：00——22：00
中原区,50122,台湾菜,百味凉皮(轻纺城店),运河上城9号楼43号,113.525398,34.765951,13673359882;15838176653,8：00——22：00
中原区,50122,台湾菜,亚米荟盐酥鸡(朗悦公园茂店),高新区朗悦公园茂1号馆3层B3018-2号,113.554715,34.818529,13838241153;18300681310,8：00——22：00
中原区,50123,潮州菜,潮汕手工鲜肉丸,秦岭农贸菜市场中门左手第一家,113.590475,34.761725,19503805029,8：00——22：00
中原区,50123,潮州菜,橘婆婆地锅柴鸡(华山路店),华山路与陇海路交叉口向北二百米路西,113.599474,34.738094,0371-60200899;13603842991,8：00——22：00
中原区,50200,外国餐厅,8寸意式餐厅(正弘汇店),枫杨街道高新区瑞达路138号正弘汇商业中心B楼LB120号8,113.565991,34.80874,15538058919,8：00——22：00
中原区,50200,外国餐厅,KHAN'S SAVORY巴基斯坦餐厅(高新区店),中原区高新技术产业开发区金梭路221号4号楼1层附13号,113.544061,34.82587,15544070100;18638577956,8：00——22：00
中原区,50200,外国餐厅,Desi Food印度小厨(紫藤路店),莲花街与紫藤路交叉口往南50米路西,113.546089,34.826318,18003854206,8：00——22：00
中原区,50200,外国餐厅,快乐爱斯米牛排自助(郑州高新万达店),科学大道高新万达4楼4036,113.581289,34.809237,17838721122,8：00——22：00
中原区,50200,外国餐厅,唐风阁肉夹馍,郑州高新区外国语小学东门东北60米,113.55148,34.826452,13213097990,8：00——22：00
中原区,50200,外国餐厅,爱斯米牛排自助(中原万达店),中原路与秦岭路交叉口万达广场三楼,113.600477,34.746853,0371-86550700,8：00——22：00
中原区,50200,外国餐厅,上牛社会澳洲原切牛排,"高新区万达广场室内步行街4层4012号商铺(万达影院对面,石佛村公交站旁)",113.582449,34.808946,18625925385,8：00——22：00
中原区,50200,外国餐厅,米村拌饭(中原区锦艺城B区店),棉纺西路23号锦艺城购物中心B区B3层,113.609906,34.762154,18625915889,8：00——22：00
中原区,50200,外国餐厅,河风精致寿司(中原万达店),中原万达小区底商1-113商铺,113.601318,34.744493,13938578880,8：00——22：00
中原区,50200,外国餐厅,白石的深夜食堂(探十里店),陇海西路338号探十里升龙金中环财富中心店F4层,113.615123,34.735186,17639527121,8：00——22：00
中原区,50200,外国餐厅,韩风源自助烤肉(棉纺路锦艺城店),棉纺路与秦岭路交叉口东100米路北锦艺城购物中心C区5层,113.60533,34.763777,0371-55035568;17788119956,8：00——22：00
中原区,50200,外国餐厅,白石的深夜食堂(高新万达),高新万达四层4013,113.582654,34.808992,14788889759,8：00——22：00
中原区,50200,外国餐厅,秘密西餐吧(保利久街2楼店),保利久街二楼218商户(霸王茶姬正上方),113.598411,34.74793,18595636809,8：00——22：00
中原区,50200,外国餐厅,白石的深夜食堂(正弘汇店),正弘汇商业中心7层L705号,113.566978,34.808895,18137679630,8：00——22：00
中原区,50200,外国餐厅,大叹号烤肉·朝鲜族料理(正弘汇店),科学大道与瑞达路交叉口正弘汇7层L708,113.565539,34.809039,18744370809,8：00——22：00
中原区,50200,外国餐厅,俏香猪韩式自助烤肉·料理,中原区公园茂1号馆3楼,113.554797,34.818376,17303858108,8：00——22：00
中原区,50200,外国餐厅,曼芭椰泰式大排档(中原万达广场店),中原中路171号苏宁易购广场3层3011-3012,113.600809,34.746043,17634866272,8：00——22：00
中原区,50200,外国餐厅,韩客拌饭(中原万达店),中原中路171号万达广场4号门斜对面,113.602266,34.745787,15225258632,8：00——22：00
中原区,50200,外国餐厅,久喜日式料理居酒屋,棉纺西路与六厂前街交叉口向北300米路东锦艺华都3-11商铺,113.608527,34.765397,15093229992,8：00——22：00
中原区,50200,外国餐厅,一期一会日本料理,万达后街东边3号楼门牌号125号,113.602725,34.745479,15937127667,8：00——22：00
中原区,50200,外国餐厅,一喜二烧·寿喜烧·烧肉·自助(锦艺城店),棉纺西路36号锦艺城B区3楼B3-11A号,113.610158,34.762094,19143811689,8：00——22：00
中原区,50200,外国餐厅,小松の寿司,西元国际广场3楼(秦岭路地铁站D2口步行90米),113.601245,34.75792,13733132813;18530066743,8：00——22：00
中原区,50200,外国餐厅,嘿店外带寿司(王府井旗舰店),锦艺国际华都·欧尚西门南60米,113.611429,34.763104,0371-56081015;13838139027,8：00——22：00
中原区,50200,外国餐厅,奎梨(郑州中原探十里店),探十里购物中心3楼L326A,113.614716,34.735164,19937882865,8：00——22：00
中原区,50200,外国餐厅,一荷寿司(万达广场店),中原中路171号万达广场郑州中原店1F层,113.600172,34.746184,13838156137,8：00——22：00
中原区,50200,外国餐厅,撩炉烤肉(万达广场店),中原中路171号10号商业用房131号,113.600175,34.74598,15617626397,8：00——22：00
中原区,50200,外国餐厅,土大力豚家烤肉(公园茂店),公园茂1号馆3层B3018号店铺,113.554701,34.818653,0371-63320920;15378775516;18317892935,8：00——22：00
中原区,50200,外国餐厅,三顺家韩餐(星辰·万科生活广场店),航海西路21号星辰·万科生活广场F2层,113.609975,34.720079,19034130437,8：00——22：00
中原区,50200,外国餐厅,嘿爱你寿司(升龙天汇店),升龙天汇七号院,113.624363,34.773475,17337141933,8：00——22：00
中原区,50200,外国餐厅,熊家无二·朝鲜族小饭堂(锦艺城店),方圆经纬14号楼125商铺,113.617068,34.763767,13653973800;15738847728,8：00——22：00
中原区,50200,外国餐厅,N多寿司(郑州锦艺城店),棉纺西路36号A区商业负一层B1-42,113.61304,34.762032,13803847747,8：00——22：00
中原区,50200,外国餐厅,刘洋和烤肉(公园里店),雪松路与国槐街交叉口西南角,113.55539,34.810285,18336460717,8：00——22：00
中原区,50200,外国餐厅,N多寿司(郑州星辰万科店),万科民安星辰商业广场2楼7号,113.606393,34.722338,13103853819,8：00——22：00
中原区,50200,外国餐厅,浅草小屋日式料理(郑州大学店),枫杨街道莲花街师新庄社区六号楼,113.536736,34.828265,13623807403,8：00——22：00
中原区,50200,外国餐厅,N多寿司(郑州柳园店),郑州大学天猫校园店1F-09号,113.533269,34.820615,15565066083,8：00——22：00
中原区,50200,外国餐厅,N多寿司(郑州高新万科城店),郑州高新区科学大道南红叶路89号高新万科广场3层10号商铺,113.524926,34.806659,15737186332,8：00——22：00
中原区,50200,外国餐厅,N多寿司(郑州华强广场店),郑州高新区电厂路70号华强广场5幢1层5号附1号,113.604262,34.792755,19693831775,8：00——22：00
中原区,50200,外国餐厅,乐小烁·螺蛳粉(河工大店),郑州高新区外国语小学东门旁,113.551642,34.826132,17637172188,8：00——22：00
中原区,50200,外国餐厅,喜鲜烟家庭式自助烤肉(汇泉西悦城11号院店),金桐路南泉州路东汇泉西悦城11号苑12号楼114,113.527168,34.728704,17630025034,8：00——22：00
中原区,50200,外国餐厅,朴大叔拌饭(公园里店),朗悦公园里东里6号楼附21号,113.553778,34.810543,17634522884;19139879130,8：00——22：00
中原区,50200,外国餐厅,三顺家韩餐(大摩西元广场店),建设西路198号大摩西元广场3层330a、334号,113.601157,34.7579,13183011602;18703625750,8：00——22：00
中原区,50200,外国餐厅,嘿店寿司(秦岭丹尼斯大卖场店),电厂路华强城市广场3楼,113.603462,34.791944,13592626340;18838911884,8：00——22：00
中原区,50200,外国餐厅,韩宫宴炭火烤肉(高新万达店),科学大道与郁香路交叉口西北侧190米万达广场(郑州高新店)F4,113.582262,34.809364,0371-88916181,8：00——22：00
中原区,50200,外国餐厅,序章一和牛烧肉放题,中原区高新区雪松路128号悦都汇5号楼1层2号商铺,113.553443,34.810061,13140040314,8：00——22：00
中原区,50200,外国餐厅,N多寿司(郑州汝河路店),汝河路世纪联华1层场内,113.610412,34.733494,13937151209,8：00——22：00
中原区,50200,外国餐厅,原切街头牛排(基正·盛世港湾店),梧桐街道梧桐街99号基正盛世港湾,113.536059,34.791403,13333713990,8：00——22：00
中原区,50200,外国餐厅,N多寿司(郑州公园茂店),郑州高新区朗悦公园茂U-24-06区2层附192号,113.555837,34.819459,18538025531,8：00——22：00
中原区,50200,外国餐厅,N多寿司(朗悦公园茂店),郑州高新区朗悦公园茂U-2502区3楼DC3,113.554504,34.818595,17630033079;18538025531,8：00——22：00
中原区,50200,外国餐厅,木井外带寿司(高新店),合欢街与腊梅路交叉口东180米,113.538399,34.798268,15517189299,8：00——22：00
中原区,50200,外国餐厅,舞之渔(锦艺城C区店),锦艺城c区5楼,113.605032,34.763619,0371-61657695,8：00——22：00
中原区,50201,西餐厅(综合风味),洁妹披萨手摇茶(中翔购物广场店),郑上路须水河东路北20米路西,113.522712,34.7635,13938523244,8：00——22：00
中原区,50202,日本料理,江浒·串烧酒舍,棉织路120号银河小区7号楼1单元8号商铺,113.614115,34.765021,15824897740,8：00——22：00
中原区,50203,韩国料理,九田家黑牛烤肉料理(郑州中原万达广场店),中原中路171号万达广场(中原店)商场3楼,113.602524,34.746511,0371-55901878,8：00——22：00
中原区,50203,韩国料理,南大门韩糕(中原万达店),中原万达金街9号商业用房110号,113.600405,34.745689,18039515795,8：00——22：00
中原区,50203,韩国料理,韩风源烤肉自助(河南工大店),雪松路与金菊街交叉口临街二楼,113.5563,34.820723,17319789119,8：00——22：00
中原区,50203,韩国料理,南大门韩糕(锦艺城店),锦艺城2号院6号楼1层商09-2号,113.611438,34.762842,15538053920,8：00——22：00
中原区,50203,韩国料理,千千烤冷面辣炒年糕(万达广场店),中原中路171号万达广场郑州中原店1F层,113.600159,34.746306,15890651485,8：00——22：00
中原区,50203,韩国料理,朴夫人·韩国拌饭·冷面·紫菜包饭(高新区店),金梭路220号2号楼1层附12号,113.544377,34.822714,15239401425;18638257176,8：00——22：00
中原区,50203,韩国料理,谢宝林拌饭(高新区店),梧桐街道盘槐里路快乐家楼下东五,113.562326,34.80329,15890399837,8：00——22：00
中原区,50203,韩国料理,GeGe韩式炸鸡(翰林国际城孟园店),翰林国际城孟园,113.544506,34.823303,18236488013;18595679703,8：00——22：00
中原区,50203,韩国料理,米司令蟹黄拌饭,须水老街86号附2号,113.523214,34.75805,13213233613,8：00——22：00
中原区,50203,韩国料理,首尔故事韩式炸鸡(翰林国际城孟园店),翰林国际城孟园,113.544466,34.822933,15903683086,8：00——22：00
中原区,50203,韩国料理,喜上韩式炸鸡(郑州轻工业大学科学校区店),科学大道136号郑州轻工业大学教师公寓,113.502824,34.810587,17335746898;18203992692,8：00——22：00
中原区,50203,韩国料理,黎太院韩式炸鸡,桂花西街5-4号,113.571913,34.795964,13803860492,8：00——22：00
中原区,50203,韩国料理,炸鸡姑娘·韩式炸鸡(前进路店),前进路81号院8号商业1层附80号,113.611161,34.739606,13303814807;18312975128,8：00——22：00
中原区,50203,韩国料理,KimMin-Hee韩式炸鸡(金梭路店),翰林国际城孔园南门旁,113.544392,34.82505,13255965891,8：00——22：00
中原区,50203,韩国料理,九田家黑牛烤肉料理(升龙金中环财富中心探十里店)(暂停营业),陇海西路338号探十里升龙金中环财富中心店F4层,113.615288,34.735327,0371-63293775;17335724188,8：00——22：00
中原区,50205,意式菜品餐厅,棒约翰比萨(锦艺城店),棉纺西路与秦岭路交汇处东50米路北锦艺城C区1F层,113.604951,34.763481,0371-61739052;4008107272;4008887272,8：00——22：00
中原区,50212,俄国菜,信阳小菜馆,中原区高新技术开发区科学大道雪松路交叉口向西一百米路北拓普院内俄罗斯超市往里20米餐厅,113.552013,34.808271,0371-66115112;13164303798,8：00——22：00
中原区,50216,墨西哥菜,欧菲客汉堡(桐柏路店),桐柏路街道桐柏北路101-1,113.61886,34.776228,0371-55553006,8：00——22：00
中原区,50216,墨西哥菜,麦加美汉堡(汝河餐厅),"汝河路与桐柏路交汇处向西500米,汝河小区北门向南200米路西",113.609904,34.731375,18625558340,8：00——22：00
中原区,50300,快餐厅,苏氏牛肉面(陇海店),陇海西路97-1号(陇海西路地铁站C口步行140米),113.611314,34.736556,13183000741,8：00——22：00
中原区,50300,快餐厅,姐弟俩土豆粉(郑州中原锦艺城店),桐柏路棉纺路向西500米锦艺城三楼B区B3-05,113.609855,34.761951,15303711651,8：00——22：00
中原区,50300,快餐厅,四厂网红烤包子,国棉四厂家属院南门旁(碧沙岗地铁站D口步行340米),113.621102,34.755958,15515730026;17686021814,8：00——22：00
中原区,50300,快餐厅,方中山胡辣汤(秦岭路店),岗坡阳光新城东2门旁,113.603116,34.751251,13839401885,8：00——22：00
中原区,50300,快餐厅,姐弟俩土豆粉(郑州高新朗悦店),迎春街雪松路潮流茂,113.555232,34.817994,17700619457,8：00——22：00
中原区,50300,快餐厅,魏家凉皮(世纪联华超市店),桐柏路街道冉屯东路世纪联华超市R-11号,113.613836,34.782076,19037152300,8：00——22：00
中原区,50300,快餐厅,烩记面馆(须水店),昌达路7号,113.528058,34.770353,18803717971,8：00——22：00
中原区,50300,快餐厅,粉十二螺蛳粉(磨街店),华山路与二砂北路向西100米(路南的步行街内),113.598178,34.744557,15515510055,8：00——22：00
中原区,50300,快餐厅,小辣总牛肉麻辣烫(探十里店),航海西路街道陇海西路338号2-5号裙楼L134号商铺,113.613206,34.735066,17335794833,8：00——22：00
中原区,50300,快餐厅,方一坤野山菌胡辣汤(睿智禧园店),梧桐街道梧桐街35号睿智禧园,113.554218,34.793734,13673910498,8：00——22：00
中原区,50300,快餐厅,方中山胡辣汤(长椿路),长椿路216号11号楼1层附7号,113.541718,34.833677,15538069336,8：00——22：00
中原区,50300,快餐厅,满芳兰庭羊肉汤烩面(石楠路店),石楠路7-17号,113.551366,34.79336,19900916718,8：00——22：00
中原区,50300,快餐厅,洛阳龙鳞路第一家牛肉汤(公园茂店),中原区高新区银屏路863产业园西侧商铺109-3,113.560959,34.817929,15978409183,8：00——22：00
中原区,50300,快餐厅,方中山胡辣汤(伏牛路店),绿东村街道伏牛路195号1号楼1-2层S2号,113.606627,34.737489,13949950501,8：00——22：00
中原区,50300,快餐厅,椒盐香豆腐(工人路总店),工人路105-3号,113.620651,34.743165,15516981506,8：00——22：00
中原区,50300,快餐厅,麦当劳(郑州建设西路餐厅),建设西路118号大商超市建设路店1层,113.613996,34.755235,0371-67958525,8：00——22：00
中原区,50300,快餐厅,洛阳龙鳞路第一牛肉汤(华山路店),中原西路街道阳光四季园17号楼一栋3号,113.599893,34.741916,18638227770,8：00——22：00
中原区,50300,快餐厅,谷婆婆八宝粥(陇海路店),陇海西路98号荣运生活广场F1层,113.610115,34.736693,13071017118,8：00——22：00
中原区,50300,快餐厅,肯德基(公园茂店),郑州高新技术产业开发区高新技术产业开发区雪松路西迎春街北52号朗悦公园道1号,113.555959,34.819744,0371-60925807,8：00——22：00
中原区,50300,快餐厅,刘夫人水煎包(陇海西路店),陇海西路306号1号楼1层附2号,113.596701,34.736009,0371-66616868,8：00——22：00
中原区,50300,快餐厅,吉野家(郑州朗悦新悦荟店),高新技术产业开发区长椿路216号朗悦新悦荟购物中心1层101号,113.541673,34.831557,15617584717,8：00——22：00
中原区,50300,快餐厅,柳州肥姨妈大骨螺蛳粉(中原万达店),巨正商业广场3号楼1层108号,113.601262,34.744096,19836811369,8：00——22：00
中原区,50300,快餐厅,麦当劳(朗悦新悦荟店),长椿路红桦街交叉口朗悦新悦荟商场1层,113.541575,34.831375,0371-55178989;4008517517,8：00——22：00
中原区,50300,快餐厅,福状元(郑州华强广场店),电厂路70号郑州华强广场F1层,113.604386,34.792991,0371-65052736;17803857131,8：00——22：00
中原区,50300,快餐厅,方中山胡辣汤(银屏路店),银屏路115号5号楼附25号,113.562724,34.821942,15136125300,8：00——22：00
中原区,50300,快餐厅,喜家德虾仁水饺(探十里店),陇海西路338号探十里升龙金中环财富中心店B1层,113.614509,34.734984,13206576279,8：00——22：00
中原区,50300,快餐厅,达美乐比萨(郑州高新万达广场店),郑州高新万达广场,113.582194,34.808916,4001597597,8：00——22：00
中原区,50300,快餐厅,柳州肥姨妈大骨螺蛳粉(升龙又一城店),中原区高新区玉兰街78号院洼刘新城A区2号楼1楼78-18号,113.548235,34.805246,17122560999,8：00——22：00
中原区,50300,快餐厅,醉面(郑州天建湖产业园店),郑州天健湖智联网产业园南门旁,113.481392,34.811138,13032209206,8：00——22：00
中原区,50300,快餐厅,满芳兰庭羊肉汤烩面(文化宫路店),汝河路街道淮河路35号附1号,113.616959,34.727423,19139969268,8：00——22：00
中原区,50300,快餐厅,赛百味(王府井店),棉纺路4号王府井百货负一B1-10,113.613117,34.761539,0371-86529989,8：00——22：00
中原区,50300,快餐厅,百年阿哥土豆粉(百花路总店),嵩山北路28号中原商贸城F1层,113.625616,34.753277,15890071895,8：00——22：00
中原区,50300,快餐厅,西施胡鸡汤馄饨(中原万达店),中原万达公司,113.600836,34.745567,15639708555;18236269270,8：00——22：00
中原区,50300,快餐厅,麦当劳(锦艺城C区店),桐柏路与棉纺西路交叉口锦艺城C座二楼,113.605018,34.763294,0371-55195986;4008517517,8：00——22：00
中原区,50300,快餐厅,肯德基(高新万科店),郑州高新技术产业开发区高新技术产业开发区科学大道红叶路89号万科城公寓二期E座万科广场一层,113.525159,34.806677,0371-60901072,8：00——22：00
中原区,50300,快餐厅,肯德基(泰龙店),碧沙岗北街12号(碧沙岗地铁站B口步行70米),113.625962,34.754628,0371-55969584,8：00——22：00
中原区,50300,快餐厅,塔斯汀中国汉堡(朗悦公园茂店),朗悦·公园茂U-25-02区一层B1001/B1002号,113.555253,34.81805,19103712776,8：00——22：00
中原区,50300,快餐厅,德克士(汝河世纪联华超市店),伏牛路与汝河路交汇处世纪联华超市1层,113.60998,34.732812,0371-68821000;13303828608,8：00——22：00
中原区,50300,快餐厅,德克士(天龙大厦店),嵩山北路222号天龙大厦1层,113.627738,34.753499,0371-67718333;0371-67976870,8：00——22：00
中原区,50300,快餐厅,塔斯汀中国汉堡(中原万达店),中原中路171号(二砂地铁站A3口步行400米),113.60129,34.745695,15936262613,8：00——22：00
中原区,50300,快餐厅,肯德基(棉纺路店),棉纺路六厂东街14号附9号锦艺城B区,113.610536,34.761751,0371-80961509,8：00——22：00
中原区,50300,快餐厅,德克士(西丹餐厅),棉纺西路1号丹尼斯百货(中原店)1F层,113.628161,34.757745,0371-67428111,8：00——22：00
中原区,50300,快餐厅,塔斯汀中国汉堡(朗悦公园里店),枫杨街道国槐街朗悦·公园道1号·玺园,113.553703,34.810564,18838255753,8：00——22：00
中原区,50300,快餐厅,德克士(郑州翰林国际),长椿路189号翰林国际城商场一楼德克士,113.543407,34.825113,13733671664;18638697229,8：00——22：00
中原区,50300,快餐厅,塔斯汀中国汉堡(升龙又一城店),洼刘新城小区B区4号楼15号,113.546609,34.804257,15729387605,8：00——22：00
中原区,50300,快餐厅,必胜客(华强广场店),电厂路(秦岭路)70号3号楼华强城市广场一层,113.603236,34.791689,4009701890,8：00——22：00
中原区,50300,快餐厅,麦当劳(星辰·万科生活广场店),航海路星辰万科生活广场一楼,113.609844,34.720528,0371-58509877,8：00——22：00
中原区,50300,快餐厅,德克士(和昌澜景店),汝河路南李江沟路西4号楼1-2层126号,113.587326,34.732361,0371-61891699,8：00——22：00
中原区,50300,快餐厅,塔斯汀中国汉堡(锦艺城店),锦艺城华都美域6号楼沿街商铺7-15号1-2层,113.610039,34.762737,18037573022,8：00——22：00
中原区,50300,快餐厅,德克士(金梭路店),科学大道瑞达路西南角正弘数码港一楼德克士餐厅,113.565416,34.806817,0371-55373966,8：00——22：00
中原区,50300,快餐厅,必胜客(正弘汇店),科学大道与瑞达路交叉口西北角正弘汇B1LB02号商铺,113.566454,34.809128,15378771996,8：00——22：00
中原区,50300,快餐厅,姐弟俩土豆粉(正弘汇店),科学大道与瑞达路交叉口西北角B17号门进入,113.567265,34.808808,18037328968,8：00——22：00
中原区,50300,快餐厅,醉面(郑州晶悦城购物中心店),玉兰街与长椿路交叉口东60米,113.542014,34.805371,18838968166,8：00——22：00
中原区,50300,快餐厅,侯记生煎(伊河路生煎),伊河路36-1号,113.620597,34.742795,18539992345,8：00——22：00
中原区,50300,快餐厅,正谈炸鸡(磨街文创园店),华山路121号磨街文创园1-1-3正谈炸鸡,113.598125,34.74484,13014597778,8：00——22：00
中原区,50300,快餐厅,麦当劳(升龙金中环财富中心探十里店),陇海西路338号探十里升龙金中环财富中心店F1层,113.614308,34.735299,0371-89925338;4008517517,8：00——22：00
中原区,50300,快餐厅,塔斯汀中国汉堡(万科城美景橙果店),中原区高新技术产业开发区杜兰街香榭苑8号楼2号1-2楼铺位编号3-4号,113.498582,34.81103,16697851020,8：00——22：00
中原区,50300,快餐厅,延庆祥炸鸡(旗舰店),伊河路56-1号,113.60654,34.742859,0371-67680002,8：00——22：00
中原区,50300,快餐厅,赛百味(公园茂店),雪松路和翠竹街交叉口郎悦公园茂1号馆1楼,113.554784,34.8191,18137824989,8：00——22：00
中原区,50300,快餐厅,百花酸辣面鱼(百花路店),百花路182号(碧沙岗地铁站B口步行180米),113.6243,34.753825,13526651613,8：00——22：00
中原区,50300,快餐厅,姐弟俩土豆粉(郑州中原华强广场店),华强广场店4楼姐弟俩土豆粉😗,113.603331,34.792198,17319745368,8：00——22：00
中原区,50300,快餐厅,马留包子店(锦艺国际华都·美域店),棉纺西路7-10号,113.609335,34.762909,13783579126;15137113533,8：00——22：00
中原区,50300,快餐厅,香河肉饼(万达广场东区店),中原西路171号万达广场东区,113.60188,34.745485,15981847715,8：00——22：00
中原区,50300,快餐厅,汉堡王(郑州正弘汇店),高新技术产业开发区瑞达路138号正弘汇BF层LB30A号,113.565991,34.808247,19937762169,8：00——22：00
中原区,50300,快餐厅,福状元(中原万达店),华山路175-9号(二砂地铁站A3口步行340米),113.600027,34.745268,17803856653,8：00——22：00
中原区,50300,快餐厅,温大人牛奶鸡蛋醪糟(工人路店),中原区工人路伊河路交叉口北50米路西,113.620669,34.74328,13613810301;18037111223,8：00——22：00
中原区,50300,快餐厅,姐弟俩土豆粉(郑州高新晶悦城店),长椿路与玉兰街交叉口(郑州大学地铁站A口步行210米),113.54201,34.805408,19937151053,8：00——22：00
中原区,50300,快餐厅,塔斯汀中国汉堡(中原豫立国际店),建设西路与秦岭路交叉口豫立国际103-1商铺,113.603026,34.756258,18603831953,8：00——22：00
中原区,50300,快餐厅,塔斯汀中国汉堡(汇泉西悦城店),汇泉西悦城11号苑1号楼一层北102,113.526342,34.726805,16697859933,8：00——22：00
中原区,50300,快餐厅,地盘薄比萨(探十里店),陇海路与桐柏路交叉口探十里购物中心3层,113.614912,34.735297,0371-65098177;13167195701,8：00——22：00
中原区,50300,快餐厅,德克士(升龙中央广场B座店),中原区高新区科学大道与长椿路升龙又一城B座一楼,113.542042,34.805974,15890683796,8：00——22：00
中原区,50300,快餐厅,必胜客(国投锦里店),宏河路北伏牛路东郑州市青年人才公寓沁河苑锦里3号院15号楼南楼一层101号商铺,113.608467,34.725054,4009701890,8：00——22：00
中原区,50300,快餐厅,塔斯汀中国汉堡(中原新城王府小区西区店),前进路81号院8号楼商业1-2层附117号,113.610909,34.739989,19913891775,8：00——22：00
中原区,50300,快餐厅,塔斯汀塔斯汀·中国汉堡(中原和昌澜景店),汝河路李江沟路西17号楼1层113号,113.59099,34.73134,18595765918,8：00——22：00
中原区,50300,快餐厅,塔斯汀中国汉堡(郑州市须水店),西四环136号附1号院9号楼1-2层1819号,113.524172,34.765954,15517575375,8：00——22：00
中原区,50300,快餐厅,麦克思汉堡(郑州市帝湖店),航海路帝湖s幢一层001号,113.615887,34.720418,0371-86057805;0371-86057852;15713833005,8：00——22：00
中原区,50300,快餐厅,塔斯汀中国汉堡(万科星光店),紫竹路68-74号,113.518945,34.809746,17335592551,8：00——22：00
中原区,50300,快餐厅,塔斯汀中国汉堡(谦祥万和城店),长椿路216号33号楼一层附10号,113.538842,34.831712,19937122023,8：00——22：00
中原区,50300,快餐厅,德克士(威尼斯),冉屯路与冉屯东路交叉口向北600米世纪联华冉屯路店1层,113.613451,34.780938,0371-86628460;0371-86628899,8：00——22：00
中原区,50300,快餐厅,胡夫炸串(万达广场店),万达广场郑州中原店南门旁,113.601318,34.745835,18137333665,8：00——22：00
中原区,50300,快餐厅,孟夫子水煎包(锦艺城店),桐柏路与棉纺路交叉口锦艺城美食一条街锦艺华都2期6-04,113.610381,34.762653,13592442063;15515503568,8：00——22：00
中原区,50300,快餐厅,华莱士·全鸡汉堡(须水店),郑上路与须水河东路交叉口元通商城H-5H-6号,113.522674,34.763251,0371-65560030,8：00——22：00
中原区,50300,快餐厅,姐弟俩土豆粉(郑州高新万达广场店),科学大道与郁香路交叉口西北角万达广场F4,113.582673,34.809188,19937153021,8：00——22：00
中原区,50300,快餐厅,孟夫子水煎包(中原万达店),中原中路171号万达广场4号117,113.601233,34.745347,18336879341;18336887651,8：00——22：00
中原区,50300,快餐厅,铭铭生煎包(绿东村4号院店),伏牛路80号附一号,113.60709,34.744094,13103821658;13633830684,8：00——22：00
中原区,50300,快餐厅,麦当劳(郑州高新万达广场店),高新区万达广场,113.581254,34.809365,0371-58508578,8：00——22：00
中原区,50300,快餐厅,阿康小吃(锦艺城旗舰店),棉纺西路锦艺城二期临街商铺6-09阿康小吃,113.610607,34.762601,18539993980,8：00——22：00
中原区,50300,快餐厅,塔斯汀中国汉堡(郑州华强广场店),中原区高新技术开发区电厂路70号华强云瓴广场2号楼一层附1516号,113.602032,34.792051,15838288900,8：00——22：00
中原区,50300,快餐厅,姐弟俩土豆粉(郑州中原润太广场店),建设路118号润太广场,113.615466,34.754933,18903825208,8：00——22：00
中原区,50300,快餐厅,袁记云饺(郑州市中原区伊河路市场店),伊河路38-1号,113.619878,34.742808,18338661344;19339990070,8：00——22：00
中原区,50300,快餐厅,阿香米线(郑州中原万达餐厅),中原中路171号万达广场三楼,113.600806,34.746588,17721115382,8：00——22：00
中原区,50300,快餐厅,棒约翰比萨(郑州探十里店),陇海西路338号探十里一楼L112铺,113.615342,34.73537,4008107272,8：00——22：00
中原区,50300,快餐厅,粉相会潮汕牛肉粉(万达广场西区店),二砂北路与华山路交叉口东60米,113.60038,34.745425,19900976648,8：00——22：00
中原区,50300,快餐厅,姐弟俩土豆粉(郑州高新新悦荟店),长椿路与红桦街交叉口新悦荟商场4楼406,113.540775,34.831425,15638538026,8：00——22：00
中原区,50300,快餐厅,肯德基(报业大厦店),博体路1号(常庄地铁站D口步行210米),113.561717,34.739592,13373913037,8：00——22：00
中原区,50300,快餐厅,塔斯汀中国汉堡(升龙天汇9号院店),升龙天汇9号院1栋底商,113.624343,34.775004,13273808386,8：00——22：00
中原区,50300,快餐厅,华莱士·全鸡汉堡(瑞达店),瑞达路金梧桐超市隔壁(近郑中国际学校东北2门),113.576123,34.788233,4008226004,8：00——22：00
中原区,50300,快餐厅,福状元(谦祥·万和城店),蔷薇街与长椿路交叉口南300米(郑州银行旁),113.541667,34.83213,0371-85038708,8：00——22：00
中原区,50300,快餐厅,华莱士·全鸡汉堡(前进路店),前进路81号院8号楼商业1-2层附119号,113.611125,34.739925,4008226004,8：00——22：00
中原区,50300,快餐厅,杨记穆清拉面(郑州科技大厦店),桐柏路43号郑州科技大厦东南1层,113.613832,34.74424,13137705889;19949160808,8：00——22：00
中原区,50300,快餐厅,肯德基(郑州华强广场店),郑州高新技术产业开发区高新区高新技术开发区电厂路(秦岭路)华强城市广场一层,113.602811,34.791738,0371-55035593,8：00——22：00
中原区,50300,快餐厅,绝味鸭脖(建设路三店),秦岭路地铁站C口步行220米,113.599979,34.757067,18637135090,8：00——22：00
中原区,50300,快餐厅,五谷渔粉(升龙又一城店),春藤路与玉兰街交叉口西30米路北,113.545597,34.80518,15517592080,8：00——22：00
中原区,50300,快餐厅,福状元(西悦城店),金田路29号,113.526266,34.727027,0371-53375633,8：00——22：00
中原区,50300,快餐厅,赵天琦米线公司(郑州总店),朗悦·公园道1号·玺园,113.55362,34.81111,15991267751,8：00——22：00
中原区,50300,快餐厅,肯德基(国投锦里店),宏河路南伏牛路东(项目建设名称郑州市青年人才公寓沁河苑1号院)锦里一层,113.607829,34.724569,0371-63431185;4009200715,8：00——22：00
中原区,50300,快餐厅,柳州肥姨妈大骨螺蛳粉(华强广场店),电厂路29号全威花园6幢1-2层附12号,113.60501,34.79162,15810585255,8：00——22：00
中原区,50300,快餐厅,炸冷面卷臭豆腐,西元国际负一层美食城臭豆腐炸冷面档口,113.601715,34.757626,15003891710,8：00——22：00
中原区,50300,快餐厅,布谷布谷热干面(中原万达店),中原中路171号万达广场中原店1F层,113.601621,34.745688,18211934389,8：00——22：00
中原区,50300,快餐厅,桂林米粉(市委家属院店),林山寨街道工人路52号院市委家属院,113.620966,34.748362,15538350319,8：00——22：00
中原区,50300,快餐厅,老米家泡馍(瑞达路旗舰店),瑞达路36号,113.577239,34.787036,0371-68698899;15565087111,8：00——22：00
中原区,50300,快餐厅,绝味鸭脖(中原万达金街店),中原中路171号8商业房1-2层158,113.600975,34.745625,13366666792,8：00——22：00
中原区,50300,快餐厅,杨记牛肉拉面(中原路店),波奥大厦南门旁(市中心医院地铁站C口步行380米),113.610467,34.747736,13526614771;13592552024,8：00——22：00
中原区,50300,快餐厅,三元牛肉汤馆(冬青街店),冬青街与银屏路交叉口银发工业区东北角一楼门面东侧,113.561401,34.80152,13673697158;15875298888,8：00——22：00
中原区,50300,快餐厅,霸舌生滚牛肉米粉(中原万达店),中原西路171号万达广场东区,113.601233,34.745376,18695858366,8：00——22：00
中原区,50300,快餐厅,华莱士·全鸡汉堡(中原万达店),中原中路171号4号楼1-104商铺,113.602024,34.745456,15324812025,8：00——22：00
中原区,50300,快餐厅,塔斯汀中国汉堡(中原盛润锦绣城店),棉纺西路汇悦儿童城一楼商铺18-32,113.6223,34.759899,18530951786,8：00——22：00
中原区,50300,快餐厅,肯德基(高新万达店),中原区高新技术开发区科学大道北郁香路西万达广场一二层,113.581332,34.809105,0371-58573239,8：00——22：00
中原区,50300,快餐厅,方中山胡辣汤(电厂路店),电厂路与东风西路交叉口东北角全威花园,113.605002,34.791426,15738365556,8：00——22：00
中原区,50300,快餐厅,肯德基(公园里店),郑州高新技术产业开发区国槐街南石楠路东朗悦公园里5号楼一层,113.551823,34.810146,0371-55001194,8：00——22：00
中原区,50300,快餐厅,华莱士·全鸡汉堡(洼刘新城店),科学大道与长椿路石佛镇洼刘社区1号楼1层(升龙又一城),113.549432,34.805198,4008226004,8：00——22：00
中原区,50300,快餐厅,醉面肉酱面牛肉面(朗悦公园茂店),朗悦公园茂2号馆4楼,113.556032,34.820063,18836905083,8：00——22：00
中原区,50300,快餐厅,塔斯汀中国汉堡(河南工业大学店),中原区河南工业大学(莲花街校区)知雅三楼28号档口,113.547087,34.831237,19838146935,8：00——22：00
中原区,50300,快餐厅,姐弟俩土豆粉(郑州中原星辰万科店),航海西路21号星辰万科生活广场一层14/15/16商铺,113.609906,34.720227,17337771872,8：00——22：00
中原区,50300,快餐厅,歪宗桂林米粉(中原万达店),郑煤机社区南区北大门东80米,113.606033,34.752482,18548080855,8：00——22：00
中原区,50300,快餐厅,擂饭(正弘汇店),正弘汇负一楼LB40(银屏路地铁站D口步行470米),113.566083,34.809089,15343050908,8：00——22：00
中原区,50300,快餐厅,螺专家螺蛳粉公园茂店,迎春街52号一号楼一层附二,113.554762,34.819557,17503825081,8：00——22：00
中原区,50300,快餐厅,陈家秘制煎灌肠(总店),白桦街与雪松路交叉口东北角,113.557767,34.830859,18135728636,8：00——22：00
中原区,50300,快餐厅,吴叁喜牛肉板面,科学大道89号3号楼一层附11号,113.543313,34.805185,13253379112,8：00——22：00
中原区,50301,肯德基,肯德基(大里坊店),藤松里与春藤路交叉口东北60米,113.546668,34.809992,19059626011,8：00——22：00
中原区,50301,肯德基,肯德基(郑州大学店),春华路郑州大学,113.53051,34.811132,4009208801,8：00——22：00
中原区,50301,肯德基,肯德基(高新优悦城),郑州高新技术产业开发区莲花街与碧荷路交汇处东北角优悦城一层,113.527275,34.828369,17329443400,8：00——22：00
中原区,50301,肯德基,肯德基(科学大道中石油DT),郑州高新技术产业开发区高新区科学大道创新大道交叉口中石油加油站内,113.489792,34.807934,0371-60935468,8：00——22：00
中原区,50305,茶餐厅,云端静舍茶餐厅,西三环国家大学科技园9号楼2楼,113.599705,34.796557,0371-86688855;15503718648,8：00——22：00
中原区,50305,茶餐厅,千手一味茶餐厅(郑州华强广场店),电厂路与章河路交叉口向南200米路西京小凤侧面电梯上三楼,113.604286,34.792777,15515519301;18539916777,8：00——22：00
中原区,50305,茶餐厅,茶桂缘茶餐厅,迎春街与金梭路交叉口向北100米,113.563658,34.821773,0371-58623456;13525538795,8：00——22：00
中原区,50305,茶餐厅,荷雨轩茶餐厅,洛河路70号(市中心医院地铁站C口步行400米),113.611307,34.744974,0371-67626166,8：00——22：00
中原区,50305,茶餐厅,德发财潮汕砂锅粥茶餐厅(中原店),航海西路街道前进路80号院中原新城王府小区西区,113.609675,34.739626,17838189058,8：00——22：00
中原区,50305,茶餐厅,喜粤柒号茶餐厅(大学科技园店),石佛镇西三环路289号7栋1层(大学城科技园东区),113.599742,34.797696,0371-56696669;17320173877,8：00——22：00
中原区,50305,茶餐厅,致和斋茶餐厅,伊河路156号嵩山饭店1号楼,113.623433,34.741988,0371-67177555,8：00——22：00
中原区,50305,茶餐厅,锦食苑茶餐厅,瑞达路彩虹花园22号,113.575095,34.789284,13838257654,8：00——22：00
中原区,50305,茶餐厅,高山人家 ·信阳美食茶馆(帝湖店),帝湖花园西王府803号楼一层,113.616371,34.717676,13703828900,8：00——22：00
中原区,50305,茶餐厅,喜尚禧《地道中原菜》,雪松路与红椿里交叉口东南60米,113.556161,34.802618,0371-65777776,8：00——22：00
中原区,50305,茶餐厅,库迪咖啡(国家大学科技园W2B店),长椿路11号国家大学科技园西区2号楼B座1层底商(餐厅入口处),113.542329,34.793052,18595771050,8：00——22：00
中原区,50305,茶餐厅,沪上阿姨·精选茶饮(郑州华强广场店),电厂路70号华强广场一号楼一期附41号商铺沪上阿姨,113.603309,34.792611,17513182686,8：00——22：00
中原区,50305,茶餐厅,老徐州肉酱米线,升龙天汇6号院步行街1-33老徐州米线,113.622752,34.774486,18505292949,8：00——22：00
中原区,50305,茶餐厅,库迪咖啡(郑州轻工业大学科学校区店),科学大道156号清苑餐厅2楼,113.511404,34.811722,17615047889,8：00——22：00
中原区,50305,茶餐厅,方秀华胡辣汤王屋路店,王屋路与电厂南路交叉口西北角,113.60265,34.798747,15038177061,8：00——22：00
中原区,50305,茶餐厅,沙县小吃(高新茶城店),科学大道与春藤路交叉口东南角60米,113.546635,34.806916,13625616797;19037177566,8：00——22：00
中原区,50305,茶餐厅,吉屋出猪(探十里),"探十里(负一楼盒马生鲜对面,茶百道旁边)",113.614733,34.735073,17638112387,8：00——22：00
中原区,50305,茶餐厅,一厂老摊油茶红妹小吃店,一厂西六街31号楼付2号,113.611699,34.760238,15803824362,8：00——22：00
中原区,50305,茶餐厅,李同学烤冷面(万和城店),谦祥万和城c区北门东第7间门面,113.539837,34.831611,13215995373;18638204997,8：00——22：00
中原区,50305,茶餐厅,沙县小吃(高新·锦和苑店),堂门路山茶路向东50米路北,113.525087,34.830089,17721107297,8：00——22：00
中原区,50305,茶餐厅,茶香烩面馆(华凯商务店),华山路155华凯商务F1层,113.599898,34.73993,13674940756,8：00——22：00
中原区,50305,茶餐厅,湖畔烙馍村,瑞丰路15号雅居湖畔东门北侧100米,113.585323,34.784413,19293815257,8：00——22：00
中原区,50305,茶餐厅,静闲茶馆(啟福尚都C区店),文思街与广文路交叉口向南100米路东,113.557971,34.751949,0371-63326601,8：00——22：00
中原区,50305,茶餐厅,农家地锅柴鸡铁锅炖(祥祯苑店),科学大道红叶路交叉口向南五十米路西,113.524067,34.806866,18103715295,8：00——22：00
中原区,50305,茶餐厅,玛格利塔·现烤披萨(郑州嵩山店),伊河路与工人路向东150米路南,113.622906,34.742548,0371-61318868,8：00——22：00
中原区,50305,茶餐厅,青海牛肉拉面(谦祥·万和城A区店),长椿路216-140号,113.541275,34.83212,18939267535,8：00——22：00
中原区,50305,茶餐厅,TRINITY叁合烟熏慢烤(暂停营业),桐柏南路154号,113.608812,34.715431,15333832218,8：00——22：00
中原区,50400,休闲餐饮场所,霸王茶姬(郑州新悦荟店),高新区朗悦新悦荟1号门西侧临街商铺,113.541635,34.831559,19939500467,8：00——22：00
中原区,50400,休闲餐饮场所,书亦烧仙草(郑州中原区华瑞紫韵城店),春锦路16号华瑞紫韵城星园5号楼1-2层28号,113.537672,34.766673,13164308336,8：00——22：00
中原区,50400,休闲餐饮场所,泓有 Tonic&Booze,华山路磨街文创园B区,113.598301,34.744257,19138180420,8：00——22：00
中原区,50400,休闲餐饮场所,书亦烧仙草(郑州中原区帝湖店),桐柏路98号帝湖商场F1层,113.61613,34.720374,15713833005,8：00——22：00
中原区,50400,休闲餐饮场所,兰桂园农家院 . 柴火菜、土菜,先锋路1号,113.537255,34.711525,18339235111,8：00——22：00
中原区,50400,休闲餐饮场所,书亦烧仙草(郑州高新万达店),高新区科学大道万达广场,113.582394,34.808982,18903911731,8：00——22：00
中原区,50400,休闲餐饮场所,麒麟大口茶(郑州中原锦艺城店),秦岭路街道棉纺西路锦艺城购物中心B3-15号,113.610086,34.762132,18595691153,8：00——22：00
中原区,50400,休闲餐饮场所,钧和素问,银兰路58号,113.487073,34.80507,0371-60903169;19555725588;19555753888,8：00——22：00
中原区,50400,休闲餐饮场所,沪上阿姨·精选茶饮(郑州高新正弘汇店),郑州高新区瑞达路138号3号楼-1层附1正弘汇商业中心LB层LB41号,113.56473,34.809628,18537806888,8：00——22：00
中原区,50400,休闲餐饮场所,夕阳红冰淇淋淮河路店,伏牛路二号院综合楼1层1号,113.607122,34.728171,13073763383,8：00——22：00
中原区,50400,休闲餐饮场所,小红花DIY烘焙屋,大李祥瑞家园五号院三号楼一单元105,113.561334,34.758559,17797770555,8：00——22：00
中原区,50400,休闲餐饮场所,六分甜DIY蛋糕烘焙坊(中原万达店),中原中路171号中原万达写字楼A座11楼1128,113.602262,34.746967,18337192032,8：00——22：00
中原区,50400,休闲餐饮场所,柠茉DIY烘焙,棉纺路36号王府井百货B座804号,113.612017,34.762148,13623867930,8：00——22：00
中原区,50400,休闲餐饮场所,二砂精酿啤酒馆(保利·心语1期店),中原西路街道中原中路156号保利·心语1期,113.595194,34.745449,15137187601,8：00——22：00
中原区,50400,休闲餐饮场所,飞天茶社(颖河小区北院店),颖河小区南2门西50米,113.617791,34.740368,15138686881,8：00——22：00
中原区,50400,休闲餐饮场所,馋嘴巴零食铺,伊河路151号(嵩山饭店向西50米路南),113.622501,34.742619,18537148251,8：00——22：00
中原区,50400,休闲餐饮场所,悦来悦喜(华强店),郑州高新区电厂路70号华强广场3号楼F1-集装箱GDW-04,113.604061,34.791281,18703658234,8：00——22：00
中原区,50400,休闲餐饮场所,麻匠先生自助棋牌(荣运生活广场店),陇海西路98号荣运生活广场2楼3号,113.609328,34.736694,15515895858,8：00——22：00
中原区,50400,休闲餐饮场所,树袋熊主题乐园(郑州锦艺城购物中心店),棉纺路(桐柏路口)锦艺城购物中心B区2F层BG2-09,113.611503,34.761701,15517172510,8：00——22：00
中原区,50400,休闲餐饮场所,朗栖茶舍(保利文化广场尚园店),,113.55854,34.813527,18135693910,8：00——22：00
中原区,50400,休闲餐饮场所,方塘融合茶馆(城开绿城·绿园2期店),董寨街与五龙口南路交叉口西南角,113.618098,34.78239,13653863284,8：00——22：00
中原区,50400,休闲餐饮场所,入口空间(永茂绿园店),五龙口南路3号永茂绿园底商3-2,113.620487,34.781426,18538559552,8：00——22：00
中原区,50400,休闲餐饮场所,四方友茶社(朗悦公园茂家庭茂店),金菊街与雪松路交叉口西100米路南家庭茂A座,113.555857,34.821804,16696134400,8：00——22：00
中原区,50400,休闲餐饮场所,好想你(瑞达路直营店),瑞达路与梧桐街交叉口向北50米路东,113.570962,34.795184,0371-67986929;15978442857,8：00——22：00
中原区,50400,休闲餐饮场所,加班Bar,朗悦西都会A1018,113.550447,34.810077,18736819051,8：00——22：00
中原区,50400,休闲餐饮场所,勒克猫精酿啤酒(万达广场店),万达金街8-121(二砂地铁站A3口步行470米),113.602108,34.745695,15937151092,8：00——22：00
中原区,50400,休闲餐饮场所,信阳农家小院(红枫里店),瑞达路86号汉庭酒店后院1层101号,113.566542,34.803821,18638711366,8：00——22：00
中原区,50400,休闲餐饮场所,麦嘎KTV(中原万达店),中原中路171号万达商业广场4层1号,113.601047,34.746883,0371-68630999,8：00——22：00
中原区,50500,咖啡厅,清真·猫の物语猫咖·羊驼咖·狗咖(中原万达店),中原万达写字楼B座22楼2203,113.600534,34.746896,18695818545,8：00——22：00
中原区,50500,咖啡厅,瑞幸咖啡(中原万达店),华山路116号中原万达2号门旁侧金街入口处西侧一层底商,113.600148,34.746811,4000100100,8：00——22：00
中原区,50500,咖啡厅,幸运咖(朗悦公园茂直营店),迎春街雪松路52号朗悦公园茂2号馆F1层,113.556562,34.820428,15552311708,8：00——22：00
中原区,50500,咖啡厅,库迪咖啡(郑州正弘汇店),枫杨街道科学大道正弘汇负1层LB57(1号门扶梯处),113.566225,34.808775,15038375180,8：00——22：00
中原区,50500,咖啡厅,觅真面包·蛋糕·咖啡,工人路356-15号(后河芦地铁站C1口步行350米),113.620672,34.718227,0371-58577288;18638289766,8：00——22：00
中原区,50500,咖啡厅,雕刻时光咖啡馆(郑大店),翠竹街与长椿路交叉口东北角盛和苑3号楼,113.542858,34.819142,0371-63683770,8：00——22：00
中原区,50500,咖啡厅,肯悦咖啡(公园茂店),郑州高新技术产业开发区雪松路迎春街西北角(52号),113.556497,34.819705,0371-60925807,8：00——22：00
中原区,50500,咖啡厅,不苦咖啡馆(秦岭路办事处建西社区店),建设路六厂前街交叉口往北100米路东1号铺,113.607198,34.757648,15738323991,8：00——22：00
中原区,50500,咖啡厅,星巴克(郑州锦艺城王府井店),棉纺西路北、桐柏路西王府井百货一层A1-1,113.611763,34.761792,0371-63297268,8：00——22：00
中原区,50500,咖啡厅,库迪咖啡(中原万达金街店),中原万达金街2号门向南50米A028,113.60043,34.746513,19003830058,8：00——22：00
中原区,50500,咖啡厅,幸运咖(中原万达店),中原路171号9商业用房1-2层137,113.600284,34.745815,13603481326,8：00——22：00
中原区,50500,咖啡厅,瑞幸咖啡(正弘汇B1店),正弘汇,113.565722,34.808723,4000100100,8：00——22：00
中原区,50500,咖啡厅,漫威咖啡,汉威国际传感器科技园东南门东北120米,113.560283,34.82396,13213088728;15515980141,8：00——22：00
中原区,50500,咖啡厅,星巴克(郑州正弘汇店),梧桐街道金梭路33号,113.567385,34.80892,0371-89819929,8：00——22：00
中原区,50500,咖啡厅,库迪咖啡(汇泉西悦城店),汇泉西悦城11号院1栋1层6号1层大厅(丹尼斯中原超市旁),113.526646,34.726552,15538079736,8：00——22：00
中原区,50500,咖啡厅,幸运咖(中原区锦艺城店),锦艺城国际华都6-11,113.610722,34.762575,15237728321,8：00——22：00
中原区,50500,咖啡厅,luckin coffee 瑞幸咖啡(威科姆大厦店),莲花街55号1号楼A座一层大堂,113.563064,34.824615,4000100100,8：00——22：00
中原区,50500,咖啡厅,星巴克(郑州高新万科店),红叶路89号高新万科购物中心一层(祥营地铁站A1口旁),113.525019,34.806579,0371-55502893,8：00——22：00
中原区,50500,咖啡厅,库迪咖啡(郑州锦艺城B区店),锦艺城库迪咖啡金街店,113.611472,34.762763,18224521065,8：00——22：00
中原区,50500,咖啡厅,幸运咖(探十里店),中原新城新天地小区3号楼北门西80米,113.615634,34.735892,17737770117,8：00——22：00
中原区,50500,咖啡厅,瑞幸咖啡(锦艺城王府井店),棉纺西路36号锦艺城A区王府井二层,113.61307,34.761361,4000100100,8：00——22：00
中原区,50500,咖啡厅,萌次元主题猫咖(探十里店),陇海西路与桐柏南路交叉口西南角凯旋门A座20楼2008,113.613044,34.735268,13939021084,8：00——22：00
中原区,50500,咖啡厅,21cafe(锦艺国际华都·美域店),棉纺路4号院4号商业1层08号,113.608244,34.764472,13298319736,8：00——22：00
中原区,50500,咖啡厅,觅真面包·蛋糕·咖啡,朗悦公园茂1号馆北口3号门对面,113.554975,34.818925,17320152887,8：00——22：00
中原区,50500,咖啡厅,幸运咖(升龙又一城店),郑州高新技术产业开发区-郑州高新区科学大道89号3号楼1层附8号商铺,113.543379,34.805156,13837132205,8：00——22：00
中原区,50500,咖啡厅,瑞幸咖啡(郑州嘉锦酒店店),中原中路与百花里交叉口西南140米,113.622918,34.746751,4000100100,8：00——22：00
中原区,50500,咖啡厅,阿布阿布咖啡馆(方圆·经纬花园店),棉纺西路26号方圆经纬花园4号楼2层208号商铺,113.619121,34.76076,13783520780,8：00——22：00
中原区,50500,咖啡厅,库迪咖啡(英开全民健身店),建设西路24号(碧沙岗地铁站A口步行330米),113.62522,34.758512,18574131404,8：00——22：00
中原区,50500,咖啡厅,星巴克(郑州高新万达店),郁香路37号郑州高新万达广场1层1053B,113.581198,34.808712,0371-55623130,8：00——22：00
中原区,50500,咖啡厅,BeanStar比星咖啡(郑州保利久街高新店),郑州高新技术开发区保利文化广场二期二楼206号铺比星咖啡,113.557128,34.809556,13903718257,8：00——22：00
中原区,50500,咖啡厅,悠咪猫咖(高新万科广场店),科学大道与红叶路高新万科广场1号门二楼星巴克楼上,113.524927,34.805835,15138979717,8：00——22：00
中原区,50500,咖啡厅,瑞幸咖啡(公园茂店),迎春街52号朗悦公园茂2号馆底商,113.55632,34.82002,4000100100,8：00——22：00
中原区,50500,咖啡厅,幸运咖(百花路店),百花路229号1号楼一层附13号,113.625957,34.759149,13526660378,8：00——22：00
中原区,50500,咖啡厅,库迪咖啡(郑州光合大厦店),伊河路136号光合大厦1层大堂,113.619798,34.742322,15838066537,8：00——22：00
中原区,50500,咖啡厅,星巴克(郑州中原新城探十里店),航海西路街道升龙金中环(陇海西路地铁站A口旁),113.614897,34.735937,0371-55093185,8：00——22：00
中原区,50500,咖啡厅,MINI-CO小咖咖啡(正弘汇店),正弘汇B1层Lb106(银屏路地铁站D口步行470米),113.565786,34.808816,18163511313,8：00——22：00
中原区,50500,咖啡厅,星松咖啡,雪松路5号院星宿创业基地院内,113.556585,34.803823,17737312108,8：00——22：00
中原区,50500,咖啡厅,瑞幸咖啡(中原国家广告产业园店),科学大道53号中原国家广告产业园4号楼大堂,113.577337,34.806926,4000100100,8：00——22：00
中原区,50500,咖啡厅,幸运咖(须水河东路店),运河上城西门北110米,113.52376,34.765951,15237181207,8：00——22：00
中原区,50500,咖啡厅,库迪咖啡(郑州大学柳园店),科学大道100号郑州大学柳园天猫校园1层2号,113.530308,34.811114,19337152469,8：00——22：00
中原区,50500,咖啡厅,星巴克(保利·心语心苑店),中原西路街道中原中路保利心语三期心苑,113.599282,34.748004,4008206998,8：00——22：00
中原区,50500,咖啡厅,阿财咖啡(探十里店),前进路81号院中原新城7号楼附54号,113.611318,34.739504,18203972770,8：00——22：00
中原区,50500,咖啡厅,瑞幸咖啡(河南电子商务产业园店),冬青街26号河南省电子商务产业园3号楼一层大堂,113.543857,34.802152,4000100100,8：00——22：00
中原区,50500,咖啡厅,库迪咖啡(云瓴中心店),王屋路与东风西路交叉口东北80米高新技术产业开发区电厂路70号,113.602459,34.791313,13603985539,8：00——22：00
中原区,50500,咖啡厅,幸运咖(天健湖智联网产业园店),杜兰街天健湖智联网产业园南门101商铺,113.481369,34.810984,13613713620,8：00——22：00
中原区,50500,咖啡厅,星巴克(郑州高新新悦荟店),郑州高新技术开发区长椿路216号万和城南苑E区1号楼高新新悦荟1层附122铺位,113.541072,34.830287,0371-55505690,8：00——22：00
中原区,50500,咖啡厅,瑞幸咖啡(郑州华强广场店),电厂路70号华强城市广场店一层GDNL108号商铺,113.603084,34.791837,4000100100,8：00——22：00
中原区,50500,咖啡厅,瑞幸咖啡(天健湖智联网产业园店),枫香街天健湖智联网产业园3号楼1层大堂,113.481749,34.812862,4000100100,8：00——22：00
中原区,50500,咖啡厅,幸运咖(祝福红城三号院店),药厂街祝福红城3号院19号楼1层81-15号,113.548156,34.787209,13140050706,8：00——22：00
中原区,50500,咖啡厅,库迪咖啡(河南电子商务产业园店),冬青街26号河南省电子商务产业园北门3号楼1层(玉米汇超市西侧),113.543693,34.802745,15565055313,8：00——22：00
中原区,50500,咖啡厅,星巴克(郑州郑州大学店),枫杨街道郑州大学柳园二食堂,113.530607,34.812811,0371-55503289,8：00——22：00
中原区,50500,咖啡厅,瑞幸咖啡(河南工业大学设计艺术学院店),莲花街100号河南工业大学设计艺术学院18号楼一层大堂,113.554325,34.831325,4000100100,8：00——22：00
中原区,50500,咖啡厅,瑞幸咖啡(郑州大学高新区松园店),科学大道100号郑州大学松园一期6号楼一层108号,113.533613,34.822386,4000100100,8：00——22：00
中原区,50500,咖啡厅,瑞幸咖啡(西元广场店),建设西路198号西元国际广场F1层,113.600873,34.757586,4000100100,8：00——22：00
中原区,50500,咖啡厅,幸运咖(工业大学校内店),河南工业大学E区商业街1层A11号,113.542961,34.831663,18736021192,8：00——22：00
中原区,50500,咖啡厅,库迪咖啡(郑州报业集团店),博体路1号郑州报业大厦1层大堂内西侧,113.56301,34.739937,15649064907,8：00——22：00
中原区,50500,咖啡厅,瑞幸咖啡(总部企业基地迎春街店),翠竹街1号总部企业基地61号楼底商,113.565206,34.819544,4000100100,8：00——22：00
中原区,50500,咖啡厅,瑞幸咖啡(中原万达2F店),中原西路171号万达广场二层2035号,113.602442,34.746674,4000100100,8：00——22：00
中原区,50500,咖啡厅,瑞幸咖啡(朗悦新悦荟店),长椿路朗悦新悦荟1F外中心广场,113.540957,34.830428,4000100100,8：00——22：00
中原区,50500,咖啡厅,瑞幸咖啡(郑州大学眉湖店),科学大道100号郑州大学眉湖小屋一层入口旁,113.535262,34.818961,4000100100,8：00——22：00
中原区,50500,咖啡厅,幸运咖(华山121文化创意园店),华山121文化创意园A09商铺,113.599528,34.746314,15093263931,8：00——22：00
中原区,50500,咖啡厅,库迪咖啡(朗悦公园里店),朗悦公园里东里1号楼1层1-1002,113.554915,34.809773,13838271870,8：00——22：00
中原区,50500,咖啡厅,luckin coffee 瑞幸咖啡(郑州高新万达广场店),郑州高新技术产业开发区科学大道郁香路西北角万达广场,113.581275,34.809025,4000100100,8：00——22：00
中原区,50500,咖啡厅,瑞幸咖啡(翰林火星一号店),金梭路与紫藤路交叉口西260米,113.543681,34.825077,4000100100,8：00——22：00
中原区,50500,咖啡厅,库迪咖啡(河南工大莲花街校区店),莲花街河南工业大学西门校内商业街第5间,113.542036,34.830937,15617959685,8：00——22：00
中原区,50500,咖啡厅,幸运咖(和昌澜景店),汝河路和昌澜景1-104,113.590344,34.732337,15713639122,8：00——22：00
中原区,50500,咖啡厅,瑞幸咖啡(郑州大学柳园店),科学大道100号郑州大学柳园天猫超市一层,113.530663,34.811175,4000100100,8：00——22：00
中原区,50500,咖啡厅,库迪咖啡(须水中翔广场店),西四环16号,113.523113,34.766158,15617856333,8：00——22：00
中原区,50500,咖啡厅,瑞幸咖啡(锦艺城金街店),棉纺西路40号锦艺城C区四层CG5-05号,113.611441,34.762727,4000100100,8：00——22：00
中原区,50500,咖啡厅,库迪咖啡(探十里店),升龙金中环B座南20米,113.614214,34.735157,17839963657,8：00——22：00
中原区,50500,咖啡厅,库迪咖啡(朗悦公园茂家庭茂店),迎春街52号朗悦公园茂家庭茂F1层,113.556045,34.820746,19544528812,8：00——22：00
中原区,50500,咖啡厅,瑞幸咖啡(朗悦公园里店),枫杨街道雪松路128号朗悦·公园道1号·熙园,113.552151,34.810152,4000100100,8：00——22：00
中原区,50500,咖啡厅,瑞幸咖啡(乾达国际店),嵩山北路158号乾达国际F1层,113.621633,34.780852,4000100100,8：00——22：00
中原区,50500,咖啡厅,库迪咖啡(中原广告产业园大堂店),石佛镇科学大道53号信息工程大学动漫产业园3号楼大堂,113.576782,34.806788,13298316988,8：00——22：00
中原区,50500,咖啡厅,瑞幸咖啡(巨正大厦店),秦岭路洛河西路巨正大厦A座一层大堂,113.603064,34.743782,4000100100,8：00——22：00
中原区,50500,咖啡厅,库迪咖啡(巨正大厦店),秦岭路与洛河西路交叉口西南30米,113.602918,34.744024,16696661113,8：00——22：00
中原区,50500,咖啡厅,库迪咖啡(郑州中心医院高新店),翠竹街与金梭路交叉口东140米,113.565968,34.817586,18539470888,8：00——22：00
中原区,50500,咖啡厅,库迪咖啡(河南省国家大学科技园东区店),国家大学科技园16号楼C栋,113.604942,34.795443,19013925002,8：00——22：00
中原区,50500,咖啡厅,瑞幸咖啡(国家大学科技园电厂路店),电厂路漳河路河南省国家大学科技园东区16号楼C座一层大堂,113.604802,34.79583,4000100100,8：00——22：00
中原区,50500,咖啡厅,瑞幸咖啡(国家大学科技园泾河路店),西三环电厂路河南省国家大学科技园东区9号楼一层大堂,113.600205,34.796512,4000100100,8：00——22：00
中原区,50500,咖啡厅,幸运咖(威尼斯水城店),冉屯东路淇河路向南100米路东,113.613012,34.780113,18737166800,8：00——22：00
中原区,50500,咖啡厅,库迪咖啡(探十里麦点小超店),陇海西路338号探十里购物中心负一楼B032z,113.615027,34.735308,13949023874,8：00——22：00
中原区,50500,咖啡厅,幸运咖(碧沙岗店),建设路街道建设西路8-3号,113.625794,34.755148,18687999900,8：00——22：00
中原区,50500,咖啡厅,库迪咖啡(谦祥万和城A区店),郑州市高新区长椿路216号2号楼1层附4号,113.540906,34.831933,18838970151,8：00——22：00
中原区,50500,咖啡厅,库迪咖啡(星辰万科广场店),航海西路21号星辰·万科生活广场,113.609953,34.720436,19036916687,8：00——22：00
中原区,50500,咖啡厅,瑞幸咖啡(锦艺城购物中心店),棉纺西路40号锦艺城C区四层CG5-05号,113.607997,34.762913,4000100100,8：00——22：00
中原区,50500,咖啡厅,星巴克(郑州秦岭路丹尼斯店),石佛镇电厂路50号(大学科技园地铁站C口步行130米),113.604037,34.791685,0371-55503261,8：00——22：00
中原区,50500,咖啡厅,幸运咖(煤仓北街店),煤仓北街11号院11号-12,113.615144,34.773182,17737921238,8：00——22：00
中原区,50500,咖啡厅,库迪咖啡(郑州大里坊店),枫杨街道国槐街与春藤路交叉口大里坊街区1层,113.548963,34.809998,16638142544,8：00——22：00
中原区,50500,咖啡厅,库迪咖啡(大学科技园十号楼店),西三环287号大学科技园10号楼1层(五味美食汇入口),113.600334,34.795793,13603985539,8：00——22：00
中原区,50500,咖啡厅,库迪咖啡(中原商贸城步行街店),嵩山北路222号天龙大厦A座楼后面的(悦来悦喜)正对面中原商贸城商业步行街,113.627234,34.753462,16638172813,8：00——22：00
中原区,50500,咖啡厅,瑞幸咖啡(国家大学科技园园区12号楼店),外方路漳河路交叉口河南省国家大学科技园东区12号楼一层大堂,113.600184,34.793979,4000100100,8：00——22：00
中原区,50500,咖啡厅,瑞幸咖啡(锦艺城购物中心B区店),棉纺西路23号锦艺城购物中心B区1F层,113.60683,34.763105,4000100100,8：00——22：00
中原区,50500,咖啡厅,库迪咖啡(国弘时代广场A座店),冬青街31号,113.555289,34.800703,15515959260,8：00——22：00
中原区,50500,咖啡厅,库迪咖啡(升龙天汇10号院店),嵩山北路112号升龙天汇10号院1层16号底商,113.626653,34.772869,15333862039,8：00——22：00
中原区,50500,咖啡厅,幸运咖(月桂路店),梧桐街道月桂路21号金科城壹号院,113.574065,34.804282,18637269708,8：00——22：00
中原区,50500,咖啡厅,幸运咖(五建新街坊建设路店),建设西路辅路与牛庄南街交叉口西220米,113.590228,34.759402,13523719003,8：00——22：00
中原区,50500,咖啡厅,库迪咖啡(中天航空大厦店),西三环五龙口南路中天航空大厦1层大厅右侧,113.599836,34.79251,17638565908,8：00——22：00
中原区,50500,咖啡厅,幸运咖(荷园商业街店),高新区郑州大学新校区荷园25号楼1层4号,113.533735,34.813707,15538315788,8：00——22：00
中原区,50500,咖啡厅,幸运咖(大科园店),大学科技园区18号楼1楼大厅,113.602042,34.795601,15993301379,8：00——22：00
中原区,50500,咖啡厅,库迪咖啡(郑州国弘大厦店),长椿路6号,113.537674,34.785408,18137379518,8：00——22：00
中原区,50500,咖啡厅,幸运咖(正弘汇店),北下街街道瑞达路138号2号楼1单元1层101正弘汇商业中心一层WR-03,113.565355,34.808523,19042569881,8：00——22：00
中原区,50500,咖啡厅,瑞幸咖啡(企业公园12号楼店),玉兰街与冬青街交叉口西北120米,113.52788,34.802089,4000100100,8：00——22：00
中原区,50500,咖啡厅,库迪咖啡(郑州芝麻街公园里店),华山路220号,113.598422,34.752534,13671235381,8：00——22：00
中原区,50500,咖啡厅,库迪咖啡(天健湖智联网产业园店),中原区高新区枫香街雪兰路173号天健湖智联网产业园二期5栋1层大堂内,113.481763,34.811475,17629366032,8：00——22：00
中原区,50500,咖啡厅,幸运咖(华瑞紫韵城店),春锦路16号幸运咖华瑞紫韵城星园五号楼1-2层25层,113.537994,34.766347,18614982928,8：00——22：00
中原区,50500,咖啡厅,幸运咖(郑大聚英园餐厅店),科学大道100号郑州大学主校区聚英园1层餐厅出入口,113.530571,34.811765,15538315788,8：00——22：00
中原区,50500,咖啡厅,幸运咖(万科城秋棠苑店),郑州市高新区黄兰路38号20栋1层附3号,113.493444,34.810562,17550191287,8：00——22：00
中原区,50500,咖啡厅,NOWWA挪瓦咖啡(郑州大学店),郑州高新区郑州大学主校区荷园6号楼东侧9号,113.53351,34.815289,15617853961,8：00——22：00
中原区,50500,咖啡厅,瑞幸咖啡(大学科技园西区店),梧桐街与红瑞路交叉口南80米,113.544787,34.793411,4000100100,8：00——22：00
中原区,50500,咖啡厅,幸运咖(高新万达店),郁香路与科学大道交叉口西北140米,113.583075,34.808925,15565053383,8：00——22：00
中原区,50500,咖啡厅,幸运咖(升龙天汇店),嵩山北路106-43号,113.625676,34.772476,15538315788,8：00——22：00
中原区,50500,咖啡厅,RENEE COFFEE,科学大道雪兰路数算产业园5号楼新质生产力服务中心一楼大厅,113.481869,34.809491,13937124598,8：00——22：00
中原区,50500,咖啡厅,瑞幸咖啡(郑州西城科技大厦店),金梭路45号西城科技大厦B座一层大堂,113.565613,34.812333,4000100100,8：00——22：00
中原区,50500,咖啡厅,幸运咖(学府花园店),莲花街3-20号,113.551616,34.826611,13838662542;18638692499,8：00——22：00
中原区,50500,咖啡厅,luckin coffee 瑞幸咖啡(国家动漫基地中原广告产业园店),月桂路与玉兰街交叉口东北200米,113.575167,34.806455,4000100100,8：00——22：00
中原区,50500,咖啡厅,幸运咖(中原新城前进路店),中原新城A122商铺,113.610132,34.736735,17303818889,8：00——22：00
中原区,50500,咖啡厅,瑞幸咖啡(保利久街店),中原西路110号保利久街5幢一层122号,113.598666,34.747948,4000100100,8：00——22：00
中原区,50500,咖啡厅,幸运咖(东史马店),雪松路与白桦街交叉口向东50米路北,113.558103,34.830845,15890678283,8：00——22：00
中原区,50500,咖啡厅,幸运咖(中原路华山路店),罗庄东配楼167-6,113.599119,34.747228,18236754054,8：00——22：00
中原区,50500,咖啡厅,幸运咖(郑州大学店),松园19号楼,113.53294,34.824867,15538315788,8：00——22：00
中原区,50500,咖啡厅,库迪咖啡(郑州企业公园28栋店),冬青街228号企业公园28栋2单元,113.527502,34.802194,13526898520,8：00——22：00
中原区,50500,咖啡厅,NOWWA挪瓦咖啡(美宜佳郑州新悦荟店),长椿路与红桦街交叉口朗悦新悦荟1层附119-1,113.54039,34.830239,18595729168,8：00——22：00
中原区,50500,咖啡厅,幸运咖(郑汽职院店),中原西路大中原国际汽车城c区12-2-1层,113.490358,34.755781,15713843004,8：00——22：00
中原区,50500,咖啡厅,幸运咖(863产业园mini店),高新技术开发区银屏路115号万丰慧城12号楼附1号,113.561144,34.819611,18737139931,8：00——22：00
中原区,50500,咖啡厅,幸运咖(应用技术职业学院mini店),河南应用技术职业学院东门对面门面房6号,113.54079,34.773394,13613713620,8：00——22：00
中原区,50500,咖啡厅,幸运咖(枫杨街店),枫杨路石楠路交叉口,113.551714,34.813911,13613717646,8：00——22：00
中原区,50500,咖啡厅,贝瑞咖啡(翰林火星一号店),金梭路220-53号,113.543333,34.825242,18638179583,8：00——22：00
中原区,50500,咖啡厅,瑞幸咖啡(丹尼斯中原店),丹尼斯中原店西南门旁,113.628499,34.757588,4000100100,8：00——22：00
中原区,50500,咖啡厅,芮小花咖啡&酒肆,棉纺西路与六厂前街交叉口东南角,113.607322,34.761805,13939012193,8：00——22：00
中原区,50500,咖啡厅,库迪咖啡(高新智慧城市实验场店),银兰路62号高新区智慧实验场17号楼1楼大厅,113.488669,34.806626,18737187422,8：00——22：00
中原区,50500,咖啡厅,瑞幸咖啡(西美大厦店),长椿路6号西美大厦东塔一层大堂,113.5397,34.785115,4000100100,8：00——22：00
中原区,50500,咖啡厅,幸运咖(棉纺路秦岭路店),秦岭路街道棉纺西路8号电新街社区,113.604548,34.762737,13253556722,8：00——22：00
中原区,50500,咖啡厅,幸运咖(公园里店),雪松路128号5号楼1层附29、附30号,113.552048,34.810581,15516905385,8：00——22：00
中原区,50500,咖啡厅,星巴克(郑州华强广场店),石佛镇电厂路50号,113.604037,34.791685,0371-55503261,8：00——22：00
中原区,50500,咖啡厅,上课咖啡锦艺城店,锦艺城商业4号,113.608053,34.764007,18638236359,8：00——22：00
中原区,50500,咖啡厅,幸运咖(碧沙岗步行街店),百花路20-8号,113.624925,34.753425,15514417456,8：00——22：00
中原区,50500,咖啡厅,叁序咖啡手作辣条,禧泰家苑1号楼1层南面,113.586203,34.738614,18538137167,8：00——22：00
中原区,50500,咖啡厅,BOCOFFEE 亳咖啡,莲花街55号B座1号楼1层,113.562491,34.825426,18530991573;19139857587,8：00——22：00
中原区,50500,咖啡厅,NOWWA挪瓦咖啡(阿狸电竞郑州中原路店),中原中路167号和昌大厦,113.599268,34.747053,15981803142,8：00——22：00
中原区,50500,咖啡厅,悠享咖啡店,桐柏路街道煤仓街5号煤炭家属院,113.614086,34.768816,17503824267,8：00——22：00
中原区,50500,咖啡厅,NOWWA挪瓦咖啡(美宜佳郑州优越城店),碧荷路锦和商务中心B座7号优悦城1-106,113.527281,34.828611,15737110030,8：00——22：00
中原区,50500,咖啡厅,1912咖啡·沙拉·三明治(国棉三厂家属院店),国棉三厂绿化西街17号楼,113.613828,34.757657,18804035235,8：00——22：00
中原区,50500,咖啡厅,茶里猫·猫咪主题咖啡馆(万达广场东区店),海底捞对面名创优品后门向西20米,113.602246,34.745468,13073759808,8：00——22：00
中原区,50500,咖啡厅,NOWWA挪瓦咖啡(郑州国弘大厦店),长椿路6号(兰寨地铁站C口步行430米),113.53785,34.785294,15890193723,8：00——22：00
中原区,50500,咖啡厅,阿仁cafe,文化宫路与宏河路交叉口向北250米,113.616804,34.725799,17596552190,8：00——22：00
中原区,50500,咖啡厅,倒悬山咖啡店·coffee,翠竹街6号1幢1层附12号,113.561311,34.817583,15138907833,8：00——22：00
中原区,50500,咖啡厅,库迪咖啡(郑州国棉四厂德佑店),棉纺路街道工人路棉纺路交叉口东南角德佑店内,113.621931,34.758549,15737111144,8：00——22：00
中原区,50500,咖啡厅,nowwa挪瓦咖啡(锦艺城店),桐柏北路172号,113.613763,34.762154,15290007894,8：00——22：00
中原区,50500,咖啡厅,幸运咖(轻工业科学店),郑州轻工业大学科学校区2层餐厅36号,113.511325,34.811175,13523459159,8：00——22：00
中原区,50600,茶艺馆,八马茶业·商务茶馆(企业公园店),西四环369号29幢5单元一层105东一户,113.526001,34.80162,13613835286,8：00——22：00
中原区,50600,茶艺馆,叁饮茶空间,高新数码港9号楼2层(兴业银行西50米路南),113.564231,34.806385,13213226211,8：00——22：00
中原区,50600,茶艺馆,春茗茶社,莲花街与碧荷路交叉向北200米路西2楼商铺,113.526651,34.829027,15639722322,8：00——22：00
中原区,50600,茶艺馆,万和茶社,王屋路电厂南路交叉口向北80米路西二楼万和茶社,113.602688,34.799156,13203721010,8：00——22：00
中原区,50600,茶艺馆,瓦舍茶馆(汝河路店),升龙御玺东南门西70米(桐淮地铁站C口步行440米),113.612623,34.732847,0371-61896189;18538532266,8：00——22：00
中原区,50600,茶艺馆,云水·大碗茶,省直三院西院区分部西北门东90米,113.610251,34.736131,0371-67849999;15638551755,8：00——22：00
中原区,50600,茶艺馆,叁合茶舍,中原区高新区广告产业园4号楼一楼东门,113.577638,34.806726,15037128521;15736795021;15736795201,8：00——22：00
中原区,50600,茶艺馆,一壶三江茶艺坊(裕华光合花园店),伊河路与文化宫路交叉口南150米路东,113.617235,34.741531,0371-63763777;15038073979;15838367788,8：00——22：00
中原区,50600,茶艺馆,6茶共享茶室(碧沙岗长城商务店),友爱路3号2号楼长城商务16层1606室,113.626584,34.753003,17638180080,8：00——22：00
中原区,50600,茶艺馆,玖喜茶坊,华山路阳光商务C座六楼,113.599921,34.741002,17836958128;18237198166,8：00——22：00
中原区,50600,茶艺馆,三合堂茶社(郑州市青年人才公寓·沁河苑店),欧丽路宏河路青年人才公寓商业街15号楼三楼301室,113.608558,34.725371,0371-68952689;18937170803,8：00——22：00
中原区,50600,茶艺馆,煮光哩茶室,银屏路15号9号楼附3号2层,113.564056,34.806575,13298126211,8：00——22：00
中原区,50600,茶艺馆,小溪哩共享茶室(郑大高新万科店),玉兰西街16号嘉兰苑北门23号商铺,113.526749,34.805761,13017651218,8：00——22：00
中原区,50600,茶艺馆,仙瓴茶馆,三棉东社区西北门东70米,113.616913,34.760196,13203737988,8：00——22：00
中原区,50600,茶艺馆,林海茶社棋牌,陇海西路379-10号,113.587136,34.734784,13215992228,8：00——22：00
中原区,50600,茶艺馆,燕语茶馆(二砂店),阳光商务西门北90米,113.5999,34.74132,18569926088,8：00——22：00
中原区,50600,茶艺馆,清欢茶坊(启福·铭都店),文化宫路与沁河路交汇处向东100米路北2层商铺清欢茶坊,113.618146,34.723107,13373915556,8：00——22：00
中原区,50600,茶艺馆,茗远茶馆,嵩山路街道陇海路55号劳动宾馆隔壁,113.621997,34.736651,13526729906;18595602380,8：00——22：00
中原区,50600,茶艺馆,老朋老友茶室,五建新街坊1号院东门南10米路西二层,113.593763,34.763482,0371-66886006;15799886006,8：00——22：00
中原区,50600,茶艺馆,9茶共享茶室(大学科技园店),中原区国家大学科技园(东区)16B座1楼大厅南侧,113.604675,34.795206,18336500005,8：00——22：00
中原区,50600,茶艺馆,徽品茶舍(保利文化广场尚园店),中原区保利文化广场桃花里商铺7-附5号,113.558493,34.813112,16668090877,8：00——22：00
中原区,50600,茶艺馆,茶与余休闲娱乐馆,二砂北路中段保利心语一期南门9号楼沿街商业三层318室,113.594211,34.745502,13949113437,8：00——22：00
中原区,50600,茶艺馆,静雅茶社(和昌澜景店),"淮河路北,李江沟路西18号楼2层110号",113.591065,34.72937,13837107922,8：00——22：00
中原区,50600,茶艺馆,不羡有茶,国家大学科技园东区13号楼1层12号房,113.599637,34.793151,13838281806,8：00——22：00
中原区,50600,茶艺馆,山屿海茶楼,秦岭路沁河路交叉口西南角郑州银行北侧电梯三楼,113.603119,34.722729,13253571313,8：00——22：00
中原区,50600,茶艺馆,雀掌柜茶楼(华瑞·紫光苑店),华瑞紫光园4号楼门面房,113.601118,34.775046,13140159068,8：00——22：00
中原区,50600,茶艺馆,临江仙茶楼,须水河东路万科城紫兰苑7号楼附8-9号,113.515928,34.813396,18790296583,8：00——22：00
中原区,50600,茶艺馆,花间词茶舍,国槐街与雪松路交叉口向西100米路南,113.554224,34.810541,13027528833,8：00——22：00
中原区,50600,茶艺馆,小溪哩有闲茶室(长江路店),丹阳路与长江路交叉口西北方向啟福城观澜苑1号楼西单元601,113.616957,34.710319,18638287266,8：00——22：00
中原区,50600,茶艺馆,月光菩提茶社(中鸿花园店),中鸿花园1号楼2单元1层101号,113.56615,34.825131,0371-86661165,8：00——22：00
中原区,50600,茶艺馆,方缘小茶馆(元通雅居店),元通雅居底商113号,113.525343,34.767492,17737700077,8：00——22：00
中原区,50600,茶艺馆,肆坊城茶馆(秦岭路店),秦岭路246号琴海花苑东门北10米,113.60314,34.724077,13803718135,8：00——22：00
中原区,50600,茶艺馆,茶鑫道·茶社(凯田花园店),秦岭路238-47号(卧龙岗地铁站B2口步行360米),113.603078,34.726293,13523554747;13700877642,8：00——22：00
中原区,50600,茶艺馆,战友茶社,桐淮小区北院南门旁,113.615369,34.732513,18538043490,8：00——22：00
中原区,50600,茶艺馆,翠园茶社(永威·鑫城店),宏河路2-10号,113.609391,34.726202,19103819898,8：00——22：00
中原区,50600,茶艺馆,一茶一饭,白桦街荣邦城南区北门附61号,113.561754,34.830144,0371-63361818;17703712736,8：00——22：00
中原区,50600,茶艺馆,如园茶咖,中原区桐柏北路92号院附35号,113.617688,34.769603,15937266143,8：00——22：00
中原区,50600,茶艺馆,YIXI. 一袭茶叙,秦岭路阳光新城10号楼01商铺103,113.603129,34.750579,15003845076,8：00——22：00
中原区,50600,茶艺馆,新韵茶坊(水利局家属院店),沁河路11号水利局家属院,113.61605,34.722817,13203716106,8：00——22：00
中原区,50600,茶艺馆,喜雀茶舍(康桥·上城品店),绿东村街道陇海西路62号康桥·上城品,113.597101,34.735098,15038391308,8：00——22：00
中原区,50600,茶艺馆,尚品茶馆,文化宫路与汝河路交叉口南60米,113.616999,34.732001,13526780335;13783528558,8：00——22：00
中原区,50600,茶艺馆,茶站,翠竹街和金梭路交叉口向北一百米,113.564585,34.81839,0371-63449598,8：00——22：00
中原区,50600,茶艺馆,感知茶社(军安小区店),秦岭路206号,113.603075,34.737823,15515889900,8：00——22：00
中原区,50600,茶艺馆,德馨茶事(瑞达路店),中原区高新区瑞达路91号附3号,113.568647,34.802662,13213062626,8：00——22：00
中原区,50600,茶艺馆,觅茶(暂停营业),国家大学科技园西区研发5号楼B座15A10室,113.542615,34.789694,18603715029,8：00——22：00
中原区,50600,茶艺馆,品品香晒白金老白茶(高新区冬青街店),新芒果·春天苑北门西50米,113.538929,34.801048,13213062626;19937812257,8：00——22：00
中原区,50600,茶艺馆,小罐茶(国家大学科技园店),长春路与梧桐街东南角11号国家大学科技园孵化2号楼B座1层,113.541938,34.793267,18530059821;18569991056,8：00——22：00
中原区,50600,茶艺馆,益禾堂(郑州大学新校区荷园商业街店),郑州大学荷园24号楼1层4号,113.533452,34.814184,18874590524,8：00——22：00
中原区,50600,茶艺馆,茶百道(郑州新悦荟店),中原区高新区新悦荟购物中心4层附405号商铺,113.540742,34.831433,13799987038,8：00——22：00
中原区,50600,茶艺馆,茶百道(郑州中原万达金街店),中原中路171号中原万达广场10号楼一层118号,113.600647,34.745823,13460308116,8：00——22：00
中原区,50700,冷饮店,1点点(中原万达店),中原中路171号万达金街151号一点点奶茶店,113.602904,34.746468,19396488918,8：00——22：00
中原区,50700,冷饮店,DQ(郑州锦艺店),棉纺路36号锦艺城购物中心B4-05B,113.610086,34.762132,0371-86556076,8：00——22：00
中原区,50700,冷饮店,眷茶臻选(郑州锦艺城店),棉纺西路中原锦艺城购物中心B区一层B1-15D,113.610375,34.762129,19103717084,8：00——22：00
中原区,50700,冷饮店,茶百道(郑州锦艺店),锦艺城一期欧尚西门6-15号商铺,113.613133,34.761307,18638669580,8：00——22：00
中原区,50700,冷饮店,喜茶(郑州中原万达店),万达广场室内步行街层(1068B)号商铺,113.600642,34.747036,0371-53351767,8：00——22：00
中原区,50700,冷饮店,奈雪的茶(郑州朗悦新悦荟店),高新技术开发区红桦街长椿路郑州朗悦新悦荟一层附121-1号商铺,113.540965,34.830298,19868030234,8：00——22：00
中原区,50700,冷饮店,眷茶(探十里店),陇海西路338号探十里购物中心B068号商铺,113.60137,34.746109,19337102889,8：00——22：00
中原区,50700,冷饮店,奈雪的茶(郑州保利心语久街店),中原路华山路交叉口西北角86号保利心语3期久街一层商铺6-111,113.599057,34.747995,19868371517,8：00——22：00
中原区,50700,冷饮店,眷茶(公园茂店),雪松路与迎春街交叉路口西北侧朗悦公园茂1号馆F3南头扶梯口,113.554405,34.817945,19003831306,8：00——22：00
中原区,50700,冷饮店,星姨糖水(正弘汇店),正弘汇3楼星姨糖水,113.565674,34.809045,17329447145,8：00——22：00
中原区,50700,冷饮店,古茗(郑州大学店),郑州大学(科学大道校区)22号楼附1号,113.533589,34.814969,15936295716;19939917532,8：00——22：00
中原区,50700,冷饮店,喜茶(郑州朗悦公园茂店),高新技术开发区迎春街街52号朗悦公园茂2号馆1楼附22附23铺位号,113.556115,34.819705,0371-53351778,8：00——22：00
中原区,50700,冷饮店,爷爷不泡茶郑州磨街店,磨街文创园东南门,113.599368,34.744538,15515505677,8：00——22：00
中原区,50700,冷饮店,活力婆婆手作鲜饮(探十里店),陇海西路与陇海快速路出口交叉口活力婆婆探十里店负一楼B003,113.614401,34.735193,17838190367,8：00——22：00
中原区,50700,冷饮店,茉莉奶白(郑州中原万达店),3楼3017,113.601389,34.746277,18638660010,8：00——22：00
中原区,50700,冷饮店,霸王茶姬(郑州保利久街店),中原西路与华山路交叉口西北角二砂地铁口D口西侧,113.598726,34.747982,4008788359,8：00——22：00
中原区,50700,冷饮店,书亦烧仙草(河南郑州万科商业广场店),玉兰街与红叶路交叉口东北100米,113.525379,34.805431,15036832944,8：00——22：00
中原区,50700,冷饮店,霸王茶姬(郑州锦艺城C区店),锦艺城C区南门二楼扶梯口,113.605652,34.763581,16668095860,8：00——22：00
中原区,50700,冷饮店,叶婆手作(正弘汇店),正弘汇B1层(银屏路地铁站D口步行440米),113.565725,34.808825,18530885570,8：00——22：00
中原区,50700,冷饮店,古茗(升龙又一城店),梧桐街科学大道升龙又一城商铺B1-16号,113.545965,34.80534,17398996761;18538315863,8：00——22：00
中原区,50700,冷饮店,CoCo都可(锦艺城店),棉纺西路36号锦艺城购物中心B区3层B3-14号,113.610484,34.762074,15639734308,8：00——22：00
中原区,50700,冷饮店,茶百道(郑州大学新校区店),科学大道100号郑州大学主校区荷园25号楼一层8号,113.53591,34.817077,17700666786,8：00——22：00
中原区,50700,冷饮店,禾满满糖水铺(中原万达店),中原西路街道中原中路171号8商业用房1-2层152号,113.602906,34.746409,18438089266,8：00——22：00
中原区,50700,冷饮店,凉凉慕水果捞(锦艺城店),棉纺西路32-45号欧尚6-05商铺,113.611494,34.762688,15038039919;17796769955,8：00——22：00
中原区,50700,冷饮店,爷爷不泡茶NOYEYENOTEA(郑州中原万达广场店),万达广场三楼3005B号铺,113.600676,34.746949,19138002726,8：00——22：00
中原区,50700,冷饮店,茶百道(郑州中原区前进路店),航海西路街道前进路81号院1号楼1层附7号,113.610471,34.7372,15515581687,8：00——22：00
中原区,50700,冷饮店,极拉图(公园茂店),迎春街雪松路52号朗悦公园茂2-3号馆1层中心广场,113.556529,34.820515,15867791359;19937393655,8：00——22：00
中原区,50700,冷饮店,茉莉奶白(郑州T10探十里店),桐柏路陇海路交叉口探十里购物中心负一楼B079,113.615025,34.735775,15981990218,8：00——22：00
中原区,50700,冷饮店,喜茶(郑州探十里店),陇海路338号探十里商场L126a号商铺,113.614492,34.73504,0371-60200191,8：00——22：00
中原区,50700,冷饮店,茶百道(郑州正弘汇店),"科学大道与瑞达路交叉口西北角,正弘汇负一层LB34",113.565325,34.809175,19103830673,8：00——22：00
中原区,50700,冷饮店,霸王茶姬(郑州高新万达店),郑州高新区科学大道高新万达广场1楼1号门直走到底扶梯旁边,113.581236,34.809358,4008788359,8：00——22：00
中原区,50700,冷饮店,极拉图(正弘汇店),正弘汇B1LB49,113.566356,34.808894,17633937074,8：00——22：00
中原区,50700,冷饮店,1点点(锦艺城店),桐柏路棉纺路锦艺城B座后面步行街5-11,113.611944,34.762562,19137622353,8：00——22：00
中原区,50700,冷饮店,茶百道(郑州公园茂店),朗悦公园茂U-24-06区4层附302号商铺,113.555837,34.819459,13027622516,8：00——22：00
中原区,50700,冷饮店,霸王茶姬(郑州磨街店),华山路与二砂北路交叉口向南20米磨街文创园,113.599504,34.744937,15639765335,8：00——22：00
中原区,50700,冷饮店,古茗(郑州正弘汇店),科学大道与瑞达路138号正弘汇负一楼LB87和LB88号商户,113.565638,34.808779,18703692674,8：00——22：00
中原区,50700,冷饮店,茶话弄(郑州朗悦公园茂店),朗悦公园茂1号馆南广场1号门旁,113.554745,34.817575,13223718586,8：00——22：00
中原区,50700,冷饮店,茶百道(郑州公园里店),高新区国槐街朗悦公园里西都汇C1004号铺,113.55073,34.809969,15639069388,8：00——22：00
中原区,50700,冷饮店,古茗(郑州高新迎春街店),迎春街52号公园茂北苑1号楼1层附16号,113.555283,34.81979,15537160076;15988767726,8：00——22：00
中原区,50700,冷饮店,爷爷不泡茶NOYEYENOTEA(郑州棉纺路锦艺城B区店),锦艺城B区三楼,113.61011,34.76207,15638803099,8：00——22：00
中原区,50700,冷饮店,书亦烧仙草(郑州锦艺城外街店),棉织一街锦艺外街608号,113.611475,34.762825,13526698434,8：00——22：00
中原区,50700,冷饮店,LINLEE·手打柠檬茶(中原锦艺城C区店),秦岭路街道棉纺西路40号锦艺城购物中心C区4层CG4-01,113.605957,34.763355,15670609305,8：00——22：00
中原区,50700,冷饮店,茶百道(郑州高新万科店),科学大道南红叶路89号万科广场41-38铺,113.525032,34.806408,18603831135,8：00——22：00
中原区,50700,冷饮店,蜜雪冰城(中原万达金街3号门店),中原万达金街3号门对面蜜雪冰城(都市丽人旁),113.600443,34.746138,18638111858;18838283095,8：00——22：00
中原区,50700,冷饮店,喜茶(郑州高新万科广场店),玉兰街与红叶路交叉口高新万科广场一层2号门1-20a商铺,113.524944,34.805137,15890163292,8：00——22：00
中原区,50700,冷饮店,书亦烧仙草(郑州桐柏南路升龙御玺店),汝河路92号1号楼附23号(升龙御玺),113.613132,34.732874,13633715856,8：00——22：00
中原区,50700,冷饮店,麒麟大口茶(郑州正弘汇店),高新区瑞达路138号正弘汇商业中心BF层LB76号商铺,113.566338,34.808935,18695865250,8：00——22：00
中原区,50700,冷饮店,蜜雪冰城(锦艺城C区店),锦艺城C区东南门旁,113.606963,34.763132,17664143352;18537582779,8：00——22：00
中原区,50700,冷饮店,CoCo都可(华强城市广场店),电厂路70号华强城市广场3号楼商铺F3-6号,113.603275,34.791875,15639258806,8：00——22：00
中原区,50700,冷饮店,1点点(郑州朗悦公园茂店),高新技术开发区迎春街52号6号楼1层附5号,113.553952,34.819573,18595825373,8：00——22：00
中原区,50700,冷饮店,茶百道(华强广场店),高新技术产业开发区电厂路70号1号楼1层附45号,113.603072,34.792669,15893030737,8：00——22：00
中原区,50700,冷饮店,麒麟大口茶(郑州探十里店),航海西路街道陇海西路338号探十里购物中心负一层B063号,113.602375,34.746625,18137812070,8：00——22：00
中原区,50700,冷饮店,书亦烧仙草(郑州中原万达金街店),中原万达2号门金街入口A029,113.600914,34.74592,19059532377,8：00——22：00
中原区,50700,冷饮店,益禾堂(郑州锦艺城店),棉纺西路2号院6号楼一层商铺06号,113.611464,34.762715,17365990899,8：00——22：00
中原区,50700,冷饮店,茶百道(须水运河上城店),西四环136号附一号院9号楼1-2层1号,113.523502,34.766039,17518867890,8：00——22：00
中原区,50700,冷饮店,蜜雪冰城(汇泉西悦城店),汇泉西悦城1号院西门西南110米,113.528116,34.726553,15093127007,8：00——22：00
中原区,50700,冷饮店,CoCo都可(高新万科店),科学大道红叶路高新万科广场1F-13号,113.525263,34.805533,16696090031,8：00——22：00
中原区,50700,冷饮店,麒麟大口茶(升龙金中环财富中心探十里店),陇海西路338号探十里升龙金中环财富中心店B1层,113.614511,34.735168,18137812070,8：00——22：00
中原区,50700,冷饮店,K22.酸奶草莓(正弘汇店),郑州正弘汇B1层LB127号,113.567222,34.80914,17700677550;18503895611,8：00——22：00
中原区,50700,冷饮店,益禾堂(河南工业大学钟楼店),河南工业大学钟楼店,113.552466,34.83261,17337109060,8：00——22：00
中原区,50700,冷饮店,满米酸奶(郑州正弘汇店),中原区高新技术开发区科学大道北瑞达路西瑞达路138号正弘汇负一楼LB-M01室,113.565129,34.808807,19059521003,8：00——22：00
中原区,50700,冷饮店,茉酸奶(郑州中原正弘汇店),金梭路39号正弘汇7楼L710商铺,113.566381,34.809089,16692187960,8：00——22：00
中原区,50700,冷饮店,奈雪的茶(郑州华强广场店),电厂路70号华强广场1F,113.603379,34.791877,17288523642,8：00——22：00
中原区,50700,冷饮店,蜜雪冰城(郑大荷园店),科学大道100号郑州大学荷园商业街22号楼一层一号,113.533613,34.815122,17752555063,8：00——22：00
中原区,50700,冷饮店,眷茶(正弘汇七楼店),郑州高新区瑞达路138号正弘汇商业中心7F层L7 M01号,113.565625,34.809594,17888551240,8：00——22：00
中原区,50700,冷饮店,茉莉奶白(公园茂店),朗悦公园茂店3号馆1楼,113.55663,34.820621,15515779683,8：00——22：00
中原区,50700,冷饮店,喜茶(郑州锦艺城店),棉纺西路与秦岭路交汇处东50米路北锦艺城C区1F层,113.605203,34.763368,0371-88926568,8：00——22：00
中原区,50700,冷饮店,LINLEE林里·手打柠檬茶(郑州正弘汇店),科学大道与瑞达路交叉口正弘汇负一层LB109,113.566276,34.808841,17513321811,8：00——22：00
中原区,50700,冷饮店,眷茶(探十里负一楼店),桐柏路陇海路交叉口探十里负一楼(陇海西路地铁站A口旁),113.614829,34.735339,19337102889,8：00——22：00
中原区,50700,冷饮店,茶百道(郑州万科城店),紫竹路68号15号楼一层附13号,113.518911,34.810169,17335705141,8：00——22：00
中原区,50700,冷饮店,蜜雪冰城(小公园茂店),高新区公园道一号一期一号楼底商附17号,113.555264,34.819819,15637173666;15637236777,8：00——22：00
中原区,50700,冷饮店,蜜雪冰城(西元国际店),建设路秦岭路西元国际广场,113.601675,34.757525,13213122210,8：00——22：00
中原区,50700,冷饮店,茶百道(郑州西元广场店),建设路198号西元国际广场136单元,113.6013,34.757826,17503717933,8：00——22：00
中原区,50700,冷饮店,喜茶(郑州磨街文创园店),华山路121号磨街文创园10-1-15商铺,113.599248,34.744978,17613158199,8：00——22：00
中原区,50700,冷饮店,沪上阿姨鲜果茶(郑州中原万达广场店),中原万达3号门附近蓝塔对面,113.601065,34.745809,19139972886,8：00——22：00
中原区,50700,冷饮店,茶百道(升龙金中环财富中心探十里店),陇海西路338号探十里升龙金中环财富中心店B1层,113.614493,34.735109,19037119099,8：00——22：00
中原区,50700,冷饮店,CoCo都可(星辰万科店),航海西路68号星辰万科生活广场1层L1-CN-GC-03号,113.609906,34.720227,18037302358,8：00——22：00
中原区,50700,冷饮店,蜜雪冰城(碧沙岗店),商业大厦西侧3号门面房,113.625643,34.753325,17635368603;17729790952,8：00——22：00
中原区,50700,冷饮店,CoCo都可(锦艺C店),棉纺西路40号锦艺城购物中心C区4层4楼C4-01号,113.606597,34.762966,15617832838;17320178965,8：00——22：00
中原区,50700,冷饮店,蜜雪冰城(锦艺轻纺城店),须水河东路,113.524085,34.765959,13140032803,8：00——22：00
中原区,50700,冷饮店,蜜雪冰城(睿海中心店),桐柏南路15号睿海中心F1层,113.614038,34.734651,19513332825,8：00——22：00
中原区,50700,冷饮店,大胡子冰可可(磨街店),磨街文创园内(二砂地铁站A3口步行460米),113.598764,34.744374,17319773168;19339982282,8：00——22：00
中原区,50700,冷饮店,满米酸奶(郑州锦艺城王府井店),棉纺西路4号王府井百货B1,113.613117,34.761654,18625532718,8：00——22：00
中原区,50700,冷饮店,茉酸奶( 郑州中原锦艺城店 ),锦艺城C区4楼,113.60638,34.763144,15137011533;15514377158,8：00——22：00
中原区,50700,冷饮店,蜜雪冰城(国棉四厂家属院店),棉纺路街道26-10(碧沙岗地铁站D口步行260米),113.621134,34.755592,18236971036,8：00——22：00
中原区,50700,冷饮店,茶百道(郑州保利久街店),中原西路街道保利心语商业街5号楼1层111号铺位,113.59607,34.748155,18538412661,8：00——22：00
中原区,50700,冷饮店,沪上阿姨·精选茶饮(郑州裕华光合店),伊河路135号光合花园1号楼1层附14号,113.619004,34.742365,19138190738,8：00——22：00
中原区,50700,冷饮店,蜜雪冰城(荣邦城总店),牡丹路白桦街交叉口附39号,113.563647,34.830249,18239973997;18530859922,8：00——22：00
中原区,50700,冷饮店,蜜雪冰城(冉屯东路店),朱屯路领创天誉华庭,113.609345,34.77204,16650115112,8：00——22：00
中原区,50700,冷饮店,书亦烧仙草(郑州中原区万和城店),长椿路谦祥万和城A区3号楼附28-1层,113.540455,34.831926,18037507098,8：00——22：00
中原区,50700,冷饮店,蜜雪冰城(啟福尚都店),启福尚都社区C02区民悦街6-14号一层,113.561625,34.752591,15690879120,8：00——22：00
中原区,50700,冷饮店,益禾堂(郑州高新正弘汇店),科学大道瑞达路高新正弘汇商场负1层LB126商铺,113.56473,34.809628,17842053298,8：00——22：00
中原区,50700,冷饮店,蜜雪冰城(锦艺国际华都·欧尚店),棉纺西路2号院6号楼1层商04号,113.611582,34.762608,18639003433;19937032226,8：00——22：00
中原区,50700,冷饮店,茉莉奶白(郑州高新正弘汇店),正弘汇负一楼LB88茉莉奶白,113.565625,34.808775,15515250307,8：00——22：00
中原区,50700,冷饮店,益禾堂(郑州谦祥万和城店),高新区长椿路108号谦祥万和城A区3栋附27号1-2层,113.54042,34.831918,17737609106,8：00——22：00
中原区,50700,冷饮店,1点点(郑州大里坊店),春藤路与国槐街交叉口大里坊一层M1-L131号商铺,113.547314,34.810177,13253481685,8：00——22：00
中原区,50700,冷饮店,蜜雪冰城(晶华城店),晶华城3期东北门西90米,113.60506,34.780951,18303715292,8：00——22：00
中原区,50700,冷饮店,柠季·手打柠檬茶(郑州正弘汇负一楼店),瑞达路138号正弘汇商业中心负一层LB83,113.56473,34.809628,15617517728,8：00——22：00
中原区,50700,冷饮店,益禾堂(郑州中原万达金街店),中原万达金街A016商铺,113.601334,34.746024,18039282023,8：00——22：00
中原区,50700,冷饮店,爷爷不泡茶NOYEYENOTEA(郑州探十里店),陇海西路338号探十里负一楼,113.614906,34.735336,15538167955,8：00——22：00
中原区,50700,冷饮店,蜜雪冰城(正弘汇店),正弘汇商业中心B1层44号商铺,113.565267,34.809098,16650253939,8：00——22：00
中原区,50700,冷饮店,古茗(河南工业大学),河南工业大学莲花街校区E区商业街16号,113.54293,34.831769,13071093233;15988767726,8：00——22：00
中原区,50700,冷饮店,蜜雪冰城(莲花街店),郑州市高新区工业大学南门,113.551625,34.826675,13103719137;15617866119,8：00——22：00
中原区,50700,冷饮店,茶百道(郑州中原升龙又一城店),科学大道89号2号楼9号门,113.544573,34.805159,13213020360,8：00——22：00
中原区,50700,冷饮店,蜜雪冰城(中原路桐柏路店),河南省郑州市中原区中原路桐柏路交叉口中原西路42号,113.612956,34.747728,15190359798;17335569598,8：00——22：00
中原区,50700,冷饮店,蜜雪冰城(汇悦儿童店),棉纺西路2号汇悦儿童城1-外10,113.62238,34.759825,18638108240,8：00——22：00
中原区,50700,冷饮店,蜜雪冰城(威尼斯店),威尼斯水城2期东北1门旁,113.613175,34.780445,15515876752;18339103730,8：00——22：00
中原区,50700,冷饮店,蜜雪冰城(郑州绿都城店),长城路绿都城北区南门口附13号,113.581856,34.743498,18638712691,8：00——22：00
中原区,50700,冷饮店,Yes Lemon就是柠·手打柠檬茶(探十里店),文化宫路124号(陇海西路地铁站A口旁),113.615045,34.735428,15003808775,8：00——22：00
中原区,50700,冷饮店,妙·炒酸奶·冰糖葫芦·烤蜜薯(中原万达店),中原万达广场金街4号门东海底捞斜对面名创优品隔壁,113.602764,34.745845,15343815239;15936279413,8：00——22：00
中原区,50700,冷饮店,蜜雪冰城(升龙又一城店),升龙又一城AB区南门东100米,113.544775,34.805157,15838079237;17838387298,8：00——22：00
中原区,50700,冷饮店,蜜雪冰城(汝河路店),汝河路56号靠近升龙御玺,113.610686,34.732806,13838093175;18836966578,8：00——22：00
中原区,50700,冷饮店,蜜雪冰城(丁楼庄园店),紫藤路金梭路丁楼庄园11号楼附12号,113.546775,34.824598,18595607861,8：00——22：00
中原区,50700,冷饮店,蜜雪冰城(和昌大厦店),中原中路167号和昌大厦F1层,113.599376,34.747059,13333689282;15178402795,8：00——22：00
中原区,50700,冷饮店,蜜雪冰城(睿达广场店),新合鑫睿达广场北门西100米,113.567101,34.796803,18539488880;18739941666,8：00——22：00
中原区,50700,冷饮店,一只酸奶牛(公园里店),雪松路128号悦都汇大厦6号楼附32商铺,113.55401,34.8104,13466675058,8：00——22：00
中原区,50700,冷饮店,蜜雪冰城(东史马店),白桦街76-9号,113.558276,34.830832,17638598594,8：00——22：00
中原区,50800,糕饼店,鲍师傅糕点(正弘汇店),瑞达路正弘汇购物中心B1层LB119号,113.565734,34.808844,17760767928,8：00——22：00
中原区,50800,糕饼店,清荣点心铺(升龙天汇8号院店),升龙天汇广场8号院1号楼1层109号商铺,113.624763,34.775437,18903814910,8：00——22：00
中原区,50800,糕饼店,LanTa蓝塔(锦艺城店),棉纺西路锦艺国际华都2期楼下7-14商铺,113.609986,34.762744,0371-63380800,8：00——22：00
中原区,50800,糕饼店,RONG&MOO蓉与茉烘焙(高新保利久街广场店),雪松街保利久街广场一层商铺蓉与茉,113.557557,34.808629,18837179497,8：00——22：00
中原区,50800,糕饼店,仟吉西饼(王府井城市奥莱店),棉纺西路4号王府井百货一层A1-4室,113.613394,34.76193,0371-58682102,8：00——22：00
中原区,50800,糕饼店,卡吉诺(王府井店),桐柏路与棉纺路交叉口王府井1层附D01号,113.612209,34.76215,0371-63377356,8：00——22：00
中原区,50800,糕饼店,香可利(中原万达店),中原中路171号万达广场1F层A001,113.602568,34.746718,0371-55317877;15736703825,8：00——22：00
中原区,50800,糕饼店,香雪儿(岗坡路店),郑煤机社区南区北门旁,113.604344,34.75237,0371-55200273;19003831522,8：00——22：00
中原区,50800,糕饼店,蓝塔烘焙(高新万达店),中原区高新区科学大道高新万达广场1号门一楼,113.581373,34.808681,0371-63298180,8：00——22：00
中原区,50800,糕饼店,黛汀烘焙DAINTY BAKERY(正弘汇店),金梭路33号正弘汇3层L318号,113.566882,34.808846,0371-58606434,8：00——22：00
中原区,50800,糕饼店,杜夫朗格网络蛋糕,长椿路与梧桐街交叉口国家大学科技园2号楼B座1805,113.542238,34.793136,0371-86563823,8：00——22：00
中原区,50800,糕饼店,香可利(伊河路店),绿东村街道伊河路119号伊河路119号院,113.61292,34.742554,0371-67682179;13253395392,8：00——22：00
中原区,50800,糕饼店,香雪儿(建设路1店),棉纺路街道建设西路26号国棉四厂家属院,113.618884,34.75572,0371-55200272,8：00——22：00
中原区,50800,糕饼店,蓝塔烘焙,新悦荟购物中心3号门旁,113.540412,34.83024,0371-63299193,8：00——22：00
中原区,50800,糕饼店,仟吉西饼(盛润锦绣城东苑店),棉纺西路与工人路交叉口向北100米路东,113.621886,34.76007,0371-55116026,8：00——22：00
中原区,50800,糕饼店,白鸽烘焙(永庆路店),航海西路街道汝河路126号启福花园西区,113.596685,34.732716,18569993306,8：00——22：00
中原区,50800,糕饼店,香可利(前进路店),前进路17-7,113.608954,34.750876,0371-56687695;0371-68561257;19143817830,8：00——22：00
中原区,50800,糕饼店,香雪儿(工厂店),枫林路27号,113.505309,34.83785,0371-60975653;0371-63789888,8：00——22：00
中原区,50800,糕饼店,蓝塔烘焙(探十里店),陇海西路338号探十里购物中心L129商铺,113.614439,34.735385,0371-55576369,8：00——22：00
中原区,50800,糕饼店,仟吉西饼(朗悦公园茂1号馆店),高新区朗悦公园茂1号馆在外场一层,113.554601,34.81758,0371-55051373,8：00——22：00
中原区,50800,糕饼店,香可利(锦艺城店),桐柏路与棉纺路交汇处向西300米路南锦艺城购物中心B区一楼南出口,113.608203,34.761838,0371-86656269,8：00——22：00
中原区,50800,糕饼店,香雪儿(金菊街店),丁楼庄园一号楼附4号,113.546845,34.822695,0371-55610536,8：00——22：00
中原区,50800,糕饼店,蓝塔(郑州中原万达华山路店),中原路与华山路交叉口向南五十米路东华山路112号,113.600051,34.746486,0371-55680587;0371-86582866,8：00——22：00
中原区,50800,糕饼店,白鸽烘焙·益生菌蛋糕(颖河路店),伏牛路颖河路西北角,113.607484,34.740132,0371-68619866,8：00——22：00
中原区,50800,糕饼店,八喜冰淇淋蛋糕(梧桐街店),梧桐街与丁香里交叉口向北20米,113.558247,34.795002,19903712090,8：00——22：00
中原区,50800,糕饼店,香可利(西元国际店),建设西路198号西元广场139-140号,113.601405,34.757696,0371-67610936;15294642337,8：00——22：00
中原区,50800,糕饼店,香雪儿(晶华城店),冉屯北路13号27号楼1层附1号,113.604637,34.780982,0371-55200278,8：00——22：00
中原区,50800,糕饼店,蓝塔烘焙(正弘汇店),金梭路39号正弘汇负一楼LB125,113.565957,34.809121,18137840839,8：00——22：00
中原区,50800,糕饼店,柒月手作蛋糕,银屏路银杏路交叉口,113.560691,34.820699,17319767857,8：00——22：00
中原区,50800,糕饼店,日日鲜蛋糕(工人路店),中原路工人路交叉口西北角,113.620684,34.747697,17513312325,8：00——22：00
中原区,50800,糕饼店,香可利(朗悦公园茂店),高新区朗悦公园茂3号馆F1,113.555584,34.82081,0371-60945581;0371-63223893,8：00——22：00
中原区,50800,糕饼店,香雪儿(华强广场店),电厂路70号郑州华强广场F1层,113.603225,34.792425,0371-67112899,8：00——22：00
中原区,50800,糕饼店,仟吉西饼(正商明钻店),正商·明钻一期西南门西90米,113.602971,34.781798,18664952743,8：00——22：00
中原区,50800,糕饼店,桂洲村中式糕点(棉纺路店),棉纺西路34附,113.611172,34.761107,15515506731,8：00——22：00
中原区,50800,糕饼店,黛汀烘焙DAINTY BAKERY(探十里店),陇海西路338号T10探十里购物中心一楼,113.614521,34.73521,0371-60992344;19939702344,8：00——22：00
中原区,50800,糕饼店,中原铺子(冉屯店),冉屯东路与冉屯路交叉口,113.611831,34.776677,0371-88903177;13938285968,8：00——22：00
中原区,50800,糕饼店,香可利(帝湖商场店),桐柏路98号帝湖商场F1层,113.617295,34.720059,0371-55361993,8：00——22：00
中原区,50800,糕饼店,香雪儿(升龙又一城店),科学大道89号升龙又一城AB区8号楼底商28号,113.546015,34.806952,0371-55200626;19003831506,8：00——22：00
中原区,50800,糕饼店,仟吉西饼(万科城店),紫竹路68号万科城锦枫苑7号楼附10.11,113.519725,34.810451,0371-61235272;19937805900,8：00——22：00
中原区,50800,糕饼店,爸爸糖吐司面包(郑州中原万达金街店),中原中路171号8号商业用房1-2层168号,113.60187,34.74565,19303974158,8：00——22：00
中原区,50800,糕饼店,桂洲村中式糕点(秦岭路店),秦岭路与颍河路交叉口东北角199号,113.603713,34.740468,15515506817,8：00——22：00
中原区,50800,糕饼店,香可利(启福花园西区店),华山路与汝河路交叉口向西300米路北,113.596375,34.732715,0371-63223893,8：00——22：00
中原区,50800,糕饼店,香雪儿(升龙御玺店),桐柏路与汝河路交叉口西北角(升龙御玺B1栋7单元南),113.613344,34.733274,0371-65056683,8：00——22：00
中原区,50800,糕饼店,心禾记枣蓉糕,棉纺路街道建设西路26号国棉四厂中街106-2号-1,113.620809,34.755905,15690848118,8：00——22：00
中原区,50800,糕饼店,W法式蛋糕华强广场店,华强广场一期西门1号楼二层152号商铺,113.602193,34.792928,13298125997,8：00——22：00
中原区,50800,糕饼店,仟吉KenGee(工人路店),中原新城观澜小区东北9-2号,113.621114,34.733517,0371-65335083,8：00——22：00
中原区,50800,糕饼店,桂洲村(桐柏南路店),伊河路与桐柏南路交叉口西北40米桐柏路西北角,113.6133,34.742887,15515506912,8：00——22：00
中原区,50800,糕饼店,稻香村(嵩山饭店店),伊河路工人路交叉口向东200米路南北京稻香村,113.62428,34.742538,15378730723,8：00——22：00
中原区,50800,糕饼店,喜来乐麦(公园茂店),迎春街52号公园道一号一期1号楼附14号商铺,113.555258,34.819591,16638165572;18638776899,8：00——22：00
中原区,50800,糕饼店,三色鸽西饼(瑞达路店),郑州市高新技术开发区玉兰街6-6,113.568678,34.805285,0371-67995985,8：00——22：00
中原区,50800,糕饼店,考拉欢喜蛋糕工作室(公园茂店),雪松路与翠竹街交叉口潮流茂隔壁(刘胜君理发店),113.553975,34.817499,15515773700,8：00——22：00
中原区,50800,糕饼店,香雪儿(桐柏路店),梦园新村东南门旁,113.616868,34.770519,0371-55200276;15938733998,8：00——22：00
中原区,50800,糕饼店,老兵蛋糕(锦艺城店),棉纺西路22号院东北门西50米,113.607903,34.761918,18339834923,8：00——22：00
中原区,50800,糕饼店,甜也之间烘焙(翰林火星一号店),长椿路189号翰林米尼茂1号楼11号,113.543832,34.825216,13653861711,8：00——22：00
中原区,50800,糕饼店,白鸽烘焙·巴氏鲜奶生日蛋糕(五龙口店),五龙新城香榭园向东500米路北,113.613983,34.792604,0371-68619866,8：00——22：00
中原区,50800,糕饼店,香雪儿(汇泉西悦城店),金田路10号,113.528119,34.727257,0371-63299263;19103719940,8：00——22：00
中原区,50800,糕饼店,黛汀烘焙DAINTY BAKERY(保利久街店),华山路中原路交叉口西北角保利久街5号楼118商铺,113.598742,34.747918,19037115211,8：00——22：00
中原区,50800,糕饼店,芊浔家蛋糕美学(万达广场东区店),中原中路171号126栋2楼,113.601231,34.745263,13838067267,8：00——22：00
中原区,50800,糕饼店,无糖烘焙·糖非糖(锦艺城店),锦艺国际华都·美域西门旁,113.608033,34.763948,15617626890;17303853770,8：00——22：00
中原区,50800,糕饼店,减法森林(大里坊店),春藤路与国槐街交叉口东南角大里坊商业1层M1-L101号,113.54656,34.810641,15838122725,8：00——22：00
中原区,50800,糕饼店,蜂蜜南瓜糕(谦祥·万和城D区店),中原区高新区蔷薇街39号,113.538901,34.834022,17796767918,8：00——22：00
中原区,50800,糕饼店,香雪儿(谦祥万和城店),谦祥万和城商业街A区西门南侧约50米,113.539268,34.832274,0371-60928890,8：00——22：00
中原区,50800,糕饼店,仟吉西饼(郑州晶悦城购物中心店),长椿街与玉兰街交叉口东北角,113.542015,34.805252,0371-58683760,8：00——22：00
中原区,50800,糕饼店,中原铺子(化工店),化工路40号,113.578554,34.781467,15736767265,8：00——22：00
中原区,50800,糕饼店,白鸽烘焙·巴氏鲜奶面包(须水店),西四环136号附1号院1号楼3单元1层5号,113.523248,34.763857,19838163585,8：00——22：00
中原区,50800,糕饼店,佬俵糕点(建设路店),棉纺路街道建设西路26号国棉四厂家属院,113.621094,34.755619,18203608116,8：00——22：00
中原区,50800,糕饼店,香可利,河南工业大学东门白桦路与雪松路向东200米,113.559417,34.830344,0371-60996719;0371-66996719,8：00——22：00
中原区,50800,糕饼店,纳兰卡芙(谦祥万和城),长椿路与月季路交叉口谦祥万和城,113.538967,34.832378,0371-56767156;18937182145,8：00——22：00
中原区,50800,糕饼店,佳德士蛋糕(启福花园店),启福花园南区北门东90米,113.598982,34.732445,13783565567;13838596595,8：00——22：00
中原区,50800,糕饼店,中原铺子(公园茂店),石楠路与迎春路交叉口,113.551834,34.819174,0371-88903180,8：00——22：00
中原区,50800,糕饼店,减法森林(煤仓北街店),煤仓北街11号-11(盐仓鲜哒集市北门口),113.615317,34.773173,15515631579,8：00——22：00
中原区,50800,糕饼店,仟吉西饼(朗悦公园里店),中原区高新技术产业开发区雪松路128号朗悦公园里4号楼D-4-1008-1011号商铺,113.551825,34.809775,0371-65356553,8：00——22：00
中原区,50800,糕饼店,白鸽烘焙(汝河路店),汝河路街道桐柏路汝河路汝河小区北门派出所向南五十米,113.609926,34.731915,13938560843,8：00——22：00
中原区,50800,糕饼店,蒋义绿豆饼,建设路桐柏路55号楼东北角50米,113.614926,34.756035,13598809661,8：00——22：00
中原区,50800,糕饼店,日日鲜蛋糕(新一中店),凯旋路与文思街交叉口向西50米路北,113.562428,34.753067,0371-60953658;19939492658,8：00——22：00
中原区,50800,糕饼店,全日鲜西饼(乐丁广场店),电厂路4号乐丁广场F1层,113.603238,34.781275,0371-55391166;0371-55964061,8：00——22：00
中原区,50800,糕饼店,仟吉(裕华广场店),伊河路136号综合性办公楼1层付5号,113.62032,34.741926,0371-58683769,8：00——22：00
中原区,50800,糕饼店,仟吉西饼(王府壹号店),前进路中原新城王府小区-前进路81号院,113.610462,34.73848,0371-63340209;19337151681,8：00——22：00
中原区,50800,糕饼店,台湾笨小鸭手撕面包,棉纺西路45-48号楼一层8号,113.613379,34.760578,18538319673,8：00——22：00
中原区,50800,糕饼店,仟吉西饼(冉屯路店),"冉屯东路朱屯路交叉口,风和日丽西门对面",113.609344,34.772034,0371-58573266;15824842990,8：00——22：00
中原区,50800,糕饼店,冰鹿蛋糕(锦艺城店),棉纺西路26号方圆经纬花园16号楼1层115,113.620076,34.763148,17719878579,8：00——22：00
中原区,50800,糕饼店,半糖主义蛋糕店(高新万科广场店),科学大道与红叶路东南角高新万科广场D座916,113.525368,34.806741,13213062526,8：00——22：00
中原区,50800,糕饼店,香雪儿(工人路店),工人路与淮河路交叉口东北角,113.62098,34.72915,0371-85513263,8：00——22：00
中原区,50800,糕饼店,枣欢喜枣糕(丁楼庄园店),中原区高新区翰林国际城丁楼庄园枣欢喜蜜雪旁边的,113.546643,34.824592,13525786152,8：00——22：00
中原区,50800,糕饼店,SHEENSTAR闪星蛋挞商店(正弘汇店),正弘汇负一楼LB-M15,113.565979,34.80874,13298129834,8：00——22：00
中原区,50800,糕饼店,香雪儿和昌澜景(汝河路店),汝河路131号,113.590795,34.732312,0371-61288558;15517539109,8：00——22：00
中原区,50800,糕饼店,拜托点心局(公园茂店),公园道1号鸿苑北里安置区商铺2-附15一层,113.555141,34.821856,13223046123,8：00——22：00
中原区,50800,糕饼店,米朵西饼(翰林国际城店),金梭路209号翰林国际城桃李园南门,113.547869,34.824956,0371-55957595,8：00——22：00
中原区,50800,糕饼店,六分甜手工烘焙坊,中原区公园茂潮流C座1509(塔斯汀汉堡旁边c口进),113.555712,34.818385,18337192032,8：00——22：00
中原区,50800,糕饼店,谷堆面包,金梭路221号4号楼附4一楼谷堆面包店,113.544074,34.825394,15638527010,8：00——22：00
中原区,50800,糕饼店,森沐恬烘焙(桐柏路店),桐柏北路99号(桐柏照像馆旁),113.617717,34.771849,0371-56706501,8：00——22：00
中原区,50800,糕饼店,甜堆堆自选千层(中原店),科学大道红叶路万科小世界D座东南角D1-15,113.525495,34.808461,13298331396,8：00——22：00
中原区,50800,糕饼店,郑州迪利克丝食品有限公司(迪利克丝店),冬青街与银屏路交叉口向北150米路西,113.560626,34.802377,13213155837,8：00——22：00
中原区,50800,糕饼店,抹个千层,河南工业大学地铁站A口步行260米,113.543501,34.824662,15713848869,8：00——22：00
中原区,50800,糕饼店,沙湾村协作路店,前进路协作路交叉口17-2,113.609631,34.751061,15137177312,8：00——22：00
中原区,50800,糕饼店,喜来乐麦(万和城店),长椿路108号,113.53895,34.831991,16638167713;18638776899,8：00——22：00
中原区,50800,糕饼店,香可利烘焙(轻工业学院店),中原区高新技术开发区红松路杜兰街交叉口向西200米,113.502975,34.810614,0371-88509735;18538563913,8：00——22：00
中原区,50800,糕饼店,减法森林(朗悦新悦荟店),朗悦新悦荟商场1号楼南侧一层,113.541131,34.830625,19339915038,8：00——22：00
中原区,50800,糕饼店,香雪儿(伊河路店),伊河路135号1号楼-2层附12号,113.619055,34.742404,0371-67129791,8：00——22：00
中原区,50800,糕饼店,仟吉西饼(升龙金中环财富中心探十里店),桐柏路陇海路东南角探十里负一层b036,113.614958,34.73557,0371-63395627,8：00——22：00
中原区,50800,糕饼店,酥无双现烤板栗酥(新悦荟店),长椿路DW106,113.540723,34.831689,15090287606,8：00——22：00
中原区,50800,糕饼店,郭小糖面包屋(伊河路151号院店),林山寨街道伊河路151号伊河路151号院,113.622265,34.742292,18336352308,8：00——22：00
中原区,50800,糕饼店,米兰西饼蛋糕(中原店),锦艺二期西门北50米3-15商铺,113.60849,34.765271,15515668675,8：00——22：00
中原区,50800,糕饼店,百香林西点(华强广场店),电厂路70号郑州华强城市广场3号楼一层L1-42号铺,113.604028,34.79227,18137782056;18625552901,8：00——22：00
中原区,50800,糕饼店,那珀倫·Ncake拿破仑蛋糕(磨街店),二砂北路121文化创意园区4号楼1楼,113.598543,34.745918,0371-66166588;18603716132,8：00——22：00
中原区,50800,糕饼店,香可利(王屋路店),电厂路70号郑州华强城市广场F1,113.602415,34.79195,17337110330,8：00——22：00
中原区,50800,糕饼店,茨庐0蔗糖0面粉控糖养生甜品蛋糕,1号楼1单元南门口商铺,113.56765,34.796397,17513185707;18337174131,8：00——22：00
中原区,50800,糕饼店,焙思香蛋糕(五龙口店),五龙口南路冉屯东路交叉口向南500米路西农贸市场向西100米,113.613368,34.780624,18695876654,8：00——22：00
中原区,50800,糕饼店,香雪儿(升龙天汇店),棉纺路街道朱庄里北朱庄大街西4号楼1层115,113.623926,34.774266,0371-55200270;19003831518,8：00——22：00
中原区,50800,糕饼店,榴太囧千层蛋糕(翰林国际城孔园店),翰林国际城孔园(河南工业大学地铁站A口步行460米),113.545516,34.824957,15638143103;16691632067,8：00——22：00
中原区,50800,糕饼店,香可利(星辰万科店),航海西路21号星辰·万科生活广场F1层,113.609746,34.720298,0371-55368669,8：00——22：00
中原区,50800,糕饼店,七多滋手感烘焙(国棉一厂店),建设西路66号院附23号(国棉一厂南大门旁),113.611323,34.756404,0371-56650918;13653852694;13838292002,8：00——22：00
中原区,50800,糕饼店,嘉诺时光烘焙(通和明镜台店),电厂路37号(通和盛世小区西门北侧),113.605639,34.794838,13255925870;18837149121,8：00——22：00
中原区,50800,糕饼店,百香林西点(升龙金中环财富中心探十里店),探十里商场负一楼B075,113.614342,34.735031,18903939292,8：00——22：00
中原区,50800,糕饼店,华轩园蛋糕(红河瀛园北区店),太白路与东风西路交叉口西南60米,113.606911,34.789962,13526705435;18339228075,8：00——22：00
中原区,50800,糕饼店,楽阳(西贵小区店),互助路38号,113.621095,34.749699,18838125685,8：00——22：00
中原区,50800,糕饼店,桂洲村桃酥(汝河路店),桐柏南路9号附1号(桐淮地铁站D口步行390米),113.613871,34.73296,15515506929,8：00——22：00
中原区,50800,糕饼店,百香林西点(汝河店),汝河路世纪联华超市一楼内,113.610336,34.732868,18903939292,8：00——22：00
中原区,50800,糕饼店,欧琪蛋糕房(丁香里店),丁香里睿智花园30号商铺-1,113.558252,34.795228,13838510272;19293366116,8：00——22：00
中原区,50800,糕饼店,蓝塔烘焙(高新万科广场店),高新万科广场南2号门入口处,113.524871,34.805023,0371-53378180;19138063348,8：00——22：00
中原区,50800,糕饼店,美奇客蛋糕·生日蛋糕(儿童茂),中原区高新区雪松路与迎春街交叉口儿童茂B馆25楼2501,113.556412,34.820381,13393717810,8：00——22：00
中原区,50800,糕饼店,香可利蛋糕,红松路郑州市电子产业园西区标准厂房,113.510247,34.83457,15039077138,8：00——22：00
中原区,50800,糕饼店,百香林西点(公园茂店),公园道1号附13号,113.555219,34.819576,18903939292,8：00——22：00
中原区,50800,糕饼店,思慕烘焙坊(万科分店),红叶路102号(万科城采薇苑底商3幢1层附5号),113.522896,34.810644,13283719337,8：00——22：00
中原区,50800,糕饼店,新世纪澳门街蛋糕坊,航海路金盾小区1号楼8-11号,113.617686,34.720935,0371-68880633;15638292823,8：00——22：00
中原区,50800,糕饼店,DQ(郑州磨街店),华山路121号磨街园区内霸王茶姬南侧,113.59937,34.744774,13253366159,8：00——22：00
中原区,50800,糕饼店,佬俵食品(美宜家商务酒店店),桐柏北路101号35号楼1层,113.619262,34.775367,15270117177,8：00——22：00
中原区,50800,糕饼店,左岸烘焙(金京花苑店),工人路淮河路北100米路东1-8,113.620977,34.729671,0371-86589088,8：00——22：00
中原区,50800,糕饼店,英伦cake蛋糕(正商明钻店),正商明钻2期西北门北90米,113.605577,34.783218,13676943588;18697348777,8：00——22：00
中原区,50800,糕饼店,九头崖月饼,梧桐西街2号,113.529261,34.795805,17703718249,8：00——22：00
中原区,50800,糕饼店,米琪诺生日蛋糕,金梭路与盘槐里交叉口鸿森科技中心2号楼一楼门面3号,113.564293,34.803325,15238037097,8：00——22：00
中原区,50800,糕饼店,曾小白蛋糕(中原店),伊河路93号阳光四季园1号楼8号,113.601128,34.742569,13253434070,8：00——22：00
中原区,50800,糕饼店,曹记多宝枣糕(棉纺西路31号院店),棉纺西路31号院(五一公园地铁站G口步行430米),113.613156,34.760632,18737111765,8：00——22：00
中原区,50800,糕饼店,美奇客·生日蛋糕(祝福红城店),药厂街与石楠路交叉口祝福红城一号楼底商,113.551211,34.79204,17739774821;19137915420,8：00——22：00
中原区,50800,糕饼店,小草蛋糕,瑞达路19-4号,113.577966,34.787159,18137669700,8：00——22：00
中原区,50800,糕饼店,森与慕白蛋糕(谦祥·万和城B区店),枫杨街道长椿路216号谦祥·万和城B区,113.53596,34.833712,18937118785,8：00——22：00
中原区,50800,糕饼店,可可浓情烘焙,须水河东路133号9号楼1层附2号,113.516113,34.812274,18300685688,8：00——22：00
中原区,50800,糕饼店,苦甜魔方·草鸡蛋蛋糕,中原中路与华山路交叉口东南角,113.600049,34.746835,18538279099,8：00——22：00
中原区,50800,糕饼店,慕叁山( 郑州高新区店 ),梧桐街道科学大道59号美景菩提1号楼11号商铺,113.572933,34.807063,15638908776,8：00——22：00
中原区,50800,糕饼店,艾娜西饼(绿都店),中原西路137号院2号楼1层附5号,113.581202,34.743201,0371-67105276;13607643423;13803814854,8：00——22：00
中原区,50800,糕饼店,酥陌,雪松路128号5号楼1层附60附61号商铺,113.552968,34.810506,18664073841,8：00——22：00
中原区,50800,糕饼店,焙思香蛋糕(丁香里店),梧桐街28号睿智花园,113.558255,34.79579,15639797553,8：00——22：00
中原区,50800,糕饼店,麦达烘培(凯田花园店),航海西路街道秦岭路238号凯田花园,113.601334,34.728651,15225218615,8：00——22：00
中原区,50800,糕饼店,仟吉西饼(瑞达路店),快乐一家西门旁,113.570867,34.795313,0371-63298990,8：00——22：00
中原区,50800,糕饼店,福蘭克烘焙(西耿河家园店),汝河路72号院西耿河家园7号商铺,113.622702,34.7328,13674908556,8：00——22：00
中原区,50800,糕饼店,焙思香蛋糕(须水店),须水农贸市场院内东入口楼梯处,113.522931,34.766549,15238033769,8：00——22：00
中原区,50800,糕饼店,朵朵手作蛋糕店,万科城湖心岛7期北门南侧,113.502882,34.81804,17516202107,8：00——22：00
中原区,50800,糕饼店,竟一蛋糕坊(正大花溪店),柿园路6号正大花溪1号楼102,113.580482,34.755224,15515798521,8：00——22：00
中原区,50800,糕饼店,艺可心面包房(盛润锦绣城东苑店),棉纺西路18号-8,113.623908,34.759563,13608685756,8：00——22：00
中原区,50800,糕饼店,日日鲜蛋糕(阳光花苑店),西流湖街道中原路169号阳光花苑,113.575427,34.746393,0371-63720753;17513312372,8：00——22：00
中原区,50800,糕饼店,麦香斋糕点坊(乳制品厂家属院店),桐柏路街道桐柏北路114号乳制品厂家属院,113.616384,34.770126,13939015599,8：00——22：00
中原区,50800,糕饼店,生日快乐蛋糕房(五龙新城香榭园店),香榭园西门,113.61238,34.793501,15378710050,8：00——22：00
中原区,50800,糕饼店,卡萨西饼(须水镇店),建设西路同汇花园,113.549084,34.764377,13592569692,8：00——22：00
中原区,50800,糕饼店,佬俵糕点,秦岭路190-1号,113.603068,34.742547,18070010562,8：00——22：00
中原区,50800,糕饼店,欧尚烘焙(建设西路店),建设西路396号院同汇花园5号楼1层附31号,113.549677,34.764375,13598072529,8：00——22：00
中原区,50800,糕饼店,麦斯烘焙(西现代城店),枫杨街道枫杨街15号西现代城,113.563821,34.814198,15886718067,8：00——22：00
中原区,50800,糕饼店,茶姐家烘焙低糖·动物奶油蛋糕(华强城市广场店),高新技术产业开发区电厂路70号一号楼二层附123号,113.603327,34.792649,15617573725,8：00——22：00
中原区,50800,糕饼店,烘焙易购(中原万达店),华山路175-9(二砂地铁站A3口步行350米),113.600028,34.745128,18939506878,8：00——22：00
中原区,50800,糕饼店,沙湾村桃酥(万科城店),中原区红叶路118-35号,113.521579,34.811081,15378751991,8：00——22：00
中原区,50800,糕饼店,秘境鹿屿CAKE生日蛋糕·冰淇淋·动物奶油(秦岭路店),秦岭路于建设路交叉口向北50你美景悦荟城三楼秘境鹿屿,113.603007,34.758588,15038055559,8：00——22：00
中原区,50800,糕饼店,轻甜屿礼木糖醇纯动物奶生日蛋糕(郑大新校区店),莲花街198-61,113.531657,34.828561,18697315981,8：00——22：00
中原区,50800,糕饼店,郑州市中原区金麦蛋糕店,"建设西路与西三环向北100米路东,江山名居门口金麦蛋糕店",113.587064,34.762247,16638039583,8：00——22：00
中原区,50800,糕饼店,U梦西饼动物奶油生日蛋糕(高新店),高新技术产业开发区金梭路221号楼2单元附2-6号,113.545661,34.82496,19036507664,8：00——22：00
中原区,50800,糕饼店,嘉诺时光烘焙仟悦西饼(悦栖苑店),航海西路街道闫垌一号院6号楼一层8号商铺,113.609123,34.720593,18937113072,8：00——22：00
中原区,50800,糕饼店,果蕾烘焙,华瑞紫韵城福园126号附4号,113.539048,34.766347,17737601028,8：00——22：00
中原区,50800,糕饼店,梁家老式糕点(煤仓北街),煤仓北路22-67号,113.615557,34.773284,13623823508,8：00——22：00
中原区,50800,糕饼店,碱法面包店,万科城采薇苑10号楼附16号,113.523077,34.810003,13140172899,8：00——22：00
中原区,50800,糕饼店,米琪诺蛋糕店,秦岭路街道中原区棉纺西路6号院3号商业1层商12,113.607763,34.764747,16696133080,8：00——22：00
中原区,50800,糕饼店,幸福西饼(中原区店),陇海西路98号院万客来超市二楼东北角,113.609609,34.737218,0371-55553338,8：00——22：00
中原区,50800,糕饼店,五谷香蛋糕房(煤仓北街店),煤仓北路16-46号,113.611634,34.773986,0371-67528700;15378726981,8：00——22：00
中原区,50800,糕饼店,嘉诺时光烘焙(城开·水城三期店),城开·水城三期西南门东140米,113.616868,34.780002,0371-67867869,8：00——22：00
中原区,50800,糕饼店,云小糖·cake(朗悦·公园道1号·誉园店),枫杨街道枫杨街29号朗悦·公园道1号·誉园,113.544237,34.813988,16668105383,8：00——22：00
中原区,50800,糕饼店,生活园蛋糕(工人路店),工人路互助路28号,113.620958,34.749316,13298123331;18337197322,8：00——22：00
中原区,50800,糕饼店,一寸轻甜千层蛋糕(保利百合店),煤机路18号院保利百合小区4号楼116号,113.598474,34.762107,18538587461,8：00——22：00
中原区,50800,糕饼店,郑州月饼批发配送中心,电厂路和农业路交叉口向北50米路东,113.601144,34.779131,15517588999;18623944123,8：00——22：00
中原区,50800,糕饼店,香奈思(红河瀛园北区店),电厂路与东风西路交汇处路南向东100米,113.606142,34.790009,13592463324,8：00——22：00
中原区,50800,糕饼店,一戴小吐司(正商·金域世家店),桐柏路街道金水西路106号正商·金域世家,113.605383,34.771494,18503860426,8：00——22：00
中原区,50900,甜品店,SH·石艺术下午茶,华山路与颍河西路交叉口西300米路南石美术馆内,113.596563,34.740464,15638203955;16696620746,8：00——22：00
中原区,50900,甜品店,噗吃家清真甜品(碧沙岗店),林山寨街道建设东路31号碧沙岗公园海棠筱苑-花房02号铺,113.630213,34.749274,17737503670,8：00——22：00
中原区,50900,甜品店,DQ(郑州中原万达),中原中路171号中原万达广场二楼2062,113.600773,34.746698,19513397121,8：00——22：00
中原区,50900,甜品店,DQ(升龙金中环财富中心探十里店),陇海西路338号探十里升龙金中环财富中心店B1层,113.614925,34.735425,13303820396;13633777752;18336367753,8：00——22：00
中原区,50900,甜品店,米兔甜品•DIY•私人订制,郑州市高新区迎春街朗悦公园茂V公馆B座16楼1601,113.556694,34.820164,17303716281,8：00——22：00
中原区,50900,甜品店,DQ(郑州正弘汇店),中原区高新区科学大道瑞达路交叉口西南角正弘汇负一层LB74,113.566425,34.808325,16638125926,8：00——22：00
中原区,50900,甜品店,嘟嘟嘴港式甜品(金水西路店),桐柏路街道郑地璞园西门门面房4附8嘟嘟嘴,113.602539,34.771467,18037193466,8：00——22：00
中原区,50900,甜品店,芋见麻糍,棉纺路街道建设西路26号国棉四厂家属院,113.621123,34.755879,15617703007,8：00——22：00
中原区,50900,甜品店,蜜雪冰城(帝湖一街店),工人路帝湖一街交叉口西南角,113.620667,34.716894,18239997839,8：00——22：00
中原区,50900,甜品店,四厂杏仁茶莲子粥炒酸奶店,工人路国棉四厂中街35号楼,113.621669,34.757776,15838028463,8：00——22：00
中原区,50900,甜品店,DQ(升龙金中环财富中心探十里店),陇海西路338号郑州探十里购物中心B1层(陇海西路地铁站A口步行350米),113.614925,34.735425,13303820396;18336367753,8：00——22：00
中原区,50900,甜品店,蜜雪冰城(谦祥·世茂万华城悦府店),枫杨街道万华城悦府东门6-14商铺,113.582325,34.815975,17638506800,8：00——22：00
中原区,50900,甜品店,蜜雪冰城(玉兰街店),中翔悦尚荟,113.54772,34.804683,15890129071;18737849736,8：00——22：00
中原区,50900,甜品店,书亦烧仙草(郑州中原区升龙天汇店),升龙天汇9号院西南门东南140米,113.625724,34.772489,19939491267,8：00——22：00
中原区,50900,甜品店,郑好吃雪花酪(正弘汇店),高新区银屏路15号10号楼1层附西侧,113.563917,34.806833,15617969390,8：00——22：00
中原区,50900,甜品店,三好冰淇淋(升龙又一城店),升龙又一城3号院北门西90米,113.548723,34.804698,16696229573;19863810107,8：00——22：00
中原区,50900,甜品店,三好冰淇淋店(帝湖店),桐柏南路98号帝湖花园东王府,113.619407,34.71725,15639781531,8：00——22：00
中原区,50900,甜品店,汴梁徐先生厚切炒酸奶(翰林国际店),金梭路221号4号楼1层附16号,113.544039,34.826075,13213185511,8：00——22：00
中原区,50900,甜品店,雪花冷库冰淇淋配送(风和日丽家园店),煤仓北街16-38号,113.611862,34.773912,0371-67524708;13938251520;15890668121,8：00——22：00
中原区,50900,甜品店,凉凉慕水果捞(华强广场店),电厂路70号郑州华强广场F1层,113.603477,34.792435,4001056369,8：00——22：00
中原区,50900,甜品店,书亦烧仙草(郑州碧沙岗店),棉纺路街道棉纺西路棉纺五厂家属院1号院,113.625531,34.755162,13939433434,8：00——22：00
中原区,50900,甜品店,十三姨.广式.糖水铺(颖河小区北院店),工人路与颖河路交叉口向西100米路北,113.61886,34.740334,18595417666,8：00——22：00
中原区,50900,甜品店,圈果捞·自助水果捞(朗悦公园茂1号馆店),枫杨街道朗悦公园茂一号馆三楼,113.554575,34.818695,15638194912,8：00——22：00
中原区,50900,甜品店,秘境鹿屿CAKE生日蛋糕·冰淇淋·动物奶油(中原店),祥营安置小区东门旁,113.52767,34.813212,19547328801,8：00——22：00
中原区,50900,甜品店,须水邓记(西湖店),化工路与青檀路向南100米路东,113.58136,34.779053,13503713935,8：00——22：00
中原区,50900,甜品店,冰淇淋大王,桐淮小区南院,113.615447,34.732513,15637973911,8：00——22：00
中原区,50900,甜品店,三好冰淇淋(正商紫薇里店),濮河路王屋路口东50米路南,113.599376,34.781956,13223018678,8：00——22：00
中原区,50900,甜品店,梦龙动物奶油冰淇淋蛋糕(中原店),航海西路街道帝湖花园B区4号楼1层111号103室,113.620365,34.717356,13939642117;17838627742,8：00——22：00
中原区,50900,甜品店,书亦烧仙草(郑州中原区华强广场科技园店),郑州高新区电厂路70号华强广场1号楼1层附50号,113.603248,34.79239,15294789761,8：00——22：00
中原区,50900,甜品店,天冰冰淇淋(郑工机械集团住宅小区店),桐柏路街道煤仓北路22号郑工机械集团住宅小区,113.616223,34.773124,0371-67518275;18538531282,8：00——22：00
中原区,50900,甜品店,六姐花式冰粉(六合幸福门店),秦岭路六合幸福门一期2号楼10004号,113.603034,34.760737,13837616698,8：00——22：00
中原区,50900,甜品店,酥享甜品坊(榴莲千层),石楠路与藤松里路交叉口向西20米藤松里路路北,113.550997,34.809609,18239991884,8：00——22：00
中原区,50900,甜品店,榴莲间(裕华光合花园店),光合商业步行街东门旁,113.620358,34.741775,15649670177;17739003456,8：00——22：00
中原区,50900,甜品店,哆哆甜品蛋糕店,汇泉西悦城11号院,113.527925,34.726625,19337101221,8：00——22：00
中原区,50900,甜品店,伊站GO爽火锅食材冰淇淋店,煤仓北街与桐柏路交叉口东100米(教堂隔壁),113.619995,34.772156,17078895888,8：00——22：00
中原区,50900,甜品店,华豫雪甜品店(王府井城市奥莱店),桐柏路与棉纺路交叉口A区王府井城市奥莱2楼西边扶梯旁,113.612176,34.761736,15517181967,8：00——22：00
中原区,50900,甜品店,双酿记糖水铺(朗悦公园里店),朗悦公园里3号楼南门16号铺(石楠路与藤松里交叉口往东50米),113.552886,34.809703,15886761911,8：00——22：00
中原区,50900,甜品店,尖子生九份芋圆社,朗悦新悦荟(河南工业大学地铁站F口步行310米),113.541825,34.830475,17717878007;18625564962,8：00——22：00
中原区,50900,甜品店,凉凉慕水果捞(朗悦公园茂店),朗悦公园茂,113.556281,34.818341,15515785822;18603812370,8：00——22：00
中原区,50900,甜品店,淇乐冰城(颍河路店),中原区颍河西路正商颖河港湾1号楼9号商铺,113.588751,34.740702,19693853867,8：00——22：00
中原区,50900,甜品店,天冰小神童冰淇淋,昆仑路7号六十四中对面冰淇淋,113.594633,34.735229,18588979151,8：00——22：00
中原区,50900,甜品店,DQ(郑州探十里店),陇海西路332号探十里购物中心负一层B082,113.602306,34.746276,13303820396,8：00——22：00
中原区,50900,甜品店,麻辣女冰(炒冰),金兰西景苑,113.551159,34.809345,18736629109,8：00——22：00
中原区,50900,甜品店,幸甜蛋糕甜品工作室(朗悦公园茂2号馆店),高新技术开发区雪松路迎春路交叉口西北角V公馆C座豪客来楼上2419,113.556375,34.819775,15138968917,8：00——22：00
中原区,50900,甜品店,Tobest天冰·全球冰淇淋智选(和昌澜景店),航海西路街道汝河路135号和昌澜景,113.588261,34.732363,15690853352,8：00——22：00
中原区,50900,甜品店,花花牛炒酸奶(岗坡路店),三官庙街道岗坡路3号郑煤机社区北区,113.604519,34.752657,13673362672;18538510142,8：00——22：00
中原区,50900,甜品店,蜗享你甜品蛋糕店,金菊街翰林国际城孟圆1号楼附2号,113.543388,34.822595,18838164467,8：00——22：00
中原区,50900,甜品店,郑朵朵炒酸奶冻酸奶,建设西路66号23-2,113.611323,34.756411,13298181598,8：00——22：00
中原区,50900,甜品店,Tobest全球冰淇淋智选(锦绣城店),棉纺西路18-58号,113.621775,34.761175,18503863537,8：00——22：00
中原区,50900,甜品店,雪记糖水(谦祥·世茂万华城悦府店),枫杨街道万华城悦府东门6-14商铺,113.581994,34.815873,13253620887,8：00——22：00
中原区,50900,甜品店,刘奶奶手搓冰粉(气泡冰粉),电厂路19-52号,113.605144,34.782579,15039731852,8：00——22：00
中原区,50900,甜品店,梦龙动物奶油冰淇淋生日蛋糕店(郑州大学店),科学大道89号4幢奥威广告旁边小门二层,113.545332,34.80679,15736770703,8：00——22：00
中原区,50900,甜品店,YUMI DESSERTS玉米田蛋糕甜品定制,中原区高新区龙柏里9号院内附10号,113.563614,34.800211,18595721622,8：00——22：00
中原区,50900,甜品店,无物轻食水果捞,中原区荷园商业街22号楼二楼12号无物轻食,113.533712,34.815515,19803829623,8：00——22：00
中原区,50900,甜品店,芊诺冰淇淋,杜兰街紫楠路交叉口向南20米路西,113.500573,34.810307,13663018665,8：00——22：00
中原区,50900,甜品店,冰淇淋折扣店(濮河路店),蒲河路,113.59773,34.782638,18838030653,8：00——22：00
中原区,50900,甜品店,乐糖甜品,中原西路绿都城北区东门,113.583429,34.744479,13298131223,8：00——22：00
中原区,50900,甜品店,糖棠烘焙工作室,郑州市高新区科学大道9号1号楼1单元17层665,113.58309,34.806869,13027627127,8：00——22：00
中原区,50900,甜品店,CoCo都可茶饮(探十里店),陇海西路338号探十里购物中心负一层B009号,113.61477,34.735446,13323810351,8：00——22：00
中原区,50900,甜品店,柠好牛奶鸡蛋醪糟,棉纺路街道建设西路26号国棉四厂家属院,113.62094,34.75633,15617703007,8：00——22：00
中原区,50900,甜品店,雪糕批发(洼刘新城A区店),洼刘新城A区南门东50米,113.549176,34.805192,15038325478,8：00——22：00
中原区,50900,甜品店,雪糕批零部(D+公寓店),中原区高新区红松路与文竹街交叉口D公寓1-136,113.506325,34.795125,13507683355;13523391113,8：00——22：00
中原区,50900,甜品店,微私房烘焙蛋糕店,郑州市高新区药厂路81号5号楼1单元1层3户,113.549321,34.786762,17603879653,8：00——22：00
中原区,50900,甜品店,青之手酿(朗悦公园里店),雪松路128号朗悦公园里·东里商场内1F(华豫百佳超市东门隔壁),113.552539,34.810272,13526758575,8：00——22：00
