区域,餐饮类型编码,餐饮类型名称,POI名称,详细地址,经度(lon),纬度(lat),联系电话,营业时段
二七区,50100,中餐厅,农夫刘先生(丹青路店),丹青路22号,113.617839,34.706857,15639768111,8：00——22：00
二七区,50100,中餐厅,张福记(航海店),航海中路96-5号,113.635119,34.720683,0371-63588777;0371-69356777,8：00——22：00
二七区,50100,中餐厅,小V家火锅鸡(郑州总店),芙蓉花苑东门旁,113.650277,34.707043,15981868586,8：00——22：00
二七区,50100,中餐厅,粗粮厨掌柜(碧云路店),航海路27号鹏程花园7号楼4单元1层,113.665421,34.719849,0371-69767888;18538920815,8：00——22：00
二七区,50100,中餐厅,灶座小锅烀饼(郑州首店),嵩山南路249-19,113.628396,34.713601,19034166611,8：00——22：00
二七区,50100,中餐厅,黑土风情铁锅炖(大学路店),人和路街道建云路76号芙蓉花苑三期A区3号楼14-16,113.645773,34.706556,0371-58581611;0371-68816888,8：00——22：00
二七区,50100,中餐厅,米村拌饭(郑州万象城店),"民主路10号郑州华润万象城六楼米村拌饭L601d商铺,彼酷哩烤鱼隔壁",113.661038,34.755375,15093312251,8：00——22：00
二七区,50100,中餐厅,张福记(交通路店),交通路150-16号,113.646952,34.731245,0371-68727788;0371-68729955,8：00——22：00
二七区,50100,中餐厅,小丫涮老北京涮锅,碧云路赣江路交叉口西南角中陆茶都AY060001号,113.664897,34.70355,0371-58585688,8：00——22：00
二七区,50100,中餐厅,村菇小厨,苗圃街29号,113.664251,34.735489,18037376228,8：00——22：00
二七区,50100,中餐厅,苏园·禧宴(交通路店),大学路街道陇海路与交通路交叉口向北50路东,113.647403,34.737583,0371-66116688,8：00——22：00
二七区,50100,中餐厅,阿嫲·粗粮人家(嵩山南路金沙江路店),嵩山南路与金沙江路向东50米路北,113.630078,34.685806,18638004977,8：00——22：00
二七区,50100,中餐厅,清真·罗有财酥不腻烤鸭(陇海中路店),陇海中路与勤劳街交叉口56号,113.640583,34.736902,0371-61370888;0371-61370999,8：00——22：00
二七区,50100,中餐厅,张福记(陇海店),陇海中路59号(近骨科医院),113.63527,34.736626,0371-67950159;0371-67950169,8：00——22：00
二七区,50100,中餐厅,俏渔湾·信阳名菜楼,长江中路105号玫瑰花园1与2号楼中间,113.639829,34.709571,0371-86601002;18039299627,8：00——22：00
二七区,50100,中餐厅,王繁星面馆(二七店),大学南路8号郑州二七万达广场商场内三楼繁星面馆,113.642895,34.717404,18638708408,8：00——22：00
二七区,50100,中餐厅,淼庄地锅鸡(郑航街店),郑航街19号,113.649973,34.705816,0371-60166333,8：00——22：00
二七区,50100,中餐厅,老蔡记(二七广场店),德化美食街与彩虹路路口(德化街2号楼4号),113.66768,34.751026,0371-66950885;15516927881,8：00——22：00
二七区,50100,中餐厅,松针蔡记蒸饺(兴华街店),兴华南街15-4号,113.632957,34.732118,13938541629,8：00——22：00
二七区,50100,中餐厅,火色广式泥炉鸡煲(二七米房店),行云路赣江路交叉口向西200米路南,113.648372,34.703108,0371-58650008;19036980588,8：00——22：00
二七区,50100,中餐厅,阿甘小馆(郑密路店),兰德喜多家西区西门旁,113.623966,34.726761,0371-55295508,8：00——22：00
二七区,50100,中餐厅,煌粮小灶(苇岸人家店),贺江路与碧云路交叉口东北角,113.66565,34.696344,0371-63228856,8：00——22：00
二七区,50100,中餐厅,大四喜·鲜牛肉火锅(郑州亚细亚店),二七广场亚细亚卓越城5F,113.667529,34.751648,13640970919,8：00——22：00
二七区,50100,中餐厅,黑土风情铁锅炖(长江路店),郑密路长江路交叉口向西50米,113.625795,34.710168,0371-53316999,8：00——22：00
二七区,50100,中餐厅,裕丰源(淮河路店),淮河路88-1号(嵩淮地铁站C口步行140米),113.626037,34.729109,0371-68972996,8：00——22：00
二七区,50100,中餐厅,买买江新疆大盘鸡,二七区永安街25号院南门北80米,113.650087,34.733732,15599987566,8：00——22：00
二七区,50100,中餐厅,粗粮小厨旗舰店(升龙国际店),政通路与连心里交叉口西北40米,113.639171,34.725055,0371-86172833;18538322976,8：00——22：00
二七区,50100,中餐厅,杨掌柜辣椒炒肉(人和路店),淮河路与人和路交叉口向南10米路东,113.641204,34.728192,0371-58683778;19139779500,8：00——22：00
二七区,50100,中餐厅,徐升记不改良老火锅(郑州百年德化店),百年德化风情购物公园A区2楼藤小鱼豆花鱼火锅对过,113.665919,34.750468,19839973227,8：00——22：00
二七区,50100,中餐厅,瓦罐烤鸡(佛岗店),丹枫路连云路交叉口向西100米路南,113.669655,34.694029,15617622833,8：00——22：00
二七区,50100,中餐厅,绿茶餐厅(郑州二七万达店),大学路8号万达广场3楼,113.642631,34.717427,0371-55006505,8：00——22：00
二七区,50100,中餐厅,解家河南菜(连云路店),连云路与南三环交叉口往南路东,113.67111,34.697233,0371-67548777,8：00——22：00
二七区,50100,中餐厅,老罗家·非遗砂锅大鱼头(二七万达店),行云路126号院芙蓉花苑8号楼1-2层121号,113.650313,34.707444,0371-55181378;15393711378,8：00——22：00
二七区,50100,中餐厅,杨掌柜辣椒炒肉(嵩山南路店),嵩山南路249-37,113.628462,34.712285,0371-58586099;18100331588,8：00——22：00
二七区,50100,中餐厅,二人烧(二七万达店),长江路街道大学南路8号1号楼106-107号,113.64126,34.718831,18503916957,8：00——22：00
二七区,50100,中餐厅,苗岭啤酒鸭(长江路总店),大学路与长江路交叉口向东200米路南,113.646079,34.709639,0371-68898880,8：00——22：00
二七区,50100,中餐厅,绿茶餐厅(郑州万象城店),民主路10号华润万象城L619店铺,113.662403,34.754667,15501143593,8：00——22：00
二七区,50100,中餐厅,仲和晓院(中原路店),大学路与兑周北里交叉口向西50米,113.64288,34.746847,0371-85038880;13027703001,8：00——22：00
二七区,50100,中餐厅,唐河王记·南阳民间菜(漓江路店),"漓江路南,南屏路北新公馆3号楼,亚新橄榄城新公馆",113.668414,34.691361,0371-86619666,8：00——22：00
二七区,50100,中餐厅,兰湘子.湘菜小炒(郑州二七万达广场店),航海中路与大学南路交汇口西南角万达广场负一楼宋潮食间内,113.642712,34.717085,0371-63317866,8：00——22：00
二七区,50100,中餐厅,南京大牌档(二七万象城店),二七万象城6层(二七广场地铁站L口步行260米),113.663019,34.754648,,8：00——22：00
二七区,50100,中餐厅,蜀香府重庆老火锅(德化·无限城店),德化街无限城5楼东侧(二七广场地铁站D口步行340米),113.665727,34.749235,13203705437;16603877300,8：00——22：00
二七区,50100,中餐厅,一家人(淮河路店),淮河西路73号,113.625107,34.728685,0371-68866338;0371-68883668;13783713330,8：00——22：00
二七区,50100,中餐厅,泮金大塘(嵩山路店),淮河西路2号,113.628272,34.730679,0371-63295539,8：00——22：00
二七区,50100,中餐厅,苏园·雅厨(二七万达店),大学路航海路交叉口二七万达广场3楼,113.643319,34.717896,0371-61985999,8：00——22：00
二七区,50100,中餐厅,葭荷·粗粮小厨(兴华南街店),兴华南街和长江路交叉口向北20米路西,113.632714,34.710561,13253688595,8：00——22：00
二七区,50100,中餐厅,香嫂粗粮烙馍村,连云路112-12号,113.670263,34.693074,0371-55651058;19913885856,8：00——22：00
二七区,50100,中餐厅,廣順興(佛岗店),连云路与漓江路交叉口向东300米路南,113.674283,34.691552,13303857673,8：00——22：00
二七区,50100,中餐厅,妈妈的馍菜汤·烙馍香(华中路店),台胞小区别墅区北门西80米,113.653832,34.717252,15649135356,8：00——22：00
二七区,50100,中餐厅,大四喜·鲜牛肉火锅(郑州二七万达店),淮河路街道大学中路126号4-11,113.643684,34.722416,16696606536,8：00——22：00
二七区,50100,中餐厅,浙碗儿,淮河路街道曹砦西街1-1,113.640509,34.729083,0371-68861688,8：00——22：00
二七区,50100,中餐厅,半天妖烤鱼(郑州二七万象城店),民主路10号万象城6层,113.661952,34.755038,0371-86553588,8：00——22：00
二七区,50100,中餐厅,邵姐麻辣鱼(橄榄城店),御景台北区南门旁,113.668125,34.696367,18838246768,8：00——22：00
二七区,50100,中餐厅,焱玖家麻辣猪蹄(漓江路店),连云路与漓江路104号,113.673014,34.691565,15538338166,8：00——22：00
二七区,50100,中餐厅,南京大牌档(二七万达店),大学路8号二七万达广场3层3052、3053、3055A号商铺,113.642921,34.71862,0371-55930081;18860381397,8：00——22：00
二七区,50100,中餐厅,知甘季火锅菜(庆丰街店),吉庆嘉园南门旁(火车头体育场地铁站C口步行330米),113.652546,34.730423,13939030727;15838187886,8：00——22：00
二七区,50100,中餐厅,丁记洛馍小院(航海路店),烙馍小院航海路与碧云路交叉口西北角2层,113.66482,34.720798,15237106767;17133619777,8：00——22：00
二七区,50100,中餐厅,袁老四重庆老火锅(郑州佛岗店),亚新橄榄城新公馆4栋附25号,113.667453,34.691395,0371-58585700,8：00——22：00
二七区,50100,中餐厅,小食候湘(郑州长江路店),长江路与郑密路往西150米路北146号9号楼,113.624626,34.710272,19137402577,8：00——22：00
二七区,50100,中餐厅,米村拌饭(亚细亚店),德化街89号(二七纪念塔东侧)亚细亚·卓悦城四层北侧D7铺,113.667408,34.751581,13140191615,8：00——22：00
二七区,50100,中餐厅,小菜园新徽菜(郑州二七万达店),大学南路8号万达广场3层,113.642836,34.716754,0371-60982779,8：00——22：00
二七区,50100,中餐厅,鱼尧古窑脆皮烤鱼(二七米房店),行云路赣江路二七米房时尚创意街区C区14号,113.649018,34.703497,17739795318,8：00——22：00
二七区,50100,中餐厅,虎丫炒鸡(河南郑州二七亚细亚店),二七广场德化街89号亚细亚卓悦城(4F-D2),113.667031,34.751364,18638123081,8：00——22：00
二七区,50100,中餐厅,康莱河豚家宴,长江路128号53号楼一、二层05号商铺,113.628508,34.711135,0371-68962266;18703849301,8：00——22：00
二七区,50100,中餐厅,那拉提新疆特色餐厅(橄榄城店),漓江路23-44,113.671658,34.69153,18903853955,8：00——22：00
二七区,50100,中餐厅,春沅饭店,伊河路1号院1排3号,113.630572,34.742439,0371-61170988,8：00——22：00
二七区,50100,中餐厅,清真烙馍小院(长江路店),兴华南街与长江路交叉口西南40米,113.632651,34.709469,0371-55912989,8：00——22：00
二七区,50100,中餐厅,酿酒人家(淮河路店),庆丰街29号院1号楼1层附9号,113.6522,34.728715,0371-68735268,8：00——22：00
二七区,50100,中餐厅,鱼吉祥蒸汽石锅鱼,漓江路3-108店铺,113.67337,34.691544,17398950101,8：00——22：00
二七区,50100,中餐厅,豫满楼(长江路店),双秀公园东1门旁,113.674065,34.709041,0371-88888018,8：00——22：00
二七区,50100,中餐厅,肘子刘饭店(医学院店),建设东路1号郑州大学第一附属医院斜对面,113.644018,34.754815,,8：00——22：00
二七区,50100,中餐厅,齐齐哈尔家庭烤肉(郑州总店),漓江路亚新橄榄城新公馆4栋附25号,113.667427,34.691392,15038217365;18538264888,8：00——22：00
二七区,50100,中餐厅,拾柒·幸福里 烤鸭北京菜,政通路86号,113.637524,34.725033,0371-88887888;15515557181,8：00——22：00
二七区,50100,中餐厅,温馨园·家常菜馆(庆丰街店),"庆丰街6-2号办公楼辅楼一,二楼",113.652535,34.72961,0371-67087888,8：00——22：00
二七区,50100,中餐厅,仲和小馆(大学路店),大学路与中原路交叉口向南300米路西(64号),113.64294,34.745544,17629352880,8：00——22：00
二七区,50100,中餐厅,王全兴鸡血汤(郑州总店),交通路39号-1号(交通路与保全街交口北50米路东),113.647209,34.732137,0371-55551718;4009997381,8：00——22：00
二七区,50100,中餐厅,蜀湃.川渝冒肚(橄榄城店),贺江路83-12号底商,113.673251,34.695981,19337150875,8：00——22：00
二七区,50100,中餐厅,淼庄地锅鸡(安康路店),安康路4号、10号,113.625154,34.727212,0371-86680888;18538300888,8：00——22：00
二七区,50100,中餐厅,邹家军铁锅炖(橄榄城店),贺江路152号,113.665845,34.696342,18137103110;18530833622,8：00——22：00
二七区,50100,中餐厅,鱼酷活鱼烤鱼二七杉杉奥莱店,大学南路319号二七杉杉奥莱L2层A250铺位,113.646236,34.651208,13523460671,8：00——22：00
二七区,50100,中餐厅,饭湘(嵩山路店),嵩山路与沁河路交叉口西北角(梦想茂一楼),113.627628,34.723487,,8：00——22：00
二七区,50100,中餐厅,豫见湘土情(交通路店),淮河路与交通路交叉口向南100米路东升龙世纪花园5号楼,113.64736,34.726979,0371-68979988;18530918378,8：00——22：00
二七区,50100,中餐厅,曼奈·肉桂厨房(郑州万象城店),民主路10号郑州二七万象城L6层,113.662061,34.754859,,8：00——22：00
二七区,50100,中餐厅,福状元粥(大学路店),大学路80号华城国际中心F1层,113.64328,34.738533,0371-86169252,8：00——22：00
二七区,50100,中餐厅,阿平小馆(二七米房店),行云路142号,113.649874,34.703132,19036939828,8：00——22：00
二七区,50100,中餐厅,瓦舍茶馆(淮南街店),淮南街29-3号,113.636582,34.722506,0371-68975858;15838177104,8：00——22：00
二七区,50100,中餐厅,川香渔歌(淮河路店),淮河路庆丰街交叉口西南角,113.651919,34.728835,0371-55227518,8：00——22：00
二七区,50100,中餐厅,清真高老大牛排胡辣汤(嵩山路总店),亚星盛世家园A区西门南140米,113.628443,34.712083,15838194899;18337183811,8：00——22：00
二七区,50100,中餐厅,喜家德虾仁水饺(郑州万象城店),解放路街道二七民主路10号(华润万象城6层),113.661354,34.754937,13645377084,8：00——22：00
二七区,50100,中餐厅,虎丫炒鸡(郑州二七万达广场店),大学南路8号郑州二七万达广场3F层,113.642905,34.717248,19339983636,8：00——22：00
二七区,50100,中餐厅,滇尒哥煳辣鱼(郑州总店),勤劳街与淮河东路交叉口北100米,113.640786,34.729848,19003838800,8：00——22：00
二七区,50100,中餐厅,YUOZUO渝作·川渝冒肚(橄榄城店),橄榄城新公馆连云路与漓江路交叉口向西200米路南,113.669185,34.691357,17596502758,8：00——22：00
二七区,50100,中餐厅,城南往事融合菜,行云路与赣江路西南角,113.648802,34.703094,15538003280,8：00——22：00
二七区,50100,中餐厅,牛出川火锅郑飞三店,京广路和保全街交叉口向西500米路北郑州烟草隔壁小胡同里,113.653715,34.731612,17303836606,8：00——22：00
二七区,50100,中餐厅,名厨粮造•粗粮小馆(中原路店),中原东路108号交通大厦F3层,113.645686,34.747108,13353800815,8：00——22：00
二七区,50100,中餐厅,吕氏疙瘩汤光速厨房,民主路10号万象城L6层L605,113.661839,34.755119,0371-53363716,8：00——22：00
二七区,50100,中餐厅,五里关火锅(郑州总店),西大街西口150号永桂坊201号,113.668042,34.751704,,8：00——22：00
二七区,50100,中餐厅,温馨园·家常菜馆(康复街店),中国人民武装警察部队总队医院南2门旁,113.649732,34.742082,0371-66930030,8：00——22：00
二七区,50100,中餐厅,小凤阁秘制鸡虾煲(亚细亚卓悦城店),二七广场德化街89号亚细亚卓悦城(5F-E7),113.667268,34.751594,18137792838,8：00——22：00
二七区,50100,中餐厅,喜嬢老火锅(郑锻东苑店),小赵寨街京广中路35-21,113.658428,34.734865,15129455882,8：00——22：00
二七区,50100,中餐厅,湘土情菜馆(汉江路店),大学路与汉江路交叉口向西10米路南,113.642894,34.715102,0371-68907999,8：00——22：00
二七区,50100,中餐厅,清真余味大漠炭火烧烤炖羊肉(郑密路店),郑密路与汉江路交叉口南50米路西珠江荣域北院东门旁,113.626398,34.714717,0371-88812052,8：00——22：00
二七区,50100,中餐厅,赵九记呱呱老火锅(郑州总店),永安东街46-1号,113.660201,34.733944,19138186032,8：00——22：00
二七区,50100,中餐厅,渔歌子鱼头王(中苑名都店),大学路与中原路交叉口中苑名都6号楼2楼,113.644843,34.744941,0371-86187177;0371-86673068;19937761988,8：00——22：00
二七区,50100,中餐厅,椒爱水煮鱼川菜(华润万象城店),民主路10号华润万象城7楼10a号,113.661724,34.754794,15936965416;18595831880,8：00——22：00
二七区,50100,中餐厅,曼玉餐厅(二七万达店),"大学南路8号院万达广场步行街室内三层,3025,3026号",113.642548,34.717053,0371-88973886,8：00——22：00
二七区,50100,中餐厅,東家·猪杂粥觅味馆(郑州店),淮河路街道齐礼阎东街升龙城2号院1-107号,113.630898,34.726409,17319716886,8：00——22：00
二七区,50100,中餐厅,黔茉茉 现舂野佐料火锅,大学南路8号4号楼1单元122/123号,113.641601,34.716474,19013925626,8：00——22：00
二七区,50100,中餐厅,方中山胡辣汤(兴华北街店),兴华北街18号,113.63263,34.738721,15516999995,8：00——22：00
二七区,50100,中餐厅,周小食火锅烤肉(金牛美景园店),京广路与南屏路交叉口向东100米金牛美景园12号楼4楼,113.658191,34.689356,19913718305,8：00——22：00
二七区,50100,中餐厅,虎丫炒鸡(河南郑州二七万象城店),"民主路10号郑州华润万象城B128号(从1号大门,直接下扶梯)",113.662798,34.754815,18695963753,8：00——22：00
二七区,50100,中餐厅,老北京炙子烤肉(金水西路店),嵩山北路与棉纺路交叉口向北300米路东,113.630229,34.760387,15188313771,8：00——22：00
二七区,50100,中餐厅,嘉御堂河南名菜楼,嵩山路与长江路交叉口亚星时代广场观光电梯上6楼,113.627662,34.709062,0371-63351751;18595713512,8：00——22：00
二七区,50100,中餐厅,云晓仙腊味汤煲(二七米房店),行云路146号,113.649543,34.702766,18503827677,8：00——22：00
二七区,50100,中餐厅,彼酷哩活鱼现烤(二七万达广场店),航海中路与大学南路交汇口西南角万达广场1楼,113.642699,34.71928,0371-86582708,8：00——22：00
二七区,50100,中餐厅,张老炝方城炝锅烩面(奥莱店),大学南路319号郑州杉杉奥莱·二七店3层,113.645735,34.651683,0371-63220790;19013920038,8：00——22：00
二七区,50100,中餐厅,虎丫炒鸡(河南郑州二七鑫苑鑫都汇店),建中街街道鑫苑鑫都汇三楼,113.651091,34.735742,18638253249,8：00——22：00
二七区,50100,中餐厅,岩哥土鲫鱼·平价湘菜(齐里闫店),政通路与齐里闫路交叉口向北100米路西,113.630501,34.725693,19103834561,8：00——22：00
二七区,50100,中餐厅,六八六粗粮小厨(淮河路店),金泰成名灯广场北2门旁,113.650421,34.728724,19339956686,8：00——22：00
二七区,50100,中餐厅,胖娃川菜馆(升龙国际中心店),政通路62号院5号楼1层A5-1002号,113.640667,34.727127,0371-63226432,8：00——22：00
二七区,50100,中餐厅,大红椒辣子鸡(二七万达2号院店),航海路与人和路二七万达广场4号楼101号1-2层,113.641065,34.717294,,8：00——22：00
二七区,50100,中餐厅,龚阿豪椰子鸡火锅(万象城店),二七万象城7楼710B,113.662862,34.754881,0371-88816815,8：00——22：00
二七区,50100,中餐厅,费大厨辣椒炒肉(二七万达店),大学南路8号郑州二七万达广场3F层,113.643137,34.71759,13548971303,8：00——22：00
二七区,50100,中餐厅,简朴寨融合菜,嵩山南路226-15号,113.627727,34.714105,0371-66036888;0371-66037888,8：00——22：00
二七区,50100,中餐厅,豫郑记扣碗(政通路)店,嵩山南路196号齐礼阎二号院,113.626571,34.724536,19939497126,8：00——22：00
二七区,50100,中餐厅,源鸣升鲜炒鸡(勤劳街店),汝河路勤劳街交叉口向北100米,113.64082,34.733886,0371-67778788,8：00——22：00
二七区,50100,中餐厅,欧亚明月楼,大学路3号(市骨科医院地铁站D口步行140米),113.644982,34.737507,0371-66776618,8：00——22：00
二七区,50100,中餐厅,渝老四鲜切牛肉火锅(绿水路店),绿水路与浩渺路交叉口向东50米路东,113.631746,34.68635,19339592681,8：00——22：00
二七区,50100,中餐厅,湘里乡亲(淮河东路75号院店),淮河路街道淮河东路75号淮河东路75号院,113.62517,34.72883,0371-60131168;19137906168,8：00——22：00
二七区,50100,中餐厅,火山屋台(二七万达广场店),大学南路8号郑州二七万达广场3F层,113.642895,34.718752,13140165085,8：00——22：00
二七区,50100,中餐厅,鼎鸿·清真豫菜,正岩俊园东1门南50米,113.636073,34.737524,0371-55525777,8：00——22：00
二七区,50100,中餐厅,新疆拉条烧烤城(淮河路旗舰店),淮河路与大学路交叉口向西70米路北,113.643173,34.729078,0371-68876869;18503716158,8：00——22：00
二七区,50100,中餐厅,虎丫炒鸡(河南郑州二七杉杉奥莱店),大学南路319号郑州杉杉奥莱·二七店L2层,113.646055,34.6517,17719873127,8：00——22：00
二七区,50100,中餐厅,山火经典黑鸭煲,米房时尚街区E栋206二楼,113.648794,34.703406,17513329665,8：00——22：00
二七区,50100,中餐厅,彼酷哩活鱼现烤(二七万象城店),民主路10号华润万象城6层L601E商铺,113.661225,34.755327,18550039577,8：00——22：00
二七区,50100,中餐厅,鹰城鑫地饭店中餐厅,大学中路120号鹰城鑫地饭店内(近政通路),113.643604,34.724072,0371-69385777,8：00——22：00
二七区,50100,中餐厅,麻辣诱惑老狼大盘鸡(人和路店),人和路汉江路交叉口向南300米,113.641172,34.713689,15737126341,8：00——22：00
二七区,50100,中餐厅,华豫食府(海豫花园店),京广路与长江路交叉口东北角,113.65847,34.710315,0371-68870868;13598069023,8：00——22：00
二七区,50100,中餐厅,福状元(政通路店),大学中路与政通路交叉口升龙商业广场F1层,113.641986,34.725086,0371-60193681,8：00——22：00
二七区,50100,中餐厅,聚北味熏酱小酒馆,赣江路,113.649822,34.703838,19900918336,8：00——22：00
二七区,50100,中餐厅,我的小板凳街坊火锅(汝河路店),汝河路31-6号,113.637551,34.732358,13938490513;13938522173,8：00——22：00
二七区,50100,中餐厅,小凤阁秘制鸡虾煲(百年德化总店),德化街街道百年德化风情街A区230号商铺,113.665725,34.750194,0371-53396221,8：00——22：00
二七区,50100,中餐厅,虎丫炒鸡(河南郑州二七德化街店),兴盛路德化风情购物公园3楼,113.663122,34.75003,19337102620,8：00——22：00
二七区,50100,中餐厅,半天妖烤鱼(橄榄城都市广场店),贺江路78号橄榄城乐享茂C区2层C209-1C209-4号商铺,113.672091,34.696464,18037697359,8：00——22：00
二七区,50100,中餐厅,东方老醋鱼(马寨店),马寨镇先锋路同兴街交叉口丰泰大酒店一楼,113.532943,34.706757,19937397393,8：00——22：00
二七区,50100,中餐厅,兰湘子.湘菜小炒(亚细亚卓悦城店),亚细亚卓越城4楼D9号,113.667408,34.751581,13591295952,8：00——22：00
二七区,50100,中餐厅,姐弟俩土豆粉(郑州二七升龙店),大学路与政通路交叉口向西10米升龙国际中心a区1层,113.64002,34.726089,18039555717,8：00——22：00
二七区,50100,中餐厅,吃饭皇帝大(郑州万象城店),民主路10号郑州二七万象城L7层,113.663048,34.754539,19337135757,8：00——22：00
二七区,50100,中餐厅,合记(大学中路68号院店),城区大学中路68中华老字号合记,113.644269,34.735113,0371-68977501,8：00——22：00
二七区,50100,中餐厅,顺發记平靓正煲仔粥,二七区二七米房c区,113.649061,34.703362,,8：00——22：00
二七区,50100,中餐厅,雷家人农家地锅柴鸡(郑州嵩山路),嵩山路与汉江路交叉口向西50米路南,113.627176,34.715079,18336393209,8：00——22：00
二七区,50100,中餐厅,虎丫炒鸡(橄榄城都市广场店),橄榄城都市广场南门西90米,113.672317,34.696442,19003831355,8：00——22：00
二七区,50100,中餐厅,老李家炒鸡虾尾(二七万达店),大学南路8号11号楼1-2层102号,113.642562,34.715503,17760785681;18037271069,8：00——22：00
二七区,50100,中餐厅,任广涛干锅鸭(联创佳苑店),连云路112-21号,113.670253,34.692504,13073786583,8：00——22：00
二七区,50100,中餐厅,火啫啫·粤式啫啫煲(郑州二七万达店),大学南路8号万达广场(郑州二七店)3F层,113.642892,34.71774,17503992228,8：00——22：00
二七区,50100,中餐厅,蝎王府羊蝎子(嵩山南路店),嵩山南路1号,113.628412,34.730131,0371-67992596;18539933573,8：00——22：00
二七区,50100,中餐厅,合掌柜辣椒炒肉(兴华南街店),兴华南街与汉江路交叉口东南角,113.632979,34.715135,13223065699,8：00——22：00
二七区,50100,中餐厅,李不馆重庆老火锅(二七万达店),大学南路与张魏寨中街交叉口西北40米,113.643688,34.713318,,8：00——22：00
二七区,50100,中餐厅,东北饺子酱大骨(红云路店),京广路街道冯庄路111号院正商城裕园5号院,113.672828,34.712175,18511129456,8：00——22：00
二七区,50100,中餐厅,彼酷哩活鱼现烤(嵩山路店),嵩山路与清江路交叉口向北200米路西32号商铺,113.627717,34.71328,19838187920,8：00——22：00
二七区,50100,中餐厅,醉巴鲜烤鱼(长江路丹尼斯店),长江路丹尼斯一层,113.633716,34.709472,19013920199,8：00——22：00
二七区,50100,中餐厅,锅大侠市集火锅(橄榄城店),京广路街道南三环连云路交叉口乐享茂B区二层B202,113.671114,34.696718,0371-69159005,8：00——22：00
二七区,50100,中餐厅,秋小懒鲜烧牛肉(郑州二七亚细亚卓悦店),德化街街道亚细亚卓悦城三楼C136,113.667563,34.751624,17335588895,8：00——22：00
二七区,50100,中餐厅,馍菜汤川面馆(长城康桥华城店),大学北路80号康桥华城金之禾馍菜汤四川家常菜,113.643567,34.737991,0371-56088538;13384019103;13783504841,8：00——22：00
二七区,50100,中餐厅,五顺斋烤鸭(大学路店),升龙天玺1-1-110号,113.645145,34.728423,0371-88880229,8：00——22：00
二七区,50100,中餐厅,华豫食府雅苑,保全街2号,113.647241,34.731758,0371-66323555,8：00——22：00
二七区,50100,中餐厅,鱼你在一起(亚星时代广场店),嵩山路街道长江路与嵩山路交叉口亚星盛世星尚中心一层009号,113.626933,34.709388,18803718178,8：00——22：00
二七区,50100,中餐厅,京福涮羊肉(郑密路店),郑密路与留园里丁字路口西南角二楼,113.626409,34.713299,19900909911,8：00——22：00
二七区,50100,中餐厅,阿平小馆(杉杉二七店),大学南路319号郑州杉杉奥莱·二七店L2层,113.646419,34.651632,0371-65367069;17596933847,8：00——22：00
二七区,50100,中餐厅,湘土情辣椒炒肉(万象城店),汇港新城30号2楼楼裙,113.662753,34.75393,0371-68680988;15838228092,8：00——22：00
二七区,50100,中餐厅,黎记烩面(学林雅轩店),康复前街48-1(医学院地铁站M口步行320米),113.645498,34.742059,,8：00——22：00
二七区,50100,中餐厅,庄万里天中土鸡面片,淮河东路与交通路交叉口东180米,113.648788,34.729106,18039113093,8：00——22：00
二七区,50100,中餐厅,鲍蟹甲(郑州行云路店),人和路办事处行云路126号,113.650285,34.706673,15093242277,8：00——22：00
二七区,50100,中餐厅,江西瓦罐汤,大学中路61-10号(大学路与汝河路交叉口向东10米路北),113.644511,34.73249,15617583392,8：00——22：00
二七区,50100,中餐厅,酿酒人家(淮河东路52号院店),淮河东路54号,113.637674,34.729078,0371-66866606,8：00——22：00
二七区,50100,中餐厅,穆彦华逍遥镇胡辣汤(政通路店),二七区政通路117-17号,113.6292,34.724628,15518728989,8：00——22：00
二七区,50100,中餐厅,小V家秘制火锅鸡(橄榄城店),连云路与漓江路交叉口西60米路南(乐桔酒店旁边),113.669846,34.691391,19913893281;19913897936,8：00——22：00
二七区,50100,中餐厅,姐弟俩土豆粉(郑州二七亚细亚店),德化街89号亚细亚卓悦城三层C9号,113.667031,34.751364,18037101377,8：00——22：00
二七区,50100,中餐厅,豆捞坊·鲜牛肉火锅(杉杉奥莱二七店),大学南路319号郑州杉杉奥莱·二七店L2层,113.645633,34.651484,19937139733,8：00——22：00
二七区,50100,中餐厅,锅大侠火锅(德化街店),二七区德化步行街74号三层,113.666582,34.75014,0371-63228900;18738585625,8：00——22：00
二七区,50100,中餐厅,酸喵喵广西酸嘢,铭功路二道街256-31号,113.658125,34.754983,15290843621;15893743958,8：00——22：00
二七区,50100,中餐厅,小木屋拌饭(郑州二七万达店),二七万达广场负一层宋潮食间B09商铺,113.643056,34.717444,15738377915,8：00——22：00
二七区,50100,中餐厅,盖东来大块牛肉饭(亚星盛世家园店),嵩山南路与汉江路交叉口南140米,113.628485,34.71395,15045474557,8：00——22：00
二七区,50100,中餐厅,豫宋家油泼面,庆丰街9-1,113.652564,34.731583,15136190506;15309955739,8：00——22：00
二七区,50100,中餐厅,福状元(亚星盛世家园店),亚星盛世家园A区西门南110米,113.628401,34.712347,0371-66353151;17803852197,8：00——22：00
二七区,50100,中餐厅,张水水鲜辣小炒,淮河路与人和路交叉口往南30米路东,113.641238,34.728404,13253338076,8：00——22：00
二七区,50100,中餐厅,大笨鹅乡村铁锅炖,淮河路勤劳街交叉口向北50米路西,113.640754,34.729657,15736758630,8：00——22：00
二七区,50100,中餐厅,杨掌柜辣椒炒肉(杉杉奥莱店),大学南路319号郑州杉杉奥特莱斯购物广场二七店F3层,113.646855,34.651472,,8：00——22：00
二七区,50100,中餐厅,北国印象,嵩山路沁河路交叉口向西50米路北,113.627214,34.723237,0371-68855959,8：00——22：00
二七区,50100,中餐厅,膳廷居·四季药膳餐厅(兴华北街店),桃源路与兴华北街交叉口西南角(兴茂饭店停车场入口北侧),113.632637,34.739607,15737198076,8：00——22：00
二七区,50100,中餐厅,塔喜喜·塔吉锅,亚细亚卓悦城四楼,113.667408,34.751581,13838100900,8：00——22：00
二七区,50100,中餐厅,金泰成·江南名宴(金泰成名灯广场店),淮河路金泰成名灯广场内西区外1号,113.64947,34.72875,0371-88818688,8：00——22：00
二七区,50100,中餐厅,柒品湘菜(大学南路店),大学南路168号南郡小区第8号楼南1间南2间,113.643542,34.703364,0371-63267888,8：00——22：00
二七区,50100,中餐厅,一分利川菜,庆丰街与保全街交叉口向南30米,113.652526,34.730792,13603712258,8：00——22：00
二七区,50100,中餐厅,杭杭鲜小馆,棉纺东路47-3号,113.637011,34.755488,0371-85511817;13083710978;18538589290,8：00——22：00
二七区,50100,中餐厅,西部来客鲜炒鸡(漓江路旗舰店),漓江路与天云路交叉口路南新公馆,113.667752,34.691408,,8：00——22：00
二七区,50100,中餐厅,东府宴(中都饭店),航海中路99号中都饭店1层东厅,113.651563,34.720078,,8：00——22：00
二七区,50100,中餐厅,京古斋(淮河路总店),淮河路街道交通路与淮河路交叉口向东100米路南,113.648726,34.72871,0371-86111896;15517158332,8：00——22：00
二七区,50100,中餐厅,小V家火锅鸡(杨寨社区综合安置楼店),杨寨社区综合安置楼东门旁,113.526599,34.70769,13523437141,8：00——22：00
二七区,50100,中餐厅,福越楼(郑州国资大厦店),淮河路与嵩山路交汇处向南200米路东,113.628453,34.726044,0371-67378859;0371-67378888,8：00——22：00
二七区,50100,中餐厅,爆纪砂锅(橄榄城店),连云路128-39号,113.668291,34.691381,18338311750,8：00——22：00
二七区,50100,中餐厅,杨记牛肉拉面(长江路店),亚星盛世家园A区南门东230米,113.632724,34.710407,0371-68662929;13938242383;18695822290,8：00——22：00
二七区,50100,中餐厅,杨掌柜辣椒炒肉(连云路店),连云路与漓江路交叉口西北角,113.670249,34.692438,0371-55626225,8：00——22：00
二七区,50100,中餐厅,和胜记炖羊肉,保全街175号(火车头体育场地铁站D口步行460米),113.65354,34.731568,13683833433,8：00——22：00
二七区,50100,中餐厅,老北京炸酱面(郑州二七区),华中路14-2号,113.659928,34.717261,13213132432,8：00——22：00
二七区,50100,中餐厅,花宝街石锅鸡公煲(郑州二七万达店),大学路8号万达广场负1层宋潮食间B区08号商铺,113.642607,34.718097,15003812513,8：00——22：00
二七区,50100,中餐厅,姐弟俩土豆粉(郑州二七华豫佰佳店),大学南路绿水路54号华豫百佳超市旁,113.642422,34.682822,19137927705,8：00——22：00
二七区,50100,中餐厅,同胜祥(郑州市特色商业街店),亚星茶城西门旁,113.628463,34.714481,0371-55296566,8：00——22：00
二七区,50100,中餐厅,秋波里爆蛋豆腐虾(鑫苑鑫都汇店),陇海中路100号鑫苑鑫都汇三层,113.650918,34.73563,13253653289,8：00——22：00
二七区,50100,中餐厅,严厨老坛酸菜鱼(鑫苑·鑫都汇店),陇海路和庆丰街交叉口鑫苑鑫都汇3层,113.6515,34.735859,0371-85511911,8：00——22：00
二七区,50100,中餐厅,蓉亭食贝(郑州二七万象城店),民主路10号二七万象城7层L702a,113.66185,34.755121,,8：00——22：00
二七区,50100,中餐厅,一分利川菜馆(万千世纪城店),汉江路人和路万千世纪城8号楼,113.640792,34.713764,18983055595,8：00——22：00
二七区,50100,中餐厅,猫姑娘大盘鸡(橄榄城店),连云路与漓江路交叉口向东418米路南,113.674593,34.691559,18838275876,8：00——22：00
二七区,50100,中餐厅,鑫鑫地锅城(王胡砦幸福家园店),大学路郑航街19-41号门面房,113.647307,34.705776,15838068270,8：00——22：00
二七区,50100,中餐厅,东来野韭菜花鲜肉涮,铭功路与太康路交叉口东来野韭菜花鲜肉涮,113.659666,34.758449,17303714846,8：00——22：00
二七区,50101,综合酒楼,庆丰楼酒家(铁道陇海家园店),铁道陇海家园西门旁,113.652561,34.735733,0371-68356118,8：00——22：00
二七区,50101,综合酒楼,满园春酒楼(大学中路店),淮河路街道大学中路119-18号,113.64371,34.724459,18813092041,8：00——22：00
二七区,50101,综合酒楼,绿地酒楼,灵山路与鼎盛大道交叉口西南120米,113.649762,34.669761,,8：00——22：00
二七区,50101,综合酒楼,豪客来牛排(郑州新悦城餐厅),大学路与政通路口东南角沃尔玛1-2楼,113.644593,34.724464,0371-55802358,8：00——22：00
二七区,50101,综合酒楼,郑州金稻米总店(南屏路店),秀水湾北门西110米,113.665507,34.68815,0371-61319990;0371-61319997,8：00——22：00
二七区,50101,综合酒楼,李记菜馆(秀水湾店),南屏路39-36号,113.665165,34.688099,15515561016,8：00——22：00
二七区,50101,综合酒楼,云宴喜堂,京广南路与赣江路交叉口西北角,113.656031,34.704066,0371-66765777,8：00——22：00
二七区,50101,综合酒楼,鱼你在一起(亚细亚卓悦城店),德化街二七广场·亚细亚卓悦城3层鱼你在一起,113.66713,34.751675,15037155903,8：00——22：00
二七区,50101,综合酒楼,信阳精品菜(德润·海悦华府店),南三环行云路交叉口向北五十,113.64871,34.699875,0371-55620000;13253620666,8：00——22：00
二七区,50101,综合酒楼,方勇烧烤(京广路店),福华街街道京广中路33号院一楼,113.657521,34.733312,17603948593,8：00——22：00
二七区,50101,综合酒楼,聚味美鲜炒大盘鸡(淮河路店),淮河路庆丰街交叉口向西100米路南,113.651246,34.728763,19503818555,8：00——22：00
二七区,50101,综合酒楼,君乐山信阳菜·小院,大学中路2-35号,113.644439,34.72284,0371-55857888;13333819288,8：00——22：00
二七区,50101,综合酒楼,启福人家酒店,启福中华西北门旁,113.609203,34.705658,0371-63393891;0371-63393892,8：00——22：00
二七区,50101,综合酒楼,水妮烤鱼老店,候寨派出所第二警务区(下李河桥东南),113.577882,34.635429,13653839290,8：00——22：00
二七区,50101,综合酒楼,和平烙馍村(郑密路店),郑密路88号院15号楼1-2层附12号,113.62644,34.714976,0371-68970022;13213192598,8：00——22：00
二七区,50101,综合酒楼,回李家烩羊肉(南彩路店),天泰路东、南彩路北锦绣山河玉瑞园1号楼106号、111号,113.621508,34.683033,0371-53373710,8：00——22：00
二七区,50101,综合酒楼,刘文祥麻辣烫(二七区升龙国际店),人和路与政通路交叉口西北120米,113.640336,34.725822,18513297708,8：00——22：00
二七区,50101,综合酒楼,豪客来牛排(郑州二七万达餐厅),大学路与航海东路交叉口一层124号,113.643123,34.719881,0371-60911577,8：00——22：00
二七区,50101,综合酒楼,阿香嫂烙馍村,丹枫路7号,113.668876,34.693983,0371-55189581;13592604405;13663718981,8：00——22：00
二七区,50101,综合酒楼,如意馄饨(佛岗新居店),京广路街道连云路佛岗新居底商47-6,113.671531,34.695936,15038151011,8：00——22：00
二七区,50101,综合酒楼,姜老四许昌驴肉老店(原十八里河老店),长江路与碧云路交叉口向南50米路东,113.665474,34.709062,13523507901;13903848494,8：00——22：00
二七区,50101,综合酒楼,刘文祥麻辣烫(钱塘衣城店),弓背街1-3号,113.667723,34.746923,13938498237,8：00——22：00
二七区,50101,综合酒楼,豪享来(泰和里店),陇海中路11号郑州中央商务区中铁泰和里一印象1923商业街区的一层106,113.658802,34.740454,0371-58580351,8：00——22：00
二七区,50101,综合酒楼,信阳私房菜餐饮店,南三环京广路漓江路开发路南30米,113.6613,34.691586,13683834569,8：00——22：00
二七区,50101,综合酒楼,西彩周记(西陈庄前街一号院店),西前街一号院北门旁(人民公园地铁站B口步行350米),113.657609,34.756871,15225108801,8：00——22：00
二七区,50101,综合酒楼,乐小满麻辣烫麻辣香锅(康复前街店),大学路康复前街向东10米路南,113.644811,34.742081,13223023669;18339972998,8：00——22：00
二七区,50101,综合酒楼,权三喜自助烤肉便利店,德化街街道二七广场西侧吉祥地Z27数字太空舱文旅商业综合体项目Q区13号商铺,113.664663,34.751333,,8：00——22：00
二七区,50101,综合酒楼,客官乐鲜炒鸡(大都会店),右江路万科大都会24号楼106号,113.654197,34.659705,,8：00——22：00
二七区,50101,综合酒楼,粤海酒店璇宫西餐厅(二七广场),德化街五号粤海酒店28楼,113.667658,34.749629,,8：00——22：00
二七区,50101,综合酒楼,羊排丰烧烤,兴华街与郑航街向西110米路南,113.631325,34.706125,13949142008,8：00——22：00
二七区,50101,综合酒楼,一品缘过桥米线,永安街5号楼,113.655604,34.733934,17337131598;18790315628,8：00——22：00
二七区,50101,综合酒楼,伊兴斋开封庞记桶子鸡烧鸡(庆丰街店),保全街16号院1号楼7号,113.652129,34.730776,13083785535,8：00——22：00
二七区,50101,综合酒楼,桂林米粉,陇海中路3号院3号,113.661849,34.738736,15981873826,8：00——22：00
二七区,50101,综合酒楼,黄河科技学院南校区河畔西餐厅,黄河科技学院南校区院内,113.679029,34.688189,0371-55565116;0371-55672116;18639577667,8：00——22：00
二七区,50101,综合酒楼,熙品源牛排民安路店,民安路3号院北门对面,113.64292,34.732269,13526830669,8：00——22：00
二七区,50101,综合酒楼,红润川菜馆(鑫苑鑫家2期店),侯寨乡百禄街鑫苑鑫家二期西门商铺19-119号,113.63699,34.659597,13592521668,8：00——22：00
二七区,50101,综合酒楼,手工亮仔包,嵩山路街道长江中路128号9号楼1层6号,113.632802,34.712352,15639718699,8：00——22：00
二七区,50101,综合酒楼,疯狂烧烤(珠江荣域北院店),郑密路88-33,113.626437,34.714014,18310616508,8：00——22：00
二七区,50101,综合酒楼,小犟驴鲜汤馆(富华花苑店),人和路77-3号,113.620784,34.714419,13733863949;18530097573,8：00——22：00
二七区,50101,综合酒楼,李记削面,马寨镇东方路与同兴街交叉口向南20米路东,113.530304,34.706204,15093193586,8：00——22：00
二七区,50101,综合酒楼,老丁家八大碗烧烤,马寨镇工业路29号(河南建院地铁站D口步行200米),113.518825,34.714192,15890654820,8：00——22：00
二七区,50101,综合酒楼,东北饺子馆,市场南街5号院D区8号,113.645015,34.738221,,8：00——22：00
二七区,50101,综合酒楼,玛格利塔·现烤披萨(郑州棉纺店),棉纺东路鑫苑国际城市花园39-41号楼12号商铺,113.636575,34.756021,0371-61703533,8：00——22：00
二七区,50101,综合酒楼,如意馄饨(亚星万嘉百汇店),丹尼斯绿水店一楼1号,113.630441,34.68643,15639764229,8：00——22：00
二七区,50101,综合酒楼,洛阳马坡烧烤汝河路店,汝河路71号(嵩淮地铁站E口步行470米),113.6268,34.732864,15515590807,8：00——22：00
二七区,50101,综合酒楼,迪欧咖啡DIO COFFEE(大学路店),政通路与大学路交叉口升龙商业广场B区活力二街二楼,113.642593,34.725778,0371-65715000;15515860033,8：00——22：00
二七区,50101,综合酒楼,串大侠火锅串串(杨寨社区综合安置楼店),同兴街曙光路西北角16号,113.526604,34.707496,19937070006,8：00——22：00
二七区,50101,综合酒楼,畅享牛排,政通路北人和路升龙国际A区东3门美食一街,113.640336,34.725704,15238092435,8：00——22：00
二七区,50101,综合酒楼,都串串火锅(杨寨社区综合安置楼店),曙光路与同兴街交叉口西北40米,113.526608,34.70735,,8：00——22：00
二七区,50101,综合酒楼,龚记鲜炒鸡碳锅鱼手工面,漓江路天云路向北100米,113.667968,34.692794,13673372010,8：00——22：00
二七区,50101,综合酒楼,张记手工饺子手擀面(富达花园店),沅江路富达花园A08-1号楼商业房6号,113.647069,34.701782,18703698485,8：00——22：00
二七区,50101,综合酒楼,武汉正宗全料热干面,庆丰街58号家属院向北20米,113.652557,34.725916,18937127035,8：00——22：00
二七区,50101,综合酒楼,福陞阁宴会厅,人和路街道南三环郑飞医院对面,113.63684,34.699899,0371-61242222,8：00——22：00
二七区,50101,综合酒楼,美汁堡汉堡(永安街店),交通路永安街交叉口东北角美汁堡汉堡店,113.64717,34.733942,18538105527,8：00——22：00
二七区,50101,综合酒楼,星光烧烤鲜炒鸡,三李街66号,113.546361,34.626143,15538345675,8：00——22：00
二七区,50101,综合酒楼,美食时刻牛排自助,二七万达,113.64312,34.717718,,8：00——22：00
二七区,50101,综合酒楼,郑州樱栖·悦涧山庄,樱花路西200米,113.593204,34.612804,0371-68680026;18848822323,8：00——22：00
二七区,50101,综合酒楼,鸿禧堂婚礼宴会酒店,嵩山路与金沙江路向西100米,113.626835,34.688222,0371-63596666,8：00——22：00
二七区,50102,四川菜(川菜),巴乡渝城重庆老火锅(橄榄城都市广场店),贺江路橄榄城艺术培训协会对面,113.672454,34.696856,15993809100,8：00——22：00
二七区,50102,四川菜(川菜),卧龙烤全鱼川菜家常菜(连云路店),连云路与丹枫路交叉口往西200米路南,113.668291,34.693991,0371-63285887;13592474088,8：00——22：00
二七区,50102,四川菜(川菜),四川小天府火锅(保全街店),保全街31-1号,113.656021,34.731347,15136119991,8：00——22：00
二七区,50102,四川菜(川菜),老四川家常菜(德化步行商业街店),延陵街9号(华庭公寓西北),113.668259,34.751153,18595858155,8：00——22：00
二七区,50102,四川菜(川菜),川味小厨(京广路店),京广路保全街向北50米路东32-8,113.657403,34.73202,0371-68712522,8：00——22：00
二七区,50102,四川菜(川菜),正宗四川菜馆(一马路店),一马路78号,113.663722,34.743392,13523416281;18637163264,8：00——22：00
二七区,50102,四川菜(川菜),阿林小厨(兴华北街12号院店),兴华北街12号(绿城广场地铁站C口步行410米),113.632987,34.744068,13393770805;17513185313,8：00——22：00
二七区,50102,四川菜(川菜),温州饭店(西大街店),延陵街19号(二七广场地铁站B口步行470米),113.667754,34.74892,13783508215;18939501659,8：00——22：00
二七区,50102,四川菜(川菜),李记四川担担面(交通路店),康复前街49-18号,113.646907,34.741437,,8：00——22：00
二七区,50102,四川菜(川菜),四川担担面馆(汝河路51号院店),准北街20-10号,113.63514,34.73247,13303822215;13598841466;13676936200,8：00——22：00
二七区,50102,四川菜(川菜),饭歪歪品质川菜(淮河路店),淮河路交通路交叉口向东五十米路北,113.647599,34.729091,,8：00——22：00
二七区,50102,四川菜(川菜),渝乡川菜馆(学院路商业街店),马寨镇学院路27号,113.512591,34.708541,15870585607,8：00——22：00
二七区,50102,四川菜(川菜),聪娃川菜(碧云路店),碧云路1-3(冯庄地铁站C口步行240米),113.665433,34.719973,0371-66851355,8：00——22：00
二七区,50102,四川菜(川菜),阿应四川回锅肉饭店(兴华南街店),兴华南街与南环路交叉口向北950米路西,113.632886,34.70574,18300663548,8：00——22：00
二七区,50102,四川菜(川菜),家富川菜(铁英街店),铁英街18号院东门旁,113.650937,34.741172,13673366040,8：00——22：00
二七区,50102,四川菜(川菜),阿晋四川饭店(佛岗新居店),漓江路32-7,113.673617,34.692178,15928952620,8：00——22：00
二七区,50102,四川菜(川菜),渝风阁老川菜,庆丰街与保全街交叉口南60米,113.652526,34.731031,13213193809;18530921858,8：00——22：00
二七区,50102,四川菜(川菜),六禾川品质川菜,漓江路23号,113.673885,34.69154,0371-55238552,8：00——22：00
二七区,50102,四川菜(川菜),天府人家(东邢花园西院店),马寨镇同兴街学院路东邢花园西院6号楼,113.512882,34.706118,15939048898,8：00——22：00
二七区,50102,四川菜(川菜),小小川菜馆(尖岗店),凤鸣北路,113.581226,34.693491,15981885569,8：00——22：00
二七区,50102,四川菜(川菜),老房子(郑大市场南街店),郑大市场南街3号院(郑州大学东南),113.644994,34.739997,13526702839,8：00——22：00
二七区,50102,四川菜(川菜),巴适轩砂锅菜,大学南路荆胡社区3号院南门,113.645878,34.681207,13203812730,8：00——22：00
二七区,50102,四川菜(川菜),杜小川·融合川菜(亚细亚卓悦城店),亚细亚卓悦城(二七广场地铁站B口步行220米),113.667592,34.751405,,8：00——22：00
二七区,50102,四川菜(川菜),川渝川菜(二七区兑周村工行银行家属院店),中原东路5号楼1号附1号,113.637833,34.747242,15097513908,8：00——22：00
二七区,50102,四川菜(川菜),老川菜(郑州铁路行车公寓店),蜜蜂张街道和平路4号附1号郑州铁路行车公寓,113.654885,34.750442,15937170751,8：00——22：00
二七区,50102,四川菜(川菜),五湖四海川渝菜馆,嵩山南路鑫苑名城9-105房商铺,113.628839,34.668715,13673998389;13673998398,8：00——22：00
二七区,50102,四川菜(川菜),吴记四川担担面(康复前街店),康复前街52号楼3单元1层东户,113.647558,34.742039,,8：00——22：00
二七区,50102,四川菜(川菜),重庆川菜郑蜜路店,嵩山路街道郑蜜路88号-158号,113.626452,34.713139,15038196896,8：00——22：00
二七区,50102,四川菜(川菜),老地方家常菜馆(啟福中华店),启福中华,113.608107,34.705114,13523042587,8：00——22：00
二七区,50102,四川菜(川菜),老四川私房菜,桂江路与铜山北路向西70米路北,113.639218,34.671116,19339961581,8：00——22：00
二七区,50102,四川菜(川菜),娃子川菜(淮北街店),淮北街56-13号,113.636112,34.738334,13838120579;18903863390,8：00——22：00
二七区,50102,四川菜(川菜),武胜麻哥四川特色美食,新浦西街武胜麻哥面,113.65792,34.723265,,8：00——22：00
二七区,50102,四川菜(川菜),老四川重庆菜馆(红珊瑚酒店店),二马路与兴隆街交叉口北60米,113.660942,34.748495,13384016862,8：00——22：00
二七区,50102,四川菜(川菜),飚甲东北烧烤海鲜川菜,漓江路57号1号楼1-2层附4号,113.669877,34.691442,13523442771,8：00——22：00
二七区,50102,四川菜(川菜),川渝私房菜(万科大都会海悦苑店),万科·大都会海悦苑,113.653381,34.658067,13676909790,8：00——22：00
二七区,50102,四川菜(川菜),四川担担面鲜烧牛腩(万科·大都会和悦苑店),万科大都会和悦苑西门25栋107号,113.654167,34.661057,15038398890,8：00——22：00
二七区,50102,四川菜(川菜),重庆川菜馆,郑州科技学院东1门东北80米,113.512532,34.708501,13223046662;15290416388,8：00——22：00
二七区,50102,四川菜(川菜),四川炒菜馆(二马路),火车站二马路79号,113.660199,34.749437,13203809989,8：00——22：00
二七区,50102,四川菜(川菜),老牌川菜馆(锦绣山河玉瑞园店),南彩路与天泰路交叉口东北40米,113.619463,34.683012,13526585765,8：00——22：00
二七区,50102,四川菜(川菜),巴蜀人家酸菜鱼鲜炒鸡(漓江路店),漓江路佛岗新居南门三期104,113.672785,34.691932,,8：00——22：00
二七区,50102,四川菜(川菜),万州烤鱼壹元烧烤,马寨镇工业路与明晖路交叉口东南角31号,113.518375,34.714338,18695878111,8：00——22：00
二七区,50102,四川菜(川菜),重庆家常菜(华庭公寓店),德化美食街德化东街26号,113.667614,34.750885,18638106029,8：00——22：00
二七区,50102,四川菜(川菜),签签香川味串串火锅,学院路与同兴街交叉口东北40米,113.512203,34.706805,,8：00——22：00
二七区,50102,四川菜(川菜),骆记四川燃面牛肉汤,行云路63号,113.650352,34.710899,13353713635,8：00——22：00
二七区,50102,四川菜(川菜),川渝家常菜,张魏寨中街与京广南路交叉口西120米,113.655742,34.712967,15837182687,8：00——22：00
二七区,50102,四川菜(川菜),四川饭店(小赵寨街店),小赵寨街31-5号,113.659222,34.736024,13523555581,8：00——22：00
二七区,50102,四川菜(川菜),山城烧烤·雾都江湖菜·巫山烤鱼(荆胡路店),泰宏建业国际城10号院(荆胡地铁站C口步行440米),113.640605,34.680962,18737777279,8：00——22：00
二七区,50102,四川菜(川菜),姚记四川担担面,福寿街88号1层1082,113.659826,34.752065,18538283842,8：00——22：00
二七区,50102,四川菜(川菜),四川回锅肉饭店(淘气堡新天地店),嵩山南路南彩路锦河广场5号楼,113.626534,34.683972,18239919895;18339942199,8：00——22：00
二七区,50102,四川菜(川菜),重庆红姐川菜.担担面(西前街六号院店),西陈庄前街6号-3(人民公园地铁站B口步行270米),113.657457,34.757133,,8：00——22：00
二七区,50102,四川菜(川菜),迎客渝乡小厨饭店,马寨镇同兴街23-5号,113.529095,34.706736,15138662405,8：00——22：00
二七区,50102,四川菜(川菜),会英川菜馆(隆福国际店),幸福路17-13号,113.653329,34.739878,13526660940,8：00——22：00
二七区,50102,四川菜(川菜),四川现炒麻椒鸡,五里堡街道棉纺东路10号郑州水工第一家属院,113.640893,34.756097,18339250186,8：00——22：00
二七区,50102,四川菜(川菜),蒋记四川担担面,五里堡街道建新街10号建新街10号院,113.645738,34.756095,,8：00——22：00
二七区,50102,四川菜(川菜),重庆幺妹川菜馆,滨河苑一号院南门旁,113.610199,34.689899,15024146747,8：00——22：00
二七区,50102,四川菜(川菜),重庆菜馆,曙光路22-3,113.526701,34.711275,17337772269,8：00——22：00
二七区,50102,四川菜(川菜),贵宾川菜馆,东方路与公明路交叉口北260米,113.531654,34.693916,,8：00——22：00
二七区,50102,四川菜(川菜),四川味鲜卤坊,盛达路滨河花园一期南门,113.61001,34.68995,13838255302,8：00——22：00
二七区,50102,四川菜(川菜),川菜扣碗,小赵寨生活区西门旁,113.659402,34.736682,18339227263,8：00——22：00
二七区,50102,四川菜(川菜),川湘家常私房菜,德化美食街与彩虹路交叉口南20米,113.667631,34.751031,,8：00——22：00
二七区,50102,四川菜(川菜),四川鲜面条(新圃街店),新圃西街145号,113.662133,34.723204,,8：00——22：00
二七区,50102,四川菜(川菜),小四川饭店(新圃西街),新圃西街南段10号院西门旁,113.659871,34.72203,13663822964,8：00——22：00
二七区,50102,四川菜(川菜),老四川饭店(新圃街店),新圃街18号(中铁苑北),113.661918,34.723225,13298152928,8：00——22：00
二七区,50102,四川菜(川菜),姚记四川担担面,航海中路106号升龙城8号院,113.632279,34.721314,19059578041,8：00——22：00
二七区,50102,四川菜(川菜),川味香鲜炒鸡,同兴街16号,113.532325,34.706791,13703937915,8：00——22：00
二七区,50102,四川菜(川菜),老重庆川莱,淮南街22号院17号楼1层附31号-2号,113.636136,34.72151,15653968448,8：00——22：00
二七区,50102,四川菜(川菜),小春川菜烧烤(郑飞店),郑飞小区东区西门北200米,113.636509,34.704327,18614965789,8：00——22：00
二七区,50102,四川菜(川菜),唐记兄弟炒鸡四川菜馆,龙祥路与062乡道交叉路口向南30米路东,113.604401,34.630427,13043716809,8：00——22：00
二七区,50102,四川菜(川菜),小柴川味居,建云街与航海中路交叉口南160米,113.648097,34.718795,,8：00——22：00
二七区,50102,四川菜(川菜),四川小菜卤肉,幸福路8-7号,113.647277,34.740185,,8：00——22：00
二七区,50102,四川菜(川菜),川菜小馆(锦绣山河玉福园店),嵩山路街道丽水街15号锦绣山河玉福园,113.63087,34.685677,19503818382,8：00——22：00
二七区,50102,四川菜(川菜),红辣椒川菜馆(华中路店),华中路11-4号,113.66206,34.716981,13903839296,8：00——22：00
二七区,50102,四川菜(川菜),四川担担面(双龙尚品万博商城4929店),苑陵街16号万博商城1022号,113.664256,34.749499,18338819868;18937185079,8：00——22：00
二七区,50102,四川菜(川菜),汇丰源大盘鸡酸菜鱼(锦祥小区店),锦祥小区1号院南2门东50米,113.652891,34.713165,15238307118,8：00——22：00
二七区,50102,四川菜(川菜),老成都家常菜(弓背街店),弓背街1-8号,113.667677,34.746348,,8：00——22：00
二七区,50102,四川菜(川菜),晓娃老式川菜,京广路街道航海中路27号茗品仕家,113.665454,34.719964,,8：00——22：00
二七区,50102,四川菜(川菜),阿旺川味(暂停营业),郑州华联商厦二七店东1门旁,113.666427,34.753483,17071813333,8：00——22：00
二七区,50102,四川菜(川菜),小春烧烤(郑飞店),淮南街87-51号,113.63627,34.701772,,8：00——22：00
二七区,50102,四川菜(川菜),冯校长老火锅郑州总站(政通路店),政通路128号亿辰山海小区门面房128-1,113.627321,34.724982,19339914735,8：00——22：00
二七区,50102,四川菜(川菜),朱熙熙三不炒(京广路店),京广中路与新圃西街交叉口向南10米路东7-1,113.657576,34.723239,13213245973;15136990555,8：00——22：00
二七区,50102,四川菜(川菜),宜宾燃面(雁鸣餐厅店),紫荆山南路黄河科技学院雁鸣餐厅一层,113.672225,34.688475,17746313662,8：00——22：00
二七区,50102,四川菜(川菜),吴记重庆串串香(升龙城8号院店),兴华南街70-21号(齐礼阎地铁站A1口步行450米),113.632638,34.721486,13673690942,8：00——22：00
二七区,50102,四川菜(川菜),杨景记·川豫味道,兴华南街与政通路交叉口东北角,113.633062,34.724962,15617981563,8：00——22：00
二七区,50102,四川菜(川菜),太二酸菜鱼(郑州二七万达广场店)(装修中),大学南路8号万达广场(郑州二七店)3F层,113.642932,34.717489,4006092822,8：00——22：00
二七区,50102,四川菜(川菜),老四川炒菜馆(泰和苑小区店),蜜蜂张街道蜜蜂张街188号泰和苑小区,113.65432,34.747194,,8：00——22：00
二七区,50102,四川菜(川菜),重庆川菜馆,连云路与漓江路交叉口西南60米,113.67008,34.691355,19923741072,8：00——22：00
二七区,50102,四川菜(川菜),周记川香小厨(隆福国际店),陇海中路28号隆福国际4号楼1层附18号,113.653428,34.739878,13673617108,8：00——22：00
二七区,50102,四川菜(川菜),重庆串串香(先锋路店),先锋路20号大同商夏外-6号,113.533749,34.707129,13598011022,8：00——22：00
二七区,50102,四川菜(川菜),笨尾牛小公鸡拌面·川菜馆,二道街256-18(人民公园地铁站B口步行430米),113.658896,34.754851,15638147262,8：00——22：00
二七区,50102,四川菜(川菜),钱串子成都老火锅,淘气堡新天地东门南90米,113.6254,34.682432,18838970571,8：00——22：00
二七区,50102,四川菜(川菜),重庆川菜馆,京广快速路入口与京广南路交叉口东460米,113.662469,34.677778,,8：00——22：00
二七区,50102,四川菜(川菜),亚星川菜馆,郑州大学第一附属医院进修医生公寓西北门旁,113.648415,34.756859,,8：00——22：00
二七区,50102,四川菜(川菜),巴山云海重庆老火锅,兴华南街27号(嵩淮地铁站G口步行360米),113.63288,34.729746,17638145818,8：00——22：00
二七区,50102,四川菜(川菜),喜嬢老火锅(橄榄城都市广场店),,113.672463,34.697146,15136271535;17629024732,8：00——22：00
二七区,50102,四川菜(川菜),重庆谛道火锅(万嘉百汇店),绿水路与浩渺路西北角,113.630438,34.687352,13333818385,8：00——22：00
二七区,50102,四川菜(川菜),贺记酸菜鱼,马寨镇东方鑫地对面,113.53056,34.707712,13523037359,8：00——22：00
二七区,50102,四川菜(川菜),禄鉴川小馆,陇海路中路9号院商业裙房2层2039,113.659987,34.738767,,8：00——22：00
二七区,50102,四川菜(川菜),拾光记忆川菜馆(暂停营业),郑密路与淮河西路交叉口东南80米,113.623552,34.728276,0371-63289036,8：00——22：00
二七区,50102,四川菜(川菜),映香红麻辣香锅(郑州水工第一家属院店),郑州水工第一家属院西南门旁,113.641568,34.754885,15639725830;18749407202,8：00——22：00
二七区,50102,四川菜(川菜),皇家砂锅大盘鸡(蜜蜂张街40号院店),蜜蜂张40号院1号楼1层1号,113.65509,34.748684,15136238317;15903675017,8：00——22：00
二七区,50102,四川菜(川菜),秋波里爆蛋豆腐虾,嵩山路亚星盛世家园A区西门往南30米,113.628449,34.712566,18501023409,8：00——22：00
二七区,50102,四川菜(川菜),肖四女乐山跷脚牛肉(二七万达店),大学南路8号郑州二七万达广场3F层,113.642613,34.718471,15138945021;17719831238,8：00——22：00
二七区,50102,四川菜(川菜),安康路川菜馆(兰德·喜多家店),安康路川菜馆5-25号,113.625757,34.726987,15938776829;18837188105,8：00——22：00
二七区,50102,四川菜(川菜),重庆巴爷香辣鸡煲(郑大店),大学北路郑大市场北街口向东20米路南,113.644796,34.740205,0371-56660826;18137123767,8：00——22：00
二七区,50102,四川菜(川菜),巴蜀人家(清华苑店),学院路清华苑1号楼三单元35-22号临街底商,113.513539,34.707532,13783715212,8：00——22：00
二七区,50102,四川菜(川菜),川奇麻辣香锅(亚星时代广场店),亚星盛世星苑北门旁,113.626012,34.709456,,8：00——22：00
二七区,50102,四川菜(川菜),川香家宴,大学中路9号新象城(大学中路地铁站C口步行410米),113.645348,34.724584,19043808922;19069613337,8：00——22：00
二七区,50102,四川菜(川菜),川奇麻辣香锅,马寨镇杨寨社区商业步行街曙光路18-9号,113.526253,34.708851,,8：00——22：00
二七区,50102,四川菜(川菜),川鄂小馆(锦绣山河玉畅园店)(暂停营业),庆喜路27号玉畅园北门向西30米路南,113.621486,34.682694,17836917939,8：00——22：00
二七区,50102,四川菜(川菜),囧一碗水煮肉片(绿城广场店),兴华北街12-36号(绿城广场地铁站B口步行120米),113.633044,34.747019,0371-67717018,8：00——22：00
二七区,50102,四川菜(川菜),村夫烤鱼(马寨店),东方智慧城东1门旁,113.52706,34.708666,18790403773,8：00——22：00
二七区,50102,四川菜(川菜),重庆私房小厨,西陈庄前街2号(人民公园地铁站B口步行290米),113.658344,34.757003,,8：00——22：00
二七区,50102,四川菜(川菜),小煲家酒馆江湖菜(人和家苑店)(暂停营业),淮河路街道勤劳街6号人和家苑,113.640375,34.731599,18530888077,8：00——22：00
二七区,50102,四川菜(川菜),陈大厨·川湘菜,祥云路与航海中路交叉口东南100米,113.668898,34.719619,15039093558,8：00——22：00
二七区,50102,四川菜(川菜),李老大鲜炒鸡,马寨镇同兴街与学院路向北80米路东,113.512329,34.707535,13523588640,8：00——22：00
二七区,50102,四川菜(川菜),丽锦酒楼(绿地滨湖国际城1区店),鼎盛大道与望桥路交叉口向南10米绿地滨湖国际城一区二号楼,113.649738,34.669855,0371-55613223;13733188690,8：00——22：00
二七区,50102,四川菜(川菜),四川担担面,西大街与延陵街交叉口东南60米,113.669144,34.751423,,8：00——22：00
二七区,50102,四川菜(川菜),川渔园酒楼,京广路街道赣江路98号春江家园,113.662987,34.70388,13592611355,8：00——22：00
二七区,50102,四川菜(川菜),馨钰茶餐厅(大学路店),大学路80号华城国际中心F1层,113.643177,34.737887,0371-56012688;15037122237,8：00——22：00
二七区,50102,四川菜(川菜),五条杠火锅(德化新街负一层店),德化步行商业街与大同路交叉口北60米,113.666659,34.748395,,8：00——22：00
二七区,50102,四川菜(川菜),农家鲜炒鸡,学院路25-3号,113.511513,34.702656,18838135163,8：00——22：00
二七区,50102,四川菜(川菜),川摆记大鲢鱼锅(大学路店),大学中路126-1号,113.643615,34.722777,,8：00——22：00
二七区,50102,四川菜(川菜),特色酸菜鱼,西陈庄前街郑盐集团大门旁边,113.656384,34.757938,15838322907,8：00——22：00
二七区,50102,四川菜(川菜),重庆菜馆,侯寨街道万科大都会二期铂悦苑门面重庆菜馆,113.661005,34.657635,13896352997,8：00——22：00
二七区,50102,四川菜(川菜),喜客来川菜馆,建新北街与建新西街交叉口东北20米,113.64828,34.757323,,8：00——22：00
二七区,50102,四川菜(川菜),锅锅鸡锅锅鱼大学路店,康桥金域上郡5号院南门东南80米,113.643065,34.732732,13837141899,8：00——22：00
二七区,50102,四川菜(川菜),川湘小厨(鑫苑都汇广场店),大学路鑫苑都汇广场4-119,113.642372,34.659805,15738831352;17638544373,8：00——22：00
二七区,50102,四川菜(川菜),川香小厨,正商航海广场公寓B座3楼,113.659926,34.754612,13623847964,8：00——22：00
二七区,50102,四川菜(川菜),浩浩烫菜馆,幸福路9号院1-35号,113.647179,34.739516,15238319084,8：00——22：00
二七区,50102,四川菜(川菜),顾飞餐饮部,马寨镇学院路与光明路往南200米路东,113.511278,34.701344,15515691166,8：00——22：00
二七区,50102,四川菜(川菜),麻婆豆腐,华中路11号,113.662026,34.716981,13937141407,8：00——22：00
二七区,50102,四川菜(川菜),鱼小渔酸菜鱼(荆胡商业中心店),梁庄街1-4荆胡商业中心,113.646407,34.678416,,8：00——22：00
二七区,50102,四川菜(川菜),京绣川麻辣香锅(万象城店),民主路万象城6层西侧L635号,113.660964,34.755334,18637323331,8：00——22：00
二七区,50102,四川菜(川菜),须水邓记叫化鸡(人和路店),长江路街道大学南路92号兰亭名苑,113.641133,34.707591,13939054411,8：00——22：00
二七区,50102,四川菜(川菜),重庆巴爷香辣鸡煲(黄科大清真店),连云路42-2号,113.671001,34.693686,18937121667;18937211667,8：00——22：00
二七区,50102,四川菜(川菜),渝品香干锅鸭头(铁道家园店),保全街55-5号,113.65784,34.731312,15617928399,8：00——22：00
二七区,50102,四川菜(川菜),亨旺老火锅,大学路107-1号(医学院地铁站D口旁),113.642342,34.747167,15517584848,8：00——22：00
二七区,50102,四川菜(川菜),三雄老板凳豆花火锅,京广中路32-6号,113.657401,34.732173,18638687611,8：00——22：00
二七区,50102,四川菜(川菜),四川担担面,政通路交通路东30米路南,113.645313,34.72587,15637535620,8：00——22：00
二七区,50102,四川菜(川菜),巴蜀居,江泰·天宇国际,113.655641,34.712606,,8：00——22：00
二七区,50102,四川菜(川菜),川奇麻辣香锅(华中路店),京广路街道华中路14号广兴洁云花园,113.658941,34.717243,,8：00——22：00
二七区,50102,四川菜(川菜),朱熙熙三不炒(郑州大学南校区店),交通路79号1005商铺朱熙熙三不炒,113.646968,34.740902,19513333288,8：00——22：00
二七区,50102,四川菜(川菜),川奇麻辣香锅(德化新街店),德化新街负二麻辣香锅C1067,113.666714,34.745481,15093471116,8：00——22：00
二七区,50102,四川菜(川菜),川奇麻辣香锅(鑫苑都汇店),鑫苑都汇广场(大学南路),113.642612,34.660424,,8：00——22：00
二七区,50102,四川菜(川菜),川湘炒菜(珠江荣域北院店),嵩山路街道郑密路88号珠江荣域北院,113.626264,34.715119,,8：00——22：00
二七区,50102,四川菜(川菜),芙蓉巷成都名小吃(万达广场店),大学南路8号郑州二七万达广场B1层,113.643392,34.716998,18569940789,8：00——22：00
二七区,50102,四川菜(川菜),进荣重庆土火锅,绿水路36号泰宏建业国际城10号院2号楼附一号,113.640686,34.681018,,8：00——22：00
二七区,50102,四川菜(川菜),赵九记老火锅(二七万达店),汉江路与大学路交叉口向西150米路南,113.642564,34.715113,15801834486,8：00——22：00
二七区,50102,四川菜(川菜),川谱烤鱼·烧鸡公,德化街100号百年德化风情购物公园2F层,113.664774,34.750304,,8：00——22：00
二七区,50102,四川菜(川菜),西川巷子市井火锅(郑航街店),人和路街道郑航街21号海悦雅居,113.644902,34.705684,,8：00——22：00
二七区,50102,四川菜(川菜),锅大侠火锅(德化街店),德化步行街100号4层鱼不二厨道旁,113.666192,34.750268,0371-63228900;18738585625,8：00——22：00
二七区,50102,四川菜(川菜),重庆名吃(学院路店),河南天义包装容器有限公司西北门旁,113.512779,34.709484,18530875738,8：00——22：00
二七区,50102,四川菜(川菜),凤姐重庆串串香,庆丰街28号A-10附近,113.65226,34.730395,13676982725,8：00——22：00
二七区,50102,四川菜(川菜),巴蜀居毛血旺,西陈庄后街与铭功路交叉口西北100米,113.659092,34.758369,15639745765,8：00——22：00
二七区,50102,四川菜(川菜),川乐串串香(保全街店),铁路北福华街小区北门西50米,113.654588,34.731335,13838509360;18228346922,8：00——22：00
二七区,50102,四川菜(川菜),川奇麻辣香锅(康桥华城店),勤劳街31-87,113.642136,34.738667,15038044560,8：00——22：00
二七区,50102,四川菜(川菜),味天下食府,鑫苑鑫家二期18-124,113.63681,34.661261,19913311067,8：00——22：00
二七区,50102,四川菜(川菜),川奇麻辣香锅荆胡店,大学路绿水路华豫佰佳超市南门川奇麻辣香锅,113.642595,34.681987,15838317737,8：00——22：00
二七区,50102,四川菜(川菜),重庆小火锅,棉纺东路46-1号,113.633676,34.756186,15221768354,8：00——22：00
二七区,50102,四川菜(川菜),王婆大虾(兴华南街店),长江路与兴华南街交叉口盛世雅居10号楼1-2层105,113.633282,34.707749,15225105777,8：00——22：00
二七区,50102,四川菜(川菜),四川担担面,中原第一城北门东110米,113.589225,34.686725,,8：00——22：00
二七区,50102,四川菜(川菜),川奇麻辣香锅(升龙城店),升龙城8号院B座8号楼,113.63246,34.721277,,8：00——22：00
二七区,50102,四川菜(川菜),辣冒烟辣子鸡 砂锅,辣冒烟辣子鸡餐饮饭店,113.657436,34.717151,15537162388,8：00——22：00
二七区,50102,四川菜(川菜),久品鲜川湘馆,,113.65892,34.73572,15991799153,8：00——22：00
二七区,50102,四川菜(川菜),成都味道,兰德·喜多家西区北1门旁,113.625117,34.726974,,8：00——22：00
二七区,50102,四川菜(川菜),胃知味孙记酸菜鱼(贺江路店),贺江路与冯庄东路交叉口西160米,113.67529,34.696736,13849029213,8：00——22：00
二七区,50102,四川菜(川菜),天能饭店,长江路街道大学路与长江路交叉口向北100米路西,113.643683,34.71156,13136670063,8：00——22：00
二七区,50103,广东菜(粤菜),广东客家菜(淮南街15号院店),淮南街15号院,113.6364,34.726192,13017675752,8：00——22：00
二七区,50103,广东菜(粤菜),广东餐厅(二马路),正兴街28号,113.660012,34.749825,13629845318,8：00——22：00
二七区,50103,广东菜(粤菜),广东客家食府,永尚幼儿园南门旁,113.659882,34.734106,0371-89900233;17739748363;18638517829,8：00——22：00
二七区,50103,广东菜(粤菜),广东小炒(铁道·洁云里店),京广南路43号广东小炒,113.657589,34.715229,13526610342;13536704009;13623868071,8：00——22：00
二七区,50103,广东菜(粤菜),鲜味坊广东小炒,小赵寨街22-5号,113.659419,34.736755,19283509773,8：00——22：00
二七区,50103,广东菜(粤菜),广东小炒,京广中路与永安街交叉口向北50米43号-3号,113.65682,34.734431,13733879389,8：00——22：00
二七区,50103,广东菜(粤菜),广东餐室(鑫苑·现代城店),永安街与庆丰街交叉口西北角,113.651895,34.734022,15978431893,8：00——22：00
二七区,50103,广东菜(粤菜),广东餐室(长江中路),长江路108号5号楼与6号楼之间门面房,113.636873,34.710218,13837171384,8：00——22：00
二七区,50103,广东菜(粤菜),粤小馆,中原东路106-2号(医学院地铁站D口步行200米),113.640957,34.747249,15736812155,8：00——22：00
二七区,50103,广东菜(粤菜),广东南园饭店(郑州市二七区艳美饭店),南彩小区9号楼7单元1层2号,113.669213,34.75046,,8：00——22：00
二七区,50103,广东菜(粤菜),粤海轩粤菜,火车站德化街5号(粤海酒店4楼),113.667808,34.749629,0371-60307799;0371-60308888,8：00——22：00
二七区,50103,广东菜(粤菜),广东梅园小炒店(淮南街店),淮南街39-16号,113.636446,34.711985,13613829883,8：00——22：00
二七区,50103,广东菜(粤菜),广盛德猪肚鸡·广式茶点·煲仔饭(淮河路店),淮河路与交通路交叉口东北角100米6-4号,113.648086,34.729087,13939052992,8：00——22：00
二七区,50103,广东菜(粤菜),小广东烧鹅快餐,京广中路12-21号(京广南路地铁站D口步行480米),113.657549,34.72516,13783470981,8：00——22：00
二七区,50103,广东菜(粤菜),禧粤·荷塘粤色(汝河路店),汝河路30-1号,113.638016,34.733088,13103862306,8：00——22：00
二七区,50103,广东菜(粤菜),粤榕巷鹅主角广州烧鹅,富华花苑后人和路门面77-5号,113.641192,34.713088,15738652070;15903026783,8：00——22：00
二七区,50103,广东菜(粤菜),粤桂發广西横县鱼生(郑州店),人和路街道行云路126号芙蓉花苑,113.650297,34.707922,15516998522,8：00——22：00
二七区,50103,广东菜(粤菜),华记打边炉,淮南街36号,113.63617,34.717445,15838326618,8：00——22：00
二七区,50103,广东菜(粤菜),粤海酒店-粤海轩中餐厅,德化街街道5号粤海酒店4楼,113.667796,34.749142,,8：00——22：00
二七区,50103,广东菜(粤菜),梅州小炒,德化街街道南彩小区9号楼,113.668596,34.750487,,8：00——22：00
二七区,50103,广东菜(粤菜),广顺兴(泰宏建业店),绿水路尧山路向北10米路东,113.636789,34.686436,19913897898,8：00——22：00
二七区,50103,广东菜(粤菜),广粤牛杂煲顺德干蒸菜,京广南路江泰国际一号楼郑州江泰星童城F1,113.656586,34.712419,,8：00——22：00
二七区,50104,山东菜(鲁菜),山东炒鸡,政通路49-18号,113.647589,34.724657,,8：00——22：00
二七区,50104,山东菜(鲁菜),山东临沂炒鸡(锦绣山河玉畅园店),锦绣山河玉畅园北门西150米,113.620776,34.682694,13838589885,8：00——22：00
二七区,50104,山东菜(鲁菜),鲁山揽锅菜(郑平公路店),郑平公路与超汇路交叉口西北120米,113.655785,34.676908,15903615873,8：00——22：00
二七区,50104,山东菜(鲁菜),柳东鲁飘香万家蒸香鸭,郑飞小区东区北门东90米,113.640303,34.706121,,8：00——22：00
二七区,50104,山东菜(鲁菜),鲁山揽锅菜(郑密路店),郑密路88号院14号楼1层附6号,113.625774,34.715128,15514352839,8：00——22：00
二七区,50104,山东菜(鲁菜),鲁开欣炒公鸡,嵩山路街道兴华南街169号宏鑫花园,113.632036,34.706005,,8：00——22：00
二七区,50104,山东菜(鲁菜),潍州芥末鸡,二七区大学中路和汝河路路口东50北,113.644979,34.732711,18866774776,8：00——22：00
二七区,50104,山东菜(鲁菜),峰味谷鲁山揽锅菜·羊肉糊汤面(佛岗新苑店),佛岗新苑东门旁,113.664957,34.692971,,8：00——22：00
二七区,50106,浙江菜,温州美食饭庄,新圃西街19-3(京广南路地铁站D口步行430米),113.659144,34.723209,0371-68759992;13937197385,8：00——22：00
二七区,50106,浙江菜,温州海鲜坊(京广路店),新圃西街151号7-8号,113.658356,34.723473,0371-68720419;13613858231;13623816125;18937196973,8：00——22：00
二七区,50106,浙江菜,合宴江南餐厅,嵩山南路绿水路亚星万嘉百汇二楼207-2,113.62964,34.687994,16799658888;18937119988,8：00——22：00
二七区,50106,浙江菜,宁波小食堂,荣盛里与人和路交叉口东120米,113.642361,34.716477,,8：00——22：00
二七区,50106,浙江菜,山兰韵江浙菜私房餐厅,大学路街道勤劳街32-69号桃源市集3号,113.640703,34.73896,,8：00——22：00
二七区,50106,浙江菜,温州快餐店,现代童鞋广场服装中心家属院店北门旁,113.658379,34.723473,,8：00——22：00
二七区,50106,浙江菜,钱塘人家(中原路店)(暂停营业),中原路106号(医学院地铁站D口步行120米),113.641793,34.747265,0371-63339532,8：00——22：00
二七区,50107,上海菜,老豆源老上海酥鱼(交通路总店),交通路148号院1号楼一单元东户,113.646896,34.732737,15286839348,8：00——22：00
二七区,50107,上海菜,七贤渔夫老上海酥鱼(碧云路店),晨曦小区北区西1门南80米,113.665357,34.712318,15516951098,8：00——22：00
二七区,50107,上海菜,沪上餐食记,陇海路京广路交叉口中铁泰和里三层305-307商铺,113.657784,34.738243,0371-63846666;13663715729,8：00——22：00
二七区,50107,上海菜,刘记老上海酥鱼(郑飞小区东区店),郑飞小区东区西南门旁,113.636229,34.701533,,8：00——22：00
二七区,50107,上海菜,上海粽子,鑫苑·现代城南门西南80米,113.650781,34.73374,,8：00——22：00
二七区,50107,上海菜,阿三生煎(二七万达店),郑大市场南街5号院菜市场里面B区,113.642971,34.716899,15637168566,8：00——22：00
二七区,50107,上海菜,梁程记生煎(橄榄城店),京广路街道贺江路乐享茂C区1层116号商铺,113.672117,34.696776,13676997588;19943851133,8：00——22：00
二七区,50108,湖南菜(湘菜),锅氣-湖南菜(行云路店),行云路121-9号附1号,113.650633,34.70809,19293300244,8：00——22：00
二七区,50108,湖南菜(湘菜),下饭菜湘菜馆,淮河路与大学路交叉口向西路南,113.640618,34.728759,0371-68855196;18638229092,8：00——22：00
二七区,50108,湖南菜(湘菜),湘家啦.地道湖南菜(豆花烤鱼),中铁泰和里一期二楼,113.657545,34.738409,15038201063;18538522086,8：00——22：00
二七区,50108,湖南菜(湘菜),湘萝卜长沙菜,亚星万家百汇2层2-4号商铺,113.630375,34.687375,19059531108,8：00——22：00
二七区,50108,湖南菜(湘菜),聚家湘菜馆(郑密路店),郑密路清江路向西30m路北,113.626044,34.712283,19036911691,8：00——22：00
二七区,50108,湖南菜(湘菜),余记湘菜馆,漓江路南溪路交叉口吉祥东门,113.652384,34.693503,13989718291,8：00——22：00
二七区,50108,湖南菜(湘菜),湘湘菜馆,桂江路与铜山北路交叉口西北角门面房,113.640202,34.671044,13598851753,8：00——22：00
二七区,50108,湖南菜(湘菜),湘土情菜馆(金泰成名灯广场店),建中街街道淮河路交通路交叉口向东三百米路南(金泰城一楼),113.649225,34.728725,0371-61171078;18538175305,8：00——22：00
二七区,50108,湖南菜(湘菜),荟家湘菜馆(郑航街店),百姓广场C1馆,113.632115,34.706001,0371-63468568;17319791568,8：00——22：00
二七区,50108,湖南菜(湘菜),荟家湘菜馆(政通路店),政通路59号附1号,113.646653,34.72472,13275977968,8：00——22：00
二七区,50108,湖南菜(湘菜),思湘小厨湘菜信阳菜,百荣世贸商城B座西北角,113.664788,34.657752,0371-58582158,8：00——22：00
二七区,50108,湖南菜(湘菜),湘约湘菜馆,河南现代建设集团北门旁,113.640542,34.728744,,8：00——22：00
二七区,50108,湖南菜(湘菜),荟家湘菜馆(黄龙岗店),侯寨乡黄龙岗103号,113.604414,34.630501,15538138990,8：00——22：00
二七区,50108,湖南菜(湘菜),遇见湘,德化街道百年德化A区3楼BQA307-1,113.665422,34.750068,19059526377,8：00——22：00
二七区,50108,湖南菜(湘菜),一碗湘,行云路与张魏寨中街交叉口南80米,113.650375,34.712325,,8：00——22：00
二七区,50108,湖南菜(湘菜),湖南一品香快餐,一马路银基西门正对面,113.663904,34.74299,,8：00——22：00
二七区,50108,湖南菜(湘菜),七品湘菜酒店(亚星·城市山水店),长江中路129-19号附近,113.629847,34.709519,0371-55329977,8：00——22：00
二七区,50108,湖南菜(湘菜),麦元家湘菜馆,凤鸣南路与008乡道交叉口北300米,113.582056,34.695884,,8：00——22：00
二七区,50108,湖南菜(湘菜),有家湘菜行云路店,行云路与长江路交叉口北100米,113.650348,34.710853,,8：00——22：00
二七区,50108,湖南菜(湘菜),湘味家菜馆,大学路街道郑大市场南街4号市场南街4号院,113.64476,34.738366,,8：00——22：00
二七区,50108,湖南菜(湘菜),湘士情洞庭臭桂鱼,大学南路36号富华花苑,113.643022,34.7151,,8：00——22：00
二七区,50108,湖南菜(湘菜),湖南牛肉面,淮南街郑飞小区小西门7号,113.636186,34.701423,13410729959,8：00——22：00
二七区,50108,湖南菜(湘菜),张记湖南米粉牛肉面(佛岗新居店),南三环连云路向南第一个路口再向东20米路南,113.671435,34.695933,13298190261;15903667162,8：00——22：00
二七区,50108,湖南菜(湘菜),烟酒茶湘菜馆,西服总厂小区西2门东90米,113.646562,34.72472,,8：00——22：00
二七区,50108,湖南菜(湘菜),湘芋麻糍,桃源路与桃源南街交叉口东140米,113.637881,34.740153,13203838276,8：00——22：00
二七区,50108,湖南菜(湘菜),老味道湘菜汝河路店,淮河路街道汝河路28号康桥金域上郡3号院,113.639589,34.732854,13027523712,8：00——22：00
二七区,50108,湖南菜(湘菜),九鼎湘菜馆(升龙城8号院店),升龙城8号院5号楼113号,113.631595,34.721731,15527281688,8：00——22：00
二七区,50108,湖南菜(湘菜),湖南花椒炒鸡,金水源街道尧山路39号康桥康城一号院,113.639889,34.671366,,8：00——22：00
二七区,50108,湖南菜(湘菜),蓄味已久·二哥3不炒(亚星店),嵩山南路与清江路东北角,113.628457,34.712646,19139758088,8：00——22：00
二七区,50108,湖南菜(湘菜),赣湘府湘菜,兴华北街与桃源路交叉口北40米,113.632679,34.740619,,8：00——22：00
二七区,50108,湖南菜(湘菜),胖哥湘菜(长江一号2期店),长江路京广路交叉口向南200米路东,113.657709,34.707395,13213240339,8：00——22：00
二七区,50108,湖南菜(湘菜),广瑞湘滑蛋饭(河医店),建新西街62-1号,113.648325,34.757775,,8：00——22：00
二七区,50108,湖南菜(湘菜),湖南米粉牛肉面(正兴街),京广路正兴街交叉口向东100米路北,113.653348,34.748656,13975695391,8：00——22：00
二七区,50108,湖南菜(湘菜),戴湘府·家宴(兴华北街店),兴华北街17-16号,113.632679,34.74063,15516183317,8：00——22：00
二七区,50108,湖南菜(湘菜),戴湘府·家宴(汝河路店),汝河路勤劳街路西100米,113.63964,34.732733,13027523712,8：00——22：00
二七区,50108,湖南菜(湘菜),阿湘姐烤肉拌饭·脆皮鸡饭(郑州二七店),淘气堡新天地,113.626374,34.684225,,8：00——22：00
二七区,50108,湖南菜(湘菜),聚湘楼,绿水路与丽水街交叉口东南60米,113.631153,34.68657,,8：00——22：00
二七区,50108,湖南菜(湘菜),潇湘阁饭厨,铁英街与陇海中路交叉口南120米,113.650813,34.735227,,8：00——22：00
二七区,50108,湖南菜(湘菜),川湘居自选美食城(升龙城·二七中心店),升龙城8号院B座8号楼(齐礼阎地铁站D口步行330米),113.631919,34.720995,,8：00——22：00
二七区,50108,湖南菜(湘菜),面醉湘,福寿街167号中州商场,113.662927,34.748402,,8：00——22：00
二七区,50108,湖南菜(湘菜),福满满·地道湘味·家常菜,大学路市场街交叉口东100米,113.644996,34.740384,18638502181,8：00——22：00
二七区,50108,湖南菜(湘菜),聚湘楼,亚星·锦绣山河玉福园北门旁,113.631978,34.686075,,8：00——22：00
二七区,50108,湖南菜(湘菜),湘味小厨,中原第一城北门旁,113.588189,34.686713,,8：00——22：00
二七区,50108,湖南菜(湘菜),海湘苑,侯寨乡右江路万科万荣商务服务中心东院8号楼G101,113.648739,34.658135,19149433366,8：00——22：00
二七区,50108,湖南菜(湘菜),稻湘小馆,金海路榕江瑞景园北门,113.638903,34.678819,18135778886,8：00——22：00
二七区,50108,湖南菜(湘菜),川湘阁,长江路街道建云街11号富华新苑,113.648036,34.716082,,8：00——22：00
二七区,50108,湖南菜(湘菜),川湘豫融合餐厅(秀水湾店),人和路街道南屏路39号秀水湾,113.665145,34.688092,,8：00——22：00
二七区,50108,湖南菜(湘菜),湘厨人家(升龙城5号院店),政通路升龙城5号院1-121号商铺(共2层),113.630878,34.724128,15343716615,8：00——22：00
二七区,50108,湖南菜(湘菜),稻秀才·炒拌仙湘味菜饭(郑州二七店),长江路街道汉江路建云街都市佳苑门面房8号,113.647513,34.71406,13949060868,8：00——22：00
二七区,50108,湖南菜(湘菜),食话说湘(暂停营业),连云路佛岗新居西门,113.671068,34.694038,,8：00——22：00
二七区,50108,湖南菜(湘菜),湘湘菜馆(鑫苑名城2号院店)(暂停营业),鑫苑名城2号院,113.630245,34.668954,13598851753,8：00——22：00
二七区,50108,湖南菜(湘菜),阿瓦山寨(航海路店)(暂停营业),淮南街22号院19号楼1层东2号-东4号,113.63571,34.720686,0371-68976799;13526622799,8：00——22：00
二七区,50109,安徽菜(徽菜),徽味小厨,凤鸣南路与008乡道交叉口东北240米,113.582032,34.695241,,8：00——22：00
二七区,50109,安徽菜(徽菜),皖南土菜馆(长江中路店),长江路与建云街交叉口西80米,113.645878,34.709613,15807807880;18703841945,8：00——22：00
二七区,50109,安徽菜(徽菜),正宗太和板面,碧云路125号青秀佳苑A区2号楼底商,113.667787,34.692628,18539719335,8：00——22：00
二七区,50110,福建菜,闽商海鲜餐厅,铭功路148号,113.659044,34.761168,18120997799,8：00——22：00
二七区,50110,福建菜,振炎福建沙县小吃,连云路69-7号,113.671404,34.699907,17324846649,8：00——22：00
二七区,50110,福建菜,沙县小吃(管城花园店),德化新街15号口旁,113.666995,34.748214,13598824239,8：00——22：00
二七区,50110,福建菜,沙县小吃(邮局家属院店),邮局家属院东门北100米,113.643787,34.749042,17329435199,8：00——22：00
二七区,50111,北京菜,赵一福北京烤鸭店(大学路),二七区大学中路2-33号,113.644433,34.722579,13253646668,8：00——22：00
二七区,50111,北京菜,牛记北京烤鸭(碧云路店),碧云路与春晖路交叉口向南200米路西牛记北京烤鸭,113.665025,34.712375,18237191680,8：00——22：00
二七区,50111,北京菜,大刀涮(安康路店),安康路5号院1号楼1层商业102,113.624254,34.726989,15538316286,8：00——22：00
二七区,50111,北京菜,品意德北京烤鸭(行云路店),汇景嘉园东院西门旁,113.65076,34.708607,18037326632;19523717897,8：00——22：00
二七区,50111,北京菜,北京烤鸭(桃源路店),大学路桃源路西10米路北北京烤鸭店,113.643586,34.740454,18839708760,8：00——22：00
二七区,50111,北京菜,炉门北京烤鸭(碧云路店),碧云路与红云路交叉口东南角,113.665543,34.711811,15038371591,8：00——22：00
二七区,50111,北京菜,赵记北京烤鸭店(汝河路店),兴华南街13号附1号,113.633071,34.732336,15538203879,8：00——22：00
二七区,50111,北京菜,枣木牌烤鸭(郑州大学店),大学路77号附2号房屋,113.643554,34.740464,17320151863,8：00——22：00
二七区,50111,北京菜,炉煌宫北京烤鸭(医学院店),五里堡街道棉纺东路12号,113.639851,34.755262,18521091116,8：00——22：00
二七区,50111,北京菜,杨记烤鸭名店(京广路店),京广中路18-16,113.65743,34.730438,13014635224;13663717628,8：00——22：00
二七区,50111,北京菜,正兴德北京烤鸭(宏鑫花园店),兴华南街与郑航街交叉口西南角,113.632726,34.705928,18638602397,8：00——22：00
二七区,50111,北京菜,品意德北京烤鸭(工人路店),工人路滨河名家南六十米路东401-38,113.62097,34.718025,18538072917,8：00——22：00
二七区,50111,北京菜,聚惠德北京烤鸭(升龙城5号院店),齐礼闫路沁河路交叉口东北角2-113,113.631389,34.723232,13253537897,8：00——22：00
二七区,50111,北京菜,一品京城烤鸭(佛岗新居店),连云路都市广场A座113号商铺,113.672828,34.696444,0371-55360522;13526684213,8：00——22：00
二七区,50111,北京菜,百顺斋北京烤鸭(郑飞小区店),郑飞小区东区西南门北80米,113.636272,34.701845,15093154004,8：00——22：00
二七区,50111,北京菜,邱记北京烤鸭(长江路店),长江路高砦新农贸市场,113.654852,34.710187,15313011205;16638131074,8：00——22：00
二七区,50111,北京菜,御尚德北京烤鸭(铁道陇海家园店),铁道陇海家园西门旁,113.652471,34.735332,15893684118,8：00——22：00
二七区,50111,北京菜,京鸭坊北京烤鸭(永安街店),交通路与永安街交叉口向东50米路北1-13,113.647514,34.733914,18600238329,8：00——22：00
二七区,50111,北京菜,北京果木烤鸭(橄榄城店),南三环与连云路交口东北角柏林阳光商业街69-8号,113.67141,34.700084,18701273432,8：00——22：00
二七区,50111,北京菜,品亿德北京烤鸭店(交通路店),铁路小区东3门旁,113.646949,34.733645,13523491382,8：00——22：00
二七区,50111,北京菜,御品阁烤鸭(政通路店),京广路政通路交叉口西北角,113.656587,34.724965,18272655953,8：00——22：00
二七区,50111,北京菜,品意德北京烤鸭(马寨店),马寨镇同兴街23-2,113.529106,34.706814,13783690357,8：00——22：00
二七区,50111,北京菜,冯记手撕烤鸭(中铁苑店),新圃西街16号院北门旁,113.661375,34.723263,,8：00——22：00
二七区,50111,北京菜,全德烤鸭,郑密路与清江路交叉口往西150米路北6-23,113.625244,34.712239,19139955706,8：00——22：00
二七区,50111,北京菜,馋嘴手撕烤鸭(郑州市二七区亚细亚代庄小区店),长江路街道代庄街亚细亚小区五号楼门面97-7,113.650675,34.712127,17838877866,8：00——22：00
二七区,50111,北京菜,翟师傅北京烤鸭店(漓江路店),漓江路农贸市场南门96-10,113.660321,34.692435,15803879199,8：00——22：00
二七区,50111,北京菜,炉门北京烤鸭,长江路街道郑州市人和大发农贸市场外A1号,113.640934,34.715224,13501033534,8：00——22：00
二七区,50111,北京菜,品聚德北京烤鸭(交通路161号院店),交通路与政通路交叉口向东20米路北,113.647333,34.724983,13673868852,8：00——22：00
二七区,50111,北京菜,煌火北京烤鸭(锦和广场店),南彩路锦和广场5号楼1层109号(丹尼斯外东北边),113.626535,34.683854,13213212070,8：00——22：00
二七区,50111,北京菜,七里香北京烤鸭,南四环尧山路鑫苑东苑西门19-127,113.637025,34.659875,13526485700,8：00——22：00
二七区,50111,北京菜,全德北京烤鸭(亚龙小区店),二道街与铭功路交叉口西180米,113.658246,34.754966,,8：00——22：00
二七区,50111,北京菜,仲和手撕烤鸭,勤劳街32-24,113.640847,34.737631,16637459431,8：00——22：00
二七区,50111,北京菜,品意德烤鸭(亚星锦绣山河店),庆喜路24号3号楼一层附18号,113.619784,34.683083,,8：00——22：00
二七区,50111,北京菜,鑫鑫北京烤鸭,金湖农产品配送A132号,113.62706,34.67196,15238583899,8：00——22：00
二七区,50111,北京菜,刘记北京烤鸭,红苹果家具欧凯龙嵩山路店西门北100米,113.62579,34.719551,13603860763;13849062479,8：00——22：00
二七区,50111,北京菜,一家很哇塞的北京烤鸭,京广路街道连云路与漓江路南排40号,113.671504,34.692001,,8：00——22：00
二七区,50111,北京菜,大圣干拌烤鸭,联合雅园D104号,113.66163,34.690375,18039168234,8：00——22：00
二七区,50111,北京菜,黄记正宗手撕烤鸭,万客来农鲜熟食街13号,113.630341,34.706924,13838178114;17512051746,8：00——22：00
二七区,50111,北京菜,手撕烤鸭,南三环辅路与连云路交叉口西南140米,113.669597,34.697384,18595597829,8：00——22：00
二七区,50111,北京菜,老北京炸酱面(郑州火车站天鹅快捷宾馆店),大同路与一马路交叉口北140米,113.662665,34.746884,,8：00——22：00
二七区,50111,北京菜,京顺北京烤鸭(郑州水工第一家属院店),郑州水工第一家属院东北门旁,113.642269,34.756694,15093283811,8：00——22：00
二七区,50111,北京菜,京宴北京烤鸭(荆胡村三号院店),大学南路荆胡社区秀水路26-8,113.645093,34.681438,15890097627,8：00——22：00
二七区,50111,北京菜,京御斋北京烤鸭,贺江路赞巴拉农贸市场A区082-2号(南门第二家),113.675177,34.696462,13688680321,8：00——22：00
二七区,50111,北京菜,恒兴记北京烤鸭(郑密路店),郑密路99-5号,113.626964,34.713989,15238608587,8：00——22：00
二七区,50111,北京菜,扁嘴鸭北京烤鸭(棉纺路店),五里堡街道棉纺东路10号郑州水工第一家属院,113.641672,34.754863,,8：00——22：00
二七区,50111,北京菜,鸭吃吃北京烤鸭(安康路店),郑密路与安康路交叉口向东300米路北,113.62497,34.727186,,8：00——22：00
二七区,50111,北京菜,仲记手撕烤鸭(人和夜市店),张魏寨中街54号,113.643793,34.712508,,8：00——22：00
二七区,50111,北京菜,万久弘茶油烤鸭,碧云路与红云路交叉口西北20米,113.66497,34.712018,,8：00——22：00
二七区,50111,北京菜,冯记正宗手撕烤鸭(医学院店),合作路与金水路辅路交叉口西240米,113.64222,34.756883,18003999283,8：00——22：00
二七区,50111,北京菜,京宴北京烤鸭(南屏路店),南屏路农贸生活广场369号附6号,113.662986,34.688476,13837103101,8：00——22：00
二七区,50111,北京菜,翟冰洋北京烤鸭,庆喜路27号9号楼1-2层附38号,113.620803,34.682681,15738327578,8：00——22：00
二七区,50111,北京菜,正宗手撕烤鸭(郑州总店),交通路西民福街14号楼付2号一层,113.646955,34.7338,13683714967,8：00——22：00
二七区,50111,北京菜,手撕烤鸭,人和路街道新悦华联门脸房5号,113.639811,34.715134,,8：00——22：00
二七区,50111,北京菜,京宴.北京烤鸭(南屏路店),南屏路碧云路向西100米路南,113.663547,34.68834,17703862193,8：00——22：00
二七区,50111,北京菜,茶油烤鸭,郑密路86号院15号楼东1单元1层1号,113.626375,34.715525,,8：00——22：00
二七区,50111,北京菜,王记苏油烤鸭,嵩山路街道郑密路86号华裕,113.626369,34.715588,,8：00——22：00
二七区,50111,北京菜,魏家手撕烤鸭,淮南街22-43号,113.636138,34.721572,,8：00——22：00
二七区,50111,北京菜,徐记手撕烤鸭(碧云路店),京广路街道碧云路125号青秀佳苑A区,113.665525,34.693075,,8：00——22：00
二七区,50111,北京菜,穿骨香手撕烤鸭,曹洼社区居委会西北侧60米,113.593107,34.656374,,8：00——22：00
二七区,50111,北京菜,国华烤鸭,煤场北拐与西陈庄中街交叉口西北20米,113.656453,34.758054,,8：00——22：00
二七区,50111,北京菜,北京烤鸭(保全街店),京广路保全街往西200米路北,113.65072,34.736855,,8：00——22：00
二七区,50111,北京菜,杨氏干拌烤鸭,小赵寨生活区西门北90米,113.659675,34.737525,,8：00——22：00
二七区,50111,北京菜,鑫记五一涮锅(嵩山南路店),清江路与嵩山南路交叉口(众兄弟足道楼下),113.628461,34.711458,0371-61777677;13937132811,8：00——22：00
二七区,50111,北京菜,萌萌卤味北京烤鸭,郭家咀便民服务点菜市场南四排5号,113.633515,34.674807,15515510724;15803998673,8：00——22：00
二七区,50111,北京菜,老北京旋转小火锅(龙跃花园店),政通路龙跃花园1号楼,113.647397,34.724699,,8：00——22：00
二七区,50111,北京菜,卤煮火烧,王胡砦老年公寓西南门旁,113.653028,34.702865,19139992564,8：00——22：00
二七区,50111,北京菜,煌火北京烤鸭(漓江路店)(暂停营业),橄榄城新公馆美食街2栋102号,113.669207,34.691201,17603852690,8：00——22：00
二七区,50111,北京菜,老北京羊蝎子火锅(正商·和园广场店)(暂停营业),正商·和园广场(冯庄地铁站A口步行270米),113.670665,34.718912,,8：00——22：00
二七区,50112,湖北菜(鄂菜),湖北老婆小食店(淮河路店),庆丰街与淮河东路交叉口西50米,113.651924,34.728769,13849067328,8：00——22：00
二七区,50112,湖北菜(鄂菜),洪福记九头鸟热干面(王胡寨店),幸福家园北1门旁(王胡砦地铁站C口步行420米),113.647815,34.705843,18625582270,8：00——22：00
二七区,50112,湖北菜(鄂菜),九头鸟热干面(碧云路店),中陆茶都东3门东南50米,113.665373,34.702485,15537185153,8：00——22：00
二七区,50112,湖北菜(鄂菜),文梁九头鸟热干面总店,碧云路晨曦小区门面房15号,113.664997,34.712744,13298407625;13333840030,8：00——22：00
二七区,50112,湖北菜(鄂菜),汉宾热干面,长江路高砦新农贸市场,113.65657,34.710309,13137718059,8：00——22：00
二七区,50112,湖北菜(鄂菜),武汉热干面(郑科店),学院路23-7,113.511428,34.70204,13938423713;17719848193,8：00——22：00
二七区,50112,湖北菜(鄂菜),九头鸟热干面(合作路店),合作路五号院(郑大一附院地铁站B口步行440米),113.640892,34.756639,18326190737,8：00——22：00
二七区,50112,湖北菜(鄂菜),九头鸟热干面(橄榄城都市广场店),连云路贺江路往东500米路北,113.673104,34.696356,18530030211,8：00——22：00
二七区,50112,湖北菜(鄂菜),九头鸟热干面,郑航街43号(王胡砦地铁站B口步行400米),113.640976,34.70573,18736018055,8：00——22：00
二七区,50112,湖北菜(鄂菜),久居香热干面(学院路商业街店),学院路与科技西路交叉口南200米,113.512731,34.709079,13608685958;18838212681,8：00——22：00
二七区,50112,湖北菜(鄂菜),九头鸟热干面,中原东路5号楼一层6号附3号,113.638416,34.747249,13937157683,8：00——22：00
二七区,50112,湖北菜(鄂菜),九头鸟热干面(万象城店),西中街4号(人民公园地铁站B口步行260米),113.657894,34.757821,13838217561,8：00——22：00
二七区,50112,湖北菜(鄂菜),九头鸟热干面(德化步行街店),福寿街16号万博商城1期F1层,113.664763,34.749131,13674989779,8：00——22：00
二七区,50112,湖北菜(鄂菜),九头鸟热干面(永安街店),建中街街道永安街35号永安街35号院,113.654399,34.733726,,8：00——22：00
二七区,50112,湖北菜(鄂菜),九头鸟热干面(庆丰街店),庆丰街庆丰街35号院,113.652292,34.727041,13014630938,8：00——22：00
二七区,50112,湖北菜(鄂菜),九头鸟热干面(兴华南街10号院店),兴华南街10号院,113.632644,34.733446,18737682252,8：00——22：00
二七区,50113,东北菜,饺子功·东北记忆·锅包肉(碧云路店),橄榄城柏林印象西2门旁,113.665375,34.700825,,8：00——22：00
二七区,50113,东北菜,臧师傅姑爷上门铁锅炖店,连云路丹枫路西200米路南臧师傅姑爷上门铁锅炖店,113.668565,34.694027,17320117887,8：00——22：00
二七区,50113,东北菜,曹大权地锅炖(马寨店),贾峪镇马沟村高井马米路8号,113.515075,34.715175,13071060352,8：00——22：00
二七区,50113,东北菜,何氏菜馆(康复前街店),康复前街25号楼16-18号,113.645469,34.742251,0371-66900156;13598005415;13949062189,8：00——22：00
二七区,50113,东北菜,姥家大锅台(佛岗店),连云路佛岗新居41-7号门,113.670988,34.693385,0371-88817999;16650112299,8：00——22：00
二七区,50113,东北菜,东北饺子(人和路店),万千世纪城东2门旁8号商铺,113.640759,34.713745,13027516648,8：00——22：00
二七区,50113,东北菜,地锅根据地(郑大市场南街店),郑大市场南街,113.646702,34.739145,16696100571,8：00——22：00
二七区,50113,东北菜,咱姥家大锅台地锅鸡(二七万达店),汉江路人和路交叉口万千公寓商铺2楼,113.640801,34.71501,0371-88106139,8：00——22：00
二七区,50113,东北菜,东北食屋东北饺子家乡菜(京广路店),京广中路32-11号,113.657399,34.732539,13608685799,8：00——22：00
二七区,50113,东北菜,东北饺子酱大骨(招商天地和苑店),金水源街道柳江路66号招商天地和苑,113.630079,34.674525,0371-58582868;17739788978,8：00——22：00
二七区,50113,东北菜,大东北烧烤铁锅炖,淮河路街道汝河路31号(路砦花苑)1号,113.636798,34.732364,15638817105;19337163537,8：00——22：00
二七区,50113,东北菜,江湖地锅炖,马寨镇东方路58-8号(中国董酒隔壁),113.530698,34.711529,17716320200,8：00——22：00
二七区,50113,东北菜,东北食屋(和平路),和平路3号(郑州火车站地铁站G口步行340米),113.654708,34.750209,13598888415;15037142770,8：00——22：00
二七区,50113,东北菜,东北食屋(陇海中路店),陇海中路61号底层,113.634432,34.736586,13007622402;18625558083,8：00——22：00
二七区,50113,东北菜,肉小胖地摊烤肉(二七广场店),人民路1号第1层16号,113.667607,34.751852,18134459520;19939933280,8：00——22：00
二七区,50113,东北菜,姥家大锅台(兴华南街店),宏鑫花园东门北150米,113.632868,34.705367,0371-55038578;15938760199,8：00——22：00
二七区,50113,东北菜,醉东北铁锅炖(珠江荣域北院店),嵩山路街道郑密路88号珠江荣域北院,113.626215,34.713583,,8：00——22：00
二七区,50113,东北菜,东北饺子家乡菜,民安路与勤劳街交叉口西100米路北,113.640179,34.731792,15639063677,8：00——22：00
二七区,50113,东北菜,家和饺子东北私房菜,交通路与保全街交叉口北50米路东,113.64723,34.732005,,8：00——22：00
二七区,50113,东北菜,老家大灶台·地锅鸡(碧云路店),碧云路航海路向南100米路东王婆大虾旁边二楼,113.665374,34.719529,,8：00——22：00
二七区,50113,东北菜,东北饺子馆,连云路与漓江路交叉口向东200米,113.67234,34.691555,0371-55006777,8：00——22：00
二七区,50113,东北菜,雪之乡东北饺子私房菜,长江路与工人路交叉口向北30米路西,113.620673,34.710803,19937807722,8：00——22：00
二七区,50113,东北菜,肉小胖地摊烤肉(嵩山南路店),嵩山路街道长江中路128号(七期)47号楼1-2层47-6号,113.628372,34.71405,15166086969;18039660100,8：00——22：00
二七区,50113,东北菜,何记东北食府烧烤(招商天地和苑店),招商天地和苑南门商业街里直走100米7号楼下,113.630131,34.675218,17739788978,8：00——22：00
二七区,50113,东北菜,老家大锅台(兴华南街店),民安路56-3号,113.630869,34.730113,13733857068,8：00——22：00
二七区,50113,东北菜,东北饺子馆(康复中街),京广街道京广北路92号京广路中原路交叉口向南200米,113.648723,34.745808,13213070058,8：00——22：00
二七区,50113,东北菜,东北饺子家常菜,五方科技馆西侧,113.548375,34.643688,13804589383,8：00——22：00
二七区,50113,东北菜,李记铸铁锅炖鱼(长江中路店),长江中路120-4,113.635664,34.709573,15382271395,8：00——22：00
二七区,50113,东北菜,王记食府东北饺子酱大骨(鑫苑都汇广场店),鑫苑都汇广场3-113,113.642604,34.660944,13100839318,8：00——22：00
二七区,50113,东北菜,东北地锅柴鸡(鑫苑都汇广场店),鑫苑都汇商业中心3号楼107号,113.642171,34.660699,13140031328,8：00——22：00
二七区,50113,东北菜,东北私房菜(鑫苑都汇广场店),鑫苑都汇广场鑫苑鑫家4号-118号,113.642321,34.660014,13603994397,8：00——22：00
二七区,50113,东北菜,筋头巴脑东北老菜馆(锦绣山河刘砦新居6号院店),锦绣山河刘砦新居6号院,113.625852,34.681842,15010550266,8：00——22：00
二七区,50113,东北菜,东北庄稼院,航海路与淮南街,113.63614,34.723069,,8：00——22：00
二七区,50113,东北菜,东北饺子馆(郑州旗舰店),二马路与兴隆街交叉口西南40米,113.66061,34.747746,,8：00——22：00
二七区,50113,东北菜,二十年老店东北饺子家常菜,铭功路148号金铭商务,113.659267,34.760807,,8：00——22：00
二七区,50113,东北菜,东北饺子家常菜西胡垌店,西胡垌社区候张线与河源东路交叉口8号,113.593918,34.63941,13804589383,8：00——22：00
二七区,50113,东北菜,串门东北烧烤大油边龙虾海鲜,长江路街道建云街131号城建小区,113.648112,34.717038,13582698286,8：00——22：00
二七区,50113,东北菜,东北大饭包,十八里河街道硬盒街区13号商铺,113.681424,34.684249,13394599678,8：00——22：00
二七区,50113,东北菜,齐家东北私房菜(联创佳苑店),南三环连云路交叉口都市U工坊103号,113.670254,34.692617,13849913746,8：00——22：00
二七区,50113,东北菜,老东北,行云路与贺江路交叉口南20米,113.64814,34.696027,,8：00——22：00
二七区,50113,东北菜,乡情小馆子,京广路华中路向东400米路南,113.661878,34.716981,,8：00——22：00
二七区,50113,东北菜,小东北酒馆,新圃街与京广南路交叉口东100米,113.658397,34.723264,,8：00——22：00
二七区,50113,东北菜,铁锅炖菜,嵩山路街道庆泰路56号锦绣山河玉畅园,113.622949,34.682069,,8：00——22：00
二七区,50113,东北菜,外屋地东北饺子手擀面(珠江荣域北院店),郑密路88号院16号楼附1号,113.626457,34.714183,0371-63298310;13733165818,8：00——22：00
二七区,50113,东北菜,雷家人农家地锅柴鸡(行云路店),长江路行云路交叉口南200米路西,113.650295,34.708125,15837151735,8：00——22：00
二七区,50113,东北菜,东北饺子馆(和平路),和平路3附1(郑州火车站地铁站G口步行300米),113.655127,34.749974,13404526155;15617608229,8：00——22：00
二七区,50113,东北菜,范记灌肠扁粉菜,漓江路与连云路交叉口东北角,113.671473,34.69199,15137111419,8：00——22：00
二七区,50113,东北菜,鹅掌柜地锅炖(总店),连云路13号广盛大酒店院里,113.671375,34.715875,19939992241,8：00——22：00
二七区,50113,东北菜,须水邓记叫化鸡(郑密路店),淮河路街道郑密路与政通路交叉口东北角,113.624514,34.725181,13608684119,8：00——22：00
二七区,50113,东北菜,袁记美食村灵宝羊肉汤(郑飞小区店),郑飞小区东区西门北50米,113.636445,34.703194,0371-68793928,8：00——22：00
二七区,50113,东北菜,地锅年代(兴华南街店),兴华南街169-32号院2号楼44号,113.632869,34.704967,0371-67109073;13592685203;18336338060,8：00——22：00
二七区,50113,东北菜,老杨烧烤(天泰艺墅世家店),天泰艺墅世家北2门旁,113.634892,34.715149,13253353763;15093353763,8：00——22：00
二七区,50113,东北菜,马路边大排档(连云路店),漓江路与连云路交叉口东北40米,113.671072,34.692108,,8：00——22：00
二七区,50113,东北菜,蜀牛哥·鲜切牛肉·烤肉自助(黄科大店),京广路街道连云路与漓江路交叉口东北角佛岗新居幼儿园旁边胖邱烤薯二楼,113.671142,34.692925,15515905077,8：00——22：00
二七区,50113,东北菜,厨匠博炮崩鸡(黄科大店),连云路漓江路交叉口向北20米路东,113.670949,34.692616,17538710851,8：00——22：00
二七区,50113,东北菜,老五烧烤大排档,金沙江路灵山路交叉口东北50米,113.650416,34.675523,18638607661,8：00——22：00
二七区,50113,东北菜,石大姐东北手工水饺,泰宏建业商业中心二区3号楼附7-3号,113.64279,34.681938,18624982298,8：00——22：00
二七区,50113,东北菜,郑州老烩面,郑州国际小商品城B座南入口东北70米,113.662656,34.749183,,8：00——22：00
二七区,50113,东北菜,味永尚地锅(保全街店),保全街31-10号,113.655226,34.73138,15515962797,8：00——22：00
二七区,50113,东北菜,粤港味港式茶餐厅·猪肚鸡火锅,陇海中路辅路与京广北路交叉口东北100米,113.657193,34.738176,13633810990;19937885332,8：00——22：00
二七区,50113,东北菜,黎明屯铁锅炖X小锅烀饼(二七万象城店),二七万象城6楼608(人民公园地铁站A口步行320米),113.661454,34.754944,15637148856,8：00——22：00
二七区,50113,东北菜,厨匠博炮崩鸡(人和路店),郑航街与人和路交叉口西南角郑飞小区便民服务中心1号楼1层6号门面房,113.640403,34.705883,18337143301,8：00——22：00
二七区,50113,东北菜,渔果市集,新象城西南门东北90米,113.644631,34.724392,,8：00——22：00
二七区,50113,东北菜,任万兴中式快餐(二七万达2号院店),二七万达二号院6981号,113.641287,34.716594,18345231325,8：00——22：00
二七区,50113,东北菜,豫厨郏县饸饹面大盘鸡(庆喜路店),嵩山路街道庆喜路与天泰路交叉口东北角,113.619287,34.683084,19838034888,8：00——22：00
二七区,50113,东北菜,鸣升鲜炒鸡金沙江路店,金沙江路郑密路东北角齐礼阎新居10号楼商业房附2号,113.61908,34.69289,,8：00——22：00
二七区,50113,东北菜,1996清真回族老式麻辣烫(郑密路店),郑密路沁河路东北角1996老式麻辣烫,113.624876,34.723193,19137168601,8：00——22：00
二七区,50113,东北菜,东北大饭包(暂停营业),人和夜市C055号铺位,113.64152,34.712315,17639383943,8：00——22：00
二七区,50113,东北菜,东北粘玉米,二七区建中街街道交通路1号院(五彩社区西北)交通路155号院,113.64725,34.730611,13253519907;13523577573,8：00——22：00
二七区,50113,东北菜,李记山野菜杂面条(同兴街店),曙光路与同兴街交叉口东北80米,113.527175,34.707893,15513849437,8：00——22：00
二七区,50113,东北菜,滇城小镇(亚细亚·卓悦城店),彩虹路与德化步行商业街交叉口东北40米,113.666778,34.75125,18703635650,8：00——22：00
二七区,50113,东北菜,味佳源小吃店,淮河东路54号,113.637513,34.729081,13253362235,8：00——22：00
二七区,50113,东北菜,长顺香辣大盘鸡(郑州水工第一家属院店),郑州水工第一家属院东北门西南230米,113.64076,34.755543,,8：00——22：00
二七区,50113,东北菜,农家小院家常菜,光明路与和睦路交叉口东北20米,113.527985,34.703673,,8：00——22：00
二七区,50113,东北菜,凉菜大王,右江路万科大都会24号楼113号商铺,113.654175,34.659375,,8：00——22：00
二七区,50113,东北菜,新疆买买提烧烤,江泰天宇国际北门东北50米,113.656316,34.713193,,8：00——22：00
二七区,50113,东北菜,马伟民族饭店,滨河花园二期东北门西北180米,113.608425,34.690925,,8：00——22：00
二七区,50113,东北菜,张记私厨,绿水路与荆胡路交叉口东北40米,113.640945,34.683767,,8：00——22：00
二七区,50113,东北菜,再相聚·信阳菜,连云路与红云路交叉口东北100米,113.671429,34.712785,,8：00——22：00
二七区,50113,东北菜,楚馨餐饮店,同兴街与旭光路交叉口东北20米,113.514654,34.706541,,8：00——22：00
二七区,50113,东北菜,李记山西刀削面大盘鸡,尧山路与右江路交叉口东北80米,113.63704,34.659053,,8：00——22：00
二七区,50113,东北菜,渝面说,曙光路与同兴街交叉口东北20米,113.526968,34.707351,,8：00——22：00
二七区,50113,东北菜,穆蓝拉面,赣江路与南溪路交叉口东北角高砦小区1楼商业裙房1-10号金鱼座休闲时代广场,113.653775,34.704125,,8：00——22：00
二七区,50113,东北菜,特色鲜炒鸡-滨河店,滨河苑三号院西北门东北390米,113.608763,34.690371,17761660566,8：00——22：00
二七区,50113,东北菜,羊肉汤豆腐菜,侯寨乡红花寺村社区管理委员会东北侧210米,113.627152,34.652468,,8：00——22：00
二七区,50113,东北菜,农家大盘鸡,黄龙岗社区党群服务中心东北侧50米,113.614957,34.631643,,8：00——22：00
二七区,50113,东北菜,刁沟民族食府,五方科技馆东北侧,113.548757,34.643956,13673713830,8：00——22：00
二七区,50113,东北菜,朋友圈家常菜,中原第一城北门东北50米,113.58852,34.686709,15937069879,8：00——22：00
二七区,50114,云贵菜,贵州特色小肠炖鸡,嵩山南路与沁河路交叉口向东五十米路北,113.628961,34.723197,15538086766,8：00——22：00
二七区,50114,云贵菜,溢滇园煳辣鱼,陇海东路120-5号,113.658457,34.737397,15515613322,8：00——22：00
二七区,50114,云贵菜,黔味烤肉,正商城裕园6号院外围商铺附26号,113.675015,34.714151,19839985991,8：00——22：00
二七区,50114,云贵菜,云槿雀·云南小锅米线,兴华南街99-30号,113.633231,34.712991,19139958966,8：00——22：00
二七区,50114,云贵菜,傣味鲜米线,航海中路106号升龙城8号院,113.631225,34.721375,,8：00——22：00
二七区,50114,云贵菜,贵阳小豆腐烤肉,大学南路246号(南岗刘地铁站D口步行320米),113.643961,34.658599,13123668887;15038139080,8：00——22：00
二七区,50114,云贵菜,贵州滋补全牛宴,福华街街道苗圃街19号铁道苗圃家园,113.664972,34.733263,,8：00——22：00
二七区,50114,云贵菜,满口香云南过桥米线,宇通路与紫荆山南路辅路交叉口西80米,113.681375,34.683825,17530350970,8：00——22：00
二七区,50114,云贵菜,贵州特色小肠炖鸡,农贸市场东南门旁,113.529625,34.710925,,8：00——22：00
二七区,50114,云贵菜,傣味烧烤,民安路6号院南门东50米,113.642662,34.732212,,8：00——22：00
二七区,50114,云贵菜,海底捞火锅(橄榄城·生日主题店),贺江路78号橄榄城都市广场C座1-2楼101、201、205、213、215号,113.671894,34.697276,0371-89957355;0371-89957366,8：00——22：00
二七区,50114,云贵菜,山婉婉·云南酸菜牛肉火锅(二七万达店),二七区二七万达3F(豆捞坊隔壁),113.642647,34.717916,19903830378,8：00——22：00
二七区,50114,云贵菜,鱼吉祥蒸汽石锅鱼(万象城店),解放路30-10(二七广场地铁站L口步行270米),113.662455,34.754008,18850905611;18850965533,8：00——22：00
二七区,50114,云贵菜,米皮记清真餐厅(医学院店),五里堡街道棉纺东路54号棉纺东路54号院门面房,113.63914,34.75516,18537175533,8：00——22：00
二七区,50114,云贵菜,米皮记清真餐厅(嵩山南路亚星店),汉江路与嵩山路交叉口向南50米路西,113.627702,34.714369,19900918180,8：00——22：00
二七区,50114,云贵菜,大理寺正宗云南过桥米线(中原路店),五里堡街道中原路91号医学院地铁站J口步行30米,113.642632,34.747736,17503992646,8：00——22：00
二七区,50114,云贵菜,鱼吉祥蒸汽石锅鱼,京广路与春晖路交叉口向西50米路南,113.656126,34.712829,13598416231;19138199561,8：00——22：00
二七区,50114,云贵菜,米皮记清真餐厅(淮南街),淮河东路47-21号,113.636312,34.728594,19137179161,8：00——22：00
二七区,50114,云贵菜,傣家米线(暂停营业),民安路,113.642675,34.732196,18339976976;19503858801,8：00——22：00
二七区,50115,西北菜,京小凤鲜炒大盘鸡(泰和里店),陇海中路11号中铁泰和里一期二楼201,113.657922,34.738234,13721401982,8：00——22：00
二七区,50115,西北菜,新疆美食城(汇港新城店),小楼清真寺入口旁(二七广场地铁站K口步行170米),113.66326,34.753149,0371-66281311;13015517097;18699955577,8：00——22：00
二七区,50115,西北菜,赵庆利大盘鸡总店,南屏路与碧云路交叉口向东五十米路北A3,113.666404,34.688624,0371-55185297;0371-68722983;18637179920,8：00——22：00
二七区,50115,西北菜,千仓老碗陕西面,中原路102号(绿城广场地铁站B口旁),113.633473,34.747135,18538082727,8：00——22：00
二七区,50115,西北菜,西部来客鲜炒大盘鸡(祥云路店),正商城和园5号院西北1门旁,113.667984,34.714679,15838320858,8：00——22：00
二七区,50115,西北菜,西部大盘鸡(佛岗新居店),连云路佛岗新居40号楼40-6-1号,113.671077,34.693196,13598077857,8：00——22：00
二七区,50115,西北菜,府润食府,淮河路与兴华南街交叉口向南50米路西,113.632595,34.728024,0371-67886992,8：00——22：00
二七区,50115,西北菜,二七聚味美鲜炒大盘鸡(人和路店),人和路与汉江路交叉口南160米,113.641177,34.713839,0371-58586878,8：00——22：00
二七区,50115,西北菜,傻子张大盘鸡(铭功路店),铭功路268号(人民公园地铁站B口步行240米),113.659823,34.755485,,8：00——22：00
二七区,50115,西北菜,西部来客鲜炒大盘鸡(行云路黄金海岸店),富达花园南门东60米,113.649026,34.701855,0371-58615959;17703861659,8：00——22：00
二七区,50115,西北菜,西部大盘鸡(苗圃街店),苗圃社区东1院西门旁,113.665969,34.73117,17344990199;18039333016,8：00——22：00
二七区,50115,西北菜,田兴山新疆椒麻鸡,京广路街道冯庄路连云路交叉口交汇处东南角,113.671361,34.714016,,8：00——22：00
二七区,50115,西北菜,西雅苏新疆炒米粉(泰宏建业店),秀水路5号2号楼1-2层商业106,113.642035,34.680224,19937079252,8：00——22：00
二七区,50115,西北菜,鲁记大盘鸡(建新北街店),建新街2号院建新小吃一条街,113.6483,34.757386,18339966128,8：00——22：00
二七区,50115,西北菜,傻子张大盘鸡(马寨店),东方路14号,113.531017,34.710925,,8：00——22：00
二七区,50115,西北菜,西部来客鲜炒大盘鸡(宏鑫花园店),兴华南街169号郑航街新华南路向南一百米,113.632849,34.703694,19138160076,8：00——22：00
二七区,50115,西北菜,西部大盘鸡(郑科店),马寨镇学院路218号,113.512772,34.707817,15038140684,8：00——22：00
二七区,50115,西北菜,张记大盘鸡,东方路与公明路交叉口北200米,113.532037,34.693561,15236083201,8：00——22：00
二七区,50115,西北菜,Dolan·新疆天山美食,南下街151号(二七广场地铁站B口步行300米),113.669333,34.751217,13899873541,8：00——22：00
二七区,50115,西北菜,陕西油泼面(丹枫路),丹枫路11号,113.667107,34.694094,18703866871,8：00——22：00
二七区,50115,西北菜,老五大盘鸡(兴华南街店),兴华南街109号,113.633253,34.708542,18848856797;18903857375,8：00——22：00
二七区,50115,西北菜,西部来客鲜炒大盘鸡(鑫苑名城店),嵩山南路鑫苑名城2号院1号楼01商铺,113.629606,34.668929,16696008566,8：00——22：00
二七区,50115,西北菜,海记西部大盘鸡(曙光路店),东方智慧城东2门北90米,113.527097,34.709973,13015517448;15238008398,8：00——22：00
二七区,50115,西北菜,陕记老潼关肉夹馍(南彩路店),锦绣山河玉畅园北门西90米,113.621309,34.682694,15036136686,8：00——22：00
二七区,50115,西北菜,鑫农夫大盘鸡(招商天地华府店),侯寨乡招商天地华府3号楼105号,113.629475,34.674517,19937028736;19939922690,8：00——22：00
二七区,50115,西北菜,陕西油泼面(二七万达1号院店),人和路与航海中路交叉口南160米,113.641249,34.718864,18939501733;18939506133,8：00——22：00
二七区,50115,西北菜,农家菜大盘鸡·酸菜鱼,长江路街道航海中路105号华逸名家,113.649805,34.720081,13783455972,8：00——22：00
二七区,50115,西北菜,西部大盘鸡,南屏路联合花园112-1号,113.658746,34.689905,17739770967,8：00——22：00
二七区,50115,西北菜,张聪大盘鸡(富达花园店),富达花园南门北70米,113.6478,34.701775,18530057356;18530067356,8：00——22：00
二七区,50115,西北菜,美味大盘鸡(马寨店),康佳路与同兴街交叉口南80米,113.523747,34.706606,,8：00——22：00
二七区,50115,西北菜,西部来客鲜炒大盘鸡(东方路店),东方路与同兴街交叉口向南十米路东,113.530366,34.706448,18838131781,8：00——22：00
二七区,50115,西北菜,焖面大盘鸡,大学南路与张魏砦西街六巷交叉口北100米,113.643706,34.712773,15838197629,8：00——22：00
二七区,50115,西北菜,兰州牛肉拉面(长江一号B区店),长江一号B组团1期西门旁,113.66173,34.70832,18530876623,8：00——22：00
二七区,50115,西北菜,小甫大盘鸡碳锅鱼(东福民小区店),交通路东福民小区6号楼底商,113.647253,34.734594,,8：00——22：00
二七区,50115,西北菜,大盘鸡碳锅鸡碳锅鱼(建新街店),建新街10号院1号楼1号,113.646478,34.755926,19103813056,8：00——22：00
二七区,50115,西北菜,新疆阿里巴巴烧烤,五里堡街道合作路28号合作路28号院,113.643776,34.756296,,8：00——22：00
二七区,50115,西北菜,新疆沙漠之王烧烤餐厅,嵩山路奥马和园7号楼商铺1号店,113.632245,34.673788,,8：00——22：00
二七区,50115,西北菜,豪斌大盘鸡(珠江荣域北院店),珠江荣域北院南门旁,113.62548,34.71358,13373907342,8：00——22：00
二七区,50115,西北菜,新疆饭店圈圈石(汉江路店),嵩山路街道汉江路34号升龙城11号院,113.627254,34.715522,18167467445,8：00——22：00
二七区,50115,西北菜,晴宇聚味美鲜炒大盘鸡,人和路77-21号,113.64118,34.713919,0371-58586878;15649439999,8：00——22：00
二七区,50115,西北菜,生隆大盘鸡(升龙城2号院店),齐礼阎西路南升龙城2号院5号楼1层108门面,113.631015,34.725291,13607670368,8：00——22：00
二七区,50115,西北菜,新疆美味羊肉串(长江一号B区店),长江一号B组团1期西门北80米,113.661639,34.708705,17590138577;18799420707,8：00——22：00
二七区,50115,西北菜,曲记大盘鸡(西工房社区店),京广北路95号西工房社区,113.65203,34.74471,13223020312,8：00——22：00
二七区,50115,西北菜,兄弟特色大盘鸡·纯鸡腿肉现炒(二七店),长江路街道春晖路便民农贸市场LS13,113.660376,34.712948,13663838150,8：00——22：00
二七区,50115,西北菜,高凤九鲜炒大盘鸡,同兴街与学院路交叉口东120米,113.513197,34.706562,,8：00——22：00
二七区,50115,西北菜,焱合菌菇大盘鸡,中原东路102-12号,113.633644,34.747112,,8：00——22：00
二七区,50115,西北菜,新疆帕尔哈提餐饮店,兴华北街4号院西2门旁,113.632677,34.740738,,8：00——22：00
二七区,50115,西北菜,新疆尕喜椒麻鸡,五里堡街道棉纺东路17号棉纺东路17号院,113.639273,34.75533,13140113437,8：00——22：00
二七区,50115,西北菜,老陕记(江泰天宇国际店),京广南路与张魏寨中街交叉口西南140米,113.656121,34.711986,13526720071,8：00——22：00
二七区,50115,西北菜,丝路伊品西北融合菜,陇中南巷与行知路交叉口南200米,113.638473,34.732876,,8：00——22：00
二七区,50115,西北菜,西部大盘鸡碳锅鱼,京广路街道冯庄路111号院正商城裕园5号院,113.671325,34.713825,,8：00——22：00
二七区,50115,西北菜,西部来客鲜炒大盘鸡(碧云路店),碧云路99号,113.66552,34.701815,15138954056,8：00——22：00
二七区,50115,西北菜,伊品轩大盘鸡,秋实路与杏林大道交叉口西280米,113.530661,34.698275,,8：00——22：00
二七区,50115,西北菜,疆煌后椒麻鸡,郑航街兴华驾校3号附3号(沿街门面),113.641619,34.706056,13007520399;18290887838,8：00——22：00
二七区,50115,西北菜,新疆美味羊肉串,恒春路以南建春路以北立春路以东年春街以西罗沟滨河农产品配送中心C1区13号孕员,113.606726,34.689716,17767427738,8：00——22：00
二七区,50115,西北菜,刘大厨大盘鸡(富达花园店),沅江路78-28,113.647115,34.701782,15544099939,8：00——22：00
二七区,50115,西北菜,买买提新疆烤肉,长江一号2期东门旁,113.66128,34.707604,,8：00——22：00
二七区,50115,西北菜,以琳西部大盘鸡(黄岗寺工人路小区店),工人路466-23号,113.620325,34.705475,17320192758,8：00——22：00
二七区,50115,西北菜,鲜炒大盘鸡(天地尚城店),京广路街道长江路连云路57号天地尚城,113.670945,34.707296,13526485169,8：00——22：00
二七区,50115,西北菜,全盛·一品香·鲜炒大盘鸡滋补酸菜鱼,淮河路街道民安路56-15号,113.630685,34.730061,13523557347,8：00——22：00
二七区,50115,西北菜,新疆阿里巴巴烧烤(政通路店),福华街街道政通路49号龙跃花园,113.648801,34.724679,15571182333,8：00——22：00
二七区,50115,西北菜,壹吧椒鲜炒大盘鸡,万科·都会天际,113.653775,34.659775,,8：00——22：00
二七区,50115,西北菜,新疆阿里巴巴烧烤店(祥云路店),京广路街道祥云路20号正商城和园6号院,113.667569,34.715286,,8：00——22：00
二七区,50115,西北菜,西北全羊宴,郑密路与汉江路交叉口南60米,113.626425,34.714725,,8：00——22：00
二七区,50115,西北菜,西北烧烤大盘鸡,合盛东区南1门旁,113.66186,34.717013,,8：00——22：00
二七区,50115,西北菜,西部来客鲜炒大盘鸡,苗圃社区东1院西门旁,113.665763,34.731551,17629346278,8：00——22：00
二七区,50115,西北菜,新疆亚库普烧烤餐厅,右江路与芦庄路交叉口西120米,113.639206,34.658682,,8：00——22：00
二七区,50115,西北菜,宁夏滩羊(升龙世纪城店),政通路50号升龙世纪花园贰区,113.64841,34.72638,,8：00——22：00
二七区,50115,西北菜,大盘鸡,铭功路街道西前街6号西前街六号院,113.65665,34.757763,,8：00——22：00
二七区,50115,西北菜,新疆古城大盘鸡拉条,淮河路街道兴华南街12-1号兴华南街12号院,113.633461,34.732757,,8：00——22：00
二七区,50115,西北菜,鸡享鱼 (郑州总店),碧云路与漓江路交叉口向东一百米路南,113.666791,34.691401,16696015899,8：00——22：00
二七区,50115,西北菜,兰州五味壹品牛肉面(建设路店),建设东路49号中投联合汇金城,113.642453,34.753547,,8：00——22：00
二七区,50115,西北菜,开封清香斋抖鸡,桃源路与大学北路辅路交叉口西南20米,113.643761,34.740201,13673368538,8：00——22：00
二七区,50115,西北菜,靳记大盘鸡,郑平公路与超汇路交叉口西北120米,113.655792,34.676848,,8：00——22：00
二七区,50115,西北菜,老北京炙子烤肉(郑密路店),阳光怡景花园东门旁(齐礼阎地铁站C口步行380米),113.624892,34.721402,18539288046,8：00——22：00
二七区,50115,西北菜,刘记全羊鲜汤馆(交通路店),交通路73号,113.647275,34.738125,0371-56018866,8：00——22：00
二七区,50115,西北菜,李军力烧烤(清江路店),嵩山南路清江路交叉口西北角,113.627562,34.712382,17739777515,8：00——22：00
二七区,50115,西北菜,张记米皮(五号街坊店),兴化南街103-45号,113.633838,34.715156,13623827371,8：00——22：00
二七区,50115,西北菜,山西老高家面馆(兰亭雅苑店),淮南街兰亭雅苑2号楼1楼门面房32-17,113.636067,34.718465,13653801850,8：00——22：00
二七区,50115,西北菜,老二烧烤城,太和路84-1(郑州火车站地铁站G口步行160米),113.655462,34.748765,13663859857;18239727065;18339829499,8：00——22：00
二七区,50115,西北菜,老街烧烤大排档,马米路与明晖路交叉口西北80米,113.51707,34.714868,,8：00——22：00
二七区,50115,西北菜,西北兰州牛肉拉面,曙光路33-19,113.527055,34.709252,13107537352;18968422726,8：00——22：00
二七区,50115,西北菜,俏三姐小院烧烤(马寨店),同兴街与曙光路交叉口西北角200米路西,113.526662,34.708274,,8：00——22：00
二七区,50115,西北菜,乡豫扁粉菜饸饹面,中洲商场西北门外侧,113.663049,34.748275,17760747579,8：00——22：00
二七区,50115,西北菜,永德记野菜杂面条,桂江路与铜山路交叉口西北角房136号,113.638578,34.671213,,8：00——22：00
二七区,50115,西北菜,菜花姐姐家米线,碧云路与红云路交叉口西北40米,113.665011,34.712187,15238631297;18203719800,8：00——22：00
二七区,50115,西北菜,青海牛肉拉面,,113.640417,34.726003,13365327840,8：00——22：00
二七区,50115,西北菜,重庆鸡公煲,马寨镇明晖路与科技西路交叉口西北角门面房2号,113.517512,34.711214,13646980960,8：00——22：00
二七区,50115,西北菜,固始鹅块,苗圃社区东1院西门西北80米,113.665768,34.731971,13526400990,8：00——22：00
二七区,50115,西北菜,潮汕大排档,行云路和赣江路交叉口西北角,113.650145,34.703832,13598848246,8：00——22：00
二七区,50115,西北菜,临沂专业炒鸡家常菜,右江路与铜山路交叉口西北角80米,113.639106,34.658691,15936974160,8：00——22：00
二七区,50115,西北菜,大叔的虾(百年德化店),德化·无限城3号门西北90米,113.6645,34.749855,,8：00——22：00
二七区,50115,西北菜,清真豫锦斋马记烩面,陇海中路辅路与小赵寨街交叉口西北180米,113.65836,34.739305,15617588269,8：00——22：00
二七区,50115,西北菜,郑州市二七区坊上老孙家泡馍(华中路店),京广路街道华中路14号广兴洁云花园向东五十米,113.660213,34.717222,18152235265,8：00——22：00
二七区,50115,西北菜,西北牛肉拉面(绿水路店),浩渺路西北角,113.630361,34.688638,13139135345,8：00——22：00
二七区,50115,西北菜,70后老烩面馆(亚星望江居店),郑密路西北角亚星望江居2号楼110号,113.623258,34.698715,18203667997,8：00——22：00
二七区,50115,西北菜,赫小柒擀面皮(钱塘大厦店),弓背街与菜市街交叉口西北20米,113.66731,34.745223,15617620557,8：00——22：00
二七区,50115,西北菜,熙福记慢熬原汤小面(亚细亚·卓悦城店),彩虹路与德化美食街交叉口西北60米,113.667356,34.751611,15236171757,8：00——22：00
二七区,50115,西北菜,广顺源猪肚鸡(行云路店),行云路郑航街交叉口西北角,113.650287,34.706396,0371-63220550;18309966789;18903717806,8：00——22：00
二七区,50115,西北菜,一品香羊肉汤烩面(铭功路店),解放路辅路与铭功路交叉口西北40米,113.660101,34.753655,18037376027,8：00——22：00
二七区,50115,西北菜,西部大盘鸡鲜炒鸡手工面(锦绣山河店),嵩山路街道庆泰路56号锦绣山河玉畅园,113.62128,34.682682,18625655619;18739937761,8：00——22：00
二七区,50115,西北菜,沙县小吃(弓背街店),铭功路与民主路交叉口西北侧,113.667582,34.746813,13626948037;13838365073,8：00——22：00
二七区,50115,西北菜,状元楼黑凤鲜炒鸡烤鱼,马寨工业园区工业路明晖路地铁口西北角,113.516928,34.714903,15515505108,8：00——22：00
二七区,50115,西北菜,再村饭店,S85郑少高速出口与郑少高速与郑州绕城高速互通立交交叉口西北260米,113.514311,34.668625,13937126453,8：00——22：00
二七区,50115,西北菜,汉中米皮店(汉中店),马寨镇学院路2号,113.511402,34.701992,13674996960;15903627341,8：00——22：00
二七区,50115,西北菜,豫封斋庞记桶子鸡(淮河东路58号院店),淮河路淮南街西北角,113.635896,34.729042,18637899662,8：00——22：00
二七区,50115,西北菜,兰州牛肉拉面(太和路83号院店),太和路83号(郑州火车站地铁站G口步行130米),113.655792,34.748547,18638229863,8：00——22：00
二七区,50115,西北菜,渔翁乐烤全鱼(马寨店),东方路与科技东路交叉口西北20米,113.530663,34.711061,0371-53398805,8：00——22：00
二七区,50115,西北菜,沙县小吃(都市丽茵店),都市丽茵西北门北60米,113.631624,34.765702,,8：00——22：00
二七区,50115,西北菜,陕西米皮老店(碧云路店),碧云路18-9-12,113.665006,34.712585,13073742011;13674996808,8：00——22：00
二七区,50115,西北菜,胜和贵州滋补全牛宴,铁文街与材料厂街交叉口西北40米,113.663942,34.734519,,8：00——22：00
二七区,50115,西北菜,京泰野韭菜花鲜肉涮,铭功路与西太康路交叉口西北40米,113.659666,34.758449,,8：00——22：00
二七区,50115,西北菜,老顺城炭火烧烤,滨河苑三号院西北门东北460米,113.608825,34.691075,,8：00——22：00
二七区,50115,西北菜,拾美豫宴,兴华南街与郑航街交叉口西北40米,113.632875,34.706425,,8：00——22：00
二七区,50115,西北菜,小亮烧烤,苗圃社区东1院西门西北90米,113.665698,34.731983,15188398819,8：00——22：00
二七区,50115,西北菜,素食馆,西陈庄前街与铭功路交叉口西北80米,113.659199,34.756842,,8：00——22：00
二七区,50115,西北菜,留香手工水饺,滨河苑三号院西北门东北250米,113.607488,34.690044,,8：00——22：00
二七区,50115,西北菜,赵氏熟食凉菜,右江路与芦庄路交叉口西北40米,113.640116,34.658755,,8：00——22：00
二七区,50115,西北菜,老方烧烤,保全街与材料厂街交叉口西北60米,113.660713,34.731354,,8：00——22：00
二七区,50115,西北菜,蜀香居老成都牛肉面,先锋路与同兴街交叉口西北180米,113.532346,34.707909,,8：00——22：00
二七区,50115,西北菜,众和烩面炒鸡,陇海中路小学西北门旁,113.659302,34.736146,,8：00——22：00
二七区,50115,西北菜,烙馍卷菜烩面,228省道与038乡道交叉口西北240米,113.544885,34.619003,,8：00——22：00
二七区,50115,西北菜,王记熟食卤菜(保全街店),保全街与材料厂街交叉口西北40米,113.660709,34.731299,,8：00——22：00
二七区,50115,西北菜,泰国榴莲,京广路与保全街交叉口西北20米,113.656859,34.731707,,8：00——22：00
二七区,50115,西北菜,大盘鸡兰州牛肉拉面(郑州金龙水泥厂职工家属院店),022县道东50米,113.592311,34.667799,,8：00——22：00
二七区,50115,西北菜,冯记猪蹄叫花鸡(百顺副食品农贸菜市场店),安康路4号百顺市场4-12号,113.625466,34.727243,15138950015,8：00——22：00
二七区,50116,老字号,刘家西辣羊肉馆,兴华南街与汝河路交叉口向南100米路西,113.632657,34.731297,18538215306,8：00——22：00
二七区,50116,老字号,邢中原杂面条(淮北街总店),,113.636721,34.736152,15537141159;15978429889,8：00——22：00
二七区,50116,老字号,延庆观炸鸡(淮北街总店),淮河东路58号院东门旁,113.636138,34.729306,15515857280;15515857281,8：00——22：00
二七区,50116,老字号,豫王三米皮总店(京广路总店),京广北路33-13,113.651915,34.748872,18539988030,8：00——22：00
二七区,50116,老字号,西三烩面(郑州人和路分店),人和路77-33号,113.641197,34.714477,13673357950;18625573786,8：00——22：00
二七区,50116,老字号,黎记烩面馆(民安路店),康桥·金域上郡1号院西南门东160米,113.640517,34.731925,0371-60997590;0371-66959787,8：00——22：00
二七区,50116,老字号,浅草慧寿司店(庆丰街店),庆丰街20号院东门旁,113.652266,34.733736,13071041328;13073744382,8：00——22：00
二七区,50116,老字号,黎留义烩面馆(陇海路店),陇海中路59号院(瑞隆城墅旁),113.633982,34.7366,13298303130;18236988988,8：00——22：00
二七区,50116,老字号,马豫兴桶子鸡(碧云路店),碧云路15号门面房,113.6654,34.713308,18538028663,8：00——22：00
二七区,50116,老字号,清真八一八烩面馆,德化街85号附71号德化步行街,113.667508,34.749883,13526548928,8：00——22：00
二七区,50116,老字号,李记全羊鞭汤馆(北闸口街店),建设路与西中和路交叉口向北50米,113.650733,34.754919,13523416668,8：00——22：00
二七区,50116,老字号,李记瓦罐(郑大市场北街老店),交通路73号,113.647235,34.738013,18695867321,8：00——22：00
二七区,50116,老字号,老字号郭记烩面馆(京广花园店),京广路街道京广路政通路往北一百米路东,113.657413,34.72578,13949011652,8：00——22：00
二七区,50116,老字号,义兴张道口烧鸡八代中和(政通路店),京广路政通路交叉口西10米路北,113.656375,34.725025,13253488969,8：00——22：00
二七区,50116,老字号,郑朵朵炒酸奶雪花酪,永安街35-4商铺阿生哥螺蛳粉斜对面,113.65488,34.733717,,8：00——22：00
二七区,50116,老字号,阿丁过桥米线(幸福路店),幸福路5号院29号,113.649689,34.740149,18638740803,8：00——22：00
二七区,50116,老字号,宏泰蛋糕(幸福路铁英街14号院店),铁英街22-1号(铁英街与幸福路交叉口西南角),113.650968,34.738726,,8：00——22：00
二七区,50116,老字号,西三烩面(中建酒店店),一马路与操场街交叉口银基广场西门对面,113.663871,34.743115,,8：00——22：00
二七区,50116,老字号,八一八烩面,京广北路9-附18号,113.655542,34.740443,18638700707,8：00——22：00
二七区,50116,老字号,苏兰轩红烧牛肉面(金牛·水岸国际花园店),,113.66295,34.688463,,8：00——22：00
二七区,50116,老字号,自营饭店(铭功路147号院店),铭功路147号铭功路147号院,113.657827,34.761038,15939017107,8：00——22：00
二七区,50116,老字号,香菇拉面王(汝河路店),汝河路128号,113.633369,34.732757,0371-68991399,8：00——22：00
二七区,50116,老字号,马豫兴桶子鸡(交通路店),交通路40号,113.646946,34.733445,13721444280,8：00——22：00
二七区,50116,老字号,饼圈咖喱鸡肉夹饼(佛岗总店),连云路贺江路交叉口向东30米路南,113.671635,34.695976,15837132988,8：00——22：00
二七区,50116,老字号,鼓鼓上海生煎包(原陇海路店),桃园中学北门旁,113.637195,34.740185,18595350139;18595350159,8：00——22：00
二七区,50116,老字号,焖子王老式扣碗,紫玉路红花寺社区阎垛村38号,113.624427,34.649529,13937197828,8：00——22：00
二七区,50116,老字号,阿宝鸡鸭城,兴华街与汝河路交叉口向东100米路北,113.633858,34.732692,13619843798,8：00——22：00
二七区,50116,老字号,新长征烩面馆(棉纺东路4号院店),棉纺东路8号(郑大一附院地铁站A口步行230米),113.642703,34.754698,13271552139,8：00——22：00
二七区,50116,老字号,老字号李记胡辣汤(交通路148号院店),建中街交通路汝河路交叉口向西20米路北,113.646804,34.732706,13525551196;18236249195,8：00——22：00
二七区,50116,老字号,馋嘴饼(碧云路),碧云路与春晖路向南20米路西土家馋嘴饼店,113.665,34.712687,,8：00——22：00
二七区,50116,老字号,鲁山老字号揽锅菜,郑密路加油站隔壁,113.546094,34.624468,18047947951,8：00——22：00
二七区,50116,老字号,老陈记三十年碳锅鱼大骨头,康复中街西工房社区34号楼1号(锦绣酒店对面),113.648926,34.746616,,8：00——22：00
二七区,50116,老字号,申记老字号升级版鸡蛋灌饼,五里堡街道棉纺东路10号郑州水工第一家属院,113.641954,34.754805,18837101516,8：00——22：00
二七区,50116,老字号,李记小笋鸡(庆丰街24号院南区店),建中街街道庆丰街24号院(东区)庆丰街24号院东区,113.652229,34.731532,13598862851,8：00——22：00
二七区,50116,老字号,陈州砂锅老店(郑铁材料厂小区店),福华街街道保全街95号郑铁材料厂小区,113.661488,34.732757,,8：00——22：00
二七区,50116,老字号,山西老字号馍店,长江路街道长江路便民菜市场,113.640846,34.705841,13700884534,8：00——22：00
二七区,50116,老字号,刘建山肉夹馍,棉纺东路与合作路交叉口西400米,113.636249,34.755539,,8：00——22：00
二七区,50116,老字号,连记老字号潮汕牛肉丸子汤,新圃西街南段3号新圃西街南段3号院,113.659818,34.721711,,8：00——22：00
二七区,50116,老字号,老字号麻辣串串香,嵩山路新公馆一号楼0143号,113.62385,34.671618,,8：00——22：00
二七区,50116,老字号,仁和老字号郑州烩面,大同路与福寿街交叉口西100米,113.66368,34.746805,,8：00——22：00
二七区,50116,老字号,卤菜塔桥老字号,马寨镇东方路,113.53136,34.714954,,8：00——22：00
二七区,50116,老字号,中华老字号,大学中路69号院西门旁,113.644259,34.735143,,8：00——22：00
二七区,50116,老字号,羊蝎子老店,京广路街道连云路佛岗新居40号楼1号商铺,113.67102,34.692905,15824855838,8：00——22：00
二七区,50116,老字号,开封灌汤包老店(兴华南街店),嵩山路街道兴华南街169号,113.63291,34.705589,,8：00——22：00
二七区,50116,老字号,叁合轩·羊蝎子老店(郑州总店),京广路街道漓江路佛岗新居三期2号楼1层商106号,113.674931,34.691543,18625591688,8：00——22：00
二七区,50116,老字号,卡吉诺(中原路店),中原路康复中街交叉口东南角,113.649033,34.747201,0371-60602098,8：00——22：00
二七区,50116,老字号,卡吉诺(嵩山路店),嵩山南路与长江路交叉口向北200米路东,113.628414,34.713011,0371-63378796,8：00——22：00
二七区,50116,老字号,谷婆婆八宝粥(政通路店),政通路小李庄社区安置房1区1号楼,113.637491,34.725051,18137875939,8：00——22：00
二七区,50116,老字号,卡吉诺(金域上郡店),勤劳街与汝河路交叉口北20米路东,113.641205,34.73303,0371-63685108,8：00——22：00
二七区,50116,老字号,孟夫子水煎包(二七万达店),大学路8号7号楼1-2层110,113.641571,34.716246,18003850560;18239432521,8：00——22：00
二七区,50116,老字号,许三酱牛肉(交通路店),交通路40号,113.647196,34.733455,13343868198,8：00——22：00
二七区,50116,老字号,黑马小灶(郑州万象城店),民主路10号郑州万象城购物中心6楼,113.661209,34.755173,,8：00——22：00
二七区,50116,老字号,卡吉诺(铁道家园店),保全街55-1号,113.657544,34.731297,0371-60932838,8：00——22：00
二七区,50116,老字号,卡吉诺(航海广场店),航海路与祥云路正商航海广场B座入口(冯庄地铁站A口旁),113.668967,34.720027,0371-58602548,8：00——22：00
二七区,50116,老字号,老程记风味城(汝河路店),汝河路66号,113.627594,34.732704,,8：00——22：00
二七区,50116,老字号,申向国鸡柳卷饼(鑫苑国际店),棉纺东路46号附34号,113.634909,34.755918,15276609343,8：00——22：00
二七区,50116,老字号,老马炸鸡(淮北街2号院店),淮北街与汝河路口东北角,113.636453,34.732781,13783615968;15290400358,8：00——22：00
二七区,50116,老字号,袁记云饺(郑州市二七区万达店),大学路与航海路交叉口西侧二七万达广场9号楼1-2层105号商铺,113.64222,34.716319,15516933928,8：00——22：00
二七区,50116,老字号,锁一锅老南昌拌粉(大学路店),大学路航海路交叉口向北50米2-22号附1路东,113.644374,34.721527,15981875682,8：00——22：00
二七区,50116,老字号,西域老妈老妈酱炒鸡,京广路大商超市一层北门外场,113.656114,34.71701,13849026298,8：00——22：00
二七区,50116,老字号,程妮焖面,长江路丹阳路往南200米路东,113.617533,34.707665,13838277976,8：00——22：00
二七区,50116,老字号,老朱记大排档,嵩山南路234-1,113.627617,34.717146,16696621406,8：00——22：00
二七区,50116,老字号,老街烧烤鲜炒鸡(升龙城8号院店),齐礼阎沁河路与齐礼阎路交叉口,113.630973,34.722859,,8：00——22：00
二七区,50116,老字号,洛十三洛阳涮牛肚,亚星茶城西门南70米,113.628424,34.714265,,8：00——22：00
二七区,50116,老字号,秦味到·肉夹馍油泼面(二七万达店),人和路69-3号,113.641245,34.715674,,8：00——22：00
二七区,50116,老字号,元掌门老式炸鸡(总店),汝河路与交通路交叉口向北50米路东,113.647167,34.733233,13598098270,8：00——22：00
二七区,50116,老字号,开封灌汤包,庆丰街与保全街交叉口东南40米,113.652538,34.731055,15936273317,8：00——22：00
二七区,50116,老字号,驴鼎香驴肉火烧小酒馆(长江花园店),人和路街道行云路121号长江花园,113.650812,34.70764,18233710527,8：00——22：00
二七区,50116,老字号,傻老大胡辣汤(正商·航海广场店),正商城和园1号院西门旁(冯庄地铁站B口步行90米),113.668151,34.719221,15378731687,8：00——22：00
二七区,50116,老字号,五湖烩面泡馍(新圃街店),新圃街14-8号(京广南路地铁站D口步行390米),113.658716,34.723266,15397513246,8：00——22：00
二七区,50116,老字号,柳州螺蛳粉,连云路黄河科技学院雁鸣餐厅南商业街老十一开水房旁边,113.671831,34.687233,18903940819,8：00——22：00
二七区,50116,老字号,关虎屯老味米线(二七广场店),西大街166号1号楼1层22号,113.668662,34.751469,,8：00——22：00
二七区,50116,老字号,百香林西点(德化步行街店德化街7店),德化新街18号口负二层C1010号百香林,113.666594,34.748255,15600002004,8：00——22：00
二七区,50116,老字号,博爱牛肉丸子汤(佛岗新居店),佛岗新居北门旁,113.672707,34.695974,15639104554,8：00——22：00
二七区,50116,老字号,丁记聚福斋老式烩面大盘鸡,行云路西德黄金海岸商业房16号楼103号,113.647487,34.701309,19937138971,8：00——22：00
二七区,50116,老字号,酥浪炸海鱼,连云路佛岗农贸市场南排2号,113.670187,34.697276,,8：00——22：00
二七区,50116,老字号,老胡家招牌卤肉,南屏路78号C区商业1层附1号,113.661633,34.690082,18103867282,8：00——22：00
二七区,50116,老字号,羊杂可,马寨镇曙光路29-14,113.526942,34.70814,18595555190,8：00——22：00
二七区,50116,老字号,胡轶麻辣烫酸菜鱼,学院路与同兴街交汇处东邢花园西院6号1楼108、109号,113.512663,34.705945,15355359298,8：00——22：00
二七区,50116,老字号,老汉口热干面(铁文街店),老汉口热干面,113.66241,34.737674,,8：00——22：00
二七区,50116,老字号,老北京鸭肠王(永安街35号院店),永安街35-3号,113.654875,34.733675,17839030602,8：00——22：00
二七区,50116,老字号,招牌老碗面 朝鲜面,曙光路33-13,113.527034,34.709069,15516982731,8：00——22：00
二七区,50116,老字号,张记红烧牛肉面(建设东路店),建新街与建新北街交叉口南140米,113.64764,34.754266,17629360190,8：00——22：00
二七区,50116,老字号,陕西油泼面(凤鸣路店),中原第一城北6门旁,113.587347,34.68627,17839908536,8：00——22：00
二七区,50117,火锅店,巴奴毛肚火锅(淮河路店),淮河路与淮南街交叉口向西50米路南(淮河东路49号),113.635849,34.728757,0371-55260777;19903828579,8：00——22：00
二七区,50117,火锅店,袁老四重庆老火锅(郑州总店),大学路政通路交叉口东北角1-3A号,113.644551,34.725427,0371-61316626,8：00——22：00
二七区,50117,火锅店,龙继斑鱼庄(建设东路店),建设东路33号,113.638759,34.753371,0371-55195789,8：00——22：00
二七区,50117,火锅店,海底捞火锅(二七万达苏宁易购店),大学路8号二七万达苏宁易购第4层第W4006号商铺,113.643207,34.718996,0371-55393588;0371-55393788,8：00——22：00
二七区,50117,火锅店,巴奴毛肚火锅(二七万达店),大学南路8号二七万达广场2楼中厅Z-2F-B巴奴毛肚火锅,113.642767,34.717694,0371-60902377;13526523663,8：00——22：00
二七区,50117,火锅店,熊喵来了火锅(郑州二七万达店),大学南路与航海路交叉口郑州二七万达广场3层3001AA 3001AB铺位,113.642911,34.718265,0371-55652696,8：00——22：00
二七区,50117,火锅店,锅大侠市集火锅(百年德化店),百年德化风情购物公园D区2楼,113.665134,34.750874,0371-67918966,8：00——22：00
二七区,50117,火锅店,海底捞火锅(华润万象城店),万象城7层L705,113.662425,34.754663,0371-58618188;0371-58618189,8：00——22：00
二七区,50117,火锅店,潮喜旺鲜牛肉火锅(中铁·泰和里店),陇海中路11号中铁泰和里商业街区2楼230-231-232商铺,113.658337,34.73832,19069631021,8：00——22：00
二七区,50117,火锅店,大四喜·鲜牛肉火锅(郑州佛岗店),碧云路东连云路西漓江路南南屏路北2号楼1层104号111号,113.668957,34.691374,0371-69868567,8：00——22：00
二七区,50117,火锅店,锅大侠市集火锅(二七万达店),大学南路8号郑州二七万达广场1F层,113.642364,34.717979,0371-55055053,8：00——22：00
二七区,50117,火锅店,海底捞火锅(大学路新象城店),大学路和政通路交叉口新象城3楼,113.644689,34.724266,0371-89962058;0371-89962059,8：00——22：00
二七区,50117,火锅店,恋味笔记.安顺夺夺粉火锅(橄榄城店),京广路街道乐享茂c区1层118号,113.672157,34.696903,16696083740,8：00——22：00
二七区,50117,火锅店,大四喜·鲜牛肉火锅(郑州安康路店),兰德·喜多家西区北2门旁,113.625189,34.727002,0371-69986678,8：00——22：00
二七区,50117,火锅店,牛出川牛杂火锅(郑飞小区东区店),南三环郑飞家园南门,113.638364,34.700713,18903727397,8：00——22：00
二七区,50117,火锅店,袁记串串香(大学中路店),大学中路122号,113.643432,34.723205,0371-66329272,8：00——22：00
二七区,50117,火锅店,三江汇火锅店(铁路北福华街小区店),福华街街道淮河东路2号铁路北福华街小区,113.655367,34.731346,13253670679,8：00——22：00
二七区,50117,火锅店,龙歌自助小火锅,万象城6层,113.661832,34.754805,17525557985,8：00——22：00
二七区,50117,火锅店,大四喜·鲜牛肉火锅(郑州科技学院店),桃李茂商业中心学院路与同兴街交叉口向东50米路南,113.512869,34.706151,0371-69936678,8：00——22：00
二七区,50117,火锅店,牛鲜生潮汕鲜牛肉火锅,嵩山南路249-42号与清江路东侧,113.628377,34.711952,0371-65108777;18911886999,8：00——22：00
二七区,50117,火锅店,炸鸡姑娘韩式年糕火锅(百年德化店),德化街100号百年德华风情购物公园B区2层202,113.664766,34.750332,15738872319,8：00——22：00
二七区,50117,火锅店,齐祺渔锅(橄榄城店),连云路与漓江路交叉口西200米,113.668686,34.691396,0371-58589899,8：00——22：00
二七区,50117,火锅店,冯记天府麻辣串(桃园南街店),桃源南街4号院1号楼1号,113.636202,34.739106,13676918322,8：00——22：00
二七区,50117,火锅店,七里田·重庆鱼蛙火锅(二七新象城店),二七区大学中路和政通路交叉新象城1层008-009号,113.644607,34.724151,,8：00——22：00
二七区,50117,火锅店,豆捞坊·鲜牛肉火锅(二七万象城店),郑州二七万象城7F(二七广场地铁站L口步行320米),113.661854,34.754929,19069631332,8：00——22：00
二七区,50117,火锅店,山中悦·鲜牛肉火锅,百年德化购物公园D座二楼山中悦(小凤阁对面),113.665453,34.750712,13285071787,8：00——22：00
二七区,50117,火锅店,湊湊火锅·茶憩(郑州二七万象城店),人民公园地铁站A口步行290米,113.661383,34.755267,0371-65018991,8：00——22：00
二七区,50117,火锅店,边虎品质自助小火锅(二七万达店),二七万达广场,113.64299,34.718175,,8：00——22：00
二七区,50117,火锅店,豆捞坊·鲜牛肉火锅(二七万达广场店),在明洞的夏天对面,113.642645,34.717607,0371-63247017;17319750399,8：00——22：00
二七区,50117,火锅店,喜虾客(总店),德化街德化无限城4层(二七广场地铁站D口步行360米),113.665604,34.749221,0371-60205952,8：00——22：00
二七区,50117,火锅店,齐祺渔锅(嵩山南路店),长江中路128号47号楼1-2层,113.628395,34.713713,0371-68660789,8：00——22：00
二七区,50117,火锅店,鸿茂斋(淮河路店),淮河路22号古玩城东100米(大学路与淮河路交叉口),113.645765,34.729097,0371-68719173;15690876712;15738377625,8：00——22：00
二七区,50117,火锅店,马记天府麻辣串,桃源南街6号附1号,113.636149,34.738308,13598897379,8：00——22：00
二七区,50117,火锅店,麦嘎音乐火锅(亚星万嘉百汇店),杏梁路北嵩山南路东亚星南岸商务中心(15号地)的B栋三层22-1-1号铺,113.630277,34.686768,0371-68666818,8：00——22：00
二七区,50117,火锅店,周小食火锅烤肉(星光汇店),嵩山北路辅路与建设东路交叉口东北120米,113.628982,34.755733,15538398771,8：00——22：00
二七区,50117,火锅店,我的小板凳街坊火锅(汉江路店),郑密路与汉江路交叉东南角,113.627114,34.715083,19339931413,8：00——22：00
二七区,50117,火锅店,山水溶洞重庆火锅,德化街1号-2层南门面房(郑州箱包皮具城对面),113.667159,34.748264,0371-61292151,8：00——22：00
二七区,50117,火锅店,山缓缓火锅(郑州二七万象城店),万象城7层L701e(人民公园地铁站A口步行340米),113.661741,34.754969,,8：00——22：00
二七区,50117,火锅店,熊喵来了火锅(郑州亚细亚卓悦城店),德化街亚细亚卓悦城5楼E2号,113.667704,34.751785,15538133202,8：00——22：00
二七区,50117,火锅店,哈喽小锅侠自助火锅(升龙商业广场店),政通路人和路升龙商业广场A区西侧一层,113.639859,34.725442,16634832098,8：00——22：00
二七区,50117,火锅店,陈实在豆花鱼火锅(郑州总店),代庄街东郑航北路北广发长江花园22号商铺,113.650792,34.707298,18911079325,8：00——22：00
二七区,50117,火锅店,锅大侠市集火锅(亚细亚卓悦城店),二七广场亚细亚卓悦城5楼,113.667657,34.751753,0371-55052750,8：00——22：00
二七区,50117,火锅店,周小食火锅烤肉(京莎广场店),京广路华中路交叉口京莎广场A座5楼,113.656625,34.718075,18538737365,8：00——22：00
二七区,50117,火锅店,喜虾客(亚细亚卓悦城店),二七广场·亚细亚卓悦城4层(二七广场地铁站D口步行130米),113.667738,34.751712,18697343628,8：00——22：00
二七区,50117,火锅店,四川香天下火锅(中原路黄河店),中原路106号(医学院地铁站D口步行240米),113.640538,34.747268,0371-67809882;0371-67809988,8：00——22：00
二七区,50117,火锅店,嗜辣蜀蜀自助串串(佛岗新居店),连云路与贺江路交叉口向南150米路东临街二楼嗜辣蜀蜀自助串串,113.671012,34.694738,18503800597,8：00——22：00
二七区,50117,火锅店,齐祺渔锅(升龙商业广场A区店),淮河路与人和路交叉口向南300米路西升龙国际A区5号楼下,113.640694,34.727052,0371-68850999;15515874111,8：00——22：00
二七区,50117,火锅店,我的小板凳街坊火锅(政通路店),升龙世纪花园贰区南1门旁,113.648084,34.725062,19339951685,8：00——22：00
二七区,50117,火锅店,李三酸火锅米线(翰林世家店),桃源路25-13号,113.642216,34.740472,,8：00——22：00
二七区,50117,火锅店,我的小板凳街坊火锅(丹枫路店),丹枫路与碧云路交叉口东100米路北,113.666271,34.694454,18003821951,8：00——22：00
二七区,50117,火锅店,齐祺渔锅京广路店,京广路长江路江泰天宇国际3号楼3楼,113.656503,34.711791,0371-68775699;16692156628,8：00——22：00
二七区,50117,火锅店,侬辛火锅烤肉自助(百年德化风情购物公园A区店),100号百年德化风情购物公园F2,113.667375,34.751475,13673678750,8：00——22：00
二七区,50117,火锅店,我的小板凳街坊火锅(荆胡店),梁庄街5号(荆胡地铁站D口步行480米),113.646972,34.683539,19900979817,8：00——22：00
二七区,50117,火锅店,我的小板凳街坊火锅(行云路店),长江路行云路北100米路东,113.650726,34.710725,18134719760,8：00——22：00
二七区,50117,火锅店,周财迷千层肚老火锅(橄榄城店),京广路街道连云路99号佛岗新居,113.671989,34.695969,15003819061,8：00——22：00
二七区,50117,火锅店,佰人王(大学北路18号院店),大学北路132号,113.64378,34.739477,13643778975,8：00——22：00
二七区,50117,火锅店,聚十二燚(青花椒.鲜鱼头.大牛蛙),建设东路32-3号,113.63304,34.75381,,8：00——22：00
二七区,50117,火锅店,王婆大虾(马寨旗舰店),马寨镇曙光路16号,113.52711,34.709421,15515615936;18339920717,8：00——22：00
二七区,50117,火锅店,港味煌潮汕牛肉火锅(泰和里),京广路与陇海高架交叉口东100米中铁泰和里(二期-唐宋梦华)西门二楼2019号,113.659079,34.738745,18103872627,8：00——22：00
二七区,50117,火锅店,许府牛火锅(郑州市二七区无限城),德化街道无限城五层,113.666005,34.749286,18236762330,8：00——22：00
二七区,50117,火锅店,张小旋自助小火锅(橄榄城店),贺江路78号橄榄城都市广场商业C座2层209号,113.671709,34.69665,16663746877,8：00——22：00
二七区,50117,火锅店,焱玖家麻辣猪蹄(百年德化店),德化街百年德化D区二楼,113.665562,34.75115,19937417860,8：00——22：00
二七区,50117,火锅店,佰人王串串香(碧云路店),航海中路27号鹏程花园7号楼4单元1-2层1号,113.665375,34.71973,17729795019,8：00——22：00
二七区,50117,火锅店,逗一锅猪蹄火锅煳辣味开创者,德化·无限城(二七广场地铁站D口步行370米),113.665484,34.749229,,8：00——22：00
二七区,50117,火锅店,泽满客稻草虾鲜虾火锅(大学北路金源大厦店),大学路18号金源大厦F1层,113.64498,34.742091,13503823281,8：00——22：00
二七区,50117,火锅店,王婆大虾(行云路店),行云路121-7号三期,113.650786,34.707595,18530075256;18703852525,8：00——22：00
二七区,50117,火锅店,蟹九妹·超级肉蟹煲(郑州首店),德化街无限城5层(二七广场地铁站D口步行380米),113.665841,34.749204,18639526719,8：00——22：00
二七区,50117,火锅店,幺妹川渝火锅(百年德化店),百年德化风情购物公园B区2楼,113.664643,34.750522,19137171215,8：00——22：00
二七区,50117,火锅店,一筷苗乡贵州酸汤牛肉(碧云路店),新圃街67号(冯庄地铁站C口步行430米),113.664907,34.722632,15537177073,8：00——22：00
二七区,50117,火锅店,辣炮泡鱼蛙火锅馆(橄榄城店),亚新橄榄城新公馆,113.665926,34.691383,13673660122,8：00——22：00
二七区,50117,火锅店,帖老大铜锅涮羊肉特价蔬菜香油店,郑大市场南街1号(市骨科医院地铁站D口步行460米),113.646775,34.739075,17737611269,8：00——22：00
二七区,50117,火锅店,贤合斋羊肉铺,金泰成淮河路建材市场北门旁,113.649986,34.728792,0371-55853799;19900915388,8：00——22：00
二七区,50117,火锅店,曹小京自助鱼火锅(亚细亚·卓悦城店),亚细亚4楼(二七广场地铁站B口步行100米),113.667325,34.751431,,8：00——22：00
二七区,50117,火锅店,灰大郎涮牛肚火锅烧烤(总店),"梁庄街刺绣路交叉口向东100米路南,荆胡社区5号院南门对面",113.64843,34.680695,13592410802;18018743881,8：00——22：00
二七区,50117,火锅店,王婆大虾(百年德化风情购物公园店),百年德化B区美食天街3楼,113.664714,34.749724,19937610500,8：00——22：00
二七区,50117,火锅店,周小食火锅烤肉(亚星盛世悦都店),农夫刘先生嵩山店东入口南230米,113.627693,34.712428,18538102779,8：00——22：00
二七区,50117,火锅店,藤麻麻藤椒豆花鸡(亚细亚卓悦城店),德化街89号亚细亚卓悦城4楼,113.667031,34.751364,15893973345,8：00——22：00
二七区,50117,火锅店,老郑州火锅鸡,德化街街道36号5层无限城购物中心5层的中间,113.665727,34.749235,,8：00——22：00
二七区,50117,火锅店,不惑居涮肉馆.清真,中原东路103号附6号,113.634441,34.747126,13137711058,8：00——22：00
二七区,50117,火锅店,小小河边鱼淮南街店,长江路南兴华南街东6号楼1-2层09号,113.636038,34.70887,15038329162,8：00——22：00
二七区,50117,火锅店,小郡肝串串香火锅(百年德化店),百年德化风情购物公园德化街10号A区三楼,113.665485,34.750245,0371-63332089;18838261268,8：00——22：00
二七区,50117,火锅店,匠·滋补松茸牛肉锅,五里堡社区卫生服务中心南侧290米,113.633286,34.75383,0371-63312070;18603855293,8：00——22：00
二七区,50117,火锅店,西川巷子市井火锅(锦绣山河店),锦绣山河,113.62294,34.681179,18037111825,8：00——22：00
二七区,50117,火锅店,佰人王串串香火锅,嵩山南路与汉江路交叉口向南200米路西,113.62773,34.713377,13343824639;18903987823,8：00——22：00
二七区,50117,火锅店,藤小鱼豆花鱼火锅,百年德化购物公园A区二楼,113.665775,34.750256,17734800319,8：00——22：00
二七区,50117,火锅店,馬建興涮牛肚(升龙世纪花园店),交通路50-34号(大学中路地铁站A口步行420米),113.647328,34.72709,13103838521,8：00——22：00
二七区,50117,火锅店,李哈哈社区火锅,长江东路6号金海·京江花园,113.661482,34.710312,13673713017;15236361696,8：00——22：00
二七区,50117,火锅店,许府牛火锅(橄榄城乐享茂店),橄榄城乐享茂商场4楼(3号门或6号门直接上),113.671779,34.69811,17744622193,8：00——22：00
二七区,50117,火锅店,小小河边鱼(京广大商千盛生活广场店),京广南路10号大商千盛生活广场F1,113.656719,34.7163,0371-88811708,8：00——22：00
二七区,50117,火锅店,醉巴鲜烤鱼(百年德化店),百年风情购物公园D座二楼D232,113.665234,34.75122,18637192308,8：00——22：00
二七区,50117,火锅店,麦嘎音乐火锅(亚星广场店),亚星时代广场4楼影院旁,113.627475,34.709175,,8：00——22：00
二七区,50117,火锅店,郑州珍姐猪肚包鸡总店,庆丰街政通路交叉口口向西30米路南,113.651903,34.724699,15838108118,8：00——22：00
二七区,50117,火锅店,椰榴椰子鸡火锅(兴华南街店),升龙城2号院东门北50米,113.632524,34.726689,17888553857,8：00——22：00
二七区,50117,火锅店,大奇·铜锅涮(中铁泰和里店),福华街街道陇海快速路与太和路交叉口东北角中铁泰和里临街2层,113.658902,34.738486,15639905599,8：00——22：00
二七区,50117,火锅店,阿妈小羊无限涮肉(旗舰店),人和路69-59号,113.642218,34.716451,,8：00——22：00
二七区,50117,火锅店,王婆大虾0058(步行街店),百年德化风情购物公园B区2层美食天街,113.664714,34.749724,15837610474,8：00——22：00
二七区,50117,火锅店,巴天蜀地音乐火锅(淮河路店),大学路淮河路交叉口东南角升龙天玺一号院号楼三层,113.64499,34.728522,0371-55003966;18848889521,8：00——22：00
二七区,50117,火锅店,佰人王串串火锅(行云路店),长江路与行云路向南300米路西,113.650299,34.707537,18736045555,8：00——22：00
二七区,50117,火锅店,签人王串串香,大学南路8号万达广场4-115商铺,113.641235,34.716602,,8：00——22：00
二七区,50117,火锅店,小羊羔涮锅(富华大厦店),嵩山路与汝河路交叉口向南50m路东,113.62836,34.732002,0371-68865599;0371-68888999,8：00——22：00
二七区,50117,火锅店,六位先生主题串串(铁道陇海家园店),陇海路与庆丰街交叉口向南66米,113.652561,34.735672,0371-66887866;18749256567,8：00——22：00
二七区,50117,火锅店,牛出川牛肉牛杂火锅(郑飞二店),丹青路21-86号,113.612479,34.706412,15884317188,8：00——22：00
二七区,50117,火锅店,炒鸡同学.火锅鸡,连云路112号2号楼1-2层107号,113.670274,34.692995,,8：00——22：00
二七区,50117,火锅店,清真.正宗潮汕牛肉丸火锅总店,淮河路街道勤劳街6号人和家苑,113.640653,34.731572,18703676335,8：00——22：00
二七区,50117,火锅店,羊官府自助铜锅涮(连云港店),京广路街道冯庄路111号院正商城裕园5号院,113.671865,34.712195,15617772855,8：00——22：00
二七区,50117,火锅店,京途鲜羊涮锅(京广路店)·清真,京广路长江路口南50米路西,113.656732,34.709154,0371-55651528;16692101888,8：00——22：00
二七区,50117,火锅店,哈喽小锅侠自助火锅(大学路永辉店),大学北路永辉超市内一楼过肯德基左转20米即到,113.644553,34.74546,18739993883,8：00——22：00
二七区,50117,火锅店,川府肥牛王婆大虾(连云路店),正商城和园3号院东2门旁(冯庄地铁站A口步行490米),113.670537,34.717312,18137270050,8：00——22：00
二七区,50117,火锅店,杨牛牛地摊牛排锅,升龙城6号院南门西50米,113.629033,34.723195,18768860668;18903840401,8：00——22：00
二七区,50117,火锅店,烫·潮汕牛肉火锅(京广路黑金店),,113.654929,34.716933,18666044466;18735627571,8：00——22：00
二七区,50117,火锅店,广福记猪肚鸡,漓江路连云路交叉口向东200米路南,113.672957,34.691532,15038197678;18037135599,8：00——22：00
二七区,50117,火锅店,佰人王(漓江路店),漓江路碧云路交叉口东南角佰人王串串香火锅,113.666614,34.691414,15136412980,8：00——22：00
二七区,50117,火锅店,羊官府自助铜锅涮(兴华南街店),亚星盛世雅居西门南130米,113.633388,34.707018,,8：00——22：00
二七区,50117,火锅店,安熙家自助韩国烤肉年糕火锅,德化·无限城(二七广场地铁站D口步行360米),113.665515,34.749329,,8：00——22：00
二七区,50117,火锅店,麦嘎音乐火锅(淮河路店),大学路淮河路交叉口东南角升龙天玺一号院号楼三层,113.64499,34.728522,,8：00——22：00
二七区,50117,火锅店,王婆大虾(德化新街),德化新街负二层c区1023号,113.666708,34.745913,13837132542,8：00——22：00
二七区,50117,火锅店,宝庆源涮锅(保全街28号院店),京广路与保全街交叉口向西100米路北,113.655614,34.731583,13253602212,8：00——22：00
二七区,50117,火锅店,屈玲串串香(晨曦小区北区店),碧云路15-15号附近,113.665379,34.712484,,8：00——22：00
二七区,50117,火锅店,大唐铜锅涮(铁道陇海家园店),庆丰街14-1,113.652496,34.735036,19939966598,8：00——22：00
二七区,50117,火锅店,旨有鱼椒香斑鱼锅(兴华街店),烟草局家属院东门西60米(嵩淮地铁站G口步行150米),113.631475,34.729075,18539269298,8：00——22：00
二七区,50117,火锅店,王婆大虾(汉江路),人和路汉江路交叉口东南角,113.641729,34.715088,18037573550,8：00——22：00
二七区,50117,火锅店,贵州风味火锅(原花江狗肉火锅兴华南街店),汝河路淮北街交叉口东50米路南,113.637055,34.732384,15303832411,8：00——22：00
二七区,50117,火锅店,桃娘下饭小火锅(亚细亚店),亚细亚卓越城3楼(二七广场地铁站B口步行100米),113.667264,34.751631,,8：00——22：00
二七区,50117,火锅店,王婆大虾(保全街店),保全街17号,113.653275,34.731347,0371-68231588;15890037087;18237111352,8：00——22：00
二七区,50117,火锅店,筷莱涮羊肉铺(亚星·城市山水店),嵩山南路与长江西路交叉口,113.629501,34.709445,15736761718,8：00——22：00
二七区,50117,火锅店,大红门串串香,京广路小赵寨,113.658653,34.735124,15515930081,8：00——22：00
二七区,50117,火锅店,虾悦客音乐火锅吧(百年德化店),德化街100号百年德华二层A区228号,113.665474,34.750101,19903817583,8：00——22：00
二七区,50117,火锅店,小俩口串串香,行云路天景丽苑一层门面房附4号,113.650357,34.710617,15981838562,8：00——22：00
二七区,50117,火锅店,王婆大虾(连云路店),连云路与漓江路向北20米路西,113.670272,34.692653,0371-55936368,8：00——22：00
二七区,50117,火锅店,醉巴厨自助小火锅政通路店,政通路交通路东南角,113.64726,34.724696,13526472226,8：00——22：00
二七区,50117,火锅店,潮汕鼎记生鲜牛肉火锅(升龙店),建中街街道政通路北大学路西升龙商业广场A区A1-1088-1/1088-2B号,113.639474,34.725055,0371-85304799;15225141387,8：00——22：00
二七区,50117,火锅店,边吃边唱火锅KTV(橄榄城乐享茂店),橄榄城乐享茂,113.671567,34.698112,0371-53305222,8：00——22：00
二七区,50117,火锅店,醉巴鲜烤鱼(鑫都汇店),鑫苑鑫都汇3楼东侧,113.651091,34.735742,15237168065,8：00——22：00
二七区,50117,火锅店,辣伍签串串香,大学南路8号4号楼1-2层107,113.641229,34.71713,13783529773,8：00——22：00
二七区,50117,火锅店,武记碳锅鱼碳锅鸡烧烤(铁道·雅博苑店),铁道·雅博苑东北门旁,113.654675,34.750431,13607678950,8：00——22：00
二七区,50117,火锅店,王婆大虾漓江路店,漓江路与连云路交叉口向东300米路南,113.673522,34.691506,17719808135,8：00——22：00
二七区,50117,火锅店,福上锅自助旋转小火锅(橄榄城店),南三环与连云路乐享茂4楼(都市广场A座),113.671662,34.698109,17638198199,8：00——22：00
二七区,50117,火锅店,马寨王婆大虾直营店,马寨镇曙光路37-3号,113.527066,34.710223,,8：00——22：00
二七区,50118,特色/地方风味餐厅,老式砂锅烧烤(金铭苑南苑店),金铭苑南苑东南门北60米,113.659599,34.760032,13525553935,8：00——22：00
二七区,50118,特色/地方风味餐厅,烟火人间风味烧烤,升龙城六号院南门东侧隔壁,113.629884,34.72321,13083601761,8：00——22：00
二七区,50118,特色/地方风味餐厅,花园里老地方家常菜馆(招商公园1872店),二七区招商公园1872萍湖路与景中路商业街3-108户,113.551258,34.684611,13837510946,8：00——22：00
二七区,50118,特色/地方风味餐厅,小地方烤场,交通路汝河路交叉口西南角小地方烤场,113.646875,34.732537,16603806660,8：00——22：00
二七区,50118,特色/地方风味餐厅,海龙烧烤·鲜炒鸡(大同苑店),马寨镇先锋路03-05号,113.533828,34.707747,18037163717,8：00——22：00
二七区,50118,特色/地方风味餐厅,小城固始信阳菜(总店),长江路与兴华南街112-64号,113.632725,34.710425,18203971112,8：00——22：00
二七区,50118,特色/地方风味餐厅,老地方烧烤砂锅,大学南路泰宏建业商业二区2-6老地方烧烤砂锅,113.642343,34.681906,13782499952,8：00——22：00
二七区,50118,特色/地方风味餐厅,老地方胡辣汤(运动鞋厂家属院店),福华街街道保全街56号运动鞋厂家属院,113.659029,34.73155,,8：00——22：00
二七区,50118,特色/地方风味餐厅,信阳菜馆(春江家园店),春江家园南1门旁,113.663587,34.70386,13838238058;13838246676,8：00——22：00
二七区,50118,特色/地方风味餐厅,颜公子家信阳菜(融侨悠乐汇店),嵩山南路与桂江路交叉口西100米路北,113.621736,34.671572,16696228880,8：00——22：00
二七区,50118,特色/地方风味餐厅,老张记正宗滋补烩面,嵩山丹尼斯百货店(齐礼阎地铁站C口步行170米),113.626953,34.721962,13663048250,8：00——22：00
二七区,50118,特色/地方风味餐厅,FOOD夏馆子,温馨街团结路交叉口东南角,113.528943,34.705238,13137731069,8：00——22：00
二七区,50118,特色/地方风味餐厅,双榜.信阳山沟沟菜,淮河路与兴华南街交叉口向南200米路东,113.632927,34.726173,13333815983;15237193325,8：00——22：00
二七区,50118,特色/地方风味餐厅,红少侠·龙虾烧烤,淮南街11号-2,113.636354,34.726771,15000682882,8：00——22：00
二七区,50118,特色/地方风味餐厅,袁记云饺(郑州市二七区兴华南街店),兴华南街103号楼103附103-54,113.633035,34.712848,18638166981,8：00——22：00
二七区,50118,特色/地方风味餐厅,鱼库秘制烤鱼(二七万达店),二七万达金街中段,113.642319,34.719025,,8：00——22：00
二七区,50118,特色/地方风味餐厅,袁记云饺(郑州市二七区永安街店),东福民小区南门东50米,113.648218,34.733917,13203803339,8：00——22：00
二七区,50118,特色/地方风味餐厅,蒙乡人手抓羊肉(政通路旗舰店),政通路50号院6号楼50-5,113.649441,34.724915,15903630008,8：00——22：00
二七区,50118,特色/地方风味餐厅,锦州烧烤·龙虾·虾尾(郑州总店),政通路与庆丰街交叉口东100米,113.653375,34.724775,,8：00——22：00
二七区,50118,特色/地方风味餐厅,万里香老馄饨(南福华街住宅小区店),京广中路82号(京广路与淮河路交叉路口),113.656574,34.72872,15290569170;15290659170,8：00——22：00
二七区,50118,特色/地方风味餐厅,袁记云饺(二七广场店),大同路46-1号,113.665671,34.747532,13283807755,8：00——22：00
二七区,50118,特色/地方风味餐厅,粗粮小厨(苇岸人家店),贺江路北碧云路东苇岸人家门面房4号楼1-2层112室,113.666076,34.696376,13938407490,8：00——22：00
二七区,50118,特色/地方风味餐厅,石记五香驴肉馆(滨河宅区店),沁河路与郑密路交叉口西120米路南,113.623355,34.722797,,8：00——22：00
二七区,50118,特色/地方风味餐厅,桃居串屋,五里堡街道王立砦北街6号王立砦北街6号院,113.640731,34.757608,15124314291,8：00——22：00
二七区,50118,特色/地方风味餐厅,清真.汕鑫鹅记铁锅炖大鹅鸡,准北街与民安路向北10米路西,113.636049,34.7315,15515898898,8：00——22：00
二七区,50118,特色/地方风味餐厅,大茶盘子齐齐哈尔炭火烤肉清真(淮南街店),航海路淮南街29-3号,113.636559,34.722302,19069631733,8：00——22：00
二七区,50118,特色/地方风味餐厅,老吕烧烤砂锅(庆丰街店),庆丰街17号院4号楼1层109号,113.650596,34.735256,13949038010,8：00——22：00
二七区,50118,特色/地方风味餐厅,第一部落烤串(凯宾城店),福寿街88号1层13号,113.660579,34.7525,13203817651,8：00——22：00
二七区,50118,特色/地方风味餐厅,蒲记开封全羊高钙鲜汤,马寨镇同兴街与先锋路向西50米河北丰泰酒店西隔壁,113.532891,34.706757,19937397351,8：00——22：00
二七区,50118,特色/地方风味餐厅,梨园生态农庄,郑密路与宏兴路交叉口向西1公里,113.529375,34.642515,17319791299,8：00——22：00
二七区,50118,特色/地方风味餐厅,凤河湾特味烤鱼王,郑卅市钓鱼沟小吴垂钓园正对面,113.577702,34.6357,13503719119,8：00——22：00
二七区,50118,特色/地方风味餐厅,尉氏卢要红麻辣鸡麻辣兔,顺风驾校南侧110米,113.593065,34.653907,15237893258,8：00——22：00
二七区,50118,特色/地方风味餐厅,乡村地锅柴鸡,X022(侯张线),113.594137,34.645295,13223806801;15637876801,8：00——22：00
二七区,50118,特色/地方风味餐厅,郑喜旺烧烤(嵩山路店),嵩山路与淮河路交叉口南100米路东,113.628686,34.728197,15138462116,8：00——22：00
二七区,50118,特色/地方风味餐厅,功夫怪兽·烧烤工场(嵩山路二七万达店),嵩山路与汉江路交叉口向南50米路西,113.627728,34.714543,19937658288,8：00——22：00
二七区,50118,特色/地方风味餐厅,驭羊大爷烤羊腿(嵩山南路店),长江中路128号亚星盛世家园51号楼2铺,113.628481,34.712063,0371-65938889;15617923821,8：00——22：00
二七区,50118,特色/地方风味餐厅,马三驴肉鲜汤(富田陇海花园店),富田陇海花园北门西70米,113.636695,34.736119,,8：00——22：00
二七区,50118,特色/地方风味餐厅,橘婆婆地锅柴鸡(融侨悠乐汇店),嵩山路桂江路西500米,113.621596,34.671626,,8：00——22：00
二七区,50118,特色/地方风味餐厅,第一部落烤串(勤劳街店),勤劳街甲院-1号楼,113.640873,34.733616,19555700020,8：00——22：00
二七区,50118,特色/地方风味餐厅,陈炭长·烧烤·羊肉炉(二七万达1号院店),二七万达1号院(市第二人民医院地铁站B口步行410米),113.641241,34.718093,19059528018,8：00——22：00
二七区,50118,特色/地方风味餐厅,比多木大阪烧(二七万达店),市第二人民医院地铁站G口步行450米,113.641502,34.717864,15038001508;18738142155,8：00——22：00
二七区,50118,特色/地方风味餐厅,功夫怪兽·烧烤(大学路新象城店),大学中路156号,113.644573,34.723829,13213592806;19059581110,8：00——22：00
二七区,50118,特色/地方风味餐厅,滇城小镇云南过桥米线(二七万达旗舰店),二七万达负一楼宋朝食间盒马鲜生入口滇城小镇云南过桥米线,113.643175,34.717875,18595685979,8：00——22：00
二七区,50118,特色/地方风味餐厅,很久以前羊肉串(政通路店),爱酷体育南门旁,113.645441,34.724994,17337101699,8：00——22：00
二七区,50118,特色/地方风味餐厅,郑喜旺烧烤(二七万达店),大学南路与汉江路交叉口118号,113.643719,34.715672,13949110189,8：00——22：00
二七区,50118,特色/地方风味餐厅,老赵烧烤·烤面筋·臭豆腐(大学路长江路店),长江中路106-5,113.642102,34.710204,13721419671,8：00——22：00
二七区,50118,特色/地方风味餐厅,李军力烧烤(政通路店),政通路与庆丰街交叉口西南角23号附6号,113.651079,34.724741,19059621853,8：00——22：00
二七区,50118,特色/地方风味餐厅,巩其昌烧烤(铁道·阳光佳苑店),京广中路12号豪邦花园对面,113.658197,34.726237,13253662334,8：00——22：00
二七区,50118,特色/地方风味餐厅,鱼尧脆皮烤鱼(亚细亚卓悦城店),亚细亚卓悦城(二七广场地铁站B口步行200米),113.667425,34.751525,,8：00——22：00
二七区,50118,特色/地方风味餐厅,特色塘坝鱼,碧云路18号附17号,113.664991,34.712427,15038189796,8：00——22：00
二七区,50118,特色/地方风味餐厅,郑喜旺烧烤(连云路店),,113.671358,34.714106,15538840897,8：00——22：00
二七区,50118,特色/地方风味餐厅,啊伟特色烤鱼(连云路店),京广路街道连云路与红云路交叉口正商裕园5号院临街商业房屋A106南半间,113.671331,34.713786,18538029590,8：00——22：00
二七区,50118,特色/地方风味餐厅,饺子功·东北记忆·锅包肉(漓江路店),京广路街道连云路与漓江路交叉路口向东二百米路南,113.672343,34.691543,,8：00——22：00
二七区,50118,特色/地方风味餐厅,豫东鲜牛羊肉铜锅涮,迎福街天泰路交叉口向东20米路南,113.619277,34.684515,,8：00——22：00
二七区,50118,特色/地方风味餐厅,东北马玉福黏糊麻辣烫,人和路政通路美食一街东北马玉福黏糊麻辣烫,113.640057,34.725966,15225569087,8：00——22：00
二七区,50118,特色/地方风味餐厅,杨光烧烤(佛岗新村分店),丹枫路6号院7号楼,113.668528,34.69451,13723072986;17337171399,8：00——22：00
二七区,50118,特色/地方风味餐厅,小鲁烧烤(棉纺东路17号院店),棉纺东路18号楼1层附4号,113.638853,34.755406,13526721882;13838545360,8：00——22：00
二七区,50118,特色/地方风味餐厅,杨国福麻辣烫(二七万达金街店),大学路万达金街115号,113.642358,34.717011,18037698597,8：00——22：00
二七区,50118,特色/地方风味餐厅,老张烧烤米线(兴华南街店),嵩山路街道长江路兴华南街169号1号楼宏鑫花园向北100米,113.632865,34.703287,18838182898,8：00——22：00
二七区,50118,特色/地方风味餐厅,老电视台夜市小刘特色烧烤(兰德·喜多家店),兰德·喜多家西区北1门旁,113.624635,34.726968,13073726980,8：00——22：00
二七区,50118,特色/地方风味餐厅,张亮麻辣烫(郑州二七区华中路店),京广路街道华中路14号广兴洁云花园,113.658485,34.717251,15038258900,8：00——22：00
二七区,50118,特色/地方风味餐厅,超凡逗臭豆腐(总店),交通路与汝河路交汇处向南20米路东,113.647186,34.732254,15515939979,8：00——22：00
二七区,50118,特色/地方风味餐厅,饺子苑(东方智慧城店),曙光路与同兴街交叉口北100米,113.526975,34.708039,0371-63333156;15238058519,8：00——22：00
二七区,50118,特色/地方风味餐厅,六点半烧烤,人和路街道行云路121号长江花园,113.650826,34.707193,,8：00——22：00
二七区,50118,特色/地方风味餐厅,洛阳马坡烧烤,汝河路与兴华南街交叉口东60米,113.633526,34.732448,15136125214;15225518125,8：00——22：00
二七区,50118,特色/地方风味餐厅,伊沐鲜羊肉,汉江路69-34,113.634794,34.71515,15537892630,8：00——22：00
二七区,50118,特色/地方风味餐厅,赵记饺子,交通路永安街交叉口向东50米,113.647536,34.733691,13275972109,8：00——22：00
二七区,50118,特色/地方风味餐厅,张亮麻辣烫(郑州二七区马寨镇同兴街店),同兴街与团结路交叉口,113.528909,34.706743,17729777705,8：00——22：00
二七区,50118,特色/地方风味餐厅,香嘎嘎麻辣烫(亚细亚卓悦城店),亚细亚卓悦城(二七广场地铁站B口步行90米),113.667225,34.751675,15617636929,8：00——22：00
二七区,50118,特色/地方风味餐厅,杨国福麻辣烫(马寨店),马寨镇曙光路与同兴街交叉口,113.526934,34.70776,19939919168,8：00——22：00
二七区,50118,特色/地方风味餐厅,杨二胖东北老式麻辣烫,同兴集市一排4号,113.513338,34.706755,19138195855,8：00——22：00
二七区,50118,特色/地方风味餐厅,老四烧烤(庆丰街店),庆丰街与淮河东路交叉口北80米,113.652475,34.729735,15515938525;16638226139,8：00——22：00
二七区,50118,特色/地方风味餐厅,江湖烧烤(泰宏建业商业中心三区店),泰宏建业商业3区3号楼北门3-附19号,113.642907,34.68067,15039914331,8：00——22：00
二七区,50118,特色/地方风味餐厅,东北锦州烧烤(芙蓉花苑店),博颂幼儿园东门旁,113.650295,34.708116,,8：00——22：00
二七区,50118,特色/地方风味餐厅,吉祥馄饨(河南郑州京广路店),南福华街住宅小区东门北80米,113.656874,34.728096,4001818818,8：00——22：00
二七区,50118,特色/地方风味餐厅,西施胡鸡汤馄饨(二七万达店),大学南路8号5号楼1-2层101号,113.641734,34.717754,,8：00——22：00
二七区,50118,特色/地方风味餐厅,沙县小吃(郑州二七广场美仑酒店店),铭功路二道街沙县小吃黄焖鸡米饭256-10,113.659225,34.754794,13733680057,8：00——22：00
二七区,50118,特色/地方风味餐厅,沙县小吃·黄焖鸡米饭(商专家属院店),淮河路街道淮河东路56号商专家属院,113.636605,34.72907,18037379266,8：00——22：00
二七区,50118,特色/地方风味餐厅,袁记云饺(郑州市二七区大学路店),大学中路2-13号,113.644374,34.721632,15515773157,8：00——22：00
二七区,50118,特色/地方风味餐厅,烤炉鸡蛋灌饼(德化步行街店),德化街85号附71号德化步行街,113.667955,34.750926,17719863716;19937132371,8：00——22：00
二七区,50118,特色/地方风味餐厅,清真新密烧烤(大学路店),大学路汝河路向北30米路东,113.644276,34.732983,15736769625,8：00——22：00
二七区,50118,特色/地方风味餐厅,冰城饺子卤味坊(人和路店),大学南路富华小区西66号门面房,113.641246,34.712935,13027524321,8：00——22：00
二七区,50118,特色/地方风味餐厅,杨国福麻辣烫(橄榄城店),南三环与连云路佛岗新居北门对面,113.672859,34.695985,13144507753,8：00——22：00
二七区,50118,特色/地方风味餐厅,沙县小吃(锦绣山河玉畅园店),南彩路与地泰路交叉口西南9号楼1单元1-2层124号,113.621422,34.682694,19603889002;19939970360,8：00——22：00
二七区,50118,特色/地方风味餐厅,扬光烧烤(锦绣山河玉畅园店),地泰路西、南云路北、南彩路南天泰路东4号楼1-2层123,113.622962,34.682416,15083325962;15993192201,8：00——22：00
二七区,50118,特色/地方风味餐厅,杨国福麻辣烫(橄榄城店),京广路街道佛冈新居北门39-83-19,113.628464,34.71415,13674512466,8：00——22：00
二七区,50118,特色/地方风味餐厅,扬光烧烤(荆胡店),大学南路荆胡村商铺A35号,113.645082,34.683837,15290370973;18236987815,8：00——22：00
二七区,50118,特色/地方风味餐厅,吴弟粉浆面条(医学院店),五里堡街道建新西街62号建新西街62号院,113.648237,34.757657,18837637969,8：00——22：00
二七区,50118,特色/地方风味餐厅,沙县小吃(二七万达店),大学南路8号万达广场1F层,113.642457,34.716604,17335712486;19900975661,8：00——22：00
二七区,50118,特色/地方风味餐厅,沙县小吃(康复后街店),西工房1号楼15号(郑州火车站地铁站E口步行350米),113.652504,34.74474,15659630857;18790932628,8：00——22：00
二七区,50118,特色/地方风味餐厅,扬光烧烤(工人路总店),工人路与汉江路向北30米路东,113.62113,34.715712,13213036158,8：00——22：00
二七区,50118,特色/地方风味餐厅,沙县小吃(兴华北街店),兴华北街5号附2号,113.632959,34.740833,15981968876;18339840969,8：00——22：00
二七区,50118,特色/地方风味餐厅,逍遥镇李三军胡辣汤(东方智慧城店),曙光路33-25号,113.527091,34.709785,13623816390,8：00——22：00
二七区,50118,特色/地方风味餐厅,张亮麻辣烫(淮南街店),政通路13号院1号楼门面房,113.636379,34.724407,18838932242,8：00——22：00
二七区,50118,特色/地方风味餐厅,杨国福麻辣烫(二七曙光路店),马寨镇同兴街曙光路向北20米路东门面房一楼,113.526925,34.707725,19939919168,8：00——22：00
二七区,50118,特色/地方风味餐厅,梁苇烧烤,锦美南华府2期南门旁,113.634756,34.702964,13592689290;15138929500,8：00——22：00
二七区,50118,特色/地方风味餐厅,杨水超逍遥老杨家胡辣汤(兴达花园店),郑密路17-5号,113.624638,34.723823,15515679806,8：00——22：00
二七区,50118,特色/地方风味餐厅,兰考手工饺子馆(核五院家属院店),核五院家属院南门西70米,113.636353,34.747828,13838396986,8：00——22：00
二七区,50118,特色/地方风味餐厅,友记沙县小吃(天地惠城店),长江路天地惠城A区2号楼1间,113.67512,34.710353,13526887549;18203642501,8：00——22：00
二七区,50118,特色/地方风味餐厅,千里香馄饨(万象城店),二道街256-21号(人民公园地铁站B口步行460米),113.658697,34.754876,18203991144,8：00——22：00
二七区,50118,特色/地方风味餐厅,沙县小吃,福寿街88号正弘凯宾城F1层,113.659996,34.751922,15515922595;15938798084,8：00——22：00
二七区,50118,特色/地方风味餐厅,沙县小吃(政通路店),政通路29-5号鼎鑫商务,113.650328,34.724754,15138250291;15890120030,8：00——22：00
二七区,50118,特色/地方风味餐厅,杭州小笼包(棉纺东路店),棉纺东路46-2号,113.636602,34.755668,15249696939;15638220650,8：00——22：00
二七区,50118,特色/地方风味餐厅,米线麻辣烫(老店),碧云路晨曦小区门面房4号(15-8),113.665379,34.713208,13674996808;18625592269,8：00——22：00
二七区,50118,特色/地方风味餐厅,耀兴隆热干面(汉江路店),汉江路69号-24号,113.634412,34.715221,15637155720;19139710699,8：00——22：00
二七区,50118,特色/地方风味餐厅,骨里香烤鸡店(碧云路店),碧云路9号(春晖小区东北),113.665357,34.713036,15038011094,8：00——22：00
二七区,50118,特色/地方风味餐厅,吉吉哥东北黏糊麻辣烫,建中街街道永安街35号永安街35号院,113.652497,34.732844,,8：00——22：00
二七区,50118,特色/地方风味餐厅,汤阴老四烧烤,铁英街与陇海中路辅路交叉口北100米,113.650712,34.737476,,8：00——22：00
二七区,50118,特色/地方风味餐厅,杨羊烧烤,漓江路23号3号楼1层商102,113.67404,34.691689,18237118811,8：00——22：00
二七区,50118,特色/地方风味餐厅,西墙根烧烤,大学路汝河路向西100米路北,113.642926,34.732715,17537173338,8：00——22：00
二七区,50118,特色/地方风味餐厅,辉益老友记烧烤,行云路43号,113.650385,34.71298,,8：00——22：00
二七区,50118,特色/地方风味餐厅,文龙烧烤烤肉,尧山路绿水路红绿灯交叉口,113.636644,34.684275,,8：00——22：00
二七区,50118,特色/地方风味餐厅,洛阳马坡烧烤,张魏寨中街与行云路交叉口西60米,113.649819,34.712933,,8：00——22：00
二七区,50118,特色/地方风味餐厅,阿杜烧烤•烤面筋公社,十八里河街道站马屯硬盒街区19号,113.681702,34.684054,18537112211,8：00——22：00
二七区,50118,特色/地方风味餐厅,咱家水饺,嵩山路街道郑密路198号黄岗寺郑密路小区,113.625422,34.70253,,8：00——22：00
二七区,50118,特色/地方风味餐厅,董姐手工水饺,齐礼阎地铁站D口步行370米,113.631938,34.721478,,8：00——22：00
二七区,50118,特色/地方风味餐厅,美滋滋无限自助烤肉,同兴街与旭光路交叉口北20米,113.514464,34.706557,,8：00——22：00
二七区,50118,特色/地方风味餐厅,李家地摊烧烤,建中街街道东福民街11号东福民街11号院,113.648569,34.733931,,8：00——22：00
二七区,50118,特色/地方风味餐厅,签客行烧烤(万达二七店),京广南路12号京广花园4号楼1层,113.657425,34.725787,,8：00——22：00
二七区,50118,特色/地方风味餐厅,品先生砂锅麻辣烫郑州旗舰店,淮南街与沅江路交叉口北60米,113.63645,34.703419,,8：00——22：00
二七区,50119,海鲜酒楼,苏北胖哥龙虾(安康路店),安康路南郑密路东6幢1层,113.624168,34.726961,15189679678;17798988899,8：00——22：00
二七区,50119,海鲜酒楼,大东巴厘龙虾(汝河路总店),淮北街21-9号,113.635325,34.732508,18039285166;19937181118,8：00——22：00
二七区,50119,海鲜酒楼,喜庭海鲜自助(郑州二七万象城店),德化街街道民主路10号华润万象城7层,113.66072,34.755058,0371-55371788,8：00——22：00
二七区,50119,海鲜酒楼,江山郡烤肉.海鲜自助(二七广场店),德化街街道德化街100号百年德化三层A区326,113.665476,34.750191,0371-65359756,8：00——22：00
二七区,50119,海鲜酒楼,龍小歌海鲜烤肉自助(亚细亚·卓悦城店),德化街街道德化街89号亚细亚卓悦城四层D8号,113.667623,34.751707,0371-65095399;18697345399,8：00——22：00
二七区,50119,海鲜酒楼,浙商小海鲜(大学路店),"大学中路政通路,大学中路119号,南50米路西(鹰城酒店旁边)",113.64369,34.724322,0371-68861811;15138997727,8：00——22：00
二七区,50119,海鲜酒楼,云北山海鲜烧烤大排档(郑航街店),人和路街道行云路121号长江花园,113.651392,34.706233,19138139677,8：00——22：00
二七区,50119,海鲜酒楼,禧逸海鲜酒楼,京广中路10号,113.657405,34.723659,0371-68763666,8：00——22：00
二七区,50119,海鲜酒楼,晓渔家三文鱼•和牛(泰宏建业国际城店),秀水路5号2幢商业105号,113.642029,34.680325,15346566363,8：00——22：00
二七区,50119,海鲜酒楼,大口妹肉蟹煲(百年德化店),正兴街百年德化美食天街A区二楼大口妹肉蟹煲,113.665321,34.750368,15346058199,8：00——22：00
二七区,50119,海鲜酒楼,胖二丫肉蟹煲(橄榄城店),南三环辅路与连云路交叉口东80米乐享茂商场A座四楼,113.671662,34.698138,15803888395,8：00——22：00
二七区,50119,海鲜酒楼,盱眙十三香龙虾·虾尾(民安路店),大学路与民安路交叉口向西80米路南,113.64279,34.732011,19139777928,8：00——22：00
二七区,50119,海鲜酒楼,爱帮渔场饭店(新圃西街店),建中街街道新圃西街2号院1号楼,113.659799,34.725132,15039128731;15639709799,8：00——22：00
二七区,50119,海鲜酒楼,鸡虾客.大虾火锅.涮菜自助(马寨店),曙光路2号东方智慧城F1层,113.527078,34.708973,15617829252,8：00——22：00
二七区,50119,海鲜酒楼,姜师兄纸包鱼(亚细亚卓悦城店),彩虹路与德化街亚细亚负一层,113.667307,34.751532,13838585760,8：00——22：00
二七区,50119,海鲜酒楼,北海港三文鱼(二七区店),京广中路47号,113.656838,34.732395,17539571125,8：00——22：00
二七区,50119,海鲜酒楼,鼎香缘海鲜自助火锅烤肉(京莎佳纷广场店),京广南路与华中路交叉口西北角佳纷天地商场5楼,113.656518,34.717461,,8：00——22：00
二七区,50119,海鲜酒楼,新密夜市海鲜串烧酒屋(亚新嵩山路新公馆店),嵩山南路2号楼124号,113.625443,34.671665,18838102567,8：00——22：00
二七区,50119,海鲜酒楼,鲜客来平价海鲜餐厅(锦绣商务大厦店),金沙江路188号锦绣商务大厦F2层,113.627025,34.687389,18137893789,8：00——22：00
二七区,50119,海鲜酒楼,江渔子·捞汁小海鲜(郑州总店),汉江路人和路交叉口向西80米路南,113.640095,34.715108,15538693777,8：00——22：00
二七区,50119,海鲜酒楼,炒鸡海鲜铺(鑫苑·现代城店),庆丰街鑫苑现代城4号楼-5号门面房,113.651336,34.735277,15038194922,8：00——22：00
二七区,50119,海鲜酒楼,寻煲官肉蟹煲(亚细亚卓悦城店),百年德化风情购物公园D座,113.665179,34.750639,,8：00——22：00
二七区,50119,海鲜酒楼,王洛绝味猪蹄·海鲜·烧烤不夜城(海豫花园店),长江路街道长江东路2号海豫花园,113.659588,34.710298,,8：00——22：00
二七区,50119,海鲜酒楼,新密海鲜烧烤夜市,陇海中路126号铁路文化宫西隔壁,113.661546,34.737834,17788118777,8：00——22：00
二七区,50119,海鲜酒楼,疯狂龙虾馆(政通路店),政通路50号升龙世纪花园6号楼50-3,113.649538,34.725038,,8：00——22：00
二七区,50119,海鲜酒楼,清真·財家和牛海鲜火锅,陇海中路56号,113.640177,34.736875,,8：00——22：00
二七区,50119,海鲜酒楼,源品靓靓龙虾,升龙城二号院北门1-116,113.631499,34.726728,,8：00——22：00
二七区,50119,海鲜酒楼,吉佬表海鲜炒鸡,交通路147号,113.646969,34.733258,15286818801,8：00——22：00
二七区,50119,海鲜酒楼,虾多多鲜活大虾火锅【郑州首店】,连云路99号,113.670921,34.694505,,8：00——22：00
二七区,50119,海鲜酒楼,宁记私房龙虾,陇海路勤劳街向南150米路东宁记小龙虾,113.641091,34.735489,,8：00——22：00
二七区,50119,海鲜酒楼,八号海鲜烧烤,丹阳路一号,113.617358,34.709658,,8：00——22：00
二七区,50119,海鲜酒楼,老程记海鲜烧烤大排档,漓江路农贸市场门口,113.66098,34.6924,19137922011,8：00——22：00
二七区,50119,海鲜酒楼,悦府炒鸡·海鲜·烧烤·烙饼,建云街与航海中路交叉口南120米,113.648145,34.71919,13333922078,8：00——22：00
二七区,50119,海鲜酒楼,鱼虾海鲜(永安街20号院店),建中街街道永安街20号永安街20号院,113.648825,34.733715,,8：00——22：00
二七区,50119,海鲜酒楼,人和夜市霸王龙虾片,人和夜市霸王龙虾片B区181,113.642999,34.712287,17839917776,8：00——22：00
二七区,50119,海鲜酒楼,李记海鲜烧烤,228省道与017乡道交叉口南180米,113.546927,34.628394,16696668785,8：00——22：00
二七区,50119,海鲜酒楼,盱眙小龙虾,永安街与庆丰街交叉口东100米,113.653418,34.73392,,8：00——22：00
二七区,50119,海鲜酒楼,王婆大虾(黄科大店),橄榄城伍号院东南门旁,113.67032,34.688925,15038370333;19939967623,8：00——22：00
二七区,50119,海鲜酒楼,老李烧烤海鲜(郑州水工第一家属院店),棉纺东路10附6号附近,113.640694,34.755139,13803897437,8：00——22：00
二七区,50119,海鲜酒楼,老三样烤肉·烧烤小院,长江路碧云路向东50米路北,113.666056,34.710204,18530852222,8：00——22：00
二七区,50119,海鲜酒楼,温州海鲜快餐馆,行云路99号(漓江路地铁站A口步行430米),113.649279,34.6947,15138988005,8：00——22：00
二七区,50119,海鲜酒楼,爆汁小龙虾,庆泰路35号,113.62529,34.682164,18638200299,8：00——22：00
二七区,50119,海鲜酒楼,二哥小龙虾,桃源路45号,113.640233,34.740032,17633514170,8：00——22：00
二七区,50119,海鲜酒楼,吉佬表海鲜酱炒鸡,五里堡街道棉纺东路10号郑州水工第一家属院,113.640812,34.755679,13733834906,8：00——22：00
二七区,50119,海鲜酒楼,老李盱眙龙虾,行云路与郑航街交叉口东220米,113.65309,34.706166,,8：00——22：00
二七区,50119,海鲜酒楼,小破店地摊炒鸡海鲜烧烤大排档,张魏寨中街19号,113.65069,34.713064,,8：00——22：00
二七区,50119,海鲜酒楼,阿峰夜市烧烤炒鸡海鲜(富华佳苑店),长江路街道行云路82号富华佳苑,113.650385,34.716861,,8：00——22：00
二七区,50119,海鲜酒楼,张记·江苏盱眙龙虾,兴达花园北门旁,113.625771,34.724689,,8：00——22：00
二七区,50119,海鲜酒楼,夏寻小龙虾(春晖路店),春晖路短视频直播基地,113.66124,34.713047,13213831266,8：00——22：00
二七区,50119,海鲜酒楼,小马海鲜烧烤铜锅涮,二马路与正兴街辅路交叉口北40米,113.659535,34.75112,,8：00——22：00
二七区,50119,海鲜酒楼,鑫盛隆海鲜,嵩山南路与桂江路交叉口西北200米,113.626038,34.672448,,8：00——22：00
二七区,50119,海鲜酒楼,肉小胖地摊烤肉(行云路店),行云路芙蓉花苑6号楼附属商业1-2层4号,113.650295,34.706862,17638279866;18613852281,8：00——22：00
二七区,50119,海鲜酒楼,云南一品过桥米线(康桥华城店),大学路80号康桥华城商业步行街A街5号,113.641769,34.738822,13393739996,8：00——22：00
二七区,50119,海鲜酒楼,花甲客小海鲜粉面(马寨店),学院路与同兴街交叉口北160米,113.512428,34.707821,,8：00——22：00
二七区,50119,海鲜酒楼,厚道寿喜烧専門店(二七万达店),大学南路8号万达广场(郑州二七店)1F层,113.642349,34.717334,0371-86555990,8：00——22：00
二七区,50119,海鲜酒楼,太子浓心·招牌炸酱小锅米线(二七万达店),大学南路8号万达广场(郑州二七店)3F层,113.642779,34.719047,15936348073,8：00——22：00
二七区,50119,海鲜酒楼,主烤官海鲜大咖·烧烤·美食(天泰艺墅世家店)(暂停营业),汉江路69-47,113.635538,34.715145,15136425346,8：00——22：00
二七区,50119,海鲜酒楼,蓝海湾海鲜烤肉自助(德化街店)(暂停营业),德化街3号楼银座七粒米商场A2666,113.667175,34.749875,,8：00——22：00
二七区,50119,海鲜酒楼,一措再措烧烤(暂停营业),长江中路129号9号楼1层商3号,113.631536,34.70954,19211791237,8：00——22：00
二七区,50119,海鲜酒楼,君雅海鲜烧烤大排档(暂停营业),鑫苑鑫家1期,113.641901,34.66122,,8：00——22：00
二七区,50119,海鲜酒楼,合宴水墨茶餐厅(安康路店)(暂停营业),嵩山路安康路向西300米路南1-2层商业,113.624825,34.727047,0371-55939618;18937119988,8：00——22：00
二七区,50119,海鲜酒楼,小胡海鲜活虾活鱼,合作路北100米,113.641923,34.757227,,8：00——22：00
二七区,50119,海鲜酒楼,山海盟全球美食博览(二七万达广场店),大学南路8号室内步行街万达广场店B1层,113.643028,34.718431,,8：00——22：00
二七区,50119,海鲜酒楼,必胜客(郑州二七万达广场店),大学南路8号万达广场F2,113.64325,34.71677,0371-55132636;4009701890,8：00——22：00
二七区,50119,海鲜酒楼,肥七小龙虾,市第二人民医院地铁站E口步行480米,113.641326,34.715064,13803834220,8：00——22：00
二七区,50119,海鲜酒楼,岩哥土鲫鱼(行云路店),行云路与郑航街交叉口向北100米路东,113.650707,34.706701,13836442848,8：00——22：00
二七区,50119,海鲜酒楼,胖二丫肉蟹煲(百年德化店),兴盛路百年德化风情购物公园3层A区Bqa336-1号,113.666193,34.750368,18538125009,8：00——22：00
二七区,50119,海鲜酒楼,土大力(亚细亚·卓悦城店),亚细亚4楼土大力(二七广场地铁站B口步行100米),113.667554,34.75153,18037675260,8：00——22：00
二七区,50119,海鲜酒楼,必胜客(亚星时代广场店),嵩山路与长江路交叉口北京华联1层,113.627332,34.709399,4008200775,8：00——22：00
二七区,50119,海鲜酒楼,必胜客(鑫苑·鑫都汇店),陇海中路100号鑫苑·鑫都汇F1层,113.65132,34.735925,0371-63718906;4009701890,8：00——22：00
二七区,50119,海鲜酒楼,渔火头锡纸烤鱼·烧烤(百年德化风情购物公园A区店),德化街100号百年德华风情购物公园2层A区258号,113.665838,34.750176,15737157650,8：00——22：00
二七区,50119,海鲜酒楼,鱼库秘制烤鱼(嵩山南路店),嵩山路与汉江路交叉口向南50米路东,113.628504,34.714544,15838728213,8：00——22：00
二七区,50119,海鲜酒楼,百特逗鱼秘制烤鱼(德化·无限城店),无限城五楼(二七广场地铁站D口步行380米),113.665108,34.749212,0371-60976521,8：00——22：00
二七区,50119,海鲜酒楼,徐记老徐烤鱼(清江路店),清江路悦都6号楼1-01,113.627405,34.712384,0371-55956689;18703856886;18703866886,8：00——22：00
二七区,50119,海鲜酒楼,花甲客(万达广场12号楼店),大学南路8号郑州二七万达广场1F层,113.642359,34.718178,13298125626,8：00——22：00
二七区,50119,海鲜酒楼,安大叔拌饭(德化街店),德化街100号百年德化三层A区BQA301-1号,113.665291,34.750358,0371-86676166,8：00——22：00
二七区,50119,海鲜酒楼,兄弟俩肉蟹煲(二七万达店),大学南路8号郑州二七万达广场1F层,113.642359,34.717275,0371-88817857,8：00——22：00
二七区,50119,海鲜酒楼,大口妹肉蟹煲(德化·无限城店),德化步行街德化无限城5层最东面523号,113.666445,34.749273,13949061804,8：00——22：00
二七区,50119,海鲜酒楼,黑胖子碳锅鱼烧烤(庆丰街),保全街与庆丰街交叉口西100米,113.651264,34.731304,13373928294;15639751668,8：00——22：00
二七区,50119,海鲜酒楼,清江觅鱼(二七万达店),大学南路8号郑州二七万达广场1F层,113.642467,34.717517,0371-53375852,8：00——22：00
二七区,50119,海鲜酒楼,味好美炸鸡店(绿云小区店),绿云小区东北门旁,113.636186,34.728388,18538111928,8：00——22：00
二七区,50119,海鲜酒楼,鸡公虾婆(亚细亚店),德化街8927塔亚细亚5楼,113.667268,34.751594,,8：00——22：00
二七区,50119,海鲜酒楼,鑫苑鑫都汇土大力,陇海中路100号鑫苑鑫都汇3楼土大力,113.651091,34.735742,18317892935,8：00——22：00
二七区,50119,海鲜酒楼,念奴椒秘制烤鱼,漓江路与连云路交叉口向东30米路南,113.671281,34.691515,,8：00——22：00
二七区,50119,海鲜酒楼,航海渔村,鼎盛时代A座航海中路163号,113.637924,34.719576,0371-55528886,8：00——22：00
二七区,50119,海鲜酒楼,鱼库秘制烤鱼(橄榄城店),连云路与漓江路交叉口向北100米路北,113.670993,34.693401,18736081696,8：00——22：00
二七区,50119,海鲜酒楼,鱼你在一起(郑州杉杉奥特莱斯广场店),大学南路319号郑州杉杉奥莱·二七店L2层,113.646251,34.651618,18538289188,8：00——22：00
二七区,50119,海鲜酒楼,辣得跳辣卤牛蛙(德化街店),德化美食街辣得跳辣卤牛蛙,113.667486,34.750553,19137175445,8：00——22：00
二七区,50119,海鲜酒楼,鱼你在一起,贺江路78号橄榄城乐享茂C座1层111号,113.671725,34.696545,18939111306,8：00——22：00
二七区,50119,海鲜酒楼,鱼你在一起(二七万达店),大学南路8号二七万达广场超市楼B1-01号宋潮食间A区13号,113.64303,34.718184,13101712788,8：00——22：00
二七区,50119,海鲜酒楼,爱鱼味烤全鱼(丹尼斯百货店),航海路与嵩山路交叉口丹尼斯1楼外铺门店,113.627382,34.72197,0371-63388982;18838148030;18903863917,8：00——22：00
二七区,50119,海鲜酒楼,宜鼎鲜巴西金牌烤场(亚细亚卓悦城店),二七广场亚细亚五楼(二七广场地铁站B口步行80米),113.667442,34.751457,0371-57179998;15824807109,8：00——22：00
二七区,50119,海鲜酒楼,豫锦香南湾鱼(锦绣家园店),郑密路杏贾路向东50米,113.618238,34.691884,0371-55297777,8：00——22：00
二七区,50119,海鲜酒楼,赖获炒鸡纸包鱼(荆胡小区店),大学南路荆胡社区六号院东门赖获炒鸡手工面,113.646521,34.679451,18530968883;19939945511,8：00——22：00
二七区,50119,海鲜酒楼,顶呱呱牛蛙煲中煌(郑州店),淮河东路(火车头体育场地铁站C口步行240米),113.651508,34.728764,13007530990,8：00——22：00
二七区,50119,海鲜酒楼,满仓烤鱼老店,,113.577241,34.63218,15838118313,8：00——22：00
二七区,50119,海鲜酒楼,温州好西好面馆(新圃西街社区店),新圃西街151号新圃西街151号院,113.658294,34.723475,0371-68727019;18539916128,8：00——22：00
二七区,50119,海鲜酒楼,武记碳锅鱼(温馨花园店),陇海中路温馨花园17号18号楼居明小区底商,113.659526,34.737554,13526475998,8：00——22：00
二七区,50119,海鲜酒楼,纪义展干锅鸭金汤鱼麻麻鱼,同兴街与旭光路交叉口东20米,113.514775,34.706275,18736990525,8：00——22：00
二七区,50119,海鲜酒楼,清真·王府涮典铜锅涮(正商城和园店),京广路街道连云路正商城和园3号院东商铺110,113.670567,34.717849,13523556517,8：00——22：00
二七区,50119,海鲜酒楼,寻煲官肉蟹煲,德化街街道德化街89号亚细亚卓悦城负一层G29-2号,113.667186,34.751824,,8：00——22：00
二七区,50119,海鲜酒楼,刘嘚嘚自助烤肉,贺江路与冯庄东路西南角,113.676232,34.695874,15936214414;18530931961,8：00——22：00
二七区,50119,海鲜酒楼,辣得跳辣卤牛蛙(佛岗店),连云路漓江路东北角向东10米路北,113.671105,34.69198,19137175445,8：00——22：00
二七区,50119,海鲜酒楼,萧记重庆烤鱼,奥马和园7号楼107,113.632571,34.673969,,8：00——22：00
二七区,50119,海鲜酒楼,纸包鱼火锅鸡,马寨镇曙光路29-19号,113.527002,34.708279,13071078251,8：00——22：00
二七区,50119,海鲜酒楼,渔锅醉巴仙烤鱼,大学路街道大学路4号客运公司家属4号院,113.644532,34.737161,,8：00——22：00
二七区,50119,海鲜酒楼,王胖子烧烤涮牛肚(荆胡社区二号院店),荆胡村二号院南门旁(荆胡地铁站D口步行460米),113.647236,34.68325,15036173657,8：00——22：00
二七区,50119,海鲜酒楼,郑州红满天酱牛肉面鲜炒鸡石锅鱼,鑫苑鑫家2期西北门旁,113.636945,34.661276,15903862597,8：00——22：00
二七区,50119,海鲜酒楼,饭小旺酸菜鱼(郑州百年德化店),德化街街道德化街100号2层D287,113.665112,34.750748,19900979976,8：00——22：00
二七区,50119,海鲜酒楼,蓝沛三文鱼(大学路店),大学路与汝河路交叉口61号,113.644259,34.732772,,8：00——22：00
二七区,50119,海鲜酒楼,豫兴隆鲜炒鸡虾尾(康桥金域上郡1号院店),汝河路勤劳街交叉口路向西20米路西,113.640714,34.732191,0371-86555597;17513183337;18538183759,8：00——22：00
二七区,50119,海鲜酒楼,蓉狮叔·川派肥肠鸡·沸腾毛肚鱼(百年德化风情购物公园A区店),德化街100号百年德化风情购物公园二层A区205,113.665376,34.750343,17343614412;17503961255,8：00——22：00
二七区,50119,海鲜酒楼,钓鱼沟怪味鱼(原大桥避暑烤鱼老店),郑航街与兴华街交叉口路西万客来电商实体展销中心10号,113.632352,34.706374,15037190991,8：00——22：00
二七区,50119,海鲜酒楼,煌城王婆大虾(鑫苑都汇广场店),南四环大学南路鑫苑都汇广场5号楼129号,113.642655,34.65916,15738867948,8：00——22：00
二七区,50119,海鲜酒楼,森虎虾尾(学院路店),学院路与光明路交叉口向南200米路东,113.511433,34.701541,13203872910,8：00——22：00
二七区,50119,海鲜酒楼,美味炸海鱼(铁路小区店),铁路小区东3门旁,113.646969,34.733262,13937578892;17638517586,8：00——22：00
二七区,50119,海鲜酒楼,鱼二代纸上烤鱼小龙虾(百年德化风情购物公园店),德化街100号百年德化风情购物公园3F层,113.664926,34.750184,13838162820,8：00——22：00
二七区,50119,海鲜酒楼,金山烤鱼店,杨红线与018乡道交叉口,113.577088,34.635712,13503858803,8：00——22：00
二七区,50119,海鲜酒楼,麦加美汉堡(政通路店),政通路与淮南街路口南20路东101-16号,113.636379,34.724422,13103866857;15936221936,8：00——22：00
二七区,50120,中式素菜馆,德林堂素斋馆,万象城,113.659337,34.756705,0371-66297678,8：00——22：00
二七区,50120,中式素菜馆,老太太烤吧,马寨镇同兴街12-2,113.532998,34.706783,15537187343;19913807869,8：00——22：00
二七区,50120,中式素菜馆,郑嘉迪方城炝锅烩面(升龙城8号院B座店),兴华南街与航海中路交叉口向西20米路北,113.632133,34.720838,18739908871,8：00——22：00
二七区,50120,中式素菜馆,黄焖鸡·石锅菜(佳纷天地店),佳纷天地南1门西50米,113.655443,34.717332,18838187778,8：00——22：00
二七区,50120,中式素菜馆,荷塘月色,长江路与行云路交叉口西北100米,113.649875,34.710825,,8：00——22：00
二七区,50121,清真菜馆,帖老大羊肉汤烩面(总店),康复后街5号(医学院地铁站K口步行320米),113.649193,34.744724,15503715520,8：00——22：00
二七区,50121,清真菜馆,麦当劳(二七万达店),大学南路8号万达广场2层2035号,113.643286,34.716978,0371-86521216,8：00——22：00
二七区,50121,清真菜馆,眷茶臻选(二七万象城店),民主路10号华润万象城购物中心B107、108,113.66187,34.754973,19037119140,8：00——22：00
二七区,50121,清真菜馆,肯德基(万象城店),民主路10号万象城B1层B118,113.662685,34.755055,0371-58650296,8：00——22：00
二七区,50121,清真菜馆,星巴克臻选(郑州万象城店),民主路华润万象城1楼L111号商铺,113.662969,34.755027,0371-86580086,8：00——22：00
二七区,50121,清真菜馆,元祖(嵩山路店),嵩山南路与安康路交叉口关照先生一层A1103号,113.627714,34.726491,0371-53370700,8：00——22：00
二七区,50121,清真菜馆,鲍师傅糕点(国际友谊广场店),德化街68号郑州国际友谊广场一楼102号、103号,113.66647,34.750609,18736638019,8：00——22：00
二七区,50121,清真菜馆,阿生哥柳州螺蛳粉(总店),永安街8-4号,113.654781,34.733919,15738896790,8：00——22：00
二七区,50121,清真菜馆,肖三饸饹面(万达店),二七金街二七万达广场店西门南240米,113.641065,34.717294,15286833366;15638456666,8：00——22：00
二七区,50121,清真菜馆,郑州粤海酒店,德化街5号,113.667432,34.749403,0371-60308888,8：00——22：00
二七区,50121,清真菜馆,鹰城鑫地饭店,大学中路120号,113.643266,34.724017,0371-69385777;0371-69385888;0371-69385555,8：00——22：00
二七区,50121,清真菜馆,郑州黄河饭店,中原东路106号(医学院地铁站D口步行150米),113.641168,34.746887,0371-67809991;0371-67809999,8：00——22：00
二七区,50121,清真菜馆,周记特色羊杂汤(京广快速路店),附近京广路政通路路西周记,113.656808,34.725565,13137701020,8：00——22：00
二七区,50121,清真菜馆,铁英老式蛋糕糕点,铁英街26号,113.650656,34.737552,0371-66999209,8：00——22：00
二七区,50121,清真菜馆,中都饭店,航海中路99号,113.651204,34.719976,0371-68781188;0371-68781278;0371-68781380,8：00——22：00
二七区,50121,清真菜馆,源麦甜·品质千层(二七店),德化街街道二七路230号-6,113.665534,34.753345,17737781532,8：00——22：00
二七区,50121,清真菜馆,喜茶(郑州万象城店),民主路10号郑州华润万象城一楼,113.662665,34.754392,0371-86506899,8：00——22：00
二七区,50121,清真菜馆,姐弟俩土豆粉(郑州二七万达店),大学南路8号郑州二七万达广场1F层,113.642364,34.717424,15517575881,8：00——22：00
二七区,50121,清真菜馆,逍遥镇刘相五胡辣汤.豆沫(康复中街店),中原路112号(医学院地铁站K口步行420米),113.648927,34.745922,13526792090,8：00——22：00
二七区,50121,清真菜馆,5个面包,大学南路7号郑州航空工业管理学院南校区门口向南50米,113.644369,34.716006,15515531554,8：00——22：00
二七区,50121,清真菜馆,安壮壮无限自助烤肉(百年德化店),德化街100号百年德化风情购物公园1F层,113.664667,34.750895,0371-80963588,8：00——22：00
二七区,50121,清真菜馆,任记肉合店,全程路台胞小区前20号院,113.653375,34.719022,13526889232,8：00——22：00
二七区,50121,清真菜馆,畅兴物流园,南四环南侧辅路与嵩山南路交叉口向西700米路南,113.618471,34.661502,15515709766,8：00——22：00
二七区,50121,清真菜馆,藏CANG coffee·西餐·鸡尾酒吧,赣江路146号二七米房时尚创意街区B区一层B112-113号商铺,113.649362,34.702965,19069631899,8：00——22：00
二七区,50121,清真菜馆,老长沙现做粉面(淮河路店),淮河路与交通路向东200米路北,113.648637,34.729122,15074914990,8：00——22：00
二七区,50121,清真菜馆,星姨糖水(米房店),米房时尚创意园区A区,113.650131,34.703235,19337102532,8：00——22：00
二七区,50121,清真菜馆,争鲜回转寿司(民主路万象城PLUS店),自由路万象城负一楼B126号,113.662846,34.754887,15515757206,8：00——22：00
二七区,50121,清真菜馆,功夫怪兽·烧烤(百年德化店),云台路与共建街交叉路口,113.664595,34.750347,18836906663,8：00——22：00
二七区,50121,清真菜馆,韩风源烧烤涮自助餐厅(亚细亚卓悦城店),西大街与德化街交叉口二七纪念塔东侧亚细亚卓悦城6层,113.667704,34.751785,0371-65337777;18937157758,8：00——22：00
二七区,50121,清真菜馆,1点点(二七万达店),人和路二七万达金街3号门西50米路北(大学南路8号2号楼),113.641459,34.71789,17729774901,8：00——22：00
二七区,50121,清真菜馆,盘牛匠亚洲烤肉公司(二七万达店),大学南路8号郑州二七万达广场1F层,113.641688,34.717833,16619942445,8：00——22：00
二七区,50121,清真菜馆,汉堡湾,康佳南路8号,113.522361,34.697685,,8：00——22：00
二七区,50121,清真菜馆,功夫怪兽·烧烤(亚细亚卓悦城店),亚细亚卓悦城(二七广场地铁站B口步行220米),113.667597,34.751291,,8：00——22：00
二七区,50121,清真菜馆,喜茶(郑州二七万达店),郑州二七万达广场室内步行街层(1022-B)号商铺,113.642514,34.716847,0371-65336019,8：00——22：00
二七区,50121,清真菜馆,炉小哥烤肉(二七万达店),大学南路8号二七万达广场室内步行街3层3032商铺,113.643302,34.717004,0371-55683777;18037681572,8：00——22：00
二七区,50121,清真菜馆,胖哥俩肉蟹煲(二七区万达店)(暂停营业),航海路二七万达广场三楼3059/3060商铺,113.643467,34.719191,0371-60976206;15399327663,8：00——22：00
二七区,50121,清真菜馆,肯德基(二七万达店),大学路与航海路交叉口二七万达室内二层,113.642849,34.716734,0371-55156700,8：00——22：00
二七区,50121,清真菜馆,孟佳宝烧烤店(正商城裕园5号院店),京广路街道冯庄路111号院正商城裕园5号院,113.672011,34.712273,,8：00——22：00
二七区,50121,清真菜馆,达美乐比萨(郑州二七万达广场店),二七万达广场负一层(2号门左转扶梯下去),113.643074,34.71678,4001597597,8：00——22：00
二七区,50121,清真菜馆,绽放BLOOM COFFEE(中原路店),邮局家属院西南门旁(医学院地铁站J口向西10米),113.642848,34.748039,15516993301,8：00——22：00
二七区,50121,清真菜馆,杨记清芳牛肉拉面(京广路店),郑州民生耳鼻喉医院北门旁,113.651395,34.747399,,8：00——22：00
二七区,50121,清真菜馆,老马家特色烧烤,京广农贸市场院内,113.657393,34.73367,13526648842,8：00——22：00
二七区,50121,清真菜馆,回忆往事民谣酒馆,陇海中路11号中铁泰和里D5三楼331-334,113.657819,34.738304,15515588266;18638162023,8：00——22：00
二七区,50121,清真菜馆,夜海堂·李记杂面条(江泰·天宇国际店),京广路58号江泰天宇国际3号楼1层,113.656498,34.711794,15890676693,8：00——22：00
二七区,50121,清真菜馆,霸王茶姬(郑州二七万达广场金街店),二七万达金街商场3号门北侧50米,113.642262,34.718625,13383719067,8：00——22：00
二七区,50121,清真菜馆,星巴克咖啡(郑州二七万达店),大学南路8号万达广场1层2号门,113.643303,34.716643,0371-55023156,8：00——22：00
二七区,50121,清真菜馆,俏香猪·韩式自助烤肉料理,德化街街道89号亚细亚卓悦城5FE1,113.667212,34.751638,18623115567,8：00——22：00
二七区,50121,清真菜馆,霸王茶姬(郑州德化街旗舰店),德化街5号粤海酒店一层商铺A区,113.666757,34.749691,13007510819,8：00——22：00
二七区,50121,清真菜馆,茶百道(郑州二七万达金街店),大学南路8号12号楼1-2层161号,113.642607,34.719038,16637173030,8：00——22：00
二七区,50121,清真菜馆,Helens海伦司小酒馆(郑州升龙商业广场店),政通路大学中路向北300米升龙国际中心B区5号楼2楼海伦司小酒馆,113.643765,34.726581,0371-63333350,8：00——22：00
二七区,50121,清真菜馆,味色香齐齐哈尔炭火烤肉(鑫苑都汇广场店),大学南路与右江路交叉口西北240米,113.642749,34.660316,17173718883,8：00——22：00
二七区,50121,清真菜馆,霸王茶姬(郑州百年德化步行街店),百年德化风情购物公园B区一层(下沉广场附近),113.664908,34.751204,19937761275,8：00——22：00
二七区,50121,清真菜馆,豪享来(居然之家中陆店),京广南路46-48号居然之家中陆店f1,113.65877,34.703269,0371-65051235,8：00——22：00
二七区,50121,清真菜馆,时胖胖齐齐哈尔家庭烤肉(郑州总店),碧云路正商城泰园一号院9-2商服,113.664887,34.723932,13199678899,8：00——22：00
二七区,50121,清真菜馆,肯德基(陇海路店),嵩山南路19号家世界购物广场一层,113.628551,34.736,0371-53386306,8：00——22：00
二七区,50121,清真菜馆,白石的深夜食堂(二七万达店),大学南路8号二七万达广场室内步行街3F层3038-BC,113.642899,34.717926,13839085839,8：00——22：00
二七区,50121,清真菜馆,吾渡の熊本中華料理(德化·无限城店),二七区德化步行街德化·无限城5楼东侧,113.665997,34.749264,18639008626,8：00——22：00
二七区,50121,清真菜馆,DQ(郑州万象城店),民主路10号万象城负一楼B160商铺,113.661871,34.75477,0371-89815725,8：00——22：00
二七区,50121,清真菜馆,蓝塔烘焙(二七万达店),二七万达广场3号门向西50米路北,113.641901,34.717857,0371-63282871,8：00——22：00
二七区,50121,清真菜馆,溢香苑瓦罐(交通路店),政通路70号院升龙世纪花园4号5号楼中间一层商铺,113.647334,34.726825,0371-55130662,8：00——22：00
二七区,50121,清真菜馆,友味奶博士(永安街店),郑州树青医学中等专业学校京广路校区北门西50米,113.655192,34.733768,18836601227,8：00——22：00
二七区,50121,清真菜馆,回李家烩羊肉(京广路总店),京广路与长江路交叉路口西南角,113.656732,34.709225,13043979982,8：00——22：00
二七区,50121,清真菜馆,塔斯汀中国汉堡(百年德化风情购物公园B区店),德化街100-54号(二七广场地铁站D口步行350米),113.6645,34.749855,15713846471,8：00——22：00
二七区,50121,清真菜馆,锦鲤坊(桃源店),兴华北街与桃源路交汇处南20米路东,113.633047,34.739837,0371-65320082;0371-86130110;19003831702,8：00——22：00
二七区,50121,清真菜馆,釜汀无限自助烤肉,兴盛街与正兴街交叉口东南40米,113.664814,34.751119,19900979079,8：00——22：00
二七区,50121,清真菜馆,釜汀无限自助烤肉,赣江路146号二七米房时尚创意街区项目内为C区二层C201C202号商铺釜汀烤肉,113.649435,34.703389,19900979079,8：00——22：00
二七区,50121,清真菜馆,华莱士·全鸡汉堡(民主店),铭功路与自由路交叉口向东50米(汇港新城楼下),113.661837,34.753761,4008226004,8：00——22：00
二七区,50122,台湾菜,迪欧咖啡(棉纺东路店),棉纺路鑫苑国际城市花园40-41号楼临街商铺2楼,113.635602,34.756214,0371-86663816;18638628741,8：00——22：00
二七区,50123,潮州菜,宋潮食间(万达广场店),大学南路8号郑州二七万达广场B1层,113.643001,34.717357,13783528963,8：00——22：00
二七区,50123,潮州菜,潮汕饭店(吉祥花园店),人和路街道南溪路168号吉祥花园,113.652397,34.693661,,8：00——22：00
二七区,50123,潮州菜,吉家潮丸,保全街7号院,113.649944,34.731284,13673992315,8：00——22：00
二七区,50123,潮州菜,潮汕蚝烙王,人和夜市潮汕蚝烙王铺位号B105,113.643186,34.712256,,8：00——22：00
二七区,50123,潮州菜,潮汕鼎记,亚星万家百汇2层3-5号商铺潮汕鼎记,113.629434,34.687852,18538166183,8：00——22：00
二七区,50123,潮州菜,潮汕家常菜,京广路街道丹枫路7号联创佳苑,113.669602,34.693996,,8：00——22：00
二七区,50123,潮州菜,仟味重庆老火锅(郑航街店),人和路街道郑航街19-17号,113.649409,34.705815,15869327706,8：00——22：00
二七区,50123,潮州菜,大吉利潮汕牛肉火锅(二七万达店)(暂停营业),大学南路8号万达广场郑州二七店B1层,113.643016,34.718182,13102237781;17788121056,8：00——22：00
二七区,50200,外国餐厅,圣西亚意式餐厅,亚细亚卓悦城(二七广场地铁站B口步行200米),113.667408,34.751581,,8：00——22：00
二七区,50200,外国餐厅,快乐爱斯米(二七万达店),大学路8号郑州二七万达广场3F层3016A号,113.642672,34.717653,,8：00——22：00
二七区,50200,外国餐厅,刘洋和烤肉(二七米房店),赣江路146号二七米房时尚创意街区内E区一层E103 E104、E105、E105-1号商铺,113.648756,34.703378,19838144634,8：00——22：00
二七区,50200,外国餐厅,豪享来(长江中路店),长江中路与兴华南街西南角工商银行隔壁,113.632238,34.709473,18237110678,8：00——22：00
二七区,50200,外国餐厅,豪享来(大学升龙店),大学路与政通路交叉口东北角二楼豪享来,113.644565,34.725337,0371-55026139,8：00——22：00
二七区,50200,外国餐厅,韩美味烤肉道场,百年德化风情购物公园B区二楼(炸鸡姑娘隔壁),113.664766,34.750332,13903811715,8：00——22：00
二七区,50200,外国餐厅,山上下(万象城旗舰店),民主路华润·万象城六楼L617商铺,113.662876,34.754982,0371-53311355,8：00——22：00
二七区,50200,外国餐厅,安三胖韩国烤肉(万象城店),福华街街道民主路10号郑州万象城7楼L702b号,113.66214,34.755006,18937176602,8：00——22：00
二七区,50200,外国餐厅,韩味馆(郑州二七区),陇海路鑫苑现代城商业街108号(庆丰街口南侧),113.651698,34.735269,13014617681,8：00——22：00
二七区,50200,外国餐厅,九田家黑牛烤肉料理(二七万象城店),民主路10号二七万象城L7层,113.66217,34.754714,,8：00——22：00
二七区,50200,外国餐厅,大叹号烤肉·朝鲜族料理(二七万达店),大学南路8号郑州二七万达广场3F层,113.643053,34.719003,15638693666,8：00——22：00
二七区,50200,外国餐厅,豪客来(郑州嵩南印象城餐厅),柳江路67号嵩南印象城4号楼1层102号(西南角下沉广场),113.628699,34.671667,17350887817,8：00——22：00
二七区,50200,外国餐厅,N多寿司(郑州乐享茂店),南三环连云路乐享茂C座1楼,113.67187,34.696415,13903716542,8：00——22：00
二七区,50200,外国餐厅,小娟家秘制朝鲜面,紫荆山南路666号(站马屯地铁站B口步行90米),113.681574,34.68432,15838093210,8：00——22：00
二七区,50200,外国餐厅,名家大作·朝鲜族自助烤肉(郑州首店),民主路16号郑州二七万象城7楼,113.661854,34.754929,,8：00——22：00
二七区,50200,外国餐厅,泰妃殿(郑州万象城店),民主路10号郑州二七万象城L7层,113.662011,34.75504,,8：00——22：00
二七区,50200,外国餐厅,刘洋和烤肉(泰和里店),陇海路京广路东30米路北中铁泰和里113.114号商铺,113.657256,34.73807,19139736168,8：00——22：00
二七区,50200,外国餐厅,RDE红醉象东南亚料理(泰和里店),陇海中路13号中铁·泰和里商场二层西头扶梯左侧D228,113.657369,34.738337,16603863153,8：00——22：00
二七区,50200,外国餐厅,18g Soul融合料理,行云路米房B区B107,113.649663,34.703036,,8：00——22：00
二七区,50200,外国餐厅,嘿店外带寿司(橄榄城店),佛岗新居西2门南80米,113.670999,34.694892,13298125108,8：00——22：00
二七区,50200,外国餐厅,N多寿司(郑州碧云路店),碧云路春晖路交叉口向南15米路西,113.666403,34.70928,18638690757,8：00——22：00
二七区,50200,外国餐厅,米村拌饭(二七区杉杉奥莱店),大学南路319号郑州杉杉奥莱·二七店L2层,113.645963,34.651619,18322796343,8：00——22：00
二七区,50200,外国餐厅,金三顺韩国料理(无限城店),德化街无限城5楼(二七广场地铁站D口步行340米),113.665685,34.74932,13903811715,8：00——22：00
二七区,50200,外国餐厅,首尔浪漫厨房黑牛烤肉料理(百年德化风情购物公园店),百年德化风情购物公园D座,113.665048,34.751065,0371-55032099,8：00——22：00
二七区,50200,外国餐厅,阁外香大盘鸡拌面,郑州实验外国语中学东门旁,113.625225,34.682175,,8：00——22：00
二七区,50200,外国餐厅,幸遇鲍鱼排骨饭(东分郑州实验外国语学校店),庆喜路与福喜街交叉口西南120米,113.624619,34.682237,17875678545;18638620707,8：00——22：00
二七区,50200,外国餐厅,中釜烤肉1988,学院路与同兴街交叉口东南60米,113.512352,34.705923,15515761112,8：00——22：00
二七区,50200,外国餐厅,ZAGIYA9号韩国料理,郑大市场街9号,113.645003,34.740551,16576999992,8：00——22：00
二七区,50200,外国餐厅,白石的深夜食堂·Yakitori(郑州万象城店),民主路10号郑州华润万象城7层L711,113.661399,34.754919,13027761626,8：00——22：00
二七区,50200,外国餐厅,N多寿司(郑州鑫苑店),陇海中路100号鑫苑鑫都汇商场1层F1-07a号商铺,113.651091,34.735742,18539245018,8：00——22：00
二七区,50200,外国餐厅,考拉烘焙(马寨杨寨步行街店),马寨镇杨寨步行街C1-003号,113.525441,34.709017,13781417983;13937006227,8：00——22：00
二七区,50200,外国餐厅,杨掌柜麻辣兔炖大鹅,马寨镇杨掌柜麻辣兔炖大鹅70-1号,113.531156,34.714798,,8：00——22：00
二七区,50200,外国餐厅,藏omakase&restaurant,桃源路28-29号门面房,113.636239,34.740347,,8：00——22：00
二七区,50200,外国餐厅,燥食日式拉面(民安路40号院店),民安路淮北街交叉口向东20米路北,113.636772,34.731138,15188315750,8：00——22：00
二七区,50200,外国餐厅,泰谷村泰式大排档(二七万达店),大学南路8号万达广场二七店3层,113.642613,34.718705,,8：00——22：00
二七区,50200,外国餐厅,哇哦吃寿司(万达三楼店),大学南路8号郑州二七万达广场3F层,113.642645,34.71856,17329317880,8：00——22：00
二七区,50200,外国餐厅,N多寿司(郑州锦绣山河丹尼斯店),南彩路锦绣山河丹尼斯南彩店1层外铺区第5号,113.623358,34.683572,18768879806,8：00——22：00
二七区,50200,外国餐厅,鸟川烧鸟居酒屋(升龙城8号院店),齐礼阎路兴华街第二小学北侧190米,113.630963,34.721718,18639020707,8：00——22：00
二七区,50200,外国餐厅,N多寿司(二七万达店),大学南路8号1号楼1层万达金街127号,113.642404,34.718527,0371-86253092;13937120531,8：00——22：00
二七区,50200,外国餐厅,韩不说·韩国炸鸡二七万达店,航海路与建云街向南20米路东105-25号1-5号,113.648345,34.719869,13083866176,8：00——22：00
二七区,50200,外国餐厅,浅鲜三文鱼刺身,福华街街道陇海中路9号院中铁泰和府六号院,113.658538,34.739261,,8：00——22：00
二七区,50200,外国餐厅,猫握寿司,勤劳街17号众鑫佳苑东苑,113.642254,34.736125,19374778750,8：00——22：00
二七区,50200,外国餐厅,青禾寿司(大学路店),大学北路辅路与桃源路交叉口西北20米,113.643761,34.740452,13673849197;15136185024,8：00——22：00
二七区,50200,外国餐厅,鲑月鲜·三文鱼,长城康桥华城西门西南50米,113.640882,34.737442,14788882585,8：00——22：00
二七区,50200,外国餐厅,原切街头牛排,锦绣山河锦和广场南门西南70米,113.625125,34.682625,,8：00——22：00
二七区,50200,外国餐厅,n多寿司,灵山路与芳仪路交叉口西北60米,113.649725,34.668825,,8：00——22：00
二七区,50200,外国餐厅,Hj韩式料理,航海路祥云路向南50米路西旅馆西隔壁,113.667734,34.719378,17638567096,8：00——22：00
二七区,50200,外国餐厅,朝鲜族石锅拌饭冷面,马寨镇学院路与同兴街交叉口东刑花园西苑6栋桃李茂商场一层117号,113.512511,34.70633,18625773199,8：00——22：00
二七区,50200,外国餐厅,山西油泼面,先锋外国语学校北侧170米,113.510854,34.687225,,8：00——22：00
二七区,50200,外国餐厅,吾渡忘川洋风料理,德化街街道德化街36号无限城5层541,113.666009,34.749103,18639008626,8：00——22：00
二七区,50200,外国餐厅,大喜屋(郑州华联商厦店),解放路与二七路交叉口西80米,113.665822,34.752882,,8：00——22：00
二七区,50200,外国餐厅,六六寿司店,建中街街道交通路永安街交叉口交通路41号交通路恒业住宅小区,113.647221,34.733393,,8：00——22：00
二七区,50200,外国餐厅,Helens海伦司小酒馆(橄榄城店),贺江路78号橄榄城都市广场B座2层锅大侠火锅旁边,113.671227,34.696537,0371-63316501,8：00——22：00
二七区,50200,外国餐厅,韩宫宴炭火烤肉(郑州二七万达店)(暂停营业),长江路街道大学路8号二七万达广场三楼3033-3035号铺韩宫宴,113.642917,34.717108,18861631050,8：00——22：00
二七区,50202,日本料理,望岳家芝士料理专门店,德化街街道苑陵街57号外7号,113.664787,34.748703,15538096713,8：00——22：00
二七区,50202,日本料理,崔恩珠芝士料理,德化·无限城(二七广场地铁站D口步行340米),113.665625,34.749225,,8：00——22：00
二七区,50202,日本料理,N多寿司(郑州亚细亚店),德化街街道德化街89号亚细亚卓悦城负一G57,113.667031,34.751364,15638078823,8：00——22：00
二七区,50203,韩国料理,九田家黑牛烤肉料理(二七万达店),"大学南路8号二七万达广场室内步行街3层3001-B,3060-B",113.643357,34.719364,15151402201,8：00——22：00
二七区,50203,韩国料理,EVE伊芙创意韩国料理(橄榄城乐享茂店),橄榄城乐享茂F4(南三环与连云路交叉口西北角电梯上4F),113.671809,34.698153,,8：00——22：00
二七区,50203,韩国料理,崔泽家1988韩餐烤肉铺(二七万达金街店),二七区二七万达金街3号门,113.642188,34.71711,15628469776,8：00——22：00
二七区,50203,韩国料理,小木屋拌饭(郑州二七橄榄城店),贺江路乐享茂c113号商铺,113.671916,34.69644,15303716257,8：00——22：00
二七区,50203,韩国料理,三顺家韩餐(升龙城店),嵩山路191号院升龙城6号1号楼1-2层118号,113.629092,34.724598,18538763189,8：00——22：00
二七区,50203,韩国料理,张姐烤肉拌饭(御景台南区店),御景台南区西门西北150米,113.667616,34.696369,18237336099,8：00——22：00
二七区,50203,韩国料理,嘎嘎香叉骨炸鸡韩式炸鸡(佛岗新居店),京广路街道连云路99号佛岗新居,113.671168,34.694289,,8：00——22：00
二七区,50203,韩国料理,米典拌饭,政通路与齐礼阎路南50米,113.630476,34.724121,,8：00——22：00
二七区,50203,韩国料理,韩香坊咖哩鸡,建新街2号院附4号(郑大一附院地铁站C口步行480米),113.648065,34.756541,15515699798,8：00——22：00
二七区,50203,韩国料理,人和夜市欧巴韩式炸鸡,郑州人和夜市欧巴韩式炸鸡,113.643343,34.712243,,8：00——22：00
二七区,50203,韩国料理,梨泰院韩式炸鸡(联创佳苑店),漓江路联创佳苑南门106,113.669454,34.692213,13071032278,8：00——22：00
二七区,50203,韩国料理,韩小厨炒饭炒面,长江路街道京广南路58号院江泰天宇7号楼一层130号,113.655904,34.711936,,8：00——22：00
二七区,50203,韩国料理,汉江里炸鸡(二七万达),长江路街道大学南路8号1号楼1-2层116号,113.641262,34.718522,,8：00——22：00
二七区,50203,韩国料理,熊家无二·韩式炸鸡(郑州马寨店),马寨镇同兴街与学院路交叉口向东100米大磊驾校院内10号,113.514029,34.706594,15036111023,8：00——22：00
二七区,50203,韩国料理,樱花湾自助烤肉,连云路与漓江路交叉口西南角橄榄城新公馆1号楼,113.670179,34.691203,17303835500,8：00——22：00
二七区,50203,韩国料理,lubidubi韩式炸鸡,桃源南街18-10号,113.636413,34.731856,17719966837;18339966391,8：00——22：00
二七区,50204,法式菜品餐厅,L法式蛋糕,长江路街道航海中路105号华逸名家,113.650325,34.719625,,8：00——22：00
二七区,50204,法式菜品餐厅,L法式蛋糕(马寨店),同兴街171号,113.525739,34.708859,,8：00——22：00
二七区,50204,法式菜品餐厅,甜心结法式蛋糕(二七区店),淮北街与路寨西街交叉口东160米,113.638061,34.733033,,8：00——22：00
二七区,50204,法式菜品餐厅,爷爷不泡茶NOYEYENOTEA(郑州百年德化店),百年德化商业入口东侧,113.665598,34.751115,17803903065,8：00——22：00
二七区,50204,法式菜品餐厅,MX·法式蛋糕CAKE(二七万达店),长江路街道兴华南街103号五号街坊,113.633025,34.712775,,8：00——22：00
二七区,50204,法式菜品餐厅,启慕法式蛋糕(二七万达店),兴华南街103-1号,113.635757,34.712886,,8：00——22：00
二七区,50204,法式菜品餐厅,W·法式蛋糕(二七万达店),汉江路和人和路交口东行50米路北富华花苑对面,113.642128,34.715467,18638783030,8：00——22：00
二七区,50204,法式菜品餐厅,有七有喝三明治小屋,大学路80号康城华城商业步行街A11商铺,113.641761,34.738766,18538270072,8：00——22：00
二七区,50211,牛扒店(扒房),上牛社会澳洲原切牛排(郑州二七万达广场店),大学南路8号二七万达商场3层3058号铺,113.643078,34.71902,13303813536;15516605668;15638801195,8：00——22：00
二七区,50217,其它亚洲菜,肯德基(二七广场店),亚细亚卓悦城西门旁(二七广场地铁站B口步行110米),113.667167,34.751492,4009200715,8：00——22：00
二七区,50217,其它亚洲菜,豫见,郏县林溪谷南门(实验高中斜对面),113.664469,34.749512,13233738738,8：00——22：00
二七区,50300,快餐厅,郭氏三兄弟白吉馍(总店),交通路150号建华小区7号楼北楼弟四间商铺,113.646945,34.73195,15936224825,8：00——22：00
二七区,50300,快餐厅,方中山胡辣汤(棉纺路店),,113.640167,34.755152,18037405018,8：00——22：00
二七区,50300,快餐厅,胥佳烧鸡公牛肉面馆(服装中心家属院店),京广南路与新圃西街东北角,113.657702,34.723499,13603451316;18623360623,8：00——22：00
二七区,50300,快餐厅,柳州肥姨妈大骨螺蛳粉(二七广场店),大同路46号1层-8号,113.665895,34.747764,15617577681,8：00——22：00
二七区,50300,快餐厅,醉面(郑州华润万象城店),民主路10号郑州二七万象城L6层,113.661067,34.755068,15981821752,8：00——22：00
二七区,50300,快餐厅,姐弟俩土豆粉(郑州二七橄榄城店),连云路与贺江路交叉口乐享茂C座C-109,113.67187,34.696415,19903977570,8：00——22：00
二七区,50300,快餐厅,郑与川包子铺·米线(大学路店),大学路126-8-9号,113.64367,34.722121,16696675211,8：00——22：00
二七区,50300,快餐厅,方中山胡辣汤(大学路店),大学路与汝河路向南20米路东,113.64424,34.732207,13203876568,8：00——22：00
二七区,50300,快餐厅,苏氏牛肉面(淮河路店),淮河东路18号(大学中路地铁站A口步行260米),113.647467,34.72912,15515571339,8：00——22：00
二七区,50300,快餐厅,阿平小馆(二七万达店),大学路8号二七万达广场3F层3006,113.642892,34.718276,19900918527,8：00——22：00
二七区,50300,快餐厅,恩霏家海南小吃,永安街36号附9号,113.655472,34.73375,13007611728,8：00——22：00
二七区,50300,快餐厅,苏氏牛肉面(华健店),民主路6号华健商务大厦一层,113.665966,34.754442,,8：00——22：00
二七区,50300,快餐厅,德克士(马寨),马寨镇同兴街好又多超市向西100米路北,113.527962,34.707211,0371-67856677;18937679311,8：00——22：00
二七区,50300,快餐厅,田丰盖浇饭,淮北街桃园路交叉口向南50米路西,113.636219,34.739322,15803998791,8：00——22：00
二七区,50300,快餐厅,吉野家(郑州星光汇店),嵩山北路27号院4号5号楼星光汇一层1005号,113.629639,34.75682,17319761132,8：00——22：00
二七区,50300,快餐厅,麦当劳(橄榄城都市广场餐厅),南三环和贺江路交叉口橄榄城都市广场B座一层,113.671372,34.69722,0371-65331216;4008517517,8：00——22：00
二七区,50300,快餐厅,方中山胡辣汤(淮南街店),淮南街与政通路交叉口往南方中山胡辣汤店,113.636103,34.723902,18039229613,8：00——22：00
二七区,50300,快餐厅,李先生牛肉面大王(郑州火车站西广场2店),二七区火车站西出口站房一楼商铺,113.657053,34.746197,0371-86096188;13838563351,8：00——22：00
二七区,50300,快餐厅,德克士(火车站店),二七区火车站西广场S01商铺,113.65772,34.744792,0371-65027888,8：00——22：00
二七区,50300,快餐厅,巴蜀王氏现捞,建云街15号教苑小区3号楼2单元1楼东户,113.649927,34.715136,,8：00——22：00
二七区,50300,快餐厅,逍遥镇高老七牛排胡辣汤,和平路2号(郑州火车站地铁站G口步行310米),113.654888,34.750002,13676983318,8：00——22：00
二七区,50300,快餐厅,比格比萨自助(郑州二七万达店),长江路街道大学路8号郑州二七万达广场3层,113.643061,34.718217,,8：00——22：00
二七区,50300,快餐厅,德克士(绿城广场店),兴华北街12-30(绿城广场地铁站C口步行130米),113.633075,34.746935,0371-67449195,8：00——22：00
二七区,50300,快餐厅,柳州肥姨妈大骨螺蛳粉(二七万达店),万达广场3号门向西三十米,113.641906,34.717689,15138668283,8：00——22：00
二七区,50300,快餐厅,姐弟俩土豆粉(郑州二七万象城店),民主路10号,113.662381,34.755018,19337122755,8：00——22：00
二七区,50300,快餐厅,塔斯汀中国汉堡(二七万达店),大学南路8号7号楼1-2层104号房,113.641237,34.716198,13103850212,8：00——22：00
二七区,50300,快餐厅,老乡鸡(百年德化风情购物公园店),德化街100号百年德化风情园区D区一层D128、D158号,113.664896,34.751031,18205084542,8：00——22：00
二七区,50300,快餐厅,袁记云饺(郑州市二七区橄榄城店),连云路佛岗新居北门底商83-11号商铺,113.673378,34.695982,19139925500,8：00——22：00
二七区,50300,快餐厅,德克士(二七万达店),长江路街道二七万达金街13-127,113.642635,34.719762,0371-63392115,8：00——22：00
二七区,50300,快餐厅,柳七八螺蛳粉(桃源南路店),大学路街道淮北街56号桃园南街5号院,113.63603,34.73853,18603827803,8：00——22：00
二七区,50300,快餐厅,和府捞面(杉杉二七奥莱店),大学南路319号郑州杉杉奥莱·二七店L2层,113.646055,34.651317,18624988812,8：00——22：00
二七区,50300,快餐厅,阿三生煎(二七万象城店),民主路10号郑州二七万象城L6层,113.660926,34.755311,17837119905,8：00——22：00
二七区,50300,快餐厅,爱的起汤包(淮北街店),大学路与汝河路交叉口向东100米路北,113.645317,34.732784,18703838797,8：00——22：00
二七区,50300,快餐厅,德克士(橄榄城店),连云路与寒山路交叉口橄榄城a座1层,113.671328,34.69763,0371-63320600;18137112696,8：00——22：00
二七区,50300,快餐厅,混世牛魔丸,桃源路翰林世家一楼25-13,113.64116,34.740191,13373935236,8：00——22：00
二七区,50300,快餐厅,爱莱客汉堡炸鸡(橄榄城店),京广路街道橄榄城都市广场A座106号中户,113.672517,34.696636,19939970898,8：00——22：00
二七区,50300,快餐厅,一擀一面皮,棉纺东路46号附42-43号(鑫苑国际城市花园斜对面),113.634847,34.755893,15638920865;18638022077,8：00——22：00
二七区,50300,快餐厅,德克士(升龙店),升龙商业广场A区(大学中路地铁站C口步行430米),113.640824,34.726188,0371-58586220;13523078626,8：00——22：00
二七区,50300,快餐厅,尤福记香酥脆烧饼,建中街街道幸福路9号幸福路9号院,113.648262,34.739931,18638285444,8：00——22：00
二七区,50300,快餐厅,柴夫饺子馆(兴华街店),兴华北街与桃源路交汇处东南角,113.633033,34.739853,0371-56009556;15038188665,8：00——22：00
二七区,50300,快餐厅,方中山胡辣汤(佛岗店店),连云路与丹枫路交叉口向北300米路西,113.670165,34.695225,13674988456,8：00——22：00
二七区,50300,快餐厅,麦当劳(京莎佳纷广场店),京广南路8号京莎佳纷广场F1层,113.656624,34.717845,0371-58508597;4009200205,8：00——22：00
二七区,50300,快餐厅,攀爷老北京烧饼,淮河路街道淮北街29号新华苑,113.636375,34.733334,15638840999,8：00——22：00
二七区,50300,快餐厅,德克士(长江),长江路与大学路交叉口世纪莲花一楼德克士长江餐厅,113.642403,34.71035,0371-58584262,8：00——22：00
二七区,50300,快餐厅,德克士(二七塔店),德化街街道德化街100号百年德化风情园区D区一层BQD127号,113.66525,34.751356,19137179440,8：00——22：00
二七区,50300,快餐厅,德克士(鑫苑餐厅),陇海路与庆丰街交叉口鑫苑城市花园一楼德克士餐厅,113.650418,34.7359,4006639797,8：00——22：00
二七区,50300,快餐厅,德克士(长江丹尼斯百货店),丹尼斯百货长江店北门旁,113.634046,34.709505,0371-63385816;0371-68891911,8：00——22：00
二七区,50300,快餐厅,肯德基(郑大店),大学北路永辉超市1层(医学院地铁站P口步行180米),113.644423,34.745426,19036506164;4009200715,8：00——22：00
二七区,50300,快餐厅,德克士(康桥),大学路与陇海路交叉口向北100米康桥华城一楼,113.643628,34.737781,0371-67717562,8：00——22：00
二七区,50300,快餐厅,地盘薄比萨(万象城店),民主路10号郑州二七万象城B111,113.661825,34.754925,0371-86222677,8：00——22：00
二七区,50300,快餐厅,郑好吃雪花酪(永安街总店),郑州市第四十四中学南门旁,113.654625,34.733922,13303837608,8：00——22：00
二七区,50300,快餐厅,石林泡馅水饺,大同路4号,113.668916,34.74878,15238617033;18638788180,8：00——22：00
二七区,50300,快餐厅,华莱士·全鸡汉堡(庆丰店),庆丰街11号附近,113.6525,34.730564,4008226004,8：00——22：00
二七区,50300,快餐厅,华莱士·全鸡汉堡(碧云店),碧云路长江医院1层(近春晖小学),113.665377,34.714754,4008226004,8：00——22：00
二七区,50300,快餐厅,四伟盖浇饭(桃源南街4号院店),桃源路淮北街交叉口向南路西100米,113.636204,34.739456,13949126526,8：00——22：00
二七区,50300,快餐厅,方中山胡辣汤(人和路店),人和路76-12,113.640849,34.714541,13935121981,8：00——22：00
二七区,50300,快餐厅,方中山胡辣汤(马寨店),马寨镇政府对面,113.532618,34.713697,13523589771,8：00——22：00
二七区,50300,快餐厅,東更道点心行(郑州杉杉奥莱·二七店店),大学南路319号郑州杉杉奥莱·二七店LG层,113.646355,34.650387,,8：00——22：00
二七区,50300,快餐厅,杨锦雯炸货铺,福华街街道京广路33号院1楼4号铺,113.657511,34.733208,,8：00——22：00
二七区,50300,快餐厅,吴弟粉浆面条(淮北街店),桃源南街2号付1号,113.636392,34.738293,18037685602;18037865602,8：00——22：00
二七区,50300,快餐厅,巧二娘螺蛳粉(永安街店),永安街36-15号,113.654957,34.733719,15238299088,8：00——22：00
二七区,50300,快餐厅,火枝烧陈皮鸭,建中街街道陇海中路30号铁英街临街房2-3号陈皮鸭店,113.650842,34.736942,15638598123,8：00——22：00
二七区,50300,快餐厅,塔斯汀中国汉堡(橄榄城店),佛港新居47号楼17-9号店,113.672204,34.695938,19903866550,8：00——22：00
二七区,50300,快餐厅,鑫悦广味金牌牛腩面(桃源国际公寓店),桃源路兴华北街交叉口东南角,113.63307,34.740198,18538229955,8：00——22：00
二七区,50300,快餐厅,德克士(南彩路店),嵩山南路亚星南岸商务中心5号楼一层17号,113.625176,34.683035,0371-58586330,8：00——22：00
二七区,50300,快餐厅,沙朗阿甘鲜肉汉堡(郑州二七万象城店),民主路10号郑州华润万象城B191号,113.662743,34.754495,15093348972,8：00——22：00
二七区,50300,快餐厅,塔斯汀中国汉堡(正商城和园店),祥云路东正商和园1号院3栋1-2层102号,113.668217,34.719089,17600448170;19339978738,8：00——22：00
二七区,50300,快餐厅,方中山胡辣汤(锦绣山河店),嵩山南路与南彩路交叉口路西300米,113.625149,34.6825,18537179823,8：00——22：00
二七区,50300,快餐厅,塔斯汀中国汉堡(同兴街店),马寨镇同兴街24-24号临街门面房,113.527437,34.707219,19396488857,8：00——22：00
二七区,50300,快餐厅,德克士(亚星万嘉百汇店),亚星万嘉百汇西门旁,113.629277,34.687794,0371-58586330,8：00——22：00
二七区,50300,快餐厅,德克士(赞巴啦生活广场店),嵩山路街道嵩山南路188号赞巴啦生活广场一楼M1002号,113.627675,34.726731,18695818718,8：00——22：00
二七区,50300,快餐厅,油麻港·辣子鸡手擀面(亚细亚店),亚细亚卓悦城三楼(二七广场地铁站B口旁),113.667463,34.751776,15378765165,8：00——22：00
二七区,50300,快餐厅,老洪家手工灌汤包一元烧烤,福华街街道保全街56号运动鞋厂家属院,113.659244,34.731549,15516983087,8：00——22：00
二七区,50300,快餐厅,开福炸鸡,淮北市场1号,113.633531,34.732771,13623857236;15378754529,8：00——22：00
二七区,50300,快餐厅,米村拌饭(二七区鑫苑鑫都汇店),陇海中路100号鑫苑·鑫都汇F1层,113.651873,34.735895,15845640695,8：00——22：00
二七区,50300,快餐厅,黄大鲜美国炸鸡(棉纺东路4号院店),棉纺东路3-4号(郑大一附院地铁站A口步行190米),113.643125,34.754575,15515510390,8：00——22：00
二七区,50300,快餐厅,布谷布谷热干面(大学路店),大学路康复前街18号(医学院地铁站M口步行240米),113.644464,34.742088,13027758690,8：00——22：00
二七区,50300,快餐厅,食味居烩面泡馍馆(蜜蜂张店),蜜蜂张街2号(郑州火车站地铁站G口步行260米),113.654655,34.748549,15978439997,8：00——22：00
二七区,50300,快餐厅,铁八小炸串20年老店,庆丰街(24号院东区)与保全街向东30米路北,113.65307,34.731536,18203670088,8：00——22：00
二七区,50300,快餐厅,没名炸串(中原东路101号院店),中原东路101号院地铁1号线绿城广场站D口旁,113.631298,34.747878,18737192172,8：00——22：00
二七区,50300,快餐厅,必胜客(中陆居然之家店),京广南路中陆广场,113.658706,34.702417,,8：00——22：00
二七区,50300,快餐厅,阿明煲仔饭二七万达旗舰店,二七万达金街6号楼106商铺,113.642199,34.717161,,8：00——22：00
二七区,50300,快餐厅,肯德基(中陆广场店),京广南路与南三环交叉口居然之家(中陆店)F1,113.658685,34.702738,0371-63376682,8：00——22：00
二七区,50300,快餐厅,塔斯汀中国汉堡(兴华南街店),升龙城8A号院2号楼底商2-109,113.632537,34.722832,13393702845,8：00——22：00
二七区,50300,快餐厅,石榴紫米火烧,陇海中路勤劳街长城康桥华城西门往北三十米路西32-40号,113.640885,34.73825,15617818418,8：00——22：00
二七区,50300,快餐厅,姐弟俩土豆粉(郑州二七赞巴啦生活广场店),喜多家幼儿园东门东150米,113.627425,34.726775,18937155705,8：00——22：00
二七区,50300,快餐厅,张记郏县饸饹面(橄榄城店),连云路与漓江路交叉口向北100米路西,113.670236,34.693085,,8：00——22：00
二七区,50300,快餐厅,肯德基(郑州站店),二马路82号郑州站F2层,113.660614,34.746838,,8：00——22：00
二七区,50300,快餐厅,梅园开封灌汤包(淮河路店),福华苑小区庆丰街29号院,113.651849,34.728767,15936273317,8：00——22：00
二七区,50300,快餐厅,安禾记生煎(棉纺路店),多乐口腔门诊部南侧60米,113.636157,34.755557,15093363611,8：00——22：00
二七区,50300,快餐厅,庆兴元鲜烧牛肉面(百年德化风情购物公园店),德化街100号百年德华风情园区BQD162-5至-8号,113.664929,34.751134,,8：00——22：00
二七区,50300,快餐厅,姐弟俩土豆粉(郑州二七鑫都汇店),陇海中路庆丰街鑫苑鑫都汇,113.651091,34.735742,19937120512,8：00——22：00
二七区,50300,快餐厅,庆丰包子铺(铭功路店),铭功路280号(人民公园地铁站B口步行370米),113.660006,34.754369,15136100882,8：00——22：00
二七区,50300,快餐厅,本穆青海牛肉拉面(郑大一附院店),建设东路49号中投联合汇金城,113.642787,34.753558,13592687738,8：00——22：00
二七区,50300,快餐厅,福状元粥店(连云路店),京广路街道连云路佛岗新居45-6号,113.671027,34.695434,0371-66600531;17803867362,8：00——22：00
二七区,50300,快餐厅,丁丁家米皮(棉纺东路店),棉纺东路46号附10号,113.636259,34.755729,13253317290;13838008613,8：00——22：00
二七区,50300,快餐厅,山沟沟里的粉(郑州二七万象城店),民主路10号郑州二七万象城B1层,113.662813,34.754711,,8：00——22：00
二七区,50300,快餐厅,米村拌饭(二七区嵩南印象城店),侯寨街道嵩山南路嵩南印象城内1层102(KFC旁北门入口前行50米),113.630064,34.673724,15517382377,8：00——22：00
二七区,50300,快餐厅,杨锦雯炸货铺,京广路陇海路交叉口往南100米路东,113.65753,34.733257,18638279666,8：00——22：00
二七区,50300,快餐厅,超意兴快餐(二七广场店),一马路街道温州大厦大同路46-6号,113.666064,34.747671,16638010018,8：00——22：00
二七区,50300,快餐厅,阿生哥螺蛳粉(长江路店),石门东路长江路南3.4号楼商业裙房1层112号,113.62542,34.709476,18638170609;18638588050,8：00——22：00
二七区,50300,快餐厅,塔斯汀中国汉堡(华城国际中心店),大学路80号A地街铺1层5S1010号,113.641363,34.738836,19139700586,8：00——22：00
二七区,50300,快餐厅,华莱士·全鸡汉堡(康桥店),康桥上郡勤劳街与汝河路向西500米,113.639248,34.732872,4008226004,8：00——22：00
二七区,50300,快餐厅,华莱士·全鸡汉堡(锦美南华府店),锦美南华府1期东1门旁,113.63608,34.702302,13803890588;18437188188,8：00——22：00
二七区,50300,快餐厅,阿香米线(郑州二七万达餐厅),大学南路8号万达广场室内步行街3层3030C号,113.64305,34.716843,17721116767,8：00——22：00
二七区,50300,快餐厅,阿生哥螺蛳粉(郑州二七万达广场店),万达广场12号楼1-2层136号,113.642494,34.718126,15290882769;18538751955,8：00——22：00
二七区,50300,快餐厅,郑与川包子铺·米线(保全街店),保全街,113.65385,34.731346,15515676912,8：00——22：00
二七区,50300,快餐厅,肯德基(大学南路店),绿水路53号1号楼附1号和201号的商业服务用房1层,113.643039,34.682736,0371-58604809,8：00——22：00
二七区,50300,快餐厅,融柳大铁牛螺蛳粉(郑州冯庄店),航海中路11号,113.668697,34.719467,19137165568,8：00——22：00
二七区,50300,快餐厅,肯德基(嵩南印象城店),柳江路67号LG层LG-17/18/19铺位,113.629057,34.672993,,8：00——22：00
二七区,50300,快餐厅,桂思妹炸串,永安街36号院16号门店,113.655092,34.733768,,8：00——22：00
二七区,50300,快餐厅,老一楼正宗开封灌汤包子馆(交通路店),交通路73-3号,113.647249,34.737985,13283895371,8：00——22：00
二七区,50300,快餐厅,五谷渔粉(二七万达店),大学南路8号万达广场1F层,113.642483,34.71883,,8：00——22：00
二七区,50300,快餐厅,少东家猪蹄(淮河路一店),淮河东路与勤劳街交叉口东北角,113.647279,34.729123,15378783013,8：00——22：00
二七区,50300,快餐厅,豫满螺砂锅螺蛳粉(二七万达店),万千世纪城东2门旁,113.640803,34.714405,,8：00——22：00
二七区,50300,快餐厅,诚诚麻鸭面(河南总店),德化街88号,113.666426,34.747973,17788885881,8：00——22：00
二七区,50300,快餐厅,正新鸡排(南校区郑州大学店),桃花源路50号(郑州大学南校区健身馆东门旁),113.636887,34.740442,13383707078,8：00——22：00
二七区,50300,快餐厅,喜家德虾仁水饺(二七奥莱店),大学南路319号杉杉奥特莱斯三楼A221,113.646328,34.651674,15249691545,8：00——22：00
二七区,50300,快餐厅,塔斯汀中国汉堡(百姓广场店),兴华南街169号院2号楼1层40号商铺,113.632913,34.704518,15188358157,8：00——22：00
二七区,50300,快餐厅,螺专甲螺蛳粉(橄榄城店),贺江路78号橄榄城城市广场A座1-2层105号,113.672492,34.696779,18738137677,8：00——22：00
二七区,50300,快餐厅,苏记饺子(永安街20号院店),永安街20号付1号,113.64813,34.733723,18738120707,8：00——22：00
二七区,50300,快餐厅,玛格利塔·现烤披萨(庆丰街店),保全街17-8附近,113.652526,34.73092,0371-57167551,8：00——22：00
二七区,50300,快餐厅,姐弟俩土豆粉(京广大商千盛生活广场店),中岳大厦北门旁(京广南路地铁站A口步行420米),113.655868,34.717014,17752543018,8：00——22：00
二七区,50300,快餐厅,马记米皮(汇鑫小区店),长江中路106号1号楼1层72号,113.642171,34.710534,,8：00——22：00
二七区,50300,快餐厅,方秀华胡辣汤旗舰店,庆丰街4号(火车头体育场地铁站C口步行290米),113.652285,34.727904,15838318421,8：00——22：00
二七区,50300,快餐厅,老二烩面拉面馆(郑州邮政大楼店),一马路与大同路交叉口向南20米路西,113.662571,34.745125,13523416281,8：00——22：00
二七区,50300,快餐厅,郭记热干面,苗圃街27-1号,113.664128,34.734685,13598881805,8：00——22：00
二七区,50300,快餐厅,方中山胡辣汤(郑航街店),郑航北路南赣江路北建云街东北安置区19-3119-32,113.647906,34.705772,13783631316,8：00——22：00
二七区,50300,快餐厅,塔斯汀中国汉堡庆丰街店,庆丰街与永安街交叉口向南50米路东,113.652439,34.733209,,8：00——22：00
二七区,50300,快餐厅,陈玉宾开封灌汤包(老店),京广路街道华中路14号广兴洁云花园,113.658542,34.717244,13223781336;18203972181,8：00——22：00
二七区,50300,快餐厅,刘一奇胡辣汤(总店),兴华南街166号院1号楼6单元69号,113.633249,34.703707,15837128168,8：00——22：00
二七区,50300,快餐厅,曾先生汉中热米皮(二七万达店),大学南路8号10号楼1-2层112,113.643534,34.716309,0371-56603232;13938573645,8：00——22：00
二七区,50300,快餐厅,马记清真鸡蛋灌饼(淮北街店),汝河路淮北街向北50米,113.636393,34.733266,15803802761,8：00——22：00
二七区,50300,快餐厅,开封化三驴肉汤馆(百荣直营店),浔江路与百祉路交叉口西南角河南睿城百荣浔江路停车场,113.666825,34.655575,15638815113;19138105511,8：00——22：00
二七区,50300,快餐厅,琦盛蒸米皮(郑州二七区),铭功路275号院1楼1层,113.659972,34.754955,13223039896;13253696551,8：00——22：00
二七区,50300,快餐厅,阿利茄汁面(光彩店),延陵街19号1号楼103号,113.66825,34.751099,0371-60957657;18625568053;18625568087,8：00——22：00
二七区,50300,快餐厅,塔斯汀中国汉堡,郑密路88号院24号楼一层附3号,113.626467,34.712563,15225082831,8：00——22：00
二七区,50300,快餐厅,华莱士·全鸡汉堡(黄科大店),京广路街道连云路与漓江路交叉口西南角橄榄城新公馆一号楼101,113.669209,34.691392,4008226004,8：00——22：00
二七区,50300,快餐厅,逍遥镇白记胡辣汤,铭功路二道街256一11,113.659194,34.754802,18838152093,8：00——22：00
二七区,50300,快餐厅,华莱士·全鸡汉堡(先锋路店),先锋路2-4号,113.533358,34.707426,15515607115;15838113791,8：00——22：00
二七区,50301,肯德基,肯德基(鑫苑广场店),庆丰街17号院12号楼鑫苑鑫都汇商业1层101号,113.650761,34.73599,,8：00——22：00
二七区,50301,肯德基,肯德基(中铁泰和里),中铁路南太和路东D6地块商业裙房1楼,113.6589,34.738489,15738885135,8：00——22：00
二七区,50301,肯德基,肯德基(中石油航海路虚拟号店),航海西路6-1号(后河芦地铁站C1口步行380米),113.623493,34.721009,18738219257,8：00——22：00
二七区,50301,肯德基,肯德基(二七杉杉奥莱),大学南路319号郑州杉杉奥特莱斯购物广场二七店B1层,113.646837,34.64963,15037159097,8：00——22：00
二七区,50301,肯德基,KFC郑州陇海路店,陇海中路辅路与陇海快速路入口交叉口南20米,113.628781,34.736086,,8：00——22：00
二七区,50301,肯德基,肯德基(二七万达店),大学南路8号郑州二七万达广场1F层,113.642826,34.716793,,8：00——22：00
二七区,50303,必胜客,必胜客(郑州杉杉奥特莱斯广场店),大学南路319号郑州杉杉奥莱·二七店LG层,113.646425,34.650262,,8：00——22：00
二七区,50305,茶餐厅,石记港式茶餐厅(橄榄城乐享茂店),橄榄城乐享茂,113.671736,34.698261,13290960273,8：00——22：00
二七区,50305,茶餐厅,潮庭茶餐厅,郑密路淮河路交叉口百顺国际酒店一楼大厅,113.624062,34.727732,0371-68666666,8：00——22：00
二七区,50305,茶餐厅,桃源茶餐厅,兴华北街18号,113.632663,34.740654,17719811818,8：00——22：00
二七区,50305,茶餐厅,意卡菲茶餐厅,大学北路54号附7号(医学院地铁站J口步行290米),113.64381,34.749655,,8：00——22：00
二七区,50305,茶餐厅,禧沐燕港点炖汤·现炖燕窝(亚星盛世店),第九十二中学北门旁,113.638447,34.706167,15538225808,8：00——22：00
二七区,50305,茶餐厅,本木茶肆,大学中路120号鹰城鑫地饭店2号楼,113.643693,34.72418,0371-69385757;0371-69385777,8：00——22：00
二七区,50305,茶餐厅,LINLEE·手打柠檬茶(二七万达店),大学南路万达广场3楼3023-A号(绿茶餐厅隔壁),113.642659,34.717159,18625567305,8：00——22：00
二七区,50305,茶餐厅,步大叔黏糊麻辣烫(二七万达店),长江路街道大学南路8号10号楼1-2层111号,113.64352,34.716311,19069613899,8：00——22：00
二七区,50305,茶餐厅,赖小旺江西小炒(二七米房店),赣江路147号,113.649583,34.703631,17739758867,8：00——22：00
二七区,50305,茶餐厅,焱玖家麻辣猪蹄(嵩山路店),亚星茶城西门南70米,113.628426,34.714266,13303824979,8：00——22：00
二七区,50305,茶餐厅,库迪咖啡(黄河科技学院南校区店),黄河科技学院南校区学苑餐厅1层11号商铺,113.676225,34.688375,13283750072,8：00——22：00
二七区,50305,茶餐厅,阳光美食,百年德化100号一层B区165号,113.664796,34.749828,13783657832,8：00——22：00
二七区,50305,茶餐厅,栖林·日茶夜酒·私厨,永安东街与小赵砦东街交叉口西100米,113.661412,34.733702,,8：00——22：00
二七区,50305,茶餐厅,欢喜馄饨茶铺,德化新街与金光路交叉口,113.667072,34.749694,,8：00——22：00
二七区,50305,茶餐厅,逍遥镇炖肉胡辣汤,苗圃社区东1院西门西北70米,113.665809,34.731891,13703990382,8：00——22：00
二七区,50305,茶餐厅,宴豫融合餐厅,二环支路35号瑞光创意工厂文创园内2号院2号库201,113.638924,34.763148,17737132080,8：00——22：00
二七区,50305,茶餐厅,淮南茶乡食府(信阳土菜园),赣江路98-2号,113.664881,34.703878,0371-55903939;18838055900,8：00——22：00
二七区,50305,茶餐厅,食无双信阳菜(豫茶园店),豫茶园北门西70米,113.618165,34.709459,13653713762,8：00——22：00
二七区,50305,茶餐厅,和府捞面(郑州万象城店),民主路10号华润万象城6F,113.661215,34.754992,13838003417,8：00——22：00
二七区,50305,茶餐厅,豆同学茶缸串串,人和路街道行云路121号长江花园,113.65127,34.7062,13903911986,8：00——22：00
二七区,50305,茶餐厅,五香油茶,新圃西街与京广中路交叉口东260米,113.660025,34.725825,15238039605,8：00——22：00
二七区,50305,茶餐厅,茶油炒饭(天地惠城东院店),天地惠城东院南2门东50米,113.675255,34.710367,13683783038,8：00——22：00
二七区,50305,茶餐厅,牛牛特色沙茶麻辣烫,连云路贺江路交叉口向东200米路北,113.67426,34.696319,,8：00——22：00
二七区,50305,茶餐厅,聚友茶楼,兰亭雅苑东门旁,113.636067,34.718321,0371-68997815,8：00——22：00
二七区,50305,茶餐厅,溢香阁(豫茶园店),工人路豫茶园,113.619678,34.708863,13213165177,8：00——22：00
二七区,50305,茶餐厅,漫町里牛肉汤饭·拌饭(百年德化风情购物公园店),百年德化风情购物公园D区D107(茶百道隔壁),113.66519,34.750642,17719891999,8：00——22：00
二七区,50305,茶餐厅,蛙哥虾妹,马寨桃李茂二楼,113.512372,34.705841,13043711880,8：00——22：00
二七区,50305,茶餐厅,蜜雪冰城(建院店),马寨镇曙光路卫生院对面,113.527099,34.710484,18339271993,8：00——22：00
二七区,50305,茶餐厅,老广粥粉铺(伊河路店),伊河路与嵩山南路交叉口东180米,113.630225,34.742581,13838000099,8：00——22：00
二七区,50305,茶餐厅,张大嘴茶香猪蹄(淮北街店),淮北街6号院,113.636144,34.729328,15136428726,8：00——22：00
二七区,50305,茶餐厅,牛妖王嫩牛五方(交通路店),大学路街道交通路130号附19号,113.646967,34.73883,18595840628,8：00——22：00
二七区,50305,茶餐厅,信阳味之家(长江路店),长江路99号7排7号,113.619642,34.709547,18736098743,8：00——22：00
二七区,50305,茶餐厅,小李豫情农家菜,同德悦庭东侧50米,113.617474,34.708757,17656316768,8：00——22：00
二七区,50305,茶餐厅,沙县小吃,亚星茶城西门旁,113.628418,34.714953,,8：00——22：00
二七区,50305,茶餐厅,石作作沙茶麻辣烫,长江一号B组团1期西门北70米,113.661639,34.708594,,8：00——22：00
二七区,50305,茶餐厅,张大嘴茶香猪蹄(兴华街店),兴华北街17-28,113.632653,34.739842,,8：00——22：00
二七区,50305,茶餐厅,鸿升鲜炒鸡,亚星茶城西门南90米,113.628404,34.714142,,8：00——22：00
二七区,50305,茶餐厅,夷泡状元(碧云路店),碧云路与沅江路交叉口西北120米,113.664596,34.702525,,8：00——22：00
二七区,50305,茶餐厅,屋里人菜馆,长江路与工人路交叉口西100米,113.619859,34.709473,,8：00——22：00
二七区,50305,茶餐厅,正宗西安牛羊肉泡馍(郑州市特色商业街店),亚星茶城西门南70米,113.628402,34.714253,,8：00——22：00
二七区,50305,茶餐厅,武陟五香油茶,庆丰街30号院东1门旁,113.652288,34.728264,,8：00——22：00
二七区,50400,休闲餐饮场所,龙裕山庄烤全羊·户外烧烤(樱桃沟店),周脑村8号,113.5842,34.613275,16696660090,8：00——22：00
二七区,50400,休闲餐饮场所,锦鲤坊(大学路店),大学北路77号1号楼(医学院地铁站M口步行390米),113.643777,34.740724,0371-65320073;19003831703,8：00——22：00
二七区,50400,休闲餐饮场所,一亩半庄园(兴华雅苑店),南三环与兴华南街交叉口向北100米路西,113.632652,34.701012,0371-63302900;18503718686,8：00——22：00
二七区,50400,休闲餐饮场所,麒麟大口茶(郑州二七万达广场店),长江路街道大学路8号二七万达广场室内步行街3楼3008号,113.642975,34.718825,17344888200,8：00——22：00
二七区,50400,休闲餐饮场所,CHAGEE霸王茶姬(二七万达广场金街店),二七万达金街中心广场店(商场3号门斜对面满米酸奶旁),113.642265,34.718054,,8：00——22：00
二七区,50400,休闲餐饮场所,鸡柳大人(二七万达店),二七万达金街3号门南边第二个亭子,113.642338,34.71726,13213125018,8：00——22：00
二七区,50400,休闲餐饮场所,冰淳茶饮(滨河花园店),侯寨乡盛达路西南永康路东南滨河花园一期安置房B1-14-1-1号,113.609026,34.690349,13101718135,8：00——22：00
二七区,50400,休闲餐饮场所,胡了先生,鑫苑国际城市花园商业三楼西,113.635337,34.756263,17525557519,8：00——22：00
二七区,50400,休闲餐饮场所,铜山湖农家院,航海中路1号客技路(冯庄地铁站D口步行320米),113.672421,34.720025,0371-68753538,8：00——22：00
二七区,50400,休闲餐饮场所,精酿研究所,嵩山南路和伊河路交叉口向东150米,113.629827,34.742554,15927272773,8：00——22：00
二七区,50400,休闲餐饮场所,不误正夜一酒肆,长江路街道高砦社区4号楼外商铺A015,113.654097,34.704091,19522328162,8：00——22：00
二七区,50400,休闲餐饮场所,畅吧,228省道与038乡道交叉口北280米,113.545543,34.619653,,8：00——22：00
二七区,50400,休闲餐饮场所,渔民同乐,长江路街道航海中路105号华逸名家,113.648375,34.719775,,8：00——22：00
二七区,50400,休闲餐饮场所,顺心茶社,淮南街32-6号,113.636065,34.718845,15237101252,8：00——22：00
二七区,50400,休闲餐饮场所,佰草香(豫茶园店),长江路与工人路交叉口豫茶园六排七号,113.618371,34.708708,18039555550,8：00——22：00
二七区,50400,休闲餐饮场所,朵Remake,光明里文化创意园A1001,113.515922,34.702683,15039084339,8：00——22：00
二七区,50400,休闲餐饮场所,第一稿,嵩山路新公馆2号楼B座内铺136号,113.625025,34.671725,,8：00——22：00
二七区,50400,休闲餐饮场所,荣兴大麦手工啤酒屋(佛岗新居店),连云路漓江路东300米路北侧,113.673783,34.692206,17737191070,8：00——22：00
二七区,50400,休闲餐饮场所,我是谜剧本杀实景推理馆(华健商务店),云台路与五彩路交叉口东南60米,113.665672,34.754231,17737710520,8：00——22：00
二七区,50400,休闲餐饮场所,失眠企鹅精酿啤酒(泰和里店),陇海路与京广路交叉口中铁泰和里1层115,113.657072,34.738052,15649255599,8：00——22：00
二七区,50400,休闲餐饮场所,十点半茶社,勤劳街32副57号,113.640876,34.738802,15138989996,8：00——22：00
二七区,50400,休闲餐饮场所,戴师傅修脚按摩(长城康桥华城店),勤劳街与桃园路交叉口向南200米路西,113.641199,34.738011,,8：00——22：00
二七区,50400,休闲餐饮场所,匠料理·BaR,五里堡街道建设东路32号,113.633269,34.753787,0371-63312070,8：00——22：00
二七区,50400,休闲餐饮场所,绿野仙踪,金博大城B座2702室,113.665707,34.754319,,8：00——22：00
二七区,50400,休闲餐饮场所,龙园水乡,马寨镇012乡道大鲵养殖场旁,113.524914,34.659506,0371-67865509,8：00——22：00
二七区,50400,休闲餐饮场所,呈祥茶社,兴华街与民安路向西60米路北商铺二楼,113.632056,34.730372,13633717133,8：00——22：00
二七区,50400,休闲餐饮场所,含羞草茶憩,航海中路81号附1号(京广南路地铁站B口步行180米),113.656818,34.719459,17603710808,8：00——22：00
二七区,50400,休闲餐饮场所,大象民谣酒馆(华城国际中心店),大学北路华城国际中心8楼803,113.643404,34.73848,,8：00——22：00
二七区,50400,休闲餐饮场所,郑州樱桃沟神农庄园,侯寨乡大路西社区,113.593582,34.619591,13513711262;15038157897,8：00——22：00
二七区,50500,咖啡厅,瞬咖(二七万达店),二七万达广场写字楼12A座14楼1423号,113.643486,34.717962,15022717101,8：00——22：00
二七区,50500,咖啡厅,来总家猫主题咖啡馆(二环支路店),瑞光创意工厂二号院,113.63817,34.762985,18624937081,8：00——22：00
二七区,50500,咖啡厅,瑞幸咖啡(华润大厦店),民主路10号华润大厦一层大堂北侧,113.660869,34.755453,4000100100,8：00——22：00
二七区,50500,咖啡厅,绽放BLOOM COFFEE(青少年宫店),中原东路辅路与兴华北街交叉口西200米,113.630709,34.747858,13613828838;15516993301,8：00——22：00
二七区,50500,咖啡厅,肯悦咖啡(大学路永辉店),大学北路30-4号(医学院地铁站P口步行170米),113.644528,34.74529,19036506164,8：00——22：00
二七区,50500,咖啡厅,慢蜗牛咖啡(勤劳街店),民安路8号院南门旁,113.641508,34.732017,0371-86552165,8：00——22：00
二七区,50500,咖啡厅,星巴克(郑州华联商厦店),二七路230号郑州华联商厦一层1066单元,113.666022,34.753,0371-66281201,8：00——22：00
二七区,50500,咖啡厅,瑞幸咖啡(郑州万象城店),民主路10号华润万象城三层L312B号,113.662877,34.754953,4000100100,8：00——22：00
二七区,50500,咖啡厅,库迪咖啡(德化步行街店),百年德化街B区中岛西南侧六道巷75号B102-1商铺,113.664975,34.750425,18638535820,8：00——22：00
二七区,50500,咖啡厅,肯悦咖啡(中铁泰和里店),陇海中路7号,113.658647,34.738541,13523003809,8：00——22：00
二七区,50500,咖啡厅,幸运咖(升龙国际店),人和路政通路升龙国际中心B区一层1235号商铺,113.642042,34.72577,13683831265,8：00——22：00
二七区,50500,咖啡厅,姜姑娘的猫(郑州二七万象城店),民主路10号郑州二七万象城B1层,113.662861,34.754623,17737193227,8：00——22：00
二七区,50500,咖啡厅,星巴克(亚细亚卓悦城店),德化街街道89号亚细亚卓悦城卓悦城,113.667836,34.751811,0371-55059398,8：00——22：00
二七区,50500,咖啡厅,瑞幸咖啡(橄榄城都市广场店),贺江路78号橄榄城都市广场写字楼B座一层大堂,113.671212,34.696646,4000100100,8：00——22：00
二七区,50500,咖啡厅,库迪咖啡(二七广场亚细亚店),德化街89号亚细亚卓悦城负1层扶梯处,113.667564,34.751568,15737160712,8：00——22：00
二七区,50500,咖啡厅,肯悦咖啡,大学南路319号郑州杉杉奥特莱斯广场LG层,113.647035,34.649331,,8：00——22：00
二七区,50500,咖啡厅,幸运咖(橄榄城店),京广路街道连云路佛岗新居46-9附1号商铺,113.671202,34.695706,13014620776,8：00——22：00
二七区,50500,咖啡厅,美式咖啡Americano coffee(郑大一附院河医院区店),郑州大学第一附属医院河医院区2号病房楼北侧,113.647283,34.752998,18703999303,8：00——22：00
二七区,50500,咖啡厅,星巴克(郑州亚细亚卓悦城店),德化街街道89号亚细亚卓悦城卓悦城,113.66775,34.751827,0371-55059398,8：00——22：00
二七区,50500,咖啡厅,瑞幸咖啡(鑫苑鑫都汇店),陇海中路100号鑫苑鑫都汇北门1号楼一层,113.650476,34.735839,4000100100,8：00——22：00
二七区,50500,咖啡厅,库迪咖啡(二七万达金街店),万达金街1-120号(金街南侧入口东),113.642565,34.716522,13323869539,8：00——22：00
二七区,50500,咖啡厅,Manner Coffee(二七万象城店),民主路16号(二七广场地铁站L口步行220米),113.662966,34.754435,,8：00——22：00
二七区,50500,咖啡厅,幸运咖(德化街1号店),德化街与大同路交叉口东北角,113.666861,34.748225,13598871995,8：00——22：00
二七区,50500,咖啡厅,被迫营业咖啡店,康复前街与铁英街交叉口向南100米路东,113.650973,34.741105,18638793997,8：00——22：00
二七区,50500,咖啡厅,瑞幸咖啡(赞巴啦生活广场店),嵩山南路190号赞巴啦生活广场A座一层1001,113.627698,34.72659,4000100100,8：00——22：00
二七区,50500,咖啡厅,库迪咖啡(橄榄城都市广场C座店),贺江路78号橄榄城C座1层大厅,113.671785,34.697135,13215993933,8：00——22：00
二七区,50500,咖啡厅,兮尔咖啡,行云路105号,113.649998,34.702971,,8：00——22：00
二七区,50500,咖啡厅,幸运咖(齐礼阎店),齐礼阎3号院七里缤纷城1楼138铺,113.626635,34.721633,15838003033,8：00——22：00
二七区,50500,咖啡厅,迈可咖啡Maple Knot(二七万达店),大学南路8号郑州二七万达广场12A座1015室,113.643455,34.718203,,8：00——22：00
二七区,50500,咖啡厅,星巴克(郑州二七杉杉奥特莱斯店),大学南路319号郑州杉杉奥莱·二七店L1层,113.646425,34.650243,0371-55651276,8：00——22：00
二七区,50500,咖啡厅,瑞幸咖啡(升龙国际中心C区店),大学路政通路东北角升龙国际中心C区8号楼一层大堂,113.644821,34.725118,4000100100,8：00——22：00
二七区,50500,咖啡厅,库迪咖啡(二七东方大厦店),嵩山南路与航海西路交叉口北60米东方大厦A座1层大厅,113.627603,34.721017,18790261370,8：00——22：00
二七区,50500,咖啡厅,Manner Coffee(万达广场郑州二七店),大学南路8号郑州二七万达广场1F层,113.642615,34.71677,,8：00——22：00
二七区,50500,咖啡厅,幸运咖(二七塔店),德化街街道二七广场西侧吉祥地227太空舱文旅商业综合体项目E区03号商铺,113.665638,34.751984,13592466597,8：00——22：00
二七区,50500,咖啡厅,藏咖啡,行云路与赣江路交叉口西南120米,113.649375,34.702925,,8：00——22：00
二七区,50500,咖啡厅,瑞幸咖啡(德化无限城大堂店),德化街36号德化无限城一层大堂,113.66507,34.749306,4000100100,8：00——22：00
二七区,50500,咖啡厅,瑞幸咖啡(升龙二七中心A座店),航海中路与兴华南街交叉口升龙城二七中心8号院写字楼A座一层大堂,113.6317,34.720961,4000100100,8：00——22：00
二七区,50500,咖啡厅,库迪咖啡(正商航海广场店),航海路祥云路交叉口东南角正商航海广场B座1层大堂,113.669328,34.719907,19913296025,8：00——22：00
二七区,50500,咖啡厅,瑞幸咖啡(康桥华城店),康桥华城,113.643685,34.738314,4000100100,8：00——22：00
二七区,50500,咖啡厅,幸运咖(长城康桥店),大学北路80号鸿鑫商场入口,113.643655,34.739001,18737166800,8：00——22：00
二七区,50500,咖啡厅,瑞幸咖啡(亚星时代广场店),亚星时代广场,113.62684,34.709392,4000100100,8：00——22：00
二七区,50500,咖啡厅,瑞幸咖啡(亚细亚卓悦城店),亚细亚卓悦城(二七广场地铁站B口步行100米),113.667049,34.751363,4000100100,8：00——22：00
二七区,50500,咖啡厅,瑞幸咖啡(高新万达4F店),科学大道郁香路万达广场四层4065A号,113.643112,34.718993,4000100100,8：00——22：00
二七区,50500,咖啡厅,库迪咖啡(华城国际中心店),大学北路80号华城国际中心1层大堂,113.643439,34.738436,17700606296,8：00——22：00
二七区,50500,咖啡厅,瑞幸咖啡(佳纷天地店),京广南路8号郑州佳纷天地商场四层南电梯,113.656625,34.717625,4000100100,8：00——22：00
二七区,50500,咖啡厅,幸运咖(马寨店),马寨镇东方路21-4号,113.530491,34.707349,18749278033,8：00——22：00
二七区,50500,咖啡厅,luckin coffee 瑞幸咖啡(二七万达3号院店),人和路69号附9号二七万达3号院,113.643466,34.716268,4000100100,8：00——22：00
二七区,50500,咖啡厅,瑞幸咖啡(同兴街店),同兴街与和睦路交叉口东北20米,113.527975,34.707156,4000100100,8：00——22：00
二七区,50500,咖啡厅,库迪咖啡(郑州桃李茂店),马寨镇东邢花园西院桃李茂商业中心北门,113.512623,34.706086,18137888658,8：00——22：00
二七区,50500,咖啡厅,幸运咖(百年德化街店),德化街100号百年德化风情园区B区1层B194号,113.66513,34.75021,19544525140,8：00——22：00
二七区,50500,咖啡厅,luckin coffee 瑞幸咖啡(中苑名都店),大学北路30号中苑名都永辉超市一层,113.644421,34.745486,18537182952;4000100100,8：00——22：00
二七区,50500,咖啡厅,luckin coffee 瑞幸咖啡(中铁·泰和里店),陇海中路13号中铁泰和里1层102号,113.658175,34.738375,,8：00——22：00
二七区,50500,咖啡厅,幸运咖(一马路店),一马路82-2号,113.663772,34.743327,15003874797,8：00——22：00
二七区,50500,咖啡厅,库迪咖啡(郑大康复前街店),康复前街49-10号(医学院地铁站M口步行460米),113.646925,34.742075,18790520279,8：00——22：00
二七区,50500,咖啡厅,库迪咖啡(荆胡商业中心店),大学南路与金沙江路交叉口东北角荆胡商业中心1号楼底商,113.645364,34.678233,13838382576,8：00——22：00
二七区,50500,咖啡厅,幸运咖(德化新街负二楼未央街店),德化新街B2层未央街F28-3,113.665975,34.751275,13783528133,8：00——22：00
二七区,50500,咖啡厅,瑞幸咖啡(荆胡商业中心店),梁庄街1-4荆胡商业中心,113.645214,34.678234,,8：00——22：00
二七区,50500,咖啡厅,库迪咖啡(亚星万嘉百汇店),嵩山南路343号,113.629647,34.687433,19937881222,8：00——22：00
二七区,50500,咖啡厅,库迪咖啡(嵩南印象城店),嵩南印象城,113.629126,34.673467,19138107890,8：00——22：00
二七区,50500,咖啡厅,瑞幸咖啡(德化新街负一层店),德化街36号德化无限城一层大堂,113.66507,34.749306,4000100100,8：00——22：00
二七区,50500,咖啡厅,幸运咖(百年德化店),百年德化风情园区C区一层BQC130-2,113.666197,34.750225,13598861995,8：00——22：00
二七区,50500,咖啡厅,瑞幸咖啡(百年德化店),百年德化,113.66448,34.750587,4000100100,8：00——22：00
二七区,50500,咖啡厅,幸运咖(二七万达2号院店),大学南路8号万达金街3号门西2号多经点位,113.641797,34.717676,18838099308,8：00——22：00
二七区,50500,咖啡厅,幸运咖(郑州二七万达广场店),人和路12号万达金街1号门12-171,113.642796,34.719511,18515530257,8：00——22：00
二七区,50500,咖啡厅,库迪咖啡(郑州航空学院龙子湖店),风华南路郑州航空工业管理学院南门北侧50米,113.644235,34.716133,13213090063,8：00——22：00
二七区,50500,咖啡厅,luckin coffee 瑞幸咖啡(鑫苑都汇广场店),鑫苑都汇广场(大学南路),113.642147,34.66011,18616684951,8：00——22：00
二七区,50500,咖啡厅,库迪咖啡(德化新街店),钱塘商业街与上元街交叉口南40米,113.666724,34.746587,17638107026,8：00——22：00
二七区,50500,咖啡厅,库迪咖啡(亚星盛世星苑北门店),长江路143号,113.625914,34.709424,19034166366,8：00——22：00
二七区,50500,咖啡厅,幸运咖(淮南街店),锦美南华府2期东北门南50米,113.636189,34.703349,19949155532,8：00——22：00
二七区,50500,咖啡厅,幸运咖(鑫苑·鑫都汇店),鑫苑·现代城2号楼北门旁,113.651539,34.735895,13525583344,8：00——22：00
二七区,50500,咖啡厅,瑞幸咖啡(航海广场A座店),航海路连云路西南角正商·城航海广场A座一层大堂,113.66853,34.719817,4000100100,8：00——22：00
二七区,50500,咖啡厅,幸运咖(大学路店),大学路与航海路交叉口向北100米路东,113.644405,34.721685,18838099308,8：00——22：00
二七区,50500,咖啡厅,瑞幸咖啡(绿地滨湖国际店),大学南路绿地滨湖国际城一区2号楼一层大堂,113.649417,34.669656,4000100100,8：00——22：00
二七区,50500,咖啡厅,luckin coffee 瑞幸咖啡(德化街大同路店),大同路131号,113.666853,34.747942,,8：00——22：00
二七区,50500,咖啡厅,瑞幸咖啡(江泰天宇国际店),京广南路58号江泰·天宇国际4号楼一层0144号,113.656536,34.712606,4000100100,8：00——22：00
二七区,50500,咖啡厅,luckin coffee 瑞幸咖啡(升龙商业广场A区店),升龙国际中心A区东3门西南100米,113.640539,34.725609,4000100100,8：00——22：00
二七区,50500,咖啡厅,幸运咖(万博商城店),苑陵街万博商城A口,113.663736,34.74913,18623787716,8：00——22：00
二七区,50500,咖啡厅,库迪咖啡(郑州政通路店),政通路1-37号,113.652106,34.724745,17596518507,8：00——22：00
二七区,50500,咖啡厅,库迪咖啡(中部电商港店),郑平公路与漓江路交汇处东北侧中国中部电商港A座1层大厅,113.647133,34.694727,19339589164,8：00——22：00
二七区,50500,咖啡厅,幸运咖(康复前街44号院店),大学路街道康复前街44号1号楼2单元11号,113.644433,34.742289,18737139931,8：00——22：00
二七区,50500,咖啡厅,库迪咖啡(郑州江泰天宇国际店),京广南路与春晖路交叉口西南角江泰天宇国际1层底商,113.656594,34.712678,19059558520,8：00——22：00
二七区,50500,咖啡厅,luckin coffee 瑞幸咖啡(淘气堡新天地店),淘气堡新天地,113.625159,34.682614,,8：00——22：00
二七区,50500,咖啡厅,库迪咖啡(郑州海为科技园店),航海中路60号海为科技园大堂内(海为酒店西侧),113.65162,34.721132,18790284473,8：00——22：00
二七区,50500,咖啡厅,库迪咖啡(中铁泰和里店),福华街街道中铁·泰和里158沿街底商,113.657495,34.738351,15515885350,8：00——22：00
二七区,50500,咖啡厅,幸运咖(晨曦小区北区店),碧云路与春晖路交叉口东北20米,113.665357,34.713266,15188381363,8：00——22：00
二七区,50500,咖啡厅,幸运咖(万嘉百汇店),绿水路万嘉百汇,113.629568,34.687729,19949155532,8：00——22：00
二七区,50500,咖啡厅,库迪咖啡(升龙二七中心B座店),淮河路街道航海中路112号升龙城8号院B座1层大堂,113.631922,34.72093,18100339981,8：00——22：00
二七区,50500,咖啡厅,库迪咖啡(京莎广场A座店),京莎广场A座,113.656448,34.718559,13007541019,8：00——22：00
二七区,50500,咖啡厅,幸运咖(建筑学院店),曙光路37-12号,113.527137,34.710598,15670798999,8：00——22：00
二七区,50500,咖啡厅,幸运咖(黄科大西门店),连云路128号12号楼1层110号,113.670278,34.690919,15670798999,8：00——22：00
二七区,50500,咖啡厅,库迪咖啡(升龙国际中心店),政通路与连心里交叉口东北侧升龙国际中心3号楼一单元1层底商,113.642369,34.726014,17337697977,8：00——22：00
二七区,50500,咖啡厅,库迪咖啡(郑州嵩山大厦店),嵩山南路21号一楼大厅,113.628725,34.733157,19069619784,8：00——22：00
二七区,50500,咖啡厅,幸运咖(汇景嘉园东院店),长江路行云路交叉口,113.650895,34.709552,16692107225,8：00——22：00
二七区,50500,咖啡厅,瑞幸咖啡(亚星万嘉百汇店),亚星万嘉百汇一层8号,113.629982,34.687386,4000100100,8：00——22：00
二七区,50500,咖啡厅,库迪咖啡(赞巴啦生活广场店),郑密路38-2号楼,113.627557,34.726705,19138107890,8：00——22：00
二七区,50500,咖啡厅,瑞幸咖啡(绿地滨湖国际3区店),大学南路桂江路东南角绿地滨湖国际城三区1号楼一层大堂,113.645486,34.67004,,8：00——22：00
二七区,50500,咖啡厅,库迪咖啡(升龙国际中心A区店),政通路62号院2号楼裙房1层A1021号,113.640189,34.725359,15538326627,8：00——22：00
二七区,50500,咖啡厅,阿财咖啡(江泰·天宇国际店),江泰天宇国际6号楼门面房108号,113.655111,34.711655,,8：00——22：00
二七区,50500,咖啡厅,谷咖,德化街道1号楼1-2层2-3号,113.6675,34.750001,15515587674,8：00——22：00
二七区,50500,咖啡厅,瑞幸咖啡,美好佳苑东1门旁,113.664982,34.714513,,8：00——22：00
二七区,50500,咖啡厅,UP COFFEE(京广路店),京广南路51号,113.659825,34.706225,13140165705,8：00——22：00
二七区,50500,咖啡厅,库迪咖啡(滨湖国际悦来悦喜店),鼎盛大道与灵山路交叉口绿地滨湖国际城2号楼悦来悦喜内,113.649355,34.669527,18836911988,8：00——22：00
二七区,50500,咖啡厅,幸运咖(铭功路店),铭功路188号金铭苑南苑,113.659698,34.759457,15294970466,8：00——22：00
二七区,50500,咖啡厅,瑞幸咖啡(桃李茂店),学院路与同兴街交叉口东南40米,113.512366,34.706203,4000100100,8：00——22：00
二七区,50500,咖啡厅,椿木咖啡·coffee,淮河路街道民安路56号同位素家属院,113.630695,34.73009,16696220075,8：00——22：00
二七区,50500,咖啡厅,幸运咖(升龙城2号院店),,113.630892,34.724906,19515528881,8：00——22：00
二七区,50500,咖啡厅,幸运咖(政通路店),淮河路街道淮南街22号院20号楼1层2-4,113.635906,34.724659,15736789201,8：00——22：00
二七区,50500,咖啡厅,sansan·coffee,大学南路8号郑州二七万达广场12A座F10层,113.643275,34.717975,,8：00——22：00
二七区,50500,咖啡厅,瑞幸咖啡(黄河科技学院店),砺志路与实干路交叉口东40米,113.676275,34.687475,4000100100,8：00——22：00
二七区,50500,咖啡厅,幸运咖(升龙城店),政通路与齐礼阎路交叉口升龙城2号院东北角5-111,113.631052,34.726387,13303708925,8：00——22：00
二七区,50500,咖啡厅,库迪咖啡(京广路魔厂电竞酒店店),陇海快速路出口与永安街交叉口南80米,113.656859,34.733052,19138077600,8：00——22：00
二七区,50500,咖啡厅,爪布奇诺猫咖啡馆,民主路10号二七万象城负一层B168,113.662902,34.754381,17737193227,8：00——22：00
二七区,50500,咖啡厅,幸运咖(升龙二七中心A座店),航海中路与兴华南街交叉口升龙城二七中心7号楼A座门口,113.631536,34.720894,15514733888,8：00——22：00
二七区,50500,咖啡厅,橘日咖啡orange day,淮北街21-5号门面房,113.636408,34.733268,,8：00——22：00
二七区,50500,咖啡厅,贝多多茶饮咖啡体验中心(百荣世贸商城店),百荣世贸商城A座2A-130号,113.663804,34.656901,13681048280,8：00——22：00
二七区,50500,咖啡厅,瑞幸咖啡(郑州科技学院店),马寨镇郑州科技学院北院众创中心餐厅西门底商,113.512097,34.70806,4000100100,8：00——22：00
二七区,50500,咖啡厅,幸运咖(勤劳街店),勤劳街与行知路交叉口东南20米,113.641068,34.734359,16692107225,8：00——22：00
二七区,50500,咖啡厅,NOWWA挪瓦咖啡(每一天郑州绿地滨湖店),锦绣街13号绿地滨湖国际城1区2号楼114号,113.649383,34.669712,17303869782,8：00——22：00
二七区,50500,咖啡厅,美式咖啡Americano coffee(省妇幼保健院店),康复中街与康复前街交叉口西北120米,113.648145,34.743121,18703999301,8：00——22：00
二七区,50500,咖啡厅,幸运咖(万达金街二店),万达金街12-171,113.642227,34.718314,18838099308,8：00——22：00
二七区,50500,咖啡厅,NOWWA挪瓦咖啡(小虎牙电竞郑州七里生活汇店),航海路七里生活汇3层,113.626751,34.721506,15838053357,8：00——22：00
二七区,50500,咖啡厅,萨摩耶狗咖(二七万达店),二七万达12A写字楼18楼1818,113.643373,34.717952,13015522501,8：00——22：00
二七区,50500,咖啡厅,胚味coffee(康复前街44号院店),康复前街44号院(医学院地铁站M口步行180米),113.644226,34.742404,15036133513,8：00——22：00
二七区,50500,咖啡厅,SAMO CAFE宠物友好咖啡馆,二七万达12A写字楼18楼1818,113.643411,34.717975,16603833124,8：00——22：00
二七区,50500,咖啡厅,幸运咖(人和夜市店),张魏寨西街六巷14号,113.642815,34.712395,15514733888,8：00——22：00
二七区,50500,咖啡厅,咖啡研究所,郑州机械研究所有限公司北门旁,113.629509,34.742639,,8：00——22：00
二七区,50500,咖啡厅,十五号营地·咖啡·庭院烤肉,工业路15号(河南建院地铁站D口步行210米),113.519447,34.714166,15538358355,8：00——22：00
二七区,50500,咖啡厅,茗啡小舍(郑州市特色商业街店),亚星茶城南区217,113.629519,34.714698,18638739701,8：00——22：00
二七区,50500,咖啡厅,柴圆滚滚狗咖(二七万达店),大学南路8号郑州二七万达广场,113.642461,34.719759,,8：00——22：00
二七区,50500,咖啡厅,故事-咖啡-中式茶饮,赣江路二七米房时尚创意街区B区二楼B203号,113.649771,34.703126,,8：00——22：00
二七区,50500,咖啡厅,前巷咖啡,西陈庄前街25号(人民公园地铁站B口步行240米),113.659,34.756905,,8：00——22：00
二七区,50500,咖啡厅,Stay Coffee Bar,大同路与钱塘商业街交叉口西80米,113.665894,34.747724,,8：00——22：00
二七区,50500,咖啡厅,小啡哥商贸(百荣世贸商城店),百荣世贸商城A座3A-140,113.662608,34.656994,18911976898,8：00——22：00
二七区,50500,咖啡厅,幸运咖(澍青mini店),澍青医学院西区商业街,113.532787,34.699965,15538315788,8：00——22：00
二七区,50500,咖啡厅,万盾咖啡奶茶,百荣A座3A-3-180-181,113.664775,34.656925,13253330835;15664057788,8：00——22：00
二七区,50500,咖啡厅,东呈咖啡奶茶,浔江西路京广路交叉口向南100米路西睿成商贸城3-03,113.666193,34.654855,13014507324,8：00——22：00
二七区,50500,咖啡厅,优奥咖啡奶茶,百荣世贸商城B座3楼东头158号,113.664606,34.657997,15638830230,8：00——22：00
二七区,50500,咖啡厅,福咖啡(华城国际店),大学北路8-3号(市骨科医院地铁站C口步行260米),113.644281,34.739308,17773821652,8：00——22：00
二七区,50500,咖啡厅,上尚奶茶咖啡,浔江路与百祉路交叉口西南角河南睿成百荣停车场处一排2-12-13号,113.66646,34.65517,18003743997,8：00——22：00
二七区,50500,咖啡厅,静海咖啡(嵩山国际店),嵩山南路与汝河路交叉口东北角嵩山大厦5楼,113.628804,34.733142,,8：00——22：00
二七区,50500,咖啡厅,菲力热狗咖啡,西太康路58号新田360广场外广场,113.662007,34.757883,15294614472,8：00——22：00
二七区,50500,咖啡厅,一街红顶咖啡,百荣A座3楼1街070号,113.663814,34.656734,,8：00——22：00
二七区,50500,咖啡厅,星冉咖啡,京广南路与豫一路交叉口西北460米,113.66345,34.65795,,8：00——22：00
二七区,50500,咖啡厅,漫聊coffe,荆胡路与绿水路交叉口东北200米,113.642034,34.684852,,8：00——22：00
二七区,50500,咖啡厅,合帆咖啡奶茶(百荣世贸商城店),京广快速路郑州百荣世贸商城F3,113.662975,34.657825,,8：00——22：00
二七区,50500,咖啡厅,郑州尚品咖啡奶茶,京广快速路161号,113.666355,34.654918,,8：00——22：00
二七区,50500,咖啡厅,腾达咖啡体验中心(百荣世贸商城B座店),右江路与京广南路交叉口西340米,113.662845,34.657357,0371-89931116,8：00——22：00
二七区,50500,咖啡厅,盾皇咖啡奶茶,京广快速路161号,113.666625,34.655141,13838592339,8：00——22：00
二七区,50500,咖啡厅,景隆咖啡奶茶,浔江路与百祉路交叉口西南角河南睿成百荣停车场一排3-24号,113.666687,34.654439,,8：00——22：00
二七区,50500,咖啡厅,探爪局·工业风猫咖狗咖,旭光路与光明路交叉口东北40米,113.514462,34.703798,,8：00——22：00
二七区,50500,咖啡厅,吨吨的小伯狗咖,二七路230号郑州华联商厦F2层,113.66574,34.753182,,8：00——22：00
二七区,50500,咖啡厅,cotticoffee,中国中部电子商务港A座(漓江路地铁站A口步行250米),113.647125,34.694725,,8：00——22：00
二七区,50500,咖啡厅,Lucycoffee,航海中路与新圃南街交叉口南120米,113.662165,34.719521,,8：00——22：00
二七区,50500,咖啡厅,狗拿猫子狗咖·猫咖,二七万达12A座2305-2306,113.643489,34.718046,13215997020,8：00——22：00
二七区,50500,咖啡厅,原也烘焙(泰和里店),福华街街道中铁泰和里印巷137-138、103-104号,113.658093,34.738231,17525557736,8：00——22：00
二七区,50504,巴黎咖啡店,东巴黎艺术蛋糕(郑飞小区东区店),淮南街与沅江路交叉口东200米,113.638303,34.702297,13676981909,8：00——22：00
二七区,50504,巴黎咖啡店,东巴黎蛋糕(西胡垌店),西胡垌村,113.593754,34.64081,18737104219,8：00——22：00
二七区,50600,茶艺馆,小溪哩共享茶室(二七万达店),万达广场写字楼12B座28层2839-2842室,113.643444,34.717295,19139987330,8：00——22：00
二七区,50600,茶艺馆,隐舍茶社24小时棋牌室(二七万达店),航海路人和路西50米格林豪泰酒店西侧门二楼,113.639699,34.719942,13503835631,8：00——22：00
二七区,50600,茶艺馆,栖林茶Cheering Link,永安东街1号栖林茶Cheering-Link,113.661496,34.733701,13676908010,8：00——22：00
二七区,50600,茶艺馆,九盛茶社,京广南路2-7号二楼(京广南路地铁站B口步行200米),113.656861,34.719247,15981818884,8：00——22：00
二七区,50600,茶艺馆,宁玥茶室(华润大厦店),民主路10号3层305室,113.660669,34.755366,15290855041,8：00——22：00
二七区,50600,茶艺馆,人和茶苑,新圃街与新圃西街交叉口向北150米,113.65983,34.724212,18837132266,8：00——22：00
二七区,50600,茶艺馆,朋友汇茶社(兰德·喜多家西区店),兰德·喜多家西区(嵩淮地铁站B1口步行480米),113.625371,34.726359,15093255980;18439888800,8：00——22：00
二七区,50600,茶艺馆,正新源茶社(亚星观邸店),浩渺路丽水街5-19,113.631015,34.687961,18039667801,8：00——22：00
二七区,50600,茶艺馆,聚朋茶社(兴华南街12号院店),兴华南街与汝河路交叉口向东10米路北(嵩悦时尚宾馆),113.633226,34.732757,17752512599,8：00——22：00
二七区,50600,茶艺馆,静心茶馆,德化步行商业街与裕元里交叉口东40米粤海酒店一楼大厅,113.667118,34.749298,17538716556,8：00——22：00
二七区,50600,茶艺馆,茗缘茶社(同德悦庭店),丹阳路同德悦庭2号楼1-2楼底商附13号,113.617127,34.708907,13298304850,8：00——22：00
二七区,50600,茶艺馆,开心茶楼(黄岗寺兴华街小区店),黄岗寺兴华街小区,113.63387,34.702705,19037115559,8：00——22：00
二七区,50600,茶艺馆,祥源茶-商务茶馆(二七店),长江路淮南街西南角100米,113.635448,34.709533,15238661113,8：00——22：00
二七区,50600,茶艺馆,来则茶馆,侯寨乡长安古寨,113.582479,34.617196,18734232888,8：00——22：00
二七区,50600,茶艺馆,六顺斋茶庄(隆福国际店),幸福路17-1号,113.652523,34.739882,13838389841,8：00——22：00
二七区,50600,茶艺馆,鑫辉堂茶社(香榭丽舍店),嵩山北路59号11号楼商铺二楼,113.630345,34.760761,18336356564,8：00——22：00
二七区,50600,茶艺馆,恒丰休闲茶苑(豪邦花园店),福华街街道京广中路12号豪邦花园,113.658638,34.725998,13837157180,8：00——22：00
二七区,50600,茶艺馆,观山茶室(中铁泰和府六号院店),福华街街道陇海中路9号院中铁泰和府六号院,113.658653,34.738801,,8：00——22：00
二七区,50600,茶艺馆,郑州市二七区屿你半日闲茶舍,珍景小区1号楼18楼17A01室,113.644598,34.707705,13523020095,8：00——22：00
二七区,50600,茶艺馆,朋来先敬茶馆,中铁·泰和里2期3楼3148,113.659458,34.738879,15516621660;16603717375,8：00——22：00
二七区,50600,茶艺馆,会友茶居,316省道附近郑州树木花卉博览园,113.566562,34.664603,,8：00——22：00
二七区,50600,茶艺馆,甘露茶楼,铭功路221号附1号(人民公园地铁站C口步行70米),113.659332,34.75903,15537193655,8：00——22：00
二七区,50600,茶艺馆,清雨轩茶馆,安康路5-33,113.625858,34.726983,15515597766,8：00——22：00
二七区,50600,茶艺馆,信阳茶馆(金牛·水岸国际花园店),人和路街道南屏路69号9号楼9-109,113.663787,34.688336,18537175188,8：00——22：00
二七区,50600,茶艺馆,流心茶舍(豫茶园店),长江路豫茶城10排3号,113.619229,34.708907,18697338282,8：00——22：00
二七区,50600,茶艺馆,老友茶社,合作路1-17(郑大一附院地铁站B口步行150米),113.643566,34.756558,13526870870,8：00——22：00
二七区,50600,茶艺馆,奶茉茶坊,连云路128-33号,113.669222,34.691149,13372170454,8：00——22：00
二七区,50600,茶艺馆,硕茗轩(中陆茶都店),中陆茶城4排51号中陆茶都,113.663198,34.702287,0371-55688513,8：00——22：00
二七区,50600,茶艺馆,方圆茶舍,亚星茶城北区147号,113.631465,34.714891,15188331986,8：00——22：00
二七区,50600,茶艺馆,浮生茶记,豫茶园北门旁,113.619194,34.709538,15803888570,8：00——22：00
二七区,50600,茶艺馆,一清茶舍(同位素家属院店),民安路与齐礼阎路交叉口西40米,113.630439,34.730016,,8：00——22：00
二七区,50600,茶艺馆,茗泽茶舍,长江路与工人路交叉口西南140米,113.619575,34.709025,17737187923,8：00——22：00
二七区,50600,茶艺馆,品匠茶居(亚星盛世家园A区六期店),汉江路亚星盛世家园A区,113.631383,34.714804,15138489608,8：00——22：00
二七区,50600,茶艺馆,江南茶馆(绿都云立方店),侯寨街道大学南路绿都云立方1号楼3楼,113.645166,34.675529,,8：00——22：00
二七区,50600,茶艺馆,森森茶社,兴华北街与陇海中路辅路交叉口北180米,113.632348,34.737975,,8：00——22：00
二七区,50600,茶艺馆,六六顺茶社(绿地滨湖国际城三区店),绿地滨湖国际城三区1号楼2楼207,113.645798,34.670279,17329400905,8：00——22：00
二七区,50600,茶艺馆,茗香阁茶馆(泰宏建业国际城店),绿水路与荆胡路交叉口西北440米,113.636757,34.686108,,8：00——22：00
二七区,50600,茶艺馆,韵雅堂(郑州市特色商业街店),亚星茶城2楼北区265,113.631536,34.71492,,8：00——22：00
二七区,50600,茶艺馆,怡心坊茶,二道路256-28(人民公园地铁站B口步行490米),113.658267,34.754969,,8：00——22：00
二七区,50600,茶艺馆,暖阳茶社(招商天地和苑店),金水源街道柳江路66号招商天地和苑,113.630062,34.674427,13523485313,8：00——22：00
二七区,50600,茶艺馆,开心茶楼,启福中华北2门旁,113.612588,34.706409,,8：00——22：00
二七区,50600,茶艺馆,春雨茶园,长江路与工人路交叉口西240米,113.618225,34.709281,,8：00——22：00
二七区,50600,茶艺馆,贺文科技,齐礼阎路淮河路55号院,113.631034,34.728483,,8：00——22：00
二七区,50600,茶艺馆,摇摇茶吧,柳江路与尧山路交叉口西320米,113.633323,34.675413,,8：00——22：00
二七区,50600,茶艺馆,九樾茶馆,福华街街道陇海中路13号中铁·泰和里,113.657979,34.73841,,8：00——22：00
二七区,50600,茶艺馆,合和茶馆,太和路与陇海中路辅路交叉口北100米,113.658359,34.738929,,8：00——22：00
二七区,50600,茶艺馆,村口摸鱼24小时自助棋牌室,连云路1号1号楼1-2层116号(宠帮宠物医院隔壁上楼),113.670495,34.718775,19036911085,8：00——22：00
二七区,50600,茶艺馆,清云阁足道(二七长江路店),嵩山南路262号亚星时代广场5号楼二层206号,113.624733,34.708805,0371-66126688,8：00——22：00
二七区,50600,茶艺馆,耳韵轩,淮河路街道民安路71号焦家门小区,113.632705,34.72985,,8：00——22：00
二七区,50600,茶艺馆,梦清源,长江路街道兴华南街168号兴华南街168号院,113.633014,34.715728,,8：00——22：00
二七区,50600,茶艺馆,鸿蕴居,铭功路与西太康路交叉口西20米,113.659642,34.758272,,8：00——22：00
二七区,50600,茶艺馆,汉清阁,建中街街道交通路6号五彩小区,113.649435,34.729951,,8：00——22：00
二七区,50600,茶艺馆,台湾高山茶千百吉(豫茶园店),长江路工人路交叉口豫茶园7排17号,113.619428,34.709459,13703822510;17603877062,8：00——22：00
二七区,50600,茶艺馆,滋颜小炖·姨妈热饮·鲜炖燕窝(马寨镇店),杨寨步行街C2-008号,113.524635,34.708849,13298339985,8：00——22：00
二七区,50600,茶艺馆,大C柠檬茶室(绿城广场店),兴华北街世纪家园16号-5大C柠檬茶室,113.63259,34.743589,13937151419,8：00——22：00
二七区,50600,茶艺馆,百年老恒昌,侯寨乡航海路与工人路交叉口金水河源头(公路管理局西隔壁),113.62188,34.721001,0371-68995889,8：00——22：00
二七区,50600,茶艺馆,1点点(橄榄城店),京广路街道连云路佛岗新居46-5号,113.671248,34.695932,15138652250,8：00——22：00
二七区,50600,茶艺馆,茶话弄(郑州二七万达店),大学南路8号万达广场(郑州二七店)3F层,113.642647,34.717105,19937137215,8：00——22：00
二七区,50600,茶艺馆,茶话弄(郑州万象城店),民主路10号郑州华润万象城DL639,113.661132,34.755187,18530875287,8：00——22：00
二七区,50600,茶艺馆,胜云茶社(暂停营业),航海路和工人路东南200米,113.621416,34.719508,18537112787,8：00——22：00
二七区,50700,冷饮店,珍毓糖水铺(总店),东福民街14号院西门口商铺1层1号,113.648488,34.734973,18739928275,8：00——22：00
二七区,50700,冷饮店,茉莉奶白(郑州二七万达金街店),二七万达金街3号门10米处,113.642292,34.717863,19715547713,8：00——22：00
二七区,50700,冷饮店,满米酸奶(郑州二七万达金街店),长江路街道大学南路8号2号楼124号,113.642168,34.718041,,8：00——22：00
二七区,50700,冷饮店,眷茶(郑州二七万达广场店),大学路与航海路交叉口二七万达3楼,113.642974,34.71891,19037119168,8：00——22：00
二七区,50700,冷饮店,益麒麟大口茶,德化街街道德化新街负一层M区2013号,113.666679,34.751341,,8：00——22：00
二七区,50700,冷饮店,喜茶(郑州亚细亚卓悦城店),西大街亚细亚卓越城一层A18号铺,113.667489,34.751609,18538292683,8：00——22：00
二七区,50700,冷饮店,1点点(无限城店),德化街无限城购物中心156-2号,113.665638,34.749046,13073733208,8：00——22：00
二七区,50700,冷饮店,霸王茶姬(郑州世贸购物中心店),世贸购物中心1层A1118-1号铺,113.666365,34.74194,19939350048,8：00——22：00
二七区,50700,冷饮店,DQ(郑州二七万达),大学南路8号二七万达3层3027号商铺,113.642666,34.716793,13643813610,8：00——22：00
二七区,50700,冷饮店,CoCo都可茶饮(二七万达咖啡店),大学南路8号二七万达1号门金街入口,113.642985,34.716838,18037863329,8：00——22：00
二七区,50700,冷饮店,霸王茶姬(郑州星光汇店),星光汇购物中心1F-A02号,113.629352,34.75687,17303718772,8：00——22：00
二七区,50700,冷饮店,茉莉奶白(郑州杉杉奥特莱斯广场二七店),大学南路319号郑州杉杉奥莱·二七店LG层,113.646502,34.650438,15890197710,8：00——22：00
二七区,50700,冷饮店,爷爷不泡茶(二七万达金街店),长江路街道万达广场金街6-111号铺,113.642283,34.716955,19036985075,8：00——22：00
二七区,50700,冷饮店,茶百道(升龙国际店),政通路66号院商业裙房A区一层编号1027,113.640235,34.725609,17329444426,8：00——22：00
二七区,50700,冷饮店,霸王茶姬(郑州郑东万象城6楼店),郑东新区金水东路与东风南路交叉口万象城北区3号直梯厅直达6层对面商铺,113.661591,34.755135,19339911247,8：00——22：00
二七区,50700,冷饮店,蜜雪冰城(火车站西广场1店),二马路82号郑州站F1层,113.657592,34.745123,4000608888,8：00——22：00
二七区,50700,冷饮店,益禾堂(郑州二七万达金街店),长江路街道二七万达3号门金街2-120商铺东南朝向整间,113.642167,34.71795,15008085150,8：00——22：00
二七区,50700,冷饮店,眷茶臻选(郑州二七米房创意园店),赣江路行云路交叉口米房创意园B-105眷茶臻选,113.649398,34.703129,19069676349,8：00——22：00
二七区,50700,冷饮店,茶百道(郑州大学路店(新)),大学路77号1号楼附3号四层大楼的一间门面,113.643789,34.740677,13298157073,8：00——22：00
二七区,50700,冷饮店,柠季·手打柠檬茶(郑州二七万达店),大学南路8号万达广场(二七店)负一层宋潮食间入口处,113.643176,34.716993,13643802466,8：00——22：00
二七区,50700,冷饮店,霸王茶姬(郑州京莎广场店),京广南路8号京莎广场一层2号门西侧,113.656378,34.717398,13203838977,8：00——22：00
二七区,50700,冷饮店,茶百道(郑州二七百年德化店),德化街道德化街100号百年德化一层D区109号,113.666612,34.750615,13336928211,8：00——22：00
二七区,50700,冷饮店,书亦烧仙草(郑州市二七万达店),万达金街12号楼1号121号商铺,113.642127,34.717883,19913832738,8：00——22：00
二七区,50700,冷饮店,霸王茶姬(郑州橄榄城店),京广路街道连云路乐享茂c区1层(靠近3号门),113.671577,34.697447,4008788359,8：00——22：00
二七区,50700,冷饮店,呦呦熊酸奶(铁道陇海家园店),建中街街道陇海中路104号铁道陇海家园,113.652562,34.735912,13303856850,8：00——22：00
二七区,50700,冷饮店,爆蔗·首创甘蔗茶(二七金街店),大学南路8号郑州二七万达广场1F层,113.642472,34.718971,,8：00——22：00
二七区,50700,冷饮店,茶百道(郑州橄榄城店),连云路乐享茂外广场B、C座中间主街区7号铺,113.67187,34.696415,18137113335,8：00——22：00
二七区,50700,冷饮店,霸王茶姬(郑州桃李Mall店),马寨镇学院路与同兴街交叉口桃李Mall1楼122-123号铺位,113.512371,34.706118,16638060705,8：00——22：00
二七区,50700,冷饮店,沪上阿姨鲜果茶(郑州二七万达广场店),长江路街道二七万达金街5-105号商铺,113.64214,34.717716,19937033221,8：00——22：00
二七区,50700,冷饮店,1点点(亚细亚卓悦城店),德化街89号亚细亚卓悦城B1层G33-G34号,113.667434,34.751884,19138187889,8：00——22：00
二七区,50700,冷饮店,书亦烧仙草(河南郑州二七区大学路店),大学路80号康桥华城商业街7号楼一层14号,113.642483,34.738554,15303836686,8：00——22：00
二七区,50700,冷饮店,喜茶(郑州二七乐购汇店),乐购汇一层017号商铺,113.671706,34.6981,15378787098,8：00——22：00
二七区,50700,冷饮店,蜜雪冰城(百年德化1店),德化街68号1号楼1层13,113.66794,34.750983,15515951122;15838371282,8：00——22：00
二七区,50700,冷饮店,霸王茶姬(郑州杉杉奥莱二七店),大学南路杉杉奥特莱斯广场4号门云台广场处,113.646403,34.651314,,8：00——22：00
二七区,50700,冷饮店,茉酸奶(郑州二七万达广场店),大学南路8号万达广场(二七店)负一楼宋朝食间里,113.642778,34.717368,18625666456,8：00——22：00
二七区,50700,冷饮店,奈雪的茶(郑州二七万达店),大学南路8号万达广场室内步行街1层1001B号,113.642665,34.718245,13925242290;15037145301;4006033888,8：00——22：00
二七区,50700,冷饮店,蜜雪冰城(升龙国际中心C区店),大学路政通路交叉口升龙国际龙发生活广场1-29号,113.646067,34.725229,17337821917;18239188909,8：00——22：00
二七区,50700,冷饮店,霸王茶姬(郑州嵩南印象城店),"嵩山路嵩南印象城LG层,室外儿童游乐区对侧下沉广场4号门旁",113.629561,34.672831,,8：00——22：00
二七区,50700,冷饮店,茶百道(郑州佳纷天地店),京广南路·市第六人民医院地铁站A口步行460米,113.656025,34.717354,19913808796,8：00——22：00
二七区,50700,冷饮店,奈雪的茶(郑州中铁泰和里店),陇海中路11号中铁泰和里商业街区1层139、140、148号铺位,113.658294,34.738467,19868124468,8：00——22：00
二七区,50700,冷饮店,蜜雪冰城(天成珠宝店),德化街100号百年德化风情购物公园C区入口,113.665413,34.749903,15617722267,8：00——22：00
二七区,50700,冷饮店,青之手酿(康桥华城商业街店),大学路80号康桥华城商业街80-9号,113.643505,34.73888,13526481722;15638802077,8：00——22：00
二七区,50700,冷饮店,霸王茶姬(郑州二七万达三层店),二七万达广场三楼中段-中厅扶梯电梯口,113.642624,34.717846,13303813761,8：00——22：00
二七区,50700,冷饮店,爷爷不泡茶(橄榄城都市广场店),京广路街道贺江路78号橄榄城都市广场,113.671806,34.696365,19949280499,8：00——22：00
二七区,50700,冷饮店,杯出酸奶小食馆,棉纺东路46-28号,113.634786,34.755898,15093154622,8：00——22：00
二七区,50700,冷饮店,柠季·手打柠檬茶(郑州德化风情购物公园店),德化街100号百年德化风情购物公园D区1层BQD128-1,113.665134,34.750874,16650239988,8：00——22：00
二七区,50700,冷饮店,阿狗手打·手作(郑州连云路店),京广路街道连云路佛岗新居46-9号,113.671343,34.695917,18538748236,8：00——22：00
二七区,50700,冷饮店,蜜雪冰城(二道街店),二道街256-5号(人民公园地铁站B口步行380米),113.659422,34.754756,18703625060,8：00——22：00
二七区,50700,冷饮店,宝珠奶酪,民主路10号郑州二七万象城L5层,113.662496,34.755099,18100337125,8：00——22：00
二七区,50700,冷饮店,茶百道(航海广场店),航海路祥云路交叉口正商航海广场,113.668822,34.719385,15617830119,8：00——22：00
二七区,50700,冷饮店,1点点(升龙国际店),政通路62号院2号楼裙房A1033号,113.640601,34.725726,15538338955,8：00——22：00
二七区,50700,冷饮店,苏式绿豆汤(长城康桥华城店),大学路长城康桥华城商业街31-17号,113.641308,34.73863,18703648335,8：00——22：00
二七区,50700,冷饮店,蜜雪冰城(郑州百年德化店),大同路1号普乐天地三楼,113.667904,34.750997,15290873583;15713893830,8：00——22：00
二七区,50700,冷饮店,逅厚的酸奶铺·希腊酸奶·集合店(二七万达店),二七万达2号门正东面,113.644395,34.716813,17337171199,8：00——22：00
二七区,50700,冷饮店,茶百道(郑州桃源路店),桃源路郑州大学南校区南门附近,113.636434,34.740423,17398986665,8：00——22：00
二七区,50700,冷饮店,沪上阿姨·精选茶饮(郑州亚细亚店),德化街街道德化街89号亚细亚卓悦城负一楼G30号,113.667564,34.751568,18736089186,8：00——22：00
二七区,50700,冷饮店,酸奶罐罐(郑州二七万达广场店),二七万达广场F2层2030号,113.642611,34.716777,18135786818,8：00——22：00
二七区,50700,冷饮店,慢茶·紫米酸奶(橄榄城店),连云路漓江路,113.670266,34.69084,18595865931,8：00——22：00
二七区,50700,冷饮店,蜜雪冰城(郑州无限城1店),德化街36号无限城一层120号,113.666796,34.748198,17596497812;17638129349,8：00——22：00
二七区,50700,冷饮店,益禾堂(郑州二七德化店),德化街街道68号1号楼1011号,113.666477,34.750658,19949178690,8：00——22：00
二七区,50700,冷饮店,茶百道(郑州黄科大漓江路店),漓江路57号1号楼附1号,113.670208,34.691329,13103832221,8：00——22：00
二七区,50700,冷饮店,蜜雪冰城(乐购汇购物中心店),橄榄城都市广场A座2号门旁,113.671252,34.698071,17796722268;18039111372,8：00——22：00
二七区,50700,冷饮店,蜜雪冰城(升龙2店),升龙商业广场活力1街西门西北90米,113.640612,34.725626,13525587059,8：00——22：00
二七区,50700,冷饮店,蜜雪冰城(京广路店),中原东路京广路交叉口西南角125号,113.651561,34.747411,15510556677;17633825014,8：00——22：00
二七区,50700,冷饮店,CoCo都可(华润万象城店),民主路10号华润万象城B151号,113.66177,34.755022,17337177633,8：00——22：00
二七区,50700,冷饮店,茶百道(德化步行商业街店),德化街41号(二七广场地铁站D口步行320米),113.667058,34.749903,18530851268;18695889299,8：00——22：00
二七区,50700,冷饮店,茶百道(郑州嵩山南路店),嵩山南路6号澳丽名苑2号楼1层东2B,113.627069,34.727291,15093367665,8：00——22：00
二七区,50700,冷饮店,茶百道(郑州二七德化无限城店),德化街德化无限城一楼143B,113.666365,34.749126,15638883710,8：00——22：00
二七区,50700,冷饮店,茶百道(郑州大学南路泰宏建业店),绿水路53号华豫百佳大学南路1层A03-2,113.642867,34.682838,13333810089,8：00——22：00
二七区,50700,冷饮店,沪上阿姨·精选茶饮(郑州大学路丹尼斯店),大学路79号沪上阿姨,113.643783,34.739883,18846834508,8：00——22：00
二七区,50700,冷饮店,书亦烧仙草(郑州二七区永安街店),建中街街道永安街35号永安街35号院,113.654317,34.733699,17630019933,8：00——22：00
二七区,50700,冷饮店,书亦烧仙草(郑州二七区德化街负一店),德化街100-41号(二七广场地铁站F口步行180米),113.664793,34.750734,13526433499,8：00——22：00
二七区,50700,冷饮店,蜜雪冰城(嵩山路安康路金河里店),嵩山路安康路金河里购物中心1层,113.62696,34.72685,13673600568,8：00——22：00
二七区,50700,冷饮店,茶百道(鑫苑·鑫都汇店),陇海中路100号鑫苑·鑫都汇F1层,113.652047,34.735913,15225089324;18595872035,8：00——22：00
二七区,50700,冷饮店,春莱(郑州市二七万达店),大学南路万达广场69-63号,113.641975,34.716248,17629772136,8：00——22：00
二七区,50700,冷饮店,书亦烧仙草(郑州二七区郑州大学中原路店),大学路街道中原东路103号,113.636706,34.747234,18539255528,8：00——22：00
二七区,50700,冷饮店,OT另茶(郑州二七万象城店),二七万象城店,113.661758,34.754797,18335160661,8：00——22：00
二七区,50700,冷饮店,蜜雪冰城(南校区郑州大学店),桃源路28-17号,113.637096,34.740432,17621265626,8：00——22：00
二七区,50700,冷饮店,眷茶臻选(二七米房店),行云路146号二七米房时尚创意街区内B区一层B105号,113.642125,34.717675,15637137763,8：00——22：00
二七区,50700,冷饮店,蜜雪冰城(淮北街店),淮河东路56号-17,113.636427,34.729132,15638933573,8：00——22：00
二七区,50700,冷饮店,汴梁徐先生厚切炒酸奶(华城国际中心店),大学路康桥华城10号楼公寓一层,113.643261,34.738852,15516160868;19913815071,8：00——22：00
二七区,50700,冷饮店,Yes Lemon就是柠·手打柠檬茶(郑州二七万象城店),民主路10号郑州万象城L515号,113.662549,34.755081,18637323331,8：00——22：00
二七区,50700,冷饮店,蜜雪冰城(泰宏国际城店),大学路与绿水路交叉口向西10米路北泰宏国际城9号院号楼号商铺,113.642015,34.683594,17638505666,8：00——22：00
二七区,50700,冷饮店,茶主张(德化街店),百年德化风情购物公园德化街10号,113.666612,34.750615,,8：00——22：00
二七区,50700,冷饮店,蜜雪冰城(百年德化风情购物公园店),德化街街道百年德化100号D区1屋D21-3号,113.665576,34.750939,13239432116;16650112834,8：00——22：00
二七区,50700,冷饮店,蜜雪冰城(鑫苑·鑫都汇店),陇海中路100号鑫苑·鑫都汇F1层,113.652068,34.735761,15267996667;17398962581,8：00——22：00
二七区,50700,冷饮店,茶话弄(郑州泰和里店),中铁泰和府六号院西门旁,113.65857,34.738866,15378778264,8：00——22：00
二七区,50700,冷饮店,书亦烧仙草(郑州二七升龙城5号院店),齐礼阎东路与沁河路交叉口升龙城五号院2-109,113.630949,34.723247,14737112555,8：00——22：00
二七区,50700,冷饮店,茶百道(亚星时代广场店),嵩山南路262号3号楼,113.625805,34.709472,19339907250,8：00——22：00
二七区,50700,冷饮店,蜜雪冰城(学府新家园店),医学院地铁站M口步行390米,113.646166,34.742245,17760733535;18539566417,8：00——22：00
二七区,50700,冷饮店,益禾堂(郑州二七万达金街一店店),大学南路8号郑州二七万达广场1F层,113.642352,34.716694,18537295577;19036934134;4008555288,8：00——22：00
二七区,50700,冷饮店,一只酸奶牛(二七万达店),大学南路8号万达广场三层BY-036,113.642672,34.717543,,8：00——22：00
二七区,50700,冷饮店,爷爷不泡茶(百年德化风情购物公园店),百年德化风情购物公园(二七广场地铁站D口步行150米),113.665613,34.751072,,8：00——22：00
二七区,50700,冷饮店,眷茶臻选(二七杉杉奥特莱斯店),大学南路319号郑州杉杉奥莱·二七店LG层,113.646356,34.650462,16638152682,8：00——22：00
二七区,50700,冷饮店,蜜雪冰城(珠江荣域店),河南省郑州市二七区郑密路88号院6号楼1层附8号-1,113.626446,34.713875,15249663466;18336388991,8：00——22：00
二七区,50700,冷饮店,益禾堂(郑州德化街大同路店),德化街与大同路交叉口,113.666907,34.748193,15515998162,8：00——22：00
二七区,50700,冷饮店,蜜雪冰城(贺江路店),贺江路47-5,113.672022,34.69594,15639903927;17629050819,8：00——22：00
二七区,50700,冷饮店,蜜雪冰城(鑫苑都汇广场店),大学南路与南四环交叉口鑫苑都汇广场1-135号,113.642608,34.660101,17633902285,8：00——22：00
二七区,50700,冷饮店,蜜雪冰城(望江居店),环翠路140号亚星望江居7号楼一层108,113.624794,34.700162,18569939882,8：00——22：00
二七区,50700,冷饮店,蜜雪冰城(郑州箱包皮具城店),德化街与大同路交叉口东南角,113.666675,34.748425,18137866862,8：00——22：00
二七区,50700,冷饮店,K22.酸奶草莓(亚细亚卓悦城店),亚细亚卓悦城(二七广场地铁站B口步行210米),113.667501,34.751612,13283861239,8：00——22：00
二七区,50700,冷饮店,杯出酸奶小食馆,棉纺东路46-1号,113.633597,34.756187,15093154622;15737894119,8：00——22：00
二七区,50700,冷饮店,蜜雪冰城(招商天地和苑店),柳江路66号,113.630035,34.6746,18538213067,8：00——22：00
二七区,50700,冷饮店,K22.酸奶草莓(二七万达店),大学南路8号郑州二七万达广场3F层,113.642942,34.717677,17803877820,8：00——22：00
二七区,50700,冷饮店,茶百道(郑州二七万达负一楼店),大学路8号郑州二七万达广场B1层1009A,113.643274,34.717075,15638834389,8：00——22：00
二七区,50700,冷饮店,蜜雪冰城(亚星时代广场店),长江路嵩山路交叉口亚星盛世北京华联一楼,113.627172,34.709473,13938582154,8：00——22：00
二七区,50700,冷饮店,苏玉梅奶酪(二七万达旗舰店),长江路街道汉江路人和路万千世纪城5号楼附2号一层、附3号一层,113.640299,34.715107,17036213333,8：00——22：00
二七区,50700,冷饮店,蜜雪冰城(荆胡社区店),荆胡社区六号院东门北130米,113.646299,34.680696,18530969930,8：00——22：00
二七区,50700,冷饮店,蜜雪冰城(德化新街三店),福寿街大同路交叉口北30米路东森克小商品城IA16铺,113.664589,34.747705,18638751878,8：00——22：00
二七区,50700,冷饮店,蜜雪冰城(漓江路店),连云路126号,113.670232,34.691216,18595780657,8：00——22：00
二七区,50700,冷饮店,CoCo都可(升龙咖啡店),人和路政通路交叉口升龙商业广场A区1层1023号,113.640666,34.725634,,8：00——22：00
二七区,50700,冷饮店,米呼呼酸奶,贺江路橄榄城都市广场78-5号,113.672829,34.696446,19937138666,8：00——22：00
二七区,50700,冷饮店,蜜雪冰城(郑州大学南校区体育场店),郑州大学南校区体育场十字路口西南角,113.636397,34.742415,15824892888,8：00——22：00
二七区,50700,冷饮店,1点点(泰得城店),淮河街道嵩山南路19号泰得城一楼1-28号,113.628518,34.735988,18937167500,8：00——22：00
二七区,50700,冷饮店,满米酸奶(京莎广场店),华中路京莎佳纷广场1楼,113.655945,34.717736,15136209550,8：00——22：00
二七区,50700,冷饮店,蜜雪冰城(兴华南街店),兴华南街东侧17号楼与21号楼之间(天泰艺墅世家小区),113.633016,34.713733,18437150220;19913831238,8：00——22：00
二七区,50700,冷饮店,蜜雪冰城(南屏路店),联合雅园西区西南门东150米,113.661816,34.689194,13027509099;13939078855,8：00——22：00
二七区,50700,冷饮店,蜜雪冰城(春晖路店),美好佳苑东1门南50米,113.664935,34.714186,,8：00——22：00
二七区,50700,冷饮店,蜜雪冰城(郑飞小区店),淮南街87-43号,113.636446,34.703279,15617639695;18003869716,8：00——22：00
二七区,50700,冷饮店,蜜雪冰城(河医店),五里堡街道棉纺东路1号棉纺东路7号院,113.642802,34.754677,15737193970;18837339669,8：00——22：00
二七区,50700,冷饮店,森林子 · 果蔬茶(郑州健康路店),SUNLTH森林子·健康果蔬茶(郑州健康路店)爷爷不泡茶隔壁,113.642786,34.717121,,8：00——22：00
二七区,50700,冷饮店,蜜雪冰城(京莎店),大商千盛生活广场东北门旁,113.65636,34.717005,17700610253,8：00——22：00
二七区,50700,冷饮店,益禾堂(郑州航海广场店),航海路祥云路航海广场5-15,113.668945,34.719983,18237162795,8：00——22：00
二七区,50800,糕饼店,五号法甜(二七万达店),大学南路8号郑州二七万达广场1F层,113.64237,34.716829,17839902210,8：00——22：00
二七区,50800,糕饼店,面包真我(绿城广场店),世纪家园东门南60米(绿城广场地铁站C口步行430米),113.63259,34.743896,,8：00——22：00
二七区,50800,糕饼店,香雪儿(橄榄城店),南三环与连云路东南橄榄城都市广场B101,113.671444,34.696484,0371-55200373,8：00——22：00
二七区,50800,糕饼店,蛋壳DIY烘焙(二七万达店),万达广场12B写字楼8层845,113.643444,34.717267,18637972368,8：00——22：00
二七区,50800,糕饼店,蓝塔(嵩山路店),金河里购物中心1层入口处,113.627564,34.72681,0371-67886615,8：00——22：00
二七区,50800,糕饼店,福晶园(政通路店),政通路淮南街交叉口东南角,113.636493,34.724693,0371-63689383,8：00——22：00
二七区,50800,糕饼店,锦鲤坊(升龙国际店),升龙国际商业广场A区1层1087号(大学路与政通路交叉口),113.639822,34.725808,,8：00——22：00
二七区,50800,糕饼店,香雪儿(政通路2店),政通路36-7号,113.649125,34.724725,0371-86639565,8：00——22：00
二七区,50800,糕饼店,蓝塔烘焙(棉纺路店),棉纺东路26号2号楼2单元1层附8号,113.630337,34.757188,0371-67943859,8：00——22：00
二七区,50800,糕饼店,GUYU谷予·冷萃茶蛋糕(二七万达店),二七万达12号楼B座27层2739,113.643444,34.717267,13949082410,8：00——22：00
二七区,50800,糕饼店,西树泡芙(二七万达店),大学南路8号万达广场F3(市第二人民医院地铁站G口旁),113.642957,34.718868,19937873515,8：00——22：00
二七区,50800,糕饼店,香雪儿(兴华南街店),亚星盛世家园A区东门南310米,113.632712,34.711027,0371-55200372;19003831503,8：00——22：00
二七区,50800,糕饼店,OPEN OVEN(郑州二七万象城店),民主路10号万象城B1层K110,113.661971,34.754965,0371-86551329;15670635277;18736078485,8：00——22：00
二七区,50800,糕饼店,八喜冰淇淋蛋糕(二七店),大学路61号1层,113.644216,34.733283,13703981758,8：00——22：00
二七区,50800,糕饼店,仟吉西饼(世纪家园店),兴华北街广场南路交叉口大商1楼,113.632589,34.744059,0371-58682080,8：00——22：00
二七区,50800,糕饼店,蓝塔(鑫苑鑫都汇店),陇海中路100号,113.651082,34.735852,0371-55055199,8：00——22：00
二七区,50800,糕饼店,百香林西点(二七万达店),人和路二十七万达2号院底商,113.642166,34.716483,13840037689,8：00——22：00
二七区,50800,糕饼店,香雪儿(长江路店),大学南路92号9号楼1层908号,113.641219,34.709624,0371-55200275;19003831511,8：00——22：00
二七区,50800,糕饼店,白鸽烘焙(万象城店),西彩小区西前街15号A4,113.656991,34.757172,0371-68619866,8：00——22：00
二七区,50800,糕饼店,仟吉西饼(亚新橄榄城店),京广路街道南三环连云路交叉口东南角亚新橄榄城B座1层,113.671421,34.697187,0371-53376700,8：00——22：00
二七区,50800,糕饼店,方记脆皮蜂蜜蛋糕(航海市场店),政通路1-35号,113.652591,34.724729,13044705388;15838382932,8：00——22：00
二七区,50800,糕饼店,呐呆面包研究所(泰宏建业店),秀水路11号3-4,113.642522,34.680768,19603888951,8：00——22：00
二七区,50800,糕饼店,硕一列巴(伊河路1号院北院店),伊河路1号院北院南门西80米,113.631353,34.742847,13383826798;17630015959,8：00——22：00
二七区,50800,糕饼店,北京稻香村(大学路店),大学路汝河路交叉口向北70米路东,113.644216,34.733297,0371-57178028;15639051517,8：00——22：00
二七区,50800,糕饼店,仟吉西饼(庆丰街店),陇海中路104号铁道陇海家园3号楼商铺附22号,113.652559,34.735643,0371-58682093;0371-86031654;15038080745,8：00——22：00
二七区,50800,糕饼店,云峰糕点(郑州大学医学院店),大学路40号(医学院地铁站J口步行180米),113.644274,34.748278,15107003863,8：00——22：00
二七区,50800,糕饼店,香雪儿(淘气堡新天地店),嵩山路南彩路锦绣山河淘气堡新天地B区,113.624827,34.682614,0371-55697528,8：00——22：00
二七区,50800,糕饼店,仟吉西饼(郑州市特色商业街店),嵩山南路249-33号,113.628462,34.712179,0371-58682101;18236930577,8：00——22：00
二七区,50800,糕饼店,爸爸糖吐司面包(郑州二七万达店),大学南路8号郑州二七万达广场3F层,113.642912,34.718814,15637177522,8：00——22：00
二七区,50800,糕饼店,中原铺子(郑州市特色商业街店),亚星盛世家园A区南门旁,113.630531,34.71021,19949190462,8：00——22：00
二七区,50800,糕饼店,佬俵食品糕点,社区居民生活商场南门东70米,113.650194,34.710173,18870165898,8：00——22：00
二七区,50800,糕饼店,香雪儿(连云路店),正商城禧园二号院南门东90米,113.670029,34.710474,0371-53312269;19900927279,8：00——22：00
二七区,50800,糕饼店,仟吉西饼(鑫苑商业购物中心店),鑫苑商业购物中心西南门旁,113.63518,34.756297,0371-58683783,8：00——22：00
二七区,50800,糕饼店,锦鲤坊蛋糕(航海路店),航海路与嵩山路交汇处西北角,113.627062,34.721008,0371-65320067;18539994141;19003831697,8：00——22：00
二七区,50800,糕饼店,米奇蛋糕(美好佳苑店),美好佳苑东1门南70米,113.664947,34.714053,13633851510;13838359396,8：00——22：00
二七区,50800,糕饼店,甜一甜品蛋糕(金祥花园店),京广路街道红云路2号院10号楼东3单元1层东户,113.668047,34.712067,18539996585,8：00——22：00
二七区,50800,糕饼店,香雪儿(碧云路店),碧云路16号院3号楼1层3号,113.664932,34.714385,0371-86505855,8：00——22：00
二七区,50800,糕饼店,仟吉西饼(嵩山二店),兰德·喜多家东区东门旁,113.627834,34.725861,0371-58682103,8：00——22：00
二七区,50800,糕饼店,德丰蛋糕(永安街店),永安街35号院西门北190米,113.652583,34.733688,13298110910,8：00——22：00
二七区,50800,糕饼店,雀巢冰淇淋原料蛋糕(二七万达店),齐礼闫东街3-120商铺,113.630882,34.722182,,8：00——22：00
二七区,50800,糕饼店,米奇蛋糕(郑州航院家属院店),大学中路2-5(市第二人民医院地铁站D口步行180米),113.644392,34.722575,13598025663,8：00——22：00
二七区,50800,糕饼店,锦鲤坊(兴华亚星店),兴华小学东门北50米,113.632714,34.713118,0371-65320058;19003831698,8：00——22：00
二七区,50800,糕饼店,香雪儿(庆丰街店),陇海路与庆丰街交叉口东南角,113.652595,34.735838,0371-61286863,8：00——22：00
二七区,50800,糕饼店,仟吉西饼(二七万达店),大学路二七万达金街169室,113.642736,34.719484,,8：00——22：00
二七区,50800,糕饼店,日日鲜蛋糕,马寨同兴街与东方路交叉口向东30米路北,113.530899,34.706914,0371-86677869;17513312361,8：00——22：00
二七区,50800,糕饼店,百乐(长城康桥华城东),大学路街道大学路80号长城康桥华城2号楼,113.642375,34.737335,15517550730,8：00——22：00
二七区,50800,糕饼店,爵士皇后(交通路店),交通路与汝河路口路东,113.647192,34.732746,15838206448;15838288747,8：00——22：00
二七区,50800,糕饼店,沙湾村宫廷糕点(碧云路店),美好佳苑东1门南120米,113.664918,34.713722,17337146777;18638137020,8：00——22：00
二七区,50800,糕饼店,香雪儿(康复前街店),康复前街25-9号(医学院地铁站M口步行300米),113.645314,34.742246,,8：00——22：00
二七区,50800,糕饼店,仟吉西饼(金域上郡店),汝河路35号,113.641316,34.732968,0371-55151707;15239005054,8：00——22：00
二七区,50800,糕饼店,百香林(德化步行商业街店),德化新街5号口负二层F1026号,113.666801,34.751171,,8：00——22：00
二七区,50800,糕饼店,面包天使(升龙城5号院店),沁河路与齐礼阎路交叉口东北角向东15米,113.631287,34.723232,18939265211,8：00——22：00
二七区,50800,糕饼店,桂洲村桃酥(政通路店),政通路庆丰街交叉口,113.652419,34.724723,15515506838,8：00——22：00
二七区,50800,糕饼店,冰鹿儿童蛋糕(航海路店),书香名邸西门向北150米路东,113.636412,34.712772,15824883579,8：00——22：00
二七区,50800,糕饼店,香雪儿(赣江路店),赣江路163号10幢1层06号,113.646351,34.703402,0371-55200621;13373922681,8：00——22：00
二七区,50800,糕饼店,仟吉西饼(升龙商业广场店),政通路66号升龙国际广场B区1层B1022,113.642295,34.725078,0371-55535005,8：00——22：00
二七区,50800,糕饼店,圣德蛋糕花园(行云路店),华逸名家东门旁,113.650359,34.71967,0371-68768088;13938599981,8：00——22：00
二七区,50800,糕饼店,戈雪儿(二七广场店),蜜蜂张街40号(近正兴街),113.65496,34.748628,18037106723,8：00——22：00
二七区,50800,糕饼店,福晶园(郑飞店),淮南街与百姓路交叉口,113.635881,34.702982,0371-65369029,8：00——22：00
二七区,50800,糕饼店,西萨饼店(交通路),交通路39号附1号,113.647215,34.732733,15803811781,8：00——22：00
二七区,50800,糕饼店,桂洲村桃酥(桃源路店),桃源路40号1号楼1层,113.633032,34.74009,15515506819,8：00——22：00
二七区,50800,糕饼店,仟吉西饼(康桥华城商业街店),大学路陇海路北200米路西(陇海路口北侧),113.643686,34.73809,0371-55962535;18638115920,8：00——22：00
二七区,50800,糕饼店,聚香园蛋糕(长江路店),长江路大学路交叉口向西500米路北,113.639706,34.710234,13683806976;15837186529,8：00——22：00
二七区,50800,糕饼店,福晶园(泰宏建业国际城店),绿水路泰宏建业国际城12号院36-18号,113.637401,34.684946,0371-88535777;15938772171,8：00——22：00
二七区,50800,糕饼店,米莎吉诺(郑州碧云路店),航海路与碧云路交叉口向南300米路西(春晖小学对面),113.664886,34.714408,0371-86555656,8：00——22：00
二七区,50800,糕饼店,仟吉西饼(淘气堡新天地店),南彩路与地泰路交叉口亚星锦绣假日中心二区锦绣山河7号地一层01号,113.62375,34.682622,,8：00——22：00
二七区,50800,糕饼店,万心禾蛋糕马寨店,同兴街228号,113.52857,34.707142,0371-56610350;15937128925,8：00——22：00
二七区,50800,糕饼店,T&B面包集合,陇海中路10号附5号,113.658766,34.738276,19839982939,8：00——22：00
二七区,50800,糕饼店,欧麦烘焙,碧云路丹枫路交叉口东100米路南,113.66588,34.694029,13949112118,8：00——22：00
二七区,50800,糕饼店,祥和园蛋糕(航海路店),嵩山路街道郑密路88号珠江荣域小区南院大门口第一家,113.624888,34.71337,13523029755,8：00——22：00
二七区,50800,糕饼店,米莎吉诺(长江东路店),长江东路与爱馨路交叉口西北50米,113.67371,34.710377,0371-53308886,8：00——22：00
二七区,50800,糕饼店,明熙家主题生日蛋糕(二七万达店),五号街坊步行街103-28号北面步行街1楼门店,113.634563,34.712852,18336381095,8：00——22：00
二七区,50800,糕饼店,葡澳蛋挞皇,中原东路与康复中街交叉口东南角,113.649006,34.74716,15890118595,8：00——22：00
二七区,50800,糕饼店,真甜.低卡糖蛋糕,金沙江路大学路泰宏建业商业中心3区1号楼2楼201,113.64269,34.67992,18003810388;18937620858,8：00——22：00
二七区,50800,糕饼店,福慧熹绿豆酥,庆丰街永安街东南角100米,113.652491,34.733441,15515548866,8：00——22：00
二七区,50800,糕饼店,仟吉西饼(正商·航海广场店),祥云路1号2号102号(冯庄地铁站A口旁),113.668678,34.72003,0371-58573966,8：00——22：00
二七区,50800,糕饼店,桂洲村桃酥(正商城裕园5号院店),京广路街道冯庄路111号院正商城裕园5号院,113.671501,34.712161,15515506780,8：00——22：00
二七区,50800,糕饼店,欧米琪西饼,南三环郑飞家园,113.638375,34.70069,0371-68799988,8：00——22：00
二七区,50800,糕饼店,仟吉西饼(郑州市特色商业街店),兴华南街112-28号与长江路交叉口向北350米路西,113.632714,34.713143,0371-55058292,8：00——22：00
二七区,50800,糕饼店,仟吉西饼(万嘉百汇店),"嵩山南路亚星南岸大厦1层109,110号",113.629898,34.686716,0371-58683776,8：00——22：00
二七区,50800,糕饼店,幸福树下蛋糕(二七万达店),大学南路8号13号楼20层2005,113.642746,34.719826,13607674402,8：00——22：00
二七区,50800,糕饼店,肯豆日记生日蛋糕(二七广场大卫城店),正兴街31号乐美居酒店右侧附11号,113.660252,34.750425,19803604466,8：00——22：00
二七区,50800,糕饼店,百香林西点(棉纺东路店),棉纺东路46-66号,113.636322,34.755687,13390595742,8：00——22：00
二七区,50800,糕饼店,茉一cake蛋糕,京广路与张魏寨中街向西100米路南(川渝家常菜西隔壁),113.655714,34.712854,15036062170,8：00——22：00
二七区,50800,糕饼店,CATSCONE喵叮手作甜品,瑞光创意工厂二号院,113.638097,34.763307,13837284896,8：00——22：00
二七区,50800,糕饼店,榴芒cake(二七店),安康路5-45号兰德喜多家南门地面商铺,113.625453,34.726366,19339951536,8：00——22：00
二七区,50800,糕饼店,百香林西点(长江店),长江路嵩山路交叉口西南角,113.627367,34.709413,18638606809,8：00——22：00
二七区,50800,糕饼店,咕噜甜心(万象城店),民主路10号郑州二七万象城L3层,113.66157,34.755119,18937188131,8：00——22：00
二七区,50800,糕饼店,苏玉梅奶酪(连云路店),连云路佛岗新居45-1,113.671017,34.69515,13083719931,8：00——22：00
二七区,50800,糕饼店,粑粑坊糯米蛋糕碧云路店,碧云路与春晖路向南50米,113.665,34.712502,,8：00——22：00
二七区,50800,糕饼店,打包愿望·戈雪儿(中原路总店),蜜蜂张街道蜜蜂张街40号蜜蜂张街40号院,113.655038,34.748652,15036126561,8：00——22：00
二七区,50800,糕饼店,曾小白蛋糕(二七区店),郑密路88号院18号楼1层附1号,113.624485,34.71341,13523029755,8：00——22：00
二七区,50800,糕饼店,莫家私房蛋糕,棉纺东路46-27(莫家私房蛋糕),113.634736,34.756016,15838230970;15838231130,8：00——22：00
二七区,50800,糕饼店,麦甜甄芒(黄河科技大学西门店),京广路街道连云路128号9号楼1-2层109号,113.670288,34.690602,19013925898,8：00——22：00
二七区,50800,糕饼店,云峰糕点(航海路店),富华街街道航海中路2号(冯庄地铁站D口步行200米),113.670862,34.720742,15107003863,8：00——22：00
二七区,50800,糕饼店,西布伦DIY烘焙屋(康桥华城商业街店),大学北路80号康桥华城商业街7号楼号,113.642775,34.738475,13213085413;18539263331,8：00——22：00
二七区,50800,糕饼店,佳味思老香港蛋糕(长城康桥店),大学路80-8号(市骨科医院地铁站C口步行190米),113.643673,34.738831,15638183337,8：00——22：00
二七区,50800,糕饼店,艾记清真糕点,交通路新田公寓73号,113.647188,34.738909,15303818183;15637497020,8：00——22：00
二七区,50800,糕饼店,艾轻甜手作生日蛋糕(二七广场店),德华街道南下街142号,113.669357,34.750716,,8：00——22：00
二七区,50800,糕饼店,慕纯鲜花主题蛋糕,汇景嘉园东院西门旁,113.650733,34.708435,15938791337,8：00——22：00
二七区,50800,糕饼店,日日鲜蛋糕(丹青路店),豫景园北2门东70米,113.618681,34.70646,15617633366,8：00——22：00
二七区,50800,糕饼店,焙儿蛋糕(亚星盛世雅居三期店),郑航街与兴华南街交叉口向东300米,113.635211,34.706422,17335568052,8：00——22：00
二七区,50800,糕饼店,糖星汇爱烘焙坊(商专家属院店),淮河路街道淮河东路56号商专家属院,113.636305,34.729088,18697316916,8：00——22：00
二七区,50800,糕饼店,榛巷烘焙(蛋糕西点面包),德化街100号百年德化A区101,113.665163,34.750461,,8：00——22：00
二七区,50800,糕饼店,品味蛋糕,苗圃街31号门面房,113.665187,34.732465,13213153836,8：00——22：00
二七区,50800,糕饼店,奶油记,二七万达13号楼1910室,113.642912,34.719862,18638206335,8：00——22：00
二七区,50800,糕饼店,西柚Cake·DIY蛋糕(二七万达店),二七广场13号楼7楼710,113.642943,34.719805,15926438661,8：00——22：00
二七区,50800,糕饼店,百香林西点(桃源路店),桃源路28-9号,113.637416,34.74033,15233881342,8：00——22：00
二七区,50800,糕饼店,米兰西饼(二七店),京广路长江路江泰天宇国际7号楼141号商铺,113.656013,34.711654,15515916250,8：00——22：00
二七区,50800,糕饼店,郑州市二七区本味面包店,长江路街道江泰天宇国际项目二期(老街坊)7号楼125商铺,113.656048,34.71199,18039665221,8：00——22：00
二七区,50800,糕饼店,优利蛋糕(联合花园店),漓江路97号联合花园北门东侧30米,113.659924,34.692077,18838962606,8：00——22：00
二七区,50800,糕饼店,大熊的生日蛋糕店(马寨店),马寨镇杨寨步行街南排D-007号,113.525613,34.708896,19138073324,8：00——22：00
二七区,50800,糕饼店,枣子坊(二七广场店),德化新街五号口直梯负一层T区T02号,113.666634,34.751218,16600237872,8：00——22：00
二七区,50800,糕饼店,明熙家主题生日蛋糕(天擎花园店),天擎花园东门外路北,113.676375,34.694975,19138098896,8：00——22：00
二七区,50800,糕饼店,哈哈蛋糕商店(同兴街店),马寨同兴街和睦路交叉口东南10米,113.528008,34.706806,18736999000,8：00——22：00
二七区,50800,糕饼店,麦莎蒂斯烘焙,大学路第四小学正对面万荣商铺7-112麦莎蒂斯烘焙,113.648393,34.658145,17788133765,8：00——22：00
二七区,50800,糕饼店,米斯韦尔蛋糕(二七万达店),大学南路8号万达广场二七店B座13层1331,113.643474,34.717252,15903610380,8：00——22：00
二七区,50800,糕饼店,佬俵食品,南三环赞巴啦农贸市场佬俵食品,113.675251,34.696538,17337850336,8：00——22：00
二七区,50800,糕饼店,贝乐烘焙(万千世纪城店),人和路,113.640751,34.713286,13323866613;13803860490,8：00——22：00
二七区,50800,糕饼店,QueenCake皇后蛋糕(康桥华城店),长城康桥华城国际中心(大学北路西),113.64318,34.737413,0371-60207096;13598019675;17737418117,8：00——22：00
二七区,50800,糕饼店,艾菲尔动物奶油冰淇淋生日蛋糕(升龙城店),航海路与兴华南街交叉口升龙城8号院6号楼110,113.632322,34.721718,17737179811,8：00——22：00
二七区,50800,糕饼店,吉利蛋糕(吉利蛋糕郑科店),郑州德莱食品有限公司北门旁,113.512245,34.70334,15538713895,8：00——22：00
二七区,50800,糕饼店,拾一蛋糕(二七万达广场店),二七万达13号写字楼121,113.642921,34.719835,15937120950,8：00——22：00
二七区,50800,糕饼店,焙思香蛋糕(嵩山南路店),嵩山南路339号(亚星万嘉百汇),113.629825,34.688525,19103718945,8：00——22：00
二七区,50800,糕饼店,一亩良甜(二七万达店),汉江路人和路向南100米路西一亩良甜,113.640914,34.712972,18239303275,8：00——22：00
二七区,50800,糕饼店,左岸烘焙时光(淮河路店),郑州市供销社综合贸易中心家属楼东1门旁,113.636166,34.729917,13298160972,8：00——22：00
二七区,50800,糕饼店,百香林西点(步行街商贸城店),德化新街10号口负一层B2007号,113.6666,34.748255,,8：00——22：00
二七区,50800,糕饼店,菊姐杂粮烤饼(金牛·水岸国际花园店),开发路97号,113.661514,34.688465,13526606413,8：00——22：00
二七区,50800,糕饼店,甜匠蛋糕,二马路65-8号,113.659582,34.751465,15538010039,8：00——22：00
二七区,50800,糕饼店,百香林西点(郑州科技学院店),郑州科技学院东门东北100米,113.512114,34.7066,,8：00——22：00
二七区,50800,糕饼店,枣品味·郑密路店,郑密路农贸市场东门旁(齐礼阎地铁站C口步行450米),113.625111,34.719327,18737019655,8：00——22：00
二七区,50800,糕饼店,喜临门(淮北街店),路砦路8号院零号楼(淮北街),113.636375,34.731537,,8：00——22：00
二七区,50800,糕饼店,糖一2元面包,学院路与同兴街交叉口向东60米路南3号门面,113.513603,34.706264,17613141736,8：00——22：00
二七区,50800,糕饼店,焙思香蛋糕(江山书香名邸店),长江路街道长江中路108号江山书香名邸,113.639516,34.710176,19838656829,8：00——22：00
二七区,50800,糕饼店,苏恬蛋糕(荆胡店),荆胡社区五号院南门口路南20米,113.648573,34.680686,18638689621,8：00——22：00
二七区,50800,糕饼店,吉芙烘焙(二七万达店),教苑小区建云街15号院西北门西130米,113.64827,34.715158,15538242384,8：00——22：00
二七区,50800,糕饼店,秋天烘焙原料(百荣世贸商城A座店),百荣世贸商城A座三楼036,113.664863,34.656791,15537422655,8：00——22：00
二七区,50800,糕饼店,米琪诺蛋糕店(二七万达店),"京广南路与春晖路交汇处,江泰天宇国际二期5号楼106号",113.655417,34.712546,15617691383,8：00——22：00
二七区,50800,糕饼店,罗琳卡蛋糕坊(二七万达店),大学南路与政通路交叉口向南50米新象城92,113.644602,34.724288,0371-63288663,8：00——22：00
二七区,50800,糕饼店,得美蛋糕,嵩山南路鑫苑名城一期南苑,113.632634,34.668659,13503839375;15517176725,8：00——22：00
二七区,50800,糕饼店,金生酥皮糖糕(郑密路82号院店),郑密路82-17号(齐礼阎地铁站C口步行450米),113.625151,34.719413,13523561761,8：00——22：00
二七区,50800,糕饼店,CCAKE蛋糕(二七万达店),航海路与大学南路万达广场12号楼01号,113.643459,34.718003,13203713028,8：00——22：00
二七区,50800,糕饼店,遇见.希小焙.生日蛋糕,金牛·水岸国际花园东北门西130米,113.662052,34.688704,13676971811,8：00——22：00
二七区,50800,糕饼店,帕帕珍味(郑州杉杉奥莱·二七店),大学南路319号郑州杉杉奥莱·二七店L1层,113.646151,34.649347,,8：00——22：00
二七区,50800,糕饼店,佬俵食品(郑航街店),淮南街与郑航街1层4号,113.636625,34.705996,18720004538,8：00——22：00
二七区,50800,糕饼店,酥馨悦糕点(联合雅园东区店),南屏路78号联合雅园C区商业1层附3号,113.661644,34.689371,18370190300;18707034313,8：00——22：00
二七区,50800,糕饼店,咪莎蛋糕专卖店,马寨镇同兴街好又多超市(老凤祥银楼)对面,113.529234,34.706712,13103868517,8：00——22：00
二七区,50800,糕饼店,卷卷baa·cake,政通路与齐礼阎路交叉口东60米,113.631461,34.724675,13460385090,8：00——22：00
二七区,50800,糕饼店,爱上蛋糕,连云路黄河科技学院新商业街7号,113.676025,34.687475,13333860815,8：00——22：00
二七区,50800,糕饼店,打包愿望·生日蛋糕(淘气堡新天地店),淘气堡新天地A区,113.626217,34.682613,19137105898,8：00——22：00
二七区,50800,糕饼店,原也面包店(京广路店),京广中路18-16号,113.657406,34.730608,,8：00——22：00
二七区,50800,糕饼店,禾韵甑糕,政通路与淮南交叉口向北200米路西,113.636141,34.726765,15639705596,8：00——22：00
二七区,50800,糕饼店,曾小白蛋糕(大卫城店),二七路200号2号楼1403,113.665841,34.75492,16650235599,8：00——22：00
二七区,50800,糕饼店,Cream hungry奶油饿了·蛋糕小铺(二七万达店),升龙国际A区德克士旁边美食二街3楼电梯上来右手边第一家A3027号,113.640661,34.726135,18614965676,8：00——22：00
二七区,50800,糕饼店,鲜之味蛋糕,侯寨乡曹洼村侯张线东侧,113.59332,34.656482,15637158692,8：00——22：00
二七区,50800,糕饼店,豫佳蛋糕店,万荣商务中心8号楼104号,113.648834,34.658149,18695818800,8：00——22：00
二七区,50800,糕饼店,蛋挞王子(郑州卫校生活区店),大学路街道航海中路86号郑州卫校生活区,113.641781,34.72063,,8：00——22：00
二七区,50800,糕饼店,怀字号仙豆糕(泰和里唐宋梦华店),陇海路京广路东北角泰和里唐宋梦华正南门霓裳乐舞台1029号,113.659497,34.738796,18860387819,8：00——22：00
二七区,50800,糕饼店,佬俵食品(郑密路店),滨河名家东北30-1号,113.624525,34.722776,18203608116,8：00——22：00
二七区,50800,糕饼店,蛋糕田不甜(锦祥小区1号院店),锦祥小区附一号院北门旁,113.652063,34.713146,15515524673,8：00——22：00
二七区,50800,糕饼店,麋鹿森林创意蛋糕(二七万达店),京广快速路出口与京广快速路交叉口东120米,113.658526,34.724941,15138932339,8：00——22：00
二七区,50800,糕饼店,益生菌发酵面包(泰宏建业国际城12号院店),人和路街道绿水路36号泰宏建业国际城12号院,113.637395,34.684957,0371-88535777,8：00——22：00
二七区,50800,糕饼店,肯豆日记蛋糕店,嵩山南路375号锦绣山河亚星玉晖园9号楼103号,113.630657,34.682505,15539059933,8：00——22：00
二七区,50800,糕饼店,U梦西饼动物奶油生日蛋糕,沁河路与齐礼阎路交叉口东60米,113.631255,34.723238,18939265979,8：00——22：00
二七区,50800,糕饼店,百味鲜烘焙(碧云路店),碧云路15-23号,113.665373,34.711991,13213207750;13526720450,8：00——22：00
二七区,50800,糕饼店,蛋糕很芒低糖低卡DIY生日蛋糕,大学路街道郑大市场街2号附13号,113.644965,34.740194,18838012217,8：00——22：00
二七区,50800,糕饼店,初秋cake(泰宏建业商业中心三区店),泰宏建业商业三区一号楼1-20号东门,113.643046,34.679832,,8：00——22：00
二七区,50800,糕饼店,慕木手工艺蛋糕(升龙城8号院店),航海路与兴华南街交叉口向北50米路西升龙城8号院6号楼110号商铺,113.63244,34.721721,17637904999,8：00——22：00
二七区,50800,糕饼店,宫玺糕饼,兴华南街60号院东门西南50米,113.632453,34.724913,18738962850,8：00——22：00
二七区,50800,糕饼店,福琪点心铺子,大学路54号附14号(医学院地铁站J口步行330米),113.643826,34.749775,13700848518,8：00——22：00
二七区,50800,糕饼店,牛奶冰淇淋蛋糕郑州旗舰店,京广路街道碧云路15号晨曦小区北院,113.665482,34.711976,,8：00——22：00
二七区,50800,糕饼店,露馨蛋糕店,兴华南街137号一层附28号,113.634726,34.703265,17703849291,8：00——22：00
二七区,50800,糕饼店,烘焙食光蛋糕(大学南路店),泰宏建业商业中心三区(荆胡地铁站B口步行290米),113.642421,34.67952,19103812779,8：00——22：00
二七区,50800,糕饼店,德利蛋糕房(尖岗店),侯寨乡尖岗村,113.581013,34.694233,13017666620;13137155883,8：00——22：00
二七区,50800,糕饼店,方圆烘焙.蛋糕.甜品.面包,大学路南四环鑫苑都汇广场(商场里面)一楼方圆烘焙蛋糕店靠近北头,113.642964,34.660916,,8：00——22：00
二七区,50900,甜品店,豆花日记,桃源路42-9号,113.637576,34.740208,18695831213,8：00——22：00
二七区,50900,甜品店,苏玉梅奶酪(西太康路店),西太康路与彭公祠街交叉口西北60米,113.661093,34.758106,15137101999;15803732226,8：00——22：00
二七区,50900,甜品店,极拉图(二七万达店),大学南路8号二七万达广场3层,113.643273,34.717214,13223719398,8：00——22：00
二七区,50900,甜品店,鲜芋仙(郑州二七万达广场店),长江路街道大学南路8号万达广场3层B1层室内步行街B1011商铺,113.642407,34.718416,,8：00——22：00
二七区,50900,甜品店,DQ(郑州杉杉奥莱·二七店店),大学南路319号郑州杉杉奥莱·二七店LG层,113.646416,34.650186,16603853620,8：00——22：00
二七区,50900,甜品店,芋说新鲜手作甜品,解放路52号附3-4号,113.662918,34.753323,17303843216,8：00——22：00
二七区,50900,甜品店,鲜芋仙(二七广场店),鲜芋仙亚细亚卓越城,113.667409,34.75158,,8：00——22：00
二七区,50900,甜品店,仲景生活(汝河路店),嵩山南路151-7(嵩淮地铁站E口步行450米),113.628825,34.73289,13674998696,8：00——22：00
二七区,50900,甜品店,糯米甜藕(永安街店),永安街5号楼14号,113.655599,34.733933,18037306762;18738108864,8：00——22：00
二七区,50900,甜品店,西慕司ceymuce(黄科大店),连云路漓江路交叉口新公馆步行街128号12号楼104号路南,113.669841,34.691077,19037131688,8：00——22：00
二七区,50900,甜品店,满记甜品(郑州万象城店),民主路16号万象城B1,113.661749,34.754832,,8：00——22：00
二七区,50900,甜品店,KUMO(郑州杉杉奥莱·二七店),大学南路319号郑州杉杉奥莱·二七店LG层,113.646551,34.650102,,8：00——22：00
二七区,50900,甜品店,薇薇安(万达广场店),大学南路8号郑州二七万达广场3F层,113.642939,34.716952,,8：00——22：00
二七区,50900,甜品店,蜜雪冰城(融侨悠乐汇店),融侨悠乐汇,113.622797,34.671718,15136713071,8：00——22：00
二七区,50900,甜品店,冰淇淋大王(汉江路店),郑密路88号院13号楼一层附11号,113.625026,34.715117,18737109814,8：00——22：00
二七区,50900,甜品店,蜜雪冰城(长江一号店),长江路高云路长江一号A区12号楼124号商铺,113.661312,34.708002,13598419833,8：00——22：00
二七区,50900,甜品店,老郑大雪花酪,桃源路42号附15号,113.637172,34.740238,13939065181,8：00——22：00
二七区,50900,甜品店,硕一列巴(陇海中路59号院店),陇海中路60号,113.634598,34.736605,13383826798,8：00——22：00
二七区,50900,甜品店,罗琳卡甜品,彩虹路与德化步行商业街交叉口西北20米,113.666691,34.751365,15515989701;15515989710,8：00——22：00
二七区,50900,甜品店,蜜雪冰城(德化步行街店),德化新街15号口东南50米,113.667078,34.748239,,8：00——22：00
二七区,50900,甜品店,榴莲皇后甜品(橄榄城都市广场店),京广路街道贺江路78号橄榄城都市广场,113.67179,34.698455,13700852970,8：00——22：00
二七区,50900,甜品店,书亦烧仙草(郑州世贸购物中心店),西三马路与钱塘路交叉口西南60米,113.665987,34.741626,15690877169,8：00——22：00
二七区,50900,甜品店,郑好吃雪花酪(升龙店),升龙国际B区4号楼一单元一层,113.642248,34.725822,13623867766,8：00——22：00
二七区,50900,甜品店,芋圆世家(英才街店),二七区文化路英才街郑北商城一层14号牧业经济学院对面,113.512593,34.706647,15515670506,8：00——22：00
二七区,50900,甜品店,汴梁徐先生厚切炒酸奶(橄榄城店),连云路新公馆2号楼101,113.669394,34.690973,15936379008,8：00——22：00
二七区,50900,甜品店,妙上皇炒酸奶(二七万达金街店),二七万达金街南入口向北20米路东妙上皇店内,113.642342,34.716941,15290402100,8：00——22：00
二七区,50900,甜品店,书亦烧仙草(德化·无限城店),德化街德化大厦814号无限城购物中心,113.665654,34.749207,13526433499;19937399891,8：00——22：00
二七区,50900,甜品店,三好冰淇淋(龙跃花园店),交通路与政通路交叉口向东70米路北,113.647778,34.724945,16696693117,8：00——22：00
二七区,50900,甜品店,凉凉慕水果捞(大学南路店),绿水路54号华豫佰佳餐饮区,113.643006,34.682787,18695818191,8：00——22：00
二七区,50900,甜品店,书亦烧仙草(河南建筑职业技术学院校外店),曙光路2号东方智慧城F1层,113.527025,34.709058,15093477741,8：00——22：00
二七区,50900,甜品店,沁喜甜品,淮河路街道航海中路106号院3号楼1-2层127号,113.630763,34.722492,19937308548,8：00——22：00
二七区,50900,甜品店,春山甜品烘培店,交通路与汝河路交叉口南40米,113.647146,34.732223,,8：00——22：00
二七区,50900,甜品店,糖糖甜品(御景台北区店),贺江路129-17,113.668524,34.695976,13271710291,8：00——22：00
二七区,50900,甜品店,大口力鸳鸯糖水铺(泰宏建业商业中心三区店),大学南路金沙江路交叉口泰宏建业商业中心3区3栋1楼附10号,113.642546,34.680252,18538172036,8：00——22：00
二七区,50900,甜品店,龟苓膏(建新西街62号院店),建新西街62-9号,113.648196,34.757567,13837151853,8：00——22：00
二七区,50900,甜品店,八喜冰淇淋批发站(手表厂家属院店),兴华南街与汝河路交叉口向东60米路北,113.634015,34.732702,18624928856,8：00——22：00
二七区,50900,甜品店,蜜雪冰城(行云路店),长江路与行云路交叉口汇景嘉园21号S7门面,113.650784,34.709543,18777388831,8：00——22：00
二七区,50900,甜品店,菓然水果捞(升龙商业广场A区店),升龙商业广场A区美食二街3层奥斯卡电影院旁边,113.640659,34.725814,13027610075,8：00——22：00
二七区,50900,甜品店,书亦烧仙草(郑州二七区鑫苑都汇广场店),鑫苑都汇广场(大学南路),113.642624,34.660249,15093177690,8：00——22：00
二七区,50900,甜品店,天冰冰淇淋配送部(西中和路店),西中和路13号,113.652415,34.751691,0371-56052589;0371-57068290;13203868125,8：00——22：00
二七区,50900,甜品店,宋湘记抓鸭丫·鸭爪爪鸭头干锅(郑州总店),行云路长江路向南200米路西,113.650297,34.707885,15516900077,8：00——22：00
二七区,50900,甜品店,书亦烧仙草(郑州二七区鑫苑名城店),鑫苑名城2号院,113.629122,34.668886,16638150514,8：00——22：00
二七区,50900,甜品店,喜三德甜品·手工芋圆·烧仙草·粉面小吃(二七店),大学北路80号(市骨科医院地铁站C口步行160米),113.643229,34.738004,,8：00——22：00
二七区,50900,甜品店,书亦烧仙草(郑州黄河科技学院校内店),连云路123号尚水便利西侧,113.676449,34.687491,15378725008,8：00——22：00
二七区,50900,甜品店,蜜雪冰城(德化步行街店),德化步行商业街与大同路交叉口东北40米,113.6669,34.748216,,8：00——22：00
二七区,50900,甜品店,牛厨叮当广式茶点,百兴家园北门旁,113.651629,34.712949,13137719606,8：00——22：00
二七区,50900,甜品店,甜予蛋糕,保全街174号,113.65371,34.731549,18538721783,8：00——22：00
二七区,50900,甜品店,小莲炒冰,嵩山南路83号,113.629692,34.742553,15738310423,8：00——22：00
二七区,50900,甜品店,炒酸奶拔丝蛋糕,嵩山北路与二环支路交叉口向南30米路东炒酸奶拔丝地瓜店,113.631576,34.765538,18638755595,8：00——22：00
二七区,50900,甜品店,冰淇淋大王,合作路农贸市场西门5号,113.642025,34.756925,15637973911,8：00——22：00
二七区,50900,甜品店,蜜雪冰城(德化步行街店),大同路与德化步行商业街交叉口东北40米,113.667026,34.748238,,8：00——22：00
二七区,50900,甜品店,蜜雪冰城(郑州无限城1店),德化步行商业街与大同路交叉口北20米,113.666796,34.748198,,8：00——22：00
二七区,50900,甜品店,小胖鲜果炒酸奶(保全街16号院店),建中街街道保全街16号保全街16号院,113.65196,34.731538,,8：00——22：00
二七区,50900,甜品店,汴梁徐先生厚切炒酸奶(升龙国际店),升龙国际广场A区西北角电梯西边20米,113.639696,34.725623,17839920726,8：00——22：00
二七区,50900,甜品店,百果蜂·水果捞·鲜果切(二七店),淮河东路与连心里交西南角连心里胡同42-3号,113.639889,34.72869,13721445589,8：00——22：00
二七区,50900,甜品店,一品糖水铺,祥云路4号附9号,113.667972,34.719354,,8：00——22：00
二七区,50900,甜品店,凉凉慕水果捞(二七万达店),大学南路8号郑州二七万达广场B1层,113.642947,34.717379,,8：00——22：00
二七区,50900,甜品店,布田舒芙蕾,星河里负一楼检票口,113.649747,34.703423,,8：00——22：00
二七区,50900,甜品店,春田花花水果捞·炒酸奶(二七广场店),正弘凯宾城写字楼2号楼北楼8楼814室,113.660473,34.751908,15617520830,8：00——22：00
二七区,50900,甜品店,品味坊时令糖水铺,梁庄街34号荆胡商业中心4号楼114-1铺,113.64628,34.678223,15838196975,8：00——22：00
二七区,50900,甜品店,梦龙动物奶油冰淇淋生日蛋糕(郑州二七店),大学南郡南门110号商铺,113.642091,34.702298,18625783578,8：00——22：00
二七区,50900,甜品店,大王小付甜品蛋糕,赣江路与行云路交叉口西80米,113.649598,34.703527,,8：00——22：00
二七区,50900,甜品店,动e冻炒酸奶(亚细亚卓悦城店),德化街街道德化街68号奥斯卡电影院对面,113.667327,34.751604,,8：00——22：00
二七区,50900,甜品店,果然心动水果捞,勤劳街32-58号,113.640867,34.738939,13114582234,8：00——22：00
二七区,50900,甜品店,秘境鹿屿CAKE生日蛋糕·冰淇淋·动物奶油(二七店),人和路与政通路交叉口北140米,113.640693,34.726118,13073783031,8：00——22：00
二七区,50900,甜品店,漫柔冬融合糖水铺,马寨商业步行街C1-008,113.525645,34.708967,17700611188,8：00——22：00
二七区,50900,甜品店,V甜意式冰淇淋蛋糕(郑州店),二道街174号,113.65713,34.755182,,8：00——22：00
二七区,50900,甜品店,奕彤冰糕食品店,建中街街道庆丰街17号院鑫苑现代城3号楼一层3-121号,113.65098,34.735255,13526636560;17513126560,8：00——22：00
二七区,50900,甜品店,莱记糖水铺,桃源南街与桃源路交叉口南120米,113.636113,34.739276,19503839805,8：00——22：00
二七区,50900,甜品店,水果捞(二七广场店),亚细亚卓悦城(二七广场地铁站B口旁),113.667275,34.751825,19103846666,8：00——22：00
二七区,50900,甜品店,三好冰淇淋店(鑫苑现代城店),陇海路与庆丰街交叉口向南100米路西,113.6525,34.733333,18614980702,8：00——22：00
二七区,50900,甜品店,批发冰淇淋,,113.632939,34.7406,15346568523,8：00——22：00
二七区,50900,甜品店,喜慕甜品蛋糕下午茶,二七万达3号院富华花苑对面,113.642015,34.715358,,8：00——22：00
二七区,50900,甜品店,冰沙撞冰粉,学院路桃李茂门口,113.512051,34.706055,,8：00——22：00
二七区,50900,甜品店,芈鹿先生提拉米苏(橄榄城都市广场西B座店),京广路街道贺江路78号橄榄城都市广场西B座,113.671709,34.695967,,8：00——22：00
二七区,50900,甜品店,天冰冰淇淋(京广花园店),京广花园西门东60米,113.658025,34.725146,,8：00——22：00
二七区,50900,甜品店,永安街第一家炒酸奶,建中街街道永安街35号永安街35号院,113.654856,34.733717,,8：00——22：00
二七区,50900,甜品店,一桶双皮奶,淮河路街道勤劳街15号陇海社区,113.641111,34.735269,,8：00——22：00
二七区,50900,甜品店,小果冻厚切炒酸奶(德化街店),德化街100号百年德化B区六道巷西北角方燕烤猪蹄隔壁,113.664643,34.750347,,8：00——22：00
二七区,50900,甜品店,三分甜蛋糕店,永安街5号楼22号,113.655816,34.733934,13213124196,8：00——22：00
二七区,50900,甜品店,菓然水果捞,嵩山路街道郑密路168号亚星望江居,113.624925,34.700375,,8：00——22：00
二七区,50900,甜品店,觅果酸奶水果捞·炒酸奶·果切,江泰·天宇国际,113.655155,34.711785,,8：00——22：00
二七区,50900,甜品店,可可家四果汤,大学南路与张魏砦西街六巷交叉口西北80米,113.643172,34.7124,,8：00——22：00
二七区,50900,甜品店,海南椰奶清补凉,京广路街道连云路99号佛岗新居,113.671981,34.695969,,8：00——22：00
二七区,50900,甜品店,新西兰国民冰淇淋,大学南路8号郑州二七万达广场3F层,113.642805,34.717484,,8：00——22：00
二七区,50900,甜品店,嘟嘟牛厚切炒酸奶,京广路街道冯庄路111号院正商城裕园5号院,113.671386,34.714041,,8：00——22：00
二七区,50900,甜品店,蜜雪冰城(碧云路店),长江路碧云路23-5-1号,113.665442,34.709035,18739019143,8：00——22：00
二七区,50900,甜品店,CoCo都可(橄榄城店),南三环和连云路交叉口世纪联华一楼广场,113.66992,34.710786,19913872621,8：00——22：00
二七区,50900,甜品店,蜜雪冰城(棉纺东路店),棉纺东路66号院39-40号楼21号商铺,113.63518,34.756297,13323786089,8：00——22：00
二七区,50900,甜品店,伊站GO爽(南三环赞巴啦),贺江路天擎花园北侧约120米,113.675191,34.697101,15093266770,8：00——22：00
二七区,50900,甜品店,蜜雪冰城(正商城裕园5号院店),京广路街道冯庄路111号院正商城裕园5号院,113.671459,34.712213,15890098119,8：00——22：00
二七区,50900,甜品店,鞠婆婆绵绵冰(百年德化风情购物公园店)(暂停营业),德化街100号百年德化风情购物公园1F层,113.664949,34.750947,13938487031,8：00——22：00
二七区,50900,甜品店,雨果爱(同盈美食),一马路陇海东路交叉口世贸商城服饰物流中心9号楼同盈美食广场4层DM420,113.665508,34.739723,15903610907,8：00——22：00
二七区,50900,甜品店,小苍兰&风铃草蛋糕-郑州店(暂停营业),二环支路35号瑞光创意工厂内2号院2-301-南,113.638327,34.763093,17320112861,8：00——22：00
二七区,50900,甜品店,青之手酿·冷萃酸奶(二七万达店),二七万达1号院东北侧人和路63号,113.641255,34.718597,15837106657,8：00——22：00
二七区,50900,甜品店,黄河外卖,中原路106号(医学院地铁站D口步行80米),113.642257,34.747281,0371-67809883,8：00——22：00
二七区,50900,甜品店,川妹子自助小火锅,曙光路东方智慧城33-10号2楼,113.526913,34.708938,15515939323,8：00——22：00
二七区,50900,甜品店,满馨记,瑞光创意工厂叁号院北100米,113.638216,34.763926,17719866005,8：00——22：00
二七区,50900,甜品店,一只酸奶牛(桃源路店),桃源路28-2号,113.637525,34.740425,,8：00——22：00
二七区,50900,甜品店,奶香铺子(升龙商业广场A区店),升龙商业广场B区5号楼1011号,113.639933,34.726149,13674999350;15324879582,8：00——22：00
二七区,50900,甜品店,全味皇后(旗舰店),中原路福寿街西北角正弘凯宾城2号楼16层,113.660574,34.752169,15538291888,8：00——22：00
二七区,50900,甜品店,甜谣cake,安康路5-56,113.624447,34.726378,13400308798,8：00——22：00
二七区,50900,甜品店,大口力·代餐酸奶·鲜果芋圆,泰宏建业商业中心三区(荆胡地铁站B口步行140米),113.642829,34.680371,,8：00——22：00
二七区,50900,甜品店,悦鑫茂滋补炖汤,市骨科医院地铁站A口步行490米,113.642826,34.732212,,8：00——22：00
二七区,50900,甜品店,熹小锅28元自助小火锅(百年德化风情购物公园店),百年德化B区二楼(库迪咖啡楼上),113.664904,34.75046,13633868861,8：00——22：00
二七区,50900,甜品店,胖子烤鸭肠,建华街小区东1门东北80米,113.647186,34.732241,18810183389,8：00——22：00
二七区,50900,甜品店,开心丽果鲜榨果汁(郑州二七万象城店),民主路10号郑州二七万象城L3层,113.661394,34.755053,13027755778,8：00——22：00
二七区,50900,甜品店,香酥鸡蛋灌饼,勤劳街6一15,113.640919,34.730793,15838006367,8：00——22：00
