区域,餐饮类型编码,餐饮类型名称,POI名称,详细地址,经度(lon),纬度(lat),联系电话,营业时段
新郑市,50100,中餐厅,赵记红光卤肉烩面(总店),创业路世基城市广场B座(农业银行隔壁),113.752866,34.420247,15515803299,8：00——22：00
新郑市,50100,中餐厅,高粱雨辣椒厨房(总店),航空港区翠园迎宾馆西北门北150米,113.83305,34.537396,0371-63357890;18539281101,8：00——22：00
新郑市,50100,中餐厅,解家河南菜(龙湖御景店),龙湖镇双湖大道与紫荆山南路西南角,113.694046,34.609235,0371-67546777,8：00——22：00
新郑市,50100,中餐厅,阿庄新豫菜(南龙湖店),大爱城西1门南90米,113.711898,34.594717,0371-58556888;0371-58556899;18903717816,8：00——22：00
新郑市,50100,中餐厅,胡庆一重庆火锅(祥安路店),康桥溪桂园北门东60米,113.722776,34.604052,0371-55882855,8：00——22：00
新郑市,50100,中餐厅,森虎虾尾(总店),郑州昇达经贸管理学院北门西100米,113.690869,34.597688,4001869889,8：00——22：00
新郑市,50100,中餐厅,那拉提新疆特色餐厅(龙湖店),龙湖镇祥云路与紫金山南路交叉口向北500米路东199号,113.695645,34.634294,18939522188,8：00——22：00
新郑市,50100,中餐厅,熊喵来了火锅(郑州新郑龙湖锦艺城店),龙湖镇双湖大道152号龙湖锦艺城购物中心4层4F-01,113.725615,34.613913,0371-63295185,8：00——22：00
新郑市,50100,中餐厅,无名冒菜(新郑店),和谐街与同乐路交叉口北80米,113.7582,34.419037,18037155246,8：00——22：00
新郑市,50100,中餐厅,茗荷园信阳土家菜(同乐路店),中华北路与同乐路交叉口向东200米路南,113.757514,34.418,0371-63207677;13523560868,8：00——22：00
新郑市,50100,中餐厅,清芳园(龙湖店),龙湖镇淮海路与翠竹路交叉口向北200米路东,113.67849,34.593855,0371-62575666,8：00——22：00
新郑市,50100,中餐厅,豫盛和烩面,航空港区振兴路与机场迎宾大道交叉口向北20米路东,113.832615,34.53357,0371-53365777;0371-53365888,8：00——22：00
新郑市,50100,中餐厅,辣椒厨房(祥安路店),龙湖镇祥安路龙湖名郡一号楼底商,113.690975,34.603846,0371-55880667,8：00——22：00
新郑市,50100,中餐厅,胡庆一重庆老火锅(华祥国贸店),华祥国贸商场4层(双湖大道地铁站B2口步行360米),113.681659,34.610937,0371-64490995,8：00——22：00
新郑市,50100,中餐厅,兰湘子.湘菜小炒(郑州华盛奥特莱斯店),华南一路与环西路交叉口南侧二号交易广场4楼4b-15号,113.727831,34.604309,19903821014,8：00——22：00
新郑市,50100,中餐厅,廣順興(南龙湖店),紫荆山南路与祥云路交叉口向北20米路东,113.69572,34.630595,0371-55886768,8：00——22：00
新郑市,50100,中餐厅,喜湘湘湖南乡野小炒,,113.768333,34.408192,0371-66503966,8：00——22：00
新郑市,50100,中餐厅,虎丫炒鸡(河南郑州新郑万佳商业广场店),万佳商业广场1层1050-1-5号,113.715958,34.611938,19138111959,8：00——22：00
新郑市,50100,中餐厅,袁老四重庆老火锅(新尚天地店),文化路与通达街交叉口东南角(新尚天地2号楼1层),113.738711,34.42155,0371-69666686,8：00——22：00
新郑市,50100,中餐厅,怀生记小馆(港区店),航空港区长安路与鄱阳湖交叉口西北角,113.846142,34.569641,0371-60155789;13522143881,8：00——22：00
新郑市,50100,中餐厅,半天妖烤鱼(郑州华盛奥特莱斯店),环西路华盛奥特莱斯4层直梯左侧,113.727875,34.604475,0371-55181229;18560662934,8：00——22：00
新郑市,50100,中餐厅,廣順興(新郑店),湖滨路与能庄北路东北角克拉公馆裙楼1-17212号商铺,113.749769,34.421315,18539984518,8：00——22：00
新郑市,50100,中餐厅,京熙·涮肉(云港路店),航空港区润丰·悦尚二区西门旁,113.8324,34.537235,0371-58551118,8：00——22：00
新郑市,50100,中餐厅,湘霸王(双湖大道店),孟庄镇双湖大道六盛钢材市场,113.736666,34.612397,0371-62634556;13783698470;19337175068,8：00——22：00
新郑市,50100,中餐厅,晋晋有味(港区店),航空港经济综合实验区郑港六路北侧郑港一街东侧裕鸿世界港丽宫102室、103室、104室,113.842408,34.570016,0371-89907666;17737172827;18137333013,8：00——22：00
新郑市,50100,中餐厅,莫山小馆(龙湖锦艺城店),龙湖镇龙湖锦艺城购物中心3楼3F-22号,113.725605,34.613917,15324808790,8：00——22：00
新郑市,50100,中餐厅,高粮雨辣椒厨房(薛店店),隆府新城东北门东70米,113.796946,34.483079,0371-63200797,8：00——22：00
新郑市,50100,中餐厅,三厂烩羊肉(华南城店),龙湖镇华南城美食街04号,113.729613,34.595815,18838916351,8：00——22：00
新郑市,50100,中餐厅,高湘小炒黄牛肉华信店,中华路与少典路交叉口向东500m路北,113.755679,34.416763,15378770138,8：00——22：00
新郑市,50100,中餐厅,信阳红厨意(洵美路店),航空港区新港大道与洵美路交叉口向东150米路北16号,113.82113,34.45931,0371-87085999;0371-87086999,8：00——22：00
新郑市,50100,中餐厅,大刘家砂锅,航空港区长安路润丰悦尚东门方永结胡辣汤向北30米,113.8334,34.53887,18503868130,8：00——22：00
新郑市,50100,中餐厅,遇大东涮羊肉,航空港区锦绣桂园社区西门南420米,113.846073,34.570645,0371-63333377,8：00——22：00
新郑市,50100,中餐厅,虎丫炒鸡(河南新郑新田360店),创业路新田360广场二层L221号,113.74361,34.420658,15062652452,8：00——22：00
新郑市,50100,中餐厅,小龙坎火锅(中华路店),中华路与少典路交叉口碧水蓝天小区1号楼7-8号,113.753866,34.416791,0371-62591999,8：00——22：00
新郑市,50100,中餐厅,鱼你在一起(新壹城新田360广场店),新田360广场(新郑新壹城店),113.743712,34.419864,15093082688,8：00——22：00
新郑市,50100,中餐厅,西关味广东大排档(郑州华盛奥特莱斯店),郑州华盛奥特莱斯4层,113.72767,34.6041,15617620087,8：00——22：00
新郑市,50100,中餐厅,御丰缘粗粮烙馍村,双湖大道48号(红美宾馆旁),113.714023,34.61116,15978401119,8：00——22：00
新郑市,50100,中餐厅,虎丫炒鸡(河南郑州新郑龙湖锦艺城店),双湖大道锦艺城商场三楼(郑新快速通道与双湖大道交叉口东北角),113.723741,34.61463,19003831197,8：00——22：00
新郑市,50100,中餐厅,南湖一品信阳菜(港区店),航空港区云港路与郑韩路交叉口路北14-12,113.83149,34.537409,16603803824,8：00——22：00
新郑市,50100,中餐厅,阿勇美食(泰山路店),龙湖国际温泉酒店南门旁(小乔地铁站A1口步行200米),113.697194,34.600852,0371-69954666;0371-69954777,8：00——22：00
新郑市,50100,中餐厅,南湖鸣苑(郑州华盛奥特莱斯店),龙湖镇华南城华盛奥特莱斯U街6号楼-01-02号,113.72712,34.603206,0371-69330809;17637186661,8：00——22：00
新郑市,50100,中餐厅,俏西部大盘鸡(总店),威龙逸品东门南50米,113.68756,34.623557,0371-55888227;13949005926,8：00——22：00
新郑市,50100,中餐厅,米村拌饭(新郑龙湖锦艺城店),双湖大道152号龙湖锦艺城购物中心4楼22号米村拌饭(商场中间),113.726063,34.613427,17642135989,8：00——22：00
新郑市,50100,中餐厅,牛七娘鲜切牛肉火锅,双湖大道152号龙湖锦艺城购物中心F4层,113.726021,34.613215,19303887975,8：00——22：00
新郑市,50100,中餐厅,辣椒厨房(新烟路店),新烟路158号,113.746929,34.382267,0371-60990313;13403713358,8：00——22：00
新郑市,50100,中餐厅,方中山胡辣汤(新郑店),中华路与创业路交叉口向东100米路南丽水苑,113.756776,34.419486,13607679165,8：00——22：00
新郑市,50100,中餐厅,山间晓厨爆炒下饭菜(新郑新田360店),新村镇创业路与政通路交汇处(新田360三层),113.744125,34.420425,15136288856,8：00——22：00
新郑市,50100,中餐厅,虎丫炒鸡(河南郑州新郑华盛奥莱店),龙湖镇华南城华盛奥特莱斯购物中心4层A区4A-01号,113.726673,34.604925,19043999879,8：00——22：00
新郑市,50100,中餐厅,高湘金牌小炒黄牛肉(桥航路店),航空港区桥航路与雍州路交叉口东五十米路南,113.861119,34.579994,0371-60959909,8：00——22：00
新郑市,50100,中餐厅,百饺宴(港区店),航空港区实验区人民检察院南门西南50米,113.845315,34.572281,15981898898,8：00——22：00
新郑市,50100,中餐厅,怀生记小馆(宏基王朝店),万庄路与郑新路交叉口西北100米,113.729112,34.426434,0371-60296899,8：00——22：00
新郑市,50100,中餐厅,柴家大院(宏基路店),宏基路36号(老交警队对面),113.726532,34.414642,0371-62676888;0371-85952888;13071069318,8：00——22：00
新郑市,50100,中餐厅,喜渝福·重庆老火锅,航空港区润丰悦尚17-107,113.832636,34.537175,19139722319,8：00——22：00
新郑市,50100,中餐厅,苗师兄香锅(龙湖锦艺城店),龙湖锦艺城购物中心4楼,113.726021,34.613723,15890207605,8：00——22：00
新郑市,50100,中餐厅,众合辣椒厨房(如荼路老店),航空港区盛世文园南2门东110米,113.823592,34.482008,0371-89907257;18538268377;19903715919,8：00——22：00
新郑市,50100,中餐厅,怀生记小馆(一江弘城店),一江弘城西2门南50米,113.768987,34.408756,0371-69959222,8：00——22：00
新郑市,50100,中餐厅,豫姥家大锅台(郑老庄店),郑老庄社区南1门旁,113.718254,34.619919,18903862822,8：00——22：00
新郑市,50100,中餐厅,杨掌柜辣椒炒肉(南龙湖店),文昌路与双湖大道交叉口北460米,113.687381,34.614315,19900906262,8：00——22：00
新郑市,50100,中餐厅,山间晓厨·爆炒下饭菜(郑州华盛奥特莱斯店),环西路华盛奥特莱斯4层,113.727558,34.604332,17335754988,8：00——22：00
新郑市,50100,中餐厅,巴庄重庆火锅(新郑二店),新华路街道新区建设管理委员会中华北路18号,113.747604,34.410205,16638185333,8：00——22：00
新郑市,50100,中餐厅,福状元粥店(华南城店),龙湖镇求实路西、华南城路北侧中央公园15号1-2层114号-115号,113.731541,34.606527,17803855863,8：00——22：00
新郑市,50100,中餐厅,百岁鱼品牌火锅(龙湖店),新嘉苑润府北区5-1-101号楼(114-36),113.680104,34.604058,0371-69978000,8：00——22：00
新郑市,50100,中餐厅,香飘农家小院,航空港区岗李乡市场路东段3号,113.920662,34.364995,18237855777,8：00——22：00
新郑市,50100,中餐厅,肉小胖地摊烤肉(南龙湖店),龙湖镇六合路44号,113.689768,34.597739,19034195369,8：00——22：00
新郑市,50100,中餐厅,黑土风情铁锅炖(南龙湖店),祥云路辅路与紫荆山南路交叉口西北60米,113.694406,34.629152,0371-66225588;0371-68661717,8：00——22：00
新郑市,50100,中餐厅,黄家老店(龙湖店),师苑小区北门东140米,113.713942,34.592819,0371-55905597,8：00——22：00
新郑市,50100,中餐厅,湘厨(龙湖店),龙湖镇文昌路兰馨壹号院2号楼一单元104室,113.688182,34.611849,0371-69650777;13213152301;18790276402,8：00——22：00
新郑市,50100,中餐厅,南阳清汤牛肉(玉前路店),玉前路与溱水路交叉口西10米路南,113.756683,34.387039,13137112169,8：00——22：00
新郑市,50100,中餐厅,大朋川菜,文昌路与祥安路交叉口北80米,113.68805,34.605123,0371-61228333,8：00——22：00
新郑市,50100,中餐厅,花雕醉鸡(龙湖店),龙湖镇宝相寺北一街中段,113.686597,34.596721,15617842569,8：00——22：00
新郑市,50100,中餐厅,信阳小厨(锦绣杏园店),航空港区郑报哈布双语幼儿园西南门西160米,113.845602,34.576107,15238317748;19137161556,8：00——22：00
新郑市,50100,中餐厅,朱熙熙三不炒(南龙湖店),文昌路与祥和路交叉口向南100米路东,113.688067,34.61827,18695867339,8：00——22：00
新郑市,50100,中餐厅,小桥流水(人民路店),新烟街道人民路中段339号,113.764136,34.395383,13526680909,8：00——22：00
新郑市,50100,中餐厅,李家地锅柴鸡,荆垌市场11排8号,113.68813,34.617784,17737112010,8：00——22：00
新郑市,50100,中餐厅,橘婆婆地锅柴鸡(龙湖锦艺城高层5组团店),锦艺城16号便民店一单元114号,113.72783,34.614761,15617618833,8：00——22：00
新郑市,50100,中餐厅,西文正辣椒炒肉(港区店),航空港区长安路与洞庭湖路交叉口,113.846058,34.576757,17513115656,8：00——22：00
新郑市,50100,中餐厅,信阳私房菜手工烙馍村(龙湖店),威龙逸品南1门东120米,113.687319,34.623096,13253523282,8：00——22：00
新郑市,50100,中餐厅,咱家人烙馍村,龙湖镇文昌路1号升达大学西侧宝相寺步行街南一街,113.686326,34.595401,0371-60290889,8：00——22：00
新郑市,50100,中餐厅,高粱雨辣椒厨房(西亚斯店),解放北路润基华悦城,113.772318,34.397578,0371-63203977,8：00——22：00
新郑市,50100,中餐厅,洛阳全羊鲜汤,龙湖镇双湖大道南侧21世纪国际城C区啊2号楼2单元1层101号商铺,113.719742,34.611078,13613851539,8：00——22：00
新郑市,50100,中餐厅,彭厨(新郑北区旗舰店),创业路与德茂街交叉口湖滨壹号一楼,113.750348,34.419027,0371-58552777,8：00——22：00
新郑市,50100,中餐厅,袁记串串香(龙湖高坡岩店),双湖大道与高坡岩步行街交叉口东220米,113.713895,34.611266,13273028200,8：00——22：00
新郑市,50100,中餐厅,土牧尔台内蒙铜锅涮,解放路与莲花路交叉口向东500米路南,113.789798,34.484066,15617695812,8：00——22：00
新郑市,50100,中餐厅,姐弟俩土豆粉(郑州新郑市华盛奥特莱斯店),华盛奥特莱斯4层,113.727901,34.604103,18103710457,8：00——22：00
新郑市,50100,中餐厅,朱熙熙三不炒(南龙湖六合路店),郑州昇达经贸管理学院北门西180米,113.690154,34.597725,18695867339,8：00——22：00
新郑市,50100,中餐厅,西部大盘鸡总店,龙湖镇文昌路6号文昌路北段,113.687686,34.626597,18037775432;18838231668,8：00——22：00
新郑市,50100,中餐厅,森虎虾尾(高坡岩店),龙湖镇双湖大道麦当劳向西150米路北,113.714226,34.611248,15638149616,8：00——22：00
新郑市,50100,中餐厅,郑州机场大酒店中餐厅,航空港区迎宾大道1号郑州机场大酒店1-2层,113.84345,34.528534,0371-68510888;0371-68512666;0371-68512999,8：00——22：00
新郑市,50100,中餐厅,迈歌莱新疆味道(天鹅湖畔玫瑰苑店),少典路郑州工业应用技术学院西北侧约135米,113.751841,34.416825,15886866761;18638029617;19937396913,8：00——22：00
新郑市,50100,中餐厅,姐弟俩土豆粉(郑州新郑龙湖锦艺城店),龙湖镇郑新快速路与双湖大道交叉口东北角锦艺城购物中心3楼3-03号商铺,113.725918,34.613143,19337117655,8：00——22：00
新郑市,50100,中餐厅,大锅小灶农家地锅柴鸡(锦绣翠园西院店),航空港区锦绣翠园(西院)长安路105-4号,113.847161,34.58199,19900972229,8：00——22：00
新郑市,50100,中餐厅,连庄老店大盘鸡,祥和路河南工程学院南门西200米南,113.688901,34.618925,0371-62569122;13837157550,8：00——22：00
新郑市,50100,中餐厅,大朋川菜(华南城店),领城蔚然里南区东门北110米,113.732781,34.608854,16638158333,8：00——22：00
新郑市,50100,中餐厅,鑫港美食园,航空港区郑州国际机场迎宾大道南侧9号(过收费站大转盘向东50米路南),113.829288,34.533277,0371-62589688,8：00——22：00
新郑市,50100,中餐厅,赣江野江西小炒,求实路领城公园1857小区107号,113.73286,34.61023,15093251699,8：00——22：00
新郑市,50100,中餐厅,金元甲甲鱼馆(龙湖店),双湖大道与紫荆山南路交叉口向西20米路南,113.692612,34.609537,18538122567,8：00——22：00
新郑市,50100,中餐厅,坛主老坛酸菜鱼,双湖大道与郑新路交叉口龙湖锦艺城四楼,113.725882,34.613646,13017671282,8：00——22：00
新郑市,50100,中餐厅,福状元(港区锦绣翠园店),航空港区凌霜街26-2号,113.849629,34.580848,0371-53373858,8：00——22：00
新郑市,50100,中餐厅,东北烧烤,祥和路1-042,113.693279,34.619067,13193890888;15324746199,8：00——22：00
新郑市,50100,中餐厅,筷八毛·挑挑老火锅(新郑旗舰店),一江弘城1期南门西120米,113.769029,34.407931,18538176660,8：00——22：00
新郑市,50100,中餐厅,粗粮小厨龙湖总店,泰山路与翠竹路交叉口向南100米,113.678211,34.599086,0371-55889100;17335560800,8：00——22：00
新郑市,50100,中餐厅,福状元(南龙湖店),文昌路59号,113.688309,34.613903,15093368416,8：00——22：00
新郑市,50100,中餐厅,豫徐粮鲜炒鸡烧烤(华信店),新区管委会和谐路东侧创业路南侧米兰小镇1号楼1单元105,113.758218,34.418732,0371-60999387;18103857119,8：00——22：00
新郑市,50100,中餐厅,魏苑大酒店,龙湖镇六合路东段路北,113.691956,34.598127,0371-62560888;19937119365,8：00——22：00
新郑市,50100,中餐厅,同心饭店(华夏大道),航空港区四港联动大道6号(枣园地铁站C口步行260米),113.831532,34.553928,0371-56561555,8：00——22：00
新郑市,50100,中餐厅,迎宾餐馆(双拥路店),人民路黄帝像转盘北50米路东,113.748548,34.396201,15638596757,8：00——22：00
新郑市,50100,中餐厅,北方一串,龙湖镇龙湖广场吉泰商务宾馆对面,113.689275,34.599125,18640796099,8：00——22：00
新郑市,50100,中餐厅,如意(新烟路店),新烟路228号,113.746429,34.37949,13663014013;15093090280,8：00——22：00
新郑市,50100,中餐厅,瑞和园,323省道,113.685674,34.392276,0371-62660678;0371-62697678,8：00——22：00
新郑市,50100,中餐厅,粗粮小厨(龙湖二店),文昌路与祥和路交叉口南160米,113.688135,34.617929,0371-55888233,8：00——22：00
新郑市,50100,中餐厅,三厂烩羊肉(天成公寓店),航空港区长安路天成商业2号楼113-114号,113.834029,34.541206,17719891766,8：00——22：00
新郑市,50100,中餐厅,阿润打边炉(新郑国际机场店),航空港区长安路与云港路交叉口向南北50米路西阿润打边炉机场店,113.833127,34.537747,15606865327;19059608688,8：00——22：00
新郑市,50100,中餐厅,高粱雨辣椒厨房(翠园店),航空港区桥航路18-4号,113.850239,34.580624,19137600202,8：00——22：00
新郑市,50100,中餐厅,茗厨宴,康桥原溪里西北门旁,113.719291,34.599721,0371-55887809;15713668155;19337879677,8：00——22：00
新郑市,50100,中餐厅,永奎西部大盘鸡烧烤(孟庄店),孟庄镇孟祥路枣福花园小区门面房31-33号,113.816475,34.583375,15517361555,8：00——22：00
新郑市,50100,中餐厅,北木南烤肉和酒(西亚斯店),人民路中段455号,113.768162,34.395439,15701220923,8：00——22：00
新郑市,50100,中餐厅,粗粮小厨(祥云路店),乐城阳光里南门东140米,113.69954,34.629205,13523576773,8：00——22：00
新郑市,50100,中餐厅,鱼六爷藤椒麻辣鱼总店,龙湖镇泰山路与文昌路交叉口向西300米路北,113.684986,34.600334,14737186333,8：00——22：00
新郑市,50100,中餐厅,老家地锅柴鸡(龙湖店),永丰乐城·公园里西1门北450米,113.695635,34.630168,13718142787;15736747858,8：00——22：00
新郑市,50100,中餐厅,曹大权地锅炖(西亚斯店),解放路与人民路交叉口西北角100米,113.772233,34.397126,17803713233,8：00——22：00
新郑市,50100,中餐厅,鱼你在一起(新郑万佳商业广场店),龙湖镇万佳商业广场1层1057-1B,113.715291,34.612367,18638009418,8：00——22：00
新郑市,50100,中餐厅,果木烤肉(居易国际城南区店),富田·兴龙湾大爱城东北门西北130米,113.715175,34.598831,19903816824,8：00——22：00
新郑市,50100,中餐厅,渝大师江湖菜(宏基王朝店),郑新路宏基王朝万庄路一号,113.729093,34.426511,15514556511,8：00——22：00
新郑市,50100,中餐厅,大朋川菜(新郑北区店),华祥喜度大厦20号楼1单元1-2层116号商铺,113.749224,34.420133,18538329333,8：00——22：00
新郑市,50100,中餐厅,豫姥家大锅台(华南城店),龙湖镇华南城求实路与华南城一路交叉口西北角领城幼儿园北50米,113.732175,34.607645,17337183383,8：00——22：00
新郑市,50100,中餐厅,御轩阁谭家私房菜,龙湖镇升达大学宝相寺北一街16号,113.686316,34.59674,15249692169,8：00——22：00
新郑市,50100,中餐厅,黑土风情铁锅炖(北区店),中兴路湖滨路黑土风情铁锅炖(万豪西侧),113.749189,34.420707,0371-62685858;15544103456,8：00——22：00
新郑市,50100,中餐厅,聚民美食城,辛店镇第一初中北门西60米,113.605666,34.389051,13027720789,8：00——22：00
新郑市,50100,中餐厅,老哥门肥肠鱼(龙湖店),龙湖镇六合路邦友创世小区01号楼16-516-6,113.691124,34.598181,17319705553,8：00——22：00
新郑市,50100,中餐厅,断片聚会餐厅(新郑店),渔夫子路与渔公四街交叉口东20米,113.766547,34.393439,0371-62606567,8：00——22：00
新郑市,50100,中餐厅,重庆牛肉面(安联11公里店),安联11公里东2门北50米,113.687613,34.624413,13643803380,8：00——22：00
新郑市,50100,中餐厅,十度湘菜(碧水蓝天南区店),新华信碧水蓝天19栋106号,113.755162,34.417998,0371-63201208;15838313641,8：00——22：00
新郑市,50100,中餐厅,信阳土菜馆回家吃饭华南城店,龙湖镇华南城公园1857小区十商105,113.732603,34.607785,13203703265,8：00——22：00
新郑市,50100,中餐厅,曹大权地锅炖,祥安路,113.690545,34.604462,13103858833,8：00——22：00
新郑市,50100,中餐厅,西文正辣椒炒肉(机场店),航空港区隆川锦园北门东170米,113.83399,34.542568,19937619355,8：00——22：00
新郑市,50100,中餐厅,萧记三鲜烩面(机场店)5公里免费接送,航空港区中国民用航空河南安全监督管理局西南门东100米,113.843903,34.529553,16638103585,8：00——22：00
新郑市,50100,中餐厅,樊老七乡村地锅柴鸡(港区店),航空港区大航路与长安路交叉口向南40米路东,113.84716,34.581873,18037182366,8：00——22：00
新郑市,50100,中餐厅,御品巴蜀新蜀道香辣虾,宝相寺步行街北一街,113.686948,34.596711,17761664563;18738865887,8：00——22：00
新郑市,50100,中餐厅,西文正辣椒炒肉(梅河店),航空港区银河办文苑小区B003B004号,113.824372,34.485527,0371-85304339;19939911090,8：00——22：00
新郑市,50100,中餐厅,橘婆婆地锅柴鸡(花悦城店),解放路西花悦城楼下东门往北50米,113.772471,34.398373,13523507667;18827522737,8：00——22：00
新郑市,50100,中餐厅,尚壹碗开封羊肉鲜汤四味菜(港区店),航空港区货运路与长鹰路交叉口东北角1号,113.840398,34.533821,13140150079,8：00——22：00
新郑市,50100,中餐厅,龙湖渔坊,龙湖镇后湖水库,113.675054,34.619193,0371-69978888,8：00——22：00
新郑市,50100,中餐厅,袁记串串香(洧水路店),毛园街与洧水路交叉口,113.738031,34.393033,0371-62607111;17729799678,8：00——22：00
新郑市,50100,中餐厅,谭氏大虾(总店),天空网络会所东门旁,113.687679,34.626736,15937577012,8：00——22：00
新郑市,50100,中餐厅,小张哥秘制火锅鸡(国际城店),龙湖镇双湖大道南侧30米居易国际城c区,113.718426,34.610712,17838321058,8：00——22：00
新郑市,50100,中餐厅,宋馔·豫宴,航空港区美创国际科技产业园A2-1号楼(雍州路东),113.835418,34.477343,15838108620,8：00——22：00
新郑市,50100,中餐厅,柴火乡地锅鸡(米兰小镇店),同乐路和谐街米兰小镇西门106,113.758226,34.418942,19939968005,8：00——22：00
新郑市,50100,中餐厅,醉巴鲜烤鱼(龙湖锦艺城店),双湖大道152号龙湖锦艺城购物中心F4层,113.726117,34.613826,19937079433,8：00——22：00
新郑市,50100,中餐厅,森虎虾尾长安路店(机场店),航空港区长安路与大航路交叉口,113.847136,34.582225,16219141914,8：00——22：00
新郑市,50100,中餐厅,大四喜生鲜牛肉火锅(新郑店),新华路136号,113.737427,34.389728,0371-62588878,8：00——22：00
新郑市,50100,中餐厅,静·园茶食,航空港区凌烟路裕鸿世界港·丽宫小区西门北行20米,113.842426,34.570387,19949164567,8：00——22：00
新郑市,50100,中餐厅,聚上座融合餐厅(航南新城店),航空港区新港大道航南新城111号,113.819167,34.492085,0371-55399666;19939922063,8：00——22：00
新郑市,50100,中餐厅,赵二丸子汤(总店),S102郭店完全小学西北侧路西,113.709953,34.548297,15093291212,8：00——22：00
新郑市,50100,中餐厅,金汤爆肚(黄帝像店),人民路383号黄帝像南侧(丹尼斯斜对面),113.747749,34.394886,15093291866;15981864626,8：00——22：00
新郑市,50100,中餐厅,文秋艺螺蛳粉,渔夫子路唐人街KTV楼下,113.766591,34.393763,18877342252,8：00——22：00
新郑市,50100,中餐厅,傻子张大盘鸡一大碗饸饹面(航空港区文苑小区店),航空港区银河办事处文苑小区东B12号,113.824251,34.484427,17337122877,8：00——22：00
新郑市,50100,中餐厅,麻辣鲜鱼坊(友谊路店),薛店镇友谊路与薛店大道交叉口东100米,113.800395,34.489168,18695812349,8：00——22：00
新郑市,50100,中餐厅,东北食屋(宝相寺步行街店),歌莱美KTV东(宝相寺步行街东),113.687541,34.596168,15038088002,8：00——22：00
新郑市,50100,中餐厅,哈尔滨印象地锅炖,一江宏城三期121号,113.768251,34.40823,18538773789,8：00——22：00
新郑市,50100,中餐厅,宴知客,,113.841349,34.572709,19939903383,8：00——22：00
新郑市,50100,中餐厅,御厨坊(新华路店),新华路与中华路交叉口向东100米路北,113.743805,34.389442,0371-62597693;0371-62611222,8：00——22：00
新郑市,50100,中餐厅,小李驴肉汤馆,泰山路利民商店旁,113.689499,34.600086,13213161777,8：00——22：00
新郑市,50100,中餐厅,油麻港辣子鸡手擀面(新郑西亚斯店),渔公一街九号西户,113.765808,34.394847,18513312189,8：00——22：00
新郑市,50100,中餐厅,地锅大院铁锅炖(新郑店),渔夫子路与烟厂大街交叉口东北角,113.765129,34.384739,18137813819,8：00——22：00
新郑市,50100,中餐厅,朱熙熙三不炒(北区店),创业路与中华路交叉口东侧50米路南,113.756318,34.419595,15538391213;18624999062,8：00——22：00
新郑市,50100,中餐厅,曹大权地锅炖(沙窝李店),沙窝李新型社区南门旁,113.70214,34.629117,15617709722,8：00——22：00
新郑市,50100,中餐厅,YUOZUO渝作·川渝冒肚(龙湖锦艺城店),龙湖锦艺城2号门北30米,113.725033,34.614497,17839986777,8：00——22：00
新郑市,50100,中餐厅,百年老味炝锅面烧烤小龙虾,龙湖镇祥安路康桥九溪郡202号楼107号,113.724274,34.60472,13674999538;18738179059,8：00——22：00
新郑市,50100,中餐厅,甜心家火锅鸡,双湖大道高坡岩西三街第一排赵一鸣零食往东20米路南侧,113.713511,34.61163,18530928883,8：00——22：00
新郑市,50100,中餐厅,大脸儿地锅炖(新郑新区第二社区1期北院店),新区管委会苟郑社区北院3号楼1-0304号商铺,113.739073,34.432833,15093187996,8：00——22：00
新郑市,50100,中餐厅,龙源餐厅(敏行环路店),龙湖镇轩辕路1号河南工程学院南校区,113.69918,34.617251,18567675875,8：00——22：00
新郑市,50100,中餐厅,西川巷子市井火锅(智慧城店),正商大道与康泰路交叉口东北角,113.696568,34.641894,15936087073,8：00——22：00
新郑市,50100,中餐厅,姐弟俩土豆粉(新郑市龙湖镇文昌路店),龙湖镇文昌路与六合路交叉口向北20米路东,113.687949,34.598369,18503866990,8：00——22：00
新郑市,50100,中餐厅,信阳山庄,龙湖镇龙湖新城法官学院院内进门左转丁字路口右转直行500米蓝色别墅,113.699502,34.599464,15093133298,8：00——22：00
新郑市,50100,中餐厅,东北饺子手擀面,陶文路与中华路交叉口东60米,113.742254,34.402717,13937101994,8：00——22：00
新郑市,50100,中餐厅,江边外婆家(龙湖锦艺城购物中心店),双湖大道锦艺城4楼,113.725514,34.613834,0371-55880966,8：00——22：00
新郑市,50100,中餐厅,鱼六爷藤椒麻辣鱼(新郑市丽康名邸小区店),丽康名邸小区西门旁,113.773225,34.397925,18703818885,8：00——22：00
新郑市,50100,中餐厅,米村拌饭(新郑庆都丹尼斯店),庆都首府南区西北门旁,113.749389,34.395213,18039932555,8：00——22：00
新郑市,50100,中餐厅,傻子张大盘鸡一大碗饸饹面,航空港区大航路与长安路向东50米,113.847481,34.582421,15516916055,8：00——22：00
新郑市,50100,中餐厅,五世名厨豫菜馆(航空港区·香湖湾店),航空港区梅河路黄海路交叉口东南角,113.835022,34.422412,0371-55627860;0371-55627896,8：00——22：00
新郑市,50100,中餐厅,姐弟俩土豆粉(新郑市中华路店),中华路洧水路交叉口西南角南侧第二间,113.741445,34.392736,15565060005,8：00——22：00
新郑市,50100,中餐厅,西部来客鲜炒大盘鸡(龙湖锦艺城店),31号楼111商铺,113.730016,34.61714,13523562915,8：00——22：00
新郑市,50100,中餐厅,锅中锅新派炖肉,米兰小镇,113.758532,34.419687,19059559605,8：00——22：00
新郑市,50101,综合酒楼,山凤酒家,013乡道与014乡道交叉口东100米,113.581662,34.344786,13044510996,8：00——22：00
新郑市,50101,综合酒楼,刘记烩面豫菜酒楼,008乡道与107国道交叉口东北50米,113.71018,34.433243,13525515991;15515866508;17329442826,8：00——22：00
新郑市,50101,综合酒楼,小酒楼,新村镇政府西107与新村大道交叉,113.710398,34.434298,15038367267;15936249568,8：00——22：00
新郑市,50101,综合酒楼,晨兴小烧饼民间菜(文昌路店),文昌路中段阿里菜市场对面,113.688029,34.615714,0371-55880548;19138068198,8：00——22：00
新郑市,50101,综合酒楼,豫上你隆江猪脚饭(航空港区机场店),航空港区长安路南地铁站C口步行470米,113.833013,34.536729,18825251619,8：00——22：00
新郑市,50101,综合酒楼,唐凤楼酒家,新华路街道新华路177号轻工公司家属院,113.738912,34.389063,0371-62673766;13703992622,8：00——22：00
新郑市,50101,综合酒楼,长沙大碗菜(港区店),航空港区润丰·悦尚三区东3门南60米,113.831417,34.537081,15638511777;18137118870,8：00——22：00
新郑市,50101,综合酒楼,兆昌鲜羊地锅城,航空港区薛店镇新港大道祥港路,113.824797,34.529445,15981870668,8：00——22：00
新郑市,50101,综合酒楼,穆兰全羊鲜汤(清真),航空港区航海路与振兴路交叉口,113.831355,34.531597,15138683713,8：00——22：00
新郑市,50101,综合酒楼,正宗田王兔肉老店,航空港区新港办事处五号安置区6768,113.838237,34.48852,15003851694;15981997166;17319703020,8：00——22：00
新郑市,50101,综合酒楼,赢發發重庆老火锅(航空港区店),航空港区重英街和如荼路交叉路口,113.838402,34.481674,15738335001,8：00——22：00
新郑市,50101,综合酒楼,川妹饭店,航空港区思存路与规划五路东南,113.875487,34.442674,18628961622,8：00——22：00
新郑市,50101,综合酒楼,秘制地锅柴鸡(港区总店),航空港区振兴北路商业楼106号,113.833647,34.539729,15738866882,8：00——22：00
新郑市,50101,综合酒楼,郑记重庆鸡公煲店,航空港区隆川锦园东南2门南120米,113.834073,34.53938,18875722343,8：00——22：00
新郑市,50101,综合酒楼,四大碗酒店,航空港区炎黄大道南50米,113.826664,34.374376,13503993355,8：00——22：00
新郑市,50101,综合酒楼,辣椒厨房八千店,航空港区八千派出所斜对面,113.829192,34.376551,18003835699,8：00——22：00
新郑市,50101,综合酒楼,猫姑娘爆炒大盘鸡(八千店),航空港区东海快捷酒店北门西北150米,113.831085,34.375353,15824836676,8：00——22：00
新郑市,50101,综合酒楼,豫林聚福楼(龙安店),航空港区龙安社区3号院商业街南门,113.854455,34.437372,13603999791;13630999791,8：00——22：00
新郑市,50101,综合酒楼,杨记美食城,航空港区龙王办龙王村,113.860561,34.456759,13523552274,8：00——22：00
新郑市,50101,综合酒楼,周向东胡辣汤(龙安社区五号院店),航空港区龙王办事处龙安社区5号院西侧第一间,113.856722,34.439067,15639263059,8：00——22：00
新郑市,50101,综合酒楼,高粱雨辣椒厨房(岗李店),航空港区岗李乡派出所西50米路北(临港大道045号),113.917379,34.368999,13460693288;18860393288,8：00——22：00
新郑市,50101,综合酒楼,林大厨.盐帮川菜,航空港区岗李乡岗李村德育路,113.919312,34.369316,18913141131,8：00——22：00
新郑市,50101,综合酒楼,私房小厨,航空港区正弘·中央公园花语苑东门东北90米,113.856638,34.583785,15138948998,8：00——22：00
新郑市,50101,综合酒楼,鱼你在一起(岗李店),航空港区德育路,113.91897,34.368007,13733845900,8：00——22：00
新郑市,50101,综合酒楼,金远菊婆婆重庆小面(长安路店),航空港区迎宾大道与长安路交叉口向北100米路东5-2号,113.832774,34.534224,13703846551;13783608274,8：00——22：00
新郑市,50101,综合酒楼,袁记串串香(八千店),航空港区南海大道中石油加油站西10米路北,113.830982,34.375382,16692113169,8：00——22：00
新郑市,50101,综合酒楼,大厨炒鸡,航空港区重乔路与乔松街交叉口向东10米路北,113.831567,34.464789,18203626616,8：00——22：00
新郑市,50101,综合酒楼,余香徕饭店,航空港区大马乡,114.00491,34.368894,18337879616,8：00——22：00
新郑市,50101,综合酒楼,香满楼食府(侯家集),航空港区大马乡门张小学东南门西北90米,113.962975,34.373243,13937819012,8：00——22：00
新郑市,50101,综合酒楼,鸣升鲜炒鸡岗李店,安康路郑州航空港经济综合实验区,113.920728,34.368385,18624951887,8：00——22：00
新郑市,50101,综合酒楼,曹大权地锅炖岗李店,新港街道航空港区德育路6号,113.919866,34.369762,15737116588,8：00——22：00
新郑市,50101,综合酒楼,二勇米皮岗李店,航空港区岗李乡一中向南一百米,113.919657,34.370006,18569927770,8：00——22：00
新郑市,50101,综合酒楼,丹江渔家饭店,郑州航空港区明港办钟观社区八巷8号,113.820163,34.395175,15225055197;15225055396,8：00——22：00
新郑市,50101,综合酒楼,山村馍菜汤(振兴路店),航空港区机场迎宾大道与振兴路交叉口北90米路东,113.832783,34.534418,0371-61778102;13623801857,8：00——22：00
新郑市,50101,综合酒楼,豫香苑菜馆(双鹤湖店),航空港区工业十路与生物科技一街交叉口,113.852137,34.386118,0371-88912678,8：00——22：00
新郑市,50101,综合酒楼,言小渔浇头烤鱼,航空港区鸿泽路与福广街交叉口西160米2楼,113.93189,34.40211,15903997515,8：00——22：00
新郑市,50101,综合酒楼,红辣椒湘菜馆(振兴路店),航空港区豫翔宾馆西北门南50米,113.832886,34.534875,0371-87081618,8：00——22：00
新郑市,50101,综合酒楼,阿松哥秘制烤鱼(富田·兴和湾店),正商智慧城博园东门,113.700698,34.642185,17303860386,8：00——22：00
新郑市,50101,综合酒楼,栖遇广式茶餐厅,航空港区华夏大道与云港路交叉口向北150米路东优艾美栖遇酒店3楼广式茶餐厅,113.830394,34.540161,0371-53365555;0371-55935666;17796664236,8：00——22：00
新郑市,50101,综合酒楼,信阳小馆(飞翔路店),航空港区飞翔路8-1号(骏怡精选酒店停车场处),113.826971,34.532982,13526671525;15238631923,8：00——22：00
新郑市,50101,综合酒楼,华佩美食广场,航空港区华夏大道佩玉路德邦供应链基地园区综合楼一楼,113.814587,34.499974,18336393033,8：00——22：00
新郑市,50101,综合酒楼,裕满苑饭店,新孟路168号,113.816228,34.597702,15639079605,8：00——22：00
新郑市,50101,综合酒楼,郭彦立烧烤涮(天鹅湖畔月季苑店),北区创业路与德盛街北200米,113.753883,34.420198,13751595638,8：00——22：00
新郑市,50101,综合酒楼,聚缘阁饭店,103省道与009乡道交叉口向南10米,113.704873,34.35594,0371-63206299,8：00——22：00
新郑市,50101,综合酒楼,固始鹅块,龙湖镇紫荆山南路鸿鹄伟业港湾向南第七间门面房,113.695722,34.63508,15839545297,8：00——22：00
新郑市,50101,综合酒楼,龚老大哈尔滨烧烤,龙湖镇荆洞市场一排四号,113.689268,34.619155,18903712381;19396458877,8：00——22：00
新郑市,50101,综合酒楼,袁记串串香(岗李店),航空港区德育路与临港大道交叉口东北角27号,113.919716,34.368734,15736716648,8：00——22：00
新郑市,50101,综合酒楼,老信阳.味道(港区店),航空港区郑港六路北侧10号商铺301,113.842391,34.569634,0371-86221666,8：00——22：00
新郑市,50101,综合酒楼,老杨家农家地锅柴鸡(德丰麦卡伦店),阳光大道与清风路交叉口西480米,113.70742,34.586964,19937158210,8：00——22：00
新郑市,50101,综合酒楼,兰宏老街坊劈柴院,航空港区220省道双岭岗村南头西地,114.04119,34.326129,0371-27972797;18737896066,8：00——22：00
新郑市,50101,综合酒楼,豫南红宴(润丰悦尚二区店),航空港区润丰·悦尚二区西门旁,113.832118,34.537634,0371-61261666;15188555588,8：00——22：00
新郑市,50101,综合酒楼,魔锅坊麻辣香锅(长安路店),航空港区郑港办事处振兴路云港路港区北市场港湾公寓附近,113.832076,34.535705,13103826290,8：00——22：00
新郑市,50101,综合酒楼,文汕坊潮汕牛肉火锅(云港路店),航空港区云港路9-1,113.832627,34.536852,18688033355,8：00——22：00
新郑市,50101,综合酒楼,杨铭宇黄焖鸡米饭(长安路店),航空港区翠园迎宾馆西北门西北50米,113.832962,34.536527,13041888872,8：00——22：00
新郑市,50101,综合酒楼,杨国福麻辣烫(河苑小区店),航空港区河苑小区西门旁,113.822929,34.481086,18937257524,8：00——22：00
新郑市,50101,综合酒楼,郑不贵烩面小馆,航空港区锦绣茶园17号商业楼3号商铺,113.855638,34.57403,18530945660,8：00——22：00
新郑市,50101,综合酒楼,老酒馆(三英路店),航空港区泰安新城6号安置区,113.840043,34.489334,15713665868,8：00——22：00
新郑市,50101,综合酒楼,焖面先生,龙湖镇荆垌社区卫生室南侧120米,113.688068,34.615904,13673886763,8：00——22：00
新郑市,50101,综合酒楼,76人河南烩面(比亚迪鸿泽路店),航空港区鸿泽路与福广街交叉口百汇新天地A6106号,113.931899,34.400245,15514004311,8：00——22：00
新郑市,50101,综合酒楼,鹅娘丰塘地锅,航空港区金融广场东南1门东120米,113.8286,34.536214,17638571199,8：00——22：00
新郑市,50101,综合酒楼,油饼母鸡汤,航空港区慈航路裕鸿世界港丽宫51-45号,113.845161,34.572291,18337190978,8：00——22：00
新郑市,50101,综合酒楼,洛阳羊肉汤鲜炒鸡,航空港区010乡道与343国道交叉口南340米,113.924482,34.372954,18503970680,8：00——22：00
新郑市,50101,综合酒楼,重庆川菜馆,航空港区岗李乡小石村重庆川菜馆,113.89874,34.399107,18538525686,8：00——22：00
新郑市,50101,综合酒楼,川奇麻辣香锅(龙安店),河南省郑州市新郑市龙王乡航空港经济综合实验区龙安社区三号院商业步行街1-1007南侧,113.85469,34.438972,13007541531,8：00——22：00
新郑市,50101,综合酒楼,辣妹子川菜,航空港区八千派出所南20米处,113.828835,34.376411,18875379868,8：00——22：00
新郑市,50101,综合酒楼,沙县小吃,航空港区银河办事处商业广场上坡中段,113.830214,34.462921,18300692886,8：00——22：00
新郑市,50101,综合酒楼,鱼乐庄园信阳农家菜,航空港区新港大道与老S102路口往东800米路南,113.828492,34.506805,19059581639,8：00——22：00
新郑市,50101,综合酒楼,沙县小吃(郑州航空港经济综合实验区店),航空港区星港机动车检测站东1门旁,113.823344,34.516821,18624923158,8：00——22：00
新郑市,50101,综合酒楼,八千胡闯渔粉,航空港区炎黄大道024号,113.828496,34.374677,15036007042,8：00——22：00
新郑市,50101,综合酒楼,老实人地摊自助烤肉,航空港区岗李乡万三农贸市场02号大门口,113.913563,34.370239,15938590008,8：00——22：00
新郑市,50101,综合酒楼,王老三酥肉羊肉汤馆,航空港经济综合实验区新港大道54-1号,113.822619,34.515542,13949007679,8：00——22：00
新郑市,50101,综合酒楼,雷家人地锅柴鸡(八千二店),航空港区明港办事处八千派出所30米89号,113.828916,34.376459,19138071389;19330130920,8：00——22：00
新郑市,50101,综合酒楼,淄博风味烧烤,郑州航空港区明港办事处水利学院南门向南150米路西,113.828878,34.376284,15038258857;18739918163,8：00——22：00
新郑市,50101,综合酒楼,悦烹莱健康融合餐厅,航空港区华夏大道与黄海路交叉口西南角鑫罗电子产业园三号楼,113.817171,34.421569,13803861293,8：00——22：00
新郑市,50101,综合酒楼,鲜花椒炒鸡,航空港区南海大道与人民路交叉口西140米,113.827596,34.375295,13140017733,8：00——22：00
新郑市,50101,综合酒楼,霞姐手工凉皮(砂锅木桶饭),航空港区裕鸿商业广场3号楼118号,113.839125,34.573125,16696078099,8：00——22：00
新郑市,50101,综合酒楼,川香炒鸡虾尾,航空港区岗李乡兴岗大道041号,113.921575,34.36519,18037461497,8：00——22：00
新郑市,50101,综合酒楼,麻小二地锅鸡,航空港区文博路,113.920201,34.370478,18523520692,8：00——22：00
新郑市,50101,综合酒楼,芯宇湘聚楼私房菜馆,航空港区福广街与鸿泽路交叉口北160米,113.93179,34.401294,18374419638,8：00——22：00
新郑市,50101,综合酒楼,我的小目标酸菜鱼.鲜炒鸡(岗李店),航空港区岗李乡临港大道119号,113.916559,34.368894,13938791173;18860392606,8：00——22：00
新郑市,50101,综合酒楼,京福涮羊肉,航空港区大马乡派出所西南侧160米,114.015975,34.368675,19837159099,8：00——22：00
新郑市,50101,综合酒楼,饭醉现场,航空港区岗李乡临港大道88号,113.91752,34.368835,13526713805;19939296333,8：00——22：00
新郑市,50101,综合酒楼,遥汤哥胡辣汤,航空港区太湖路与凌飞街交叉口向南一百米路东,113.856634,34.583986,15838126696,8：00——22：00
新郑市,50101,综合酒楼,唐师傅爆肚面(岗李店),航空港区兴岗大道118号,113.923358,34.368791,14783817980,8：00——22：00
新郑市,50101,综合酒楼,香辣园川菜,航空港区岗李乡柴村村民委员会东北侧90米,113.924525,34.373025,13298138155,8：00——22：00
新郑市,50101,综合酒楼,油饼母鸡汤,航空港区八千办君赵村职高路29号,113.8311,34.372831,16650781180;18035167586,8：00——22：00
新郑市,50101,综合酒楼,滋补烩面,航空港区岗李乡德育路,113.920077,34.37024,17803990262,8：00——22：00
新郑市,50101,综合酒楼,秦味观.新派陕西面(百汇新天地店),航空港区百汇新天地A5111号A5121号,113.931885,34.401161,18629651442,8：00——22：00
新郑市,50101,综合酒楼,三锅演义,航空港区第一三五中学南2门西200米,114.011811,34.367685,19913377813,8：00——22：00
新郑市,50101,综合酒楼,富家菜馆,新郑市河南省航空港区美创产业园B区古三路与重英街路口,113.838228,34.476538,13591344644,8：00——22：00
新郑市,50101,综合酒楼,周老大胡辣汤,航空港区炎黄大道024号,113.831413,34.374246,13676942991,8：00——22：00
新郑市,50101,综合酒楼,袁记云饺(郑州市航空港区比亚迪工业园店),航空港区岗李乡比亚迪工业园区一期2号综合楼2楼A1号,113.953132,34.388937,18595770788,8：00——22：00
新郑市,50101,综合酒楼,聚乡园,航空港区明港办事处老八千政府东侧第三四两间门面三层,113.827708,34.375345,18336689138,8：00——22：00
新郑市,50101,综合酒楼,丰聚园川菜信阳菜,航空港区遵大路5号附11-13(遵大路地铁站A口步行210米),113.841141,34.485179,17803881399,8：00——22：00
新郑市,50101,综合酒楼,十里香黄焖鸡米饭,沙窝李综合农贸市场A9A10,113.704326,34.632279,13253311568,8：00——22：00
新郑市,50101,综合酒楼,臻小螺号螺蛳粉,航空港区炎黄大道024号,113.828563,34.374682,13071097166,8：00——22：00
新郑市,50101,综合酒楼,百味小吃,航空港区岗李乡卫生院北50米百味小吃,113.922826,34.36736,13918471369,8：00——22：00
新郑市,50101,综合酒楼,贾大厨辣椒炒肉,航空港区岗李乡德育路68号,113.919605,34.370201,13781861181;18697317038,8：00——22：00
新郑市,50101,综合酒楼,邢庄饭店,航空港区八千乡邢庄村村民委员会附近,113.824049,34.338388,15237199868;15294632379,8：00——22：00
新郑市,50101,综合酒楼,愚公子大盘鸡(机场店),航空港区长安路与北市场向西150米路北,113.832292,34.535653,13323867162;13703757520,8：00——22：00
新郑市,50101,综合酒楼,长法饭莊,航空港区岗李医院西北门南140米,113.922508,34.365846,13781133491;17334815878,8：00——22：00
新郑市,50101,综合酒楼,新一家(郑州市航空港区)主题餐饮饭店(个体工商户),航空港区岗李乡幸福路与市场街交叉口往东45米路北6号,113.918814,34.365406,15936269358,8：00——22：00
新郑市,50101,综合酒楼,豫见·川湘高级融合餐厅(园博幸福花园店),航空港区园博幸福花园南门向东30米商业街2楼,113.874074,34.438915,15136463214,8：00——22：00
新郑市,50101,综合酒楼,和茶,孟庄镇双湖大道6号北侧六盛钢材交易中心2号综合办公楼第十三单元1-3楼,113.736545,34.612306,18695813366,8：00——22：00
新郑市,50101,综合酒楼,鸣升鲜炒鸡(大马店),航空港区大马乡红绿灯向西500米路南002号,114.001628,34.369397,16627820901,8：00——22：00
新郑市,50101,综合酒楼,胡轶麻辣烫酸菜鱼(八千乡餐厅),航空港区033县道美凯龙家具城对面,113.829026,34.373664,18736048398,8：00——22：00
新郑市,50101,综合酒楼,杨铭宇黄焖鸡米饭(郑州航空港经济综合实验区店),航空港区如荼路7-20杨铭宇黄焖鸡,113.840044,34.482033,19913718199,8：00——22：00
新郑市,50101,综合酒楼,梁山烤串,航空港区兴岗大道247号,113.922767,34.36844,13043715666,8：00——22：00
新郑市,50101,综合酒楼,1987新中式餐厅,航空港区炎黄大道024号,113.827078,34.374711,13592559099,8：00——22：00
新郑市,50101,综合酒楼,茶叶饺子馆,辛店镇辛店村北门口西50米路南,113.59945,34.388069,15936288691,8：00——22：00
新郑市,50101,综合酒楼,醉佳壹等名酒货仓,航空港区八千办君赵村文化路农商银行斜对面206号,113.828597,34.372996,18135788363,8：00——22：00
新郑市,50101,综合酒楼,尚老仙现切牛羊肉自助火锅烧烤,航空港区岗李乡比亚迪三期宿舍百汇新天地蜜雪冰城后面电梯二楼2401,113.931732,34.401233,13389200018,8：00——22：00
新郑市,50101,综合酒楼,萧记大盆骨(比亚迪),航空港区东海路与兖州路交叉口西南侧元梦美食广场,113.95223,34.3929,19293507493,8：00——22：00
新郑市,50101,综合酒楼,重庆烧鸡公,航空港区岗李乡比亚迪一期北门元力街重庆烧鸡公,113.953175,34.393557,18290251791;19802321811,8：00——22：00
新郑市,50101,综合酒楼,左岸餐厅,郑州工业应用技术学院东校区学生综合服务中心南侧,113.760387,34.413896,13938468561,8：00——22：00
新郑市,50101,综合酒楼,雷家人地锅柴鸡(八千一店),航空港区北大附中西,113.822094,34.375213,19937862775,8：00——22：00
新郑市,50102,四川菜(川菜),四川菜馆,航空港区八千镇南海大道派出所南50米四川菜馆,113.828892,34.376243,13598867218;18423332541,8：00——22：00
新郑市,50102,四川菜(川菜),川渝工坊(郑州华南城店),领城蔚然里南区东门旁,113.732803,34.608201,17319787282,8：00——22：00
新郑市,50102,四川菜(川菜),陆亖囍地摊老火锅(华信店),少典路105商铺,113.754892,34.416306,19138178268,8：00——22：00
新郑市,50102,四川菜(川菜),川蜀菜馆(沙窝李店),龙湖镇文昌路北段维冈中学对面沙窝李市场一排中段5号铺,113.687753,34.627979,15537152616,8：00——22：00
新郑市,50102,四川菜(川菜),黄记川菜馆,008乡道艾美妆园美容养生会所对面,113.691524,34.488611,15290823265,8：00——22：00
新郑市,50102,四川菜(川菜),湘川食府,航空港区幸安西路与仙霞街,113.851611,34.439823,18203696562,8：00——22：00
新郑市,50102,四川菜(川菜),归川记新派川菜,人民路与渔夫子路交叉口东北60米,113.767313,34.39607,0371-88157666,8：00——22：00
新郑市,50102,四川菜(川菜),渔喜娘川菜(帝都佳苑店),帝都佳苑北门西100米,113.717149,34.404972,13607649361;13938272529,8：00——22：00
新郑市,50102,四川菜(川菜),朱熙熙三不炒(新郑店),新华街道新烟路157号,113.747305,34.382369,13615819121,8：00——22：00
新郑市,50102,四川菜(川菜),川味居,航空港区双鹤三街莲鹤苑楼下B140铺川味居,113.837374,34.408033,19327816960,8：00——22：00
新郑市,50102,四川菜(川菜),佐记川菜小馆,航空港区绿地香湖湾二号院商业街105号,113.836943,34.426671,0371-62602222;18538083678,8：00——22：00
新郑市,50102,四川菜(川菜),四季红川菜馆(高坡岩步行街店),双湖大道391附近,113.713376,34.611432,13676980679,8：00——22：00
新郑市,50102,四川菜(川菜),俏乐婆川菜,龙湖镇祥云路与滨湖路沙窝李新型社区商业11号楼66号商铺,113.701664,34.629135,13333719036;15516959966,8：00——22：00
新郑市,50102,四川菜(川菜),四川菜馆(渔公一街店),航空港区第一人民医院旁边国家电网对面,113.765722,34.394986,13598867218,8：00——22：00
新郑市,50102,四川菜(川菜),川小藤酸菜鱼口水鸡冒菜(升达店),宝相寺步行街与文昌路交叉口西北120米,113.686626,34.59672,15838267755,8：00——22：00
新郑市,50102,四川菜(川菜),川佰味,龙湖镇双湖大道高坡岩店中街(老狼大盘鸡对面),113.713014,34.611547,0371-62561168;15838216046;19937033456,8：00——22：00
新郑市,50102,四川菜(川菜),亲朋聚酸菜鱼鲜炒鸡,航空港区如荼路与雍州路交叉口东160米,113.836484,34.481883,17838720985,8：00——22：00
新郑市,50102,四川菜(川菜),老四川家常菜,航空港区星岗大道,113.923696,34.369654,18396057709,8：00——22：00
新郑市,50102,四川菜(川菜),重庆川菜馆(洞庭湖路店),航空港区华夏大道与洞庭湖路东北角,113.837869,34.577683,18723595981,8：00——22：00
新郑市,50102,四川菜(川菜),一家人川菜馆(菜园沟),062乡道西50米,113.606362,34.600784,15093092969,8：00——22：00
新郑市,50102,四川菜(川菜),老四川菜馆(港城农贸交易中心店),航空港区港城农贸交易中心南门东80米,113.840182,34.576184,15826444429,8：00——22：00
新郑市,50102,四川菜(川菜),我的小目标酸菜鱼(文化路店),新华路街道文化路143号,113.736295,34.390919,15516902858;4009621918,8：00——22：00
新郑市,50102,四川菜(川菜),老重庆家常菜(康桥九溪郡店),康桥九溪郡3期,113.724724,34.608942,15936203705,8：00——22：00
新郑市,50102,四川菜(川菜),川湘私房菜,航空港区东海快捷酒店北门西210米,113.830512,34.375317,18638239181,8：00——22：00
新郑市,50102,四川菜(川菜),食尚川菜小厨(新郑·领秀城北区店),新华路街道陶文路177号新郑·领秀城北区,113.749324,34.402802,15039090628,8：00——22：00
新郑市,50102,四川菜(川菜),重庆耍耍面馆家常菜夜市烧烤,小赵村,113.655824,34.614432,15036056616,8：00——22：00
新郑市,50102,四川菜(川菜),渝谭坊重庆家常菜,六盛钢材市场,113.737268,34.612344,18239951115,8：00——22：00
新郑市,50102,四川菜(川菜),幺妹子四川担担面,龙湖镇文昌路与祥安路交叉口北188米路东,113.688017,34.606596,19211750767,8：00——22：00
新郑市,50102,四川菜(川菜),建发四川菜馆,航空港区明港办南海大道北侧派出所南50米四川菜馆,113.828838,34.376269,18512337883,8：00——22：00
新郑市,50102,四川菜(川菜),小四川菜馆(碧水蓝天南区店),学院教师公寓南门旁,113.756161,34.41678,15037131429,8：00——22：00
新郑市,50102,四川菜(川菜),川味小厨,沙窝李市场三排向西50米第五间,113.686965,34.627928,13140063956,8：00——22：00
新郑市,50102,四川菜(川菜),皮娃子四川担担面,新梨街与郑城路交叉口东80米,113.73735,34.353138,19838657561,8：00——22：00
新郑市,50102,四川菜(川菜),川香小吃店,烟厂大街与解放路向北50米路东343号门,113.771111,34.384667,15737182728;18737471070,8：00——22：00
新郑市,50102,四川菜(川菜),白师傅川味小厨(富田兴龙湾店),富田兴龙湾A5-01,113.712047,34.596285,13213123928,8：00——22：00
新郑市,50102,四川菜(川菜),憨福老磨盘,梅山村,113.610252,34.613695,13161661757,8：00——22：00
新郑市,50102,四川菜(川菜),天府川菜(华南城一路店),龙湖镇华南城裴渡美食文化广场PY-14,113.729274,34.604274,15838295360;18638026683,8：00——22：00
新郑市,50102,四川菜(川菜),大厨炒米家常菜(高坡岩步行街店),龙湖镇高坡岩市场西一街路东24号,113.71154,34.612323,15225066602,8：00——22：00
新郑市,50102,四川菜(川菜),重庆川菜馆(黄金大道店),102省道靠近皇家雅轩温泉假日酒店前边,113.706267,34.536725,15223593706;15223953706,8：00——22：00
新郑市,50102,四川菜(川菜),华妞.社区下饭菜,祥安路南侧新嘉苑11-2号楼2单元102号商铺,113.679306,34.603428,15216751770,8：00——22：00
新郑市,50102,四川菜(川菜),川菜馆(永丰乐城阳光里店),永丰乐城阳光里东门,113.700028,34.629782,13673659041;18680914032,8：00——22：00
新郑市,50102,四川菜(川菜),四川菜馆,107国道与103省道交叉口南420米,113.683998,34.5749,13213247677;18580948043,8：00——22：00
新郑市,50102,四川菜(川菜),川渝家常菜(老郑新路店),老郑新路与薛港大道交叉口南240米,113.710947,34.52136,13996612604,8：00——22：00
新郑市,50102,四川菜(川菜),重庆家常菜,新村镇桃园路,113.715288,34.429809,13007621157,8：00——22：00
新郑市,50102,四川菜(川菜),川味餐馆,道西路199号,113.774271,34.381983,15937194273,8：00——22：00
新郑市,50102,四川菜(川菜),老重庆川菜(盛世文园店),航空港区盛世文园南门52号,113.822844,34.482414,15923441266,8：00——22：00
新郑市,50102,四川菜(川菜),巴蜀炒鸡,滨湖路三里岗村,113.700818,34.606851,15136056632;17337143135,8：00——22：00
新郑市,50102,四川菜(川菜),成都饭店(解放路店),解放路与烟厂大街交叉口北160米,113.771154,34.384691,15093261338,8：00——22：00
新郑市,50102,四川菜(川菜),一家人老火锅,兴业小区东北,113.59956,34.381072,18236403525,8：00——22：00
新郑市,50102,四川菜(川菜),重庆烤鱼正宗川菜(渔公一街店),新建路街道新郑市西亚斯大学渔公一街6号,113.766239,34.394963,13673392948,8：00——22：00
新郑市,50102,四川菜(川菜),重庆川菜馆(枣福花园店),孟祥路与107国道交叉口南150米路东,113.816527,34.583004,17323688367;17358311022,8：00——22：00
新郑市,50102,四川菜(川菜),我的小板凳街坊火锅(阳光里店),紫荆山南路永丰乐城阳光里西门,113.695606,34.63172,19043856858,8：00——22：00
新郑市,50102,四川菜(川菜),成都地摊鱼(永丰乐城阳光里店),紫荆山南路祥云路永丰乐城阳光里819-12,113.695651,34.630332,18300703944,8：00——22：00
新郑市,50102,四川菜(川菜),川渝人家(宝相寺步行街店),龙湖镇宝相寺步行街,113.6865,34.596093,15515509086,8：00——22：00
新郑市,50102,四川菜(川菜),重庆川菜馆(洞庭湖路店),航空港区富士康裕鸿公寓北门北90米,113.840451,34.576177,18298260337,8：00——22：00
新郑市,50102,四川菜(川菜),川香食府(文昌路店),龙湖镇文昌路与祥和路交叉口向南120米路东,113.68797,34.617256,15515898959,8：00——22：00
新郑市,50102,四川菜(川菜),京绣川麻辣香锅,双湖大道152号龙湖锦艺城购物中心F3层,113.726275,34.613725,17538884123;17739783235,8：00——22：00
新郑市,50102,四川菜(川菜),航南新城蜀湘小厨房,航空港区航南新城(西北门)蜀湘小厨房,113.815953,34.49294,18237174122;18838151318,8：00——22：00
新郑市,50102,四川菜(川菜),食在中华·爆炒川湘小碗菜,新家园超市北对面核桃树下,113.701212,34.606836,13633856526,8：00——22：00
新郑市,50102,四川菜(川菜),赵记麻辣香锅(郑州龙湖旗舰店),华南城三路附近,113.730791,34.596013,13849003641,8：00——22：00
新郑市,50102,四川菜(川菜),巴奴毛肚火锅(新郑龙湖锦艺城店),双湖大道2号龙湖锦艺城4层,113.725677,34.613153,0371-88915577,8：00——22：00
新郑市,50102,四川菜(川菜),自贡三绝鲜椒鸡,龙湖镇三里岗市场南一街由东向西第8家路北610-8,113.701865,34.605891,15617649280,8：00——22：00
新郑市,50102,四川菜(川菜),熊猫川仔火锅店(高坡岩步行街店),高坡岩步行街与双湖大道交叉口北120米,113.711538,34.612047,18503839750,8：00——22：00
新郑市,50102,四川菜(川菜),重庆巴爷香辣鸡煲新郑店,同乐路北侧110号,113.757427,34.418327,15036181353;15286827880,8：00——22：00
新郑市,50102,四川菜(川菜),川湘菜馆,古城村卫生室东北侧250米,113.642141,34.613426,18210980708,8：00——22：00
新郑市,50102,四川菜(川菜),花宝街石锅鸡公煲(薛店镇店),薛店大道与友谊路交叉口南50米路西,113.798667,34.488188,15138454386,8：00——22：00
新郑市,50102,四川菜(川菜),花宝街石锅鸡公煲(新郑同乐路店),新烟街道同乐路碧水蓝天小区27栋1单元109,113.757489,34.41802,15038036966,8：00——22：00
新郑市,50102,四川菜(川菜),家乡味菜馆,新郑谭医堂诊所西北侧160米,113.642331,34.61595,13950314863,8：00——22：00
新郑市,50102,四川菜(川菜),花宝街石锅鸡公煲(宝相寺店),宝相寺步行街与文昌路交叉口往西30米,113.687738,34.596205,17638596662,8：00——22：00
新郑市,50102,四川菜(川菜),酸小哥石锅酸菜鱼米饭,人民路中段353号,113.76447,34.395346,18836821109,8：00——22：00
新郑市,50102,四川菜(川菜),蓉晟水煮鱼,中华路145号,113.752357,34.416827,0371-55929131;13223931491;17339317528,8：00——22：00
新郑市,50102,四川菜(川菜),聚朋园大盘鸡(新嘉苑小区北门向东300米路南),新嘉苑润府南门东南130米,113.68166,34.603582,13938278829;18137161881,8：00——22：00
新郑市,50102,四川菜(川菜),義豪餐馆,航空港区八千乡鹤首外环路正商启航1号楼2-109,113.836403,34.404637,15093385534,8：00——22：00
新郑市,50102,四川菜(川菜),新郑巴蜀香辣虾旗舰店,人民路中段(西亚斯红门对面),113.764348,34.395358,15937458653,8：00——22：00
新郑市,50102,四川菜(川菜),海关大众快餐(锦绣枣园社区店),航空港区锦绣枣园119号(枣园地铁站C口步行200米),113.831997,34.556378,13838104334,8：00——22：00
新郑市,50102,四川菜(川菜),麻辣香锅(龙湖万佳商业广场店),万佳商场一楼东边麻辣香锅,113.715798,34.612187,17335751158,8：00——22：00
新郑市,50102,四川菜(川菜),花宝街石锅鸡公煲(新郑文化路店),文化路455号,113.736265,34.397872,19043829996,8：00——22：00
新郑市,50102,四川菜(川菜),川喜鱼稻田蛙(一江弘城店),一江弘城1期南门旁,113.769777,34.407889,18668181665,8：00——22：00
新郑市,50102,四川菜(川菜),阿宝川菜馆(丰泽新苑1期店),滨湖路8号,113.703214,34.605161,15137159189,8：00——22：00
新郑市,50102,四川菜(川菜),烟火巷川渝火锅,浩创梧桐郡E区西门向南50米路东,113.716949,34.626545,19059505689,8：00——22：00
新郑市,50102,四川菜(川菜),蜀小捞火锅(龙湖锦艺城店),锦艺城商场3号门北20米,113.727529,34.61493,0371-55888178,8：00——22：00
新郑市,50102,四川菜(川菜),川味麻辣烫(碧水蓝天北区店),同乐路北侧秀水苑27号楼1单元103商铺,113.757778,34.418533,18262666857,8：00——22：00
新郑市,50102,四川菜(川菜),川湘小镇,航空港区岗李乡兴岗大道与临港大道交叉口向西250米路北,113.920569,34.368443,13283048380;17337892663,8：00——22：00
新郑市,50102,四川菜(川菜),1根葱重庆地摊老火锅,褚庄路东沿街商铺37号,113.716812,34.403065,13949037599,8：00——22：00
新郑市,50102,四川菜(川菜),和美乐饭店,107与万邓路交叉口向西88米路南(新村冷库斜对面),113.705936,34.44996,18237113938,8：00——22：00
新郑市,50102,四川菜(川菜),超超川湘菜馆,龙湖镇浩创梧桐郡A区二号楼二单元103号,113.719248,34.62464,16650007806,8：00——22：00
新郑市,50102,四川菜(川菜),蜀帮水煮肉片,黄金大道98号,113.710361,34.536086,19339975456,8：00——22：00
新郑市,50102,四川菜(川菜),川香厨(太极华夏城店),太极华夏城北门旁,113.741571,34.357984,19138132218,8：00——22：00
新郑市,50102,四川菜(川菜),老表川湘菜馆,创新路路西,113.741842,34.608595,15138918878,8：00——22：00
新郑市,50102,四川菜(川菜),北京饭庄,幸福港湾商业街10栋101,113.796196,34.480603,15238603685,8：00——22：00
新郑市,50102,四川菜(川菜),花宝街石锅鸡公煲(新郑龙安社区店),航空港区龙安社区五号院北门1048号,113.857721,34.439214,18236422333,8：00——22：00
新郑市,50102,四川菜(川菜),上座川湘菜(航南新城店),航空港区新港街道新港大道186号航南新城,113.818382,34.492172,0371-55399666,8：00——22：00
新郑市,50102,四川菜(川菜),花宝街石锅鸡公煲(新郑辛店镇店),辛店镇阳光花园社区北门东60米花宝街石锅鸡公煲,113.597623,34.376064,18438764111,8：00——22：00
新郑市,50102,四川菜(川菜),川湘小镇,航空港区大马乡政府东100米路北,114.009935,34.368118,19396472226,8：00——22：00
新郑市,50102,四川菜(川菜),鸿运川菜馆,龙湖镇于寨村,113.624204,34.608131,15081199700;15983000327,8：00——22：00
新郑市,50102,四川菜(川菜),川奇麻辣香锅(薛店店),薛店镇友谊路中段16号,113.800361,34.489131,13838501109,8：00——22：00
新郑市,50102,四川菜(川菜),花宝街石锅鸡公煲(奥特莱斯店),龙湖镇环西路郑州华盛奥特莱斯四楼B区16号,113.727616,34.604343,15103711066,8：00——22：00
新郑市,50102,四川菜(川菜),湖畔川香鱼,航空港区双鹤五街与公园北一路交汇处,113.843091,34.403403,13838542689,8：00——22：00
新郑市,50102,四川菜(川菜),湘辣川奇(八千店),航空港区八千乡南海大道印象草堂足浴商务会所向东30米,113.826759,34.371039,0371-61170592,8：00——22：00
新郑市,50102,四川菜(川菜),辣有道麻辣香锅(庆安小区店),新华路街道玉前路18号庆安小区,113.74827,34.394101,15736782798;18237172679,8：00——22：00
新郑市,50102,四川菜(川菜),赵记麻辣香锅,航空港区迎宾大道与振兴路交叉口北200米路东,113.832839,34.534797,17719897102;17752550781,8：00——22：00
新郑市,50102,四川菜(川菜),筷八毛挑挑老火锅(龙湖旗舰店),文昌路前胡东社区西门,113.68804,34.605783,13276902996,8：00——22：00
新郑市,50102,四川菜(川菜),郑师傅重庆鸡公煲牛腩火锅(盛世文园店),航空港区银港大道B017,113.824299,34.483937,18695852668,8：00——22：00
新郑市,50102,四川菜(川菜),川帮水煮肉片(港区机场店),航空港区润丰悦尚长安路26-23号,113.833487,34.53904,18739450283;18937806808,8：00——22：00
新郑市,50102,四川菜(川菜),九火重庆火锅,新村镇文华路与新村大道交叉口向南100米路东,113.738357,34.43313,13838219198,8：00——22：00
新郑市,50102,四川菜(川菜),唤渝重庆老火锅(新郑一江弘城店),一江弘1期东门旁,113.771296,34.408321,13253695968,8：00——22：00
新郑市,50102,四川菜(川菜),怪叔蜀麻辣香锅(三里岗店),祥安路与滨湖路交叉口西北380米,113.699905,34.60597,17737703979,8：00——22：00
新郑市,50102,四川菜(川菜),裕香苑大盘鸡,龙湖镇阳光大道机电学院南门1号,113.714519,34.58676,15515608466;15890603809,8：00——22：00
新郑市,50102,四川菜(川菜),许杰重庆鸡公煲,龙湖镇罗坰新型社区南一街向西200米路北738号,113.701948,34.605907,18137326133,8：00——22：00
新郑市,50102,四川菜(川菜),渝签印象旋转小火锅辛店店,辛店镇兴业小区南门东50米,113.598625,34.378575,17521324248,8：00——22：00
新郑市,50102,四川菜(川菜),张大叔成都市井火锅(龙湖店),郑州升达经贸管理学院西2门南180米,113.687596,34.59519,0371-89831622;13849061113,8：00——22：00
新郑市,50103,广东菜(粤菜),合泰广东餐馆(领城公园1857店),14-130,113.731154,34.606717,19149411857,8：00——22：00
新郑市,50103,广东菜(粤菜),广东烧腊快餐(领城蔚然里店),华南城领城公园1857中国建设银行旁14号107广东烧腊快餐,113.73097,34.606537,17719829389,8：00——22：00
新郑市,50103,广东菜(粤菜),逸香怡广东猪肚鸡(郑州华盛奥特莱斯店),奥特莱斯四楼逸香怡广东猪肚鸡,113.728425,34.604275,18318043889,8：00——22：00
新郑市,50103,广东菜(粤菜),粤秀食府,新华路134号,113.737302,34.389721,0371-62580009,8：00——22：00
新郑市,50103,广东菜(粤菜),人民公社(宝相寺店),龙湖镇宝相寺步行街南二街,113.685788,34.595927,18538012171;18739929512,8：00——22：00
新郑市,50104,山东菜(鲁菜),老字号鲁山揽锅菜(新密路店),中原建港建筑科技有限公司西北侧240米,113.590496,34.385081,15238202508,8：00——22：00
新郑市,50104,山东菜(鲁菜),鲁山揽锅菜(友谊路店),薛店镇友谊路红绿灯西50米,113.798632,34.489407,15290883715,8：00——22：00
新郑市,50104,山东菜(鲁菜),鲁山老字号揽锅菜,薛港大道与汇科路交叉口西340米,113.727395,34.518559,18837550830,8：00——22：00
新郑市,50104,山东菜(鲁菜),鲁山老字号揽锅菜,343国道与迎宾大道交叉口东100米,113.630497,34.391489,13721895001,8：00——22：00
新郑市,50104,山东菜(鲁菜),鲁山揽锅菜(高坡岩步行街店),西一街向里走80米路西,113.711243,34.612745,13253623108,8：00——22：00
新郑市,50104,山东菜(鲁菜),鲁山揽锅菜(龙湖锦艺城店),郑新快速通道与双湖大道交叉口北280米,113.726101,34.614378,13027712157,8：00——22：00
新郑市,50104,山东菜(鲁菜),闻香客黄焖鸡米饭,龙湖镇御景上城西侧10栋05号商铺,113.68124,34.599334,15939023812;19949174323,8：00——22：00
新郑市,50104,山东菜(鲁菜),鲁豫馍菜汤鲜炒鸡(孟庄中心社区店),孟庄中心社区A区东门北50米,113.816516,34.577887,18638692213,8：00——22：00
新郑市,50104,山东菜(鲁菜),刘记黄焖鸡米饭重庆小面(枣福花园店),孟庄镇枣福花园22号商铺(孟庄地铁站B口步行330米),113.816477,34.583323,13837182031,8：00——22：00
新郑市,50105,江苏菜,兴隆饭店(河赵社区店),河赵社区西北1门北60米,113.783396,34.397982,15515693593,8：00——22：00
新郑市,50105,江苏菜,扬州盐水鹅鸭,龙湖镇文昌北路阿里菜市场B区5号,113.68739,34.615615,13074877968,8：00——22：00
新郑市,50106,浙江菜,浙江小厨房(湖畔·克拉公馆店),能庄北路湖畔克拉公馆,113.750057,34.421335,15515898268,8：00——22：00
新郑市,50106,浙江菜,浙小鱼台州小海鲜,龙湖镇六盛钢材市场浙小鱼台州小海鲜附近最好的海鲜店好吃的江浙菜,113.73688,34.612351,17319787319,8：00——22：00
新郑市,50106,浙江菜,瓯越情江浙菜海鲜餐厅,紫荆山南路中洲商务酒店,113.69564,34.634138,19303881199,8：00——22：00
新郑市,50108,湖南菜(湘菜),辣湘香湖南菜,阁老路358号,113.721855,34.408176,13598897567,8：00——22：00
新郑市,50108,湖南菜(湘菜),老许家湖南大碗菜(港区店),航空港区盛世文园南2门东60米,113.823186,34.482346,19339912976,8：00——22：00
新郑市,50108,湖南菜(湘菜),老许家湖南大碗菜(渔夫子路店),渔夫子路242号,113.76563,34.388369,0371-63205208;18939526761,8：00——22：00
新郑市,50108,湖南菜(湘菜),湖南蒸菜馆(宝相寺步行街),龙湖镇宝相寺步行街南二街31号,113.687013,34.595849,18037774078;18182008178,8：00——22：00
新郑市,50108,湖南菜(湘菜),张大厨湖南大碗菜,黄金大道与老郑新路交叉口西南60米,113.710675,34.536073,15837131242,8：00——22：00
新郑市,50108,湖南菜(湘菜),湘柳记土家湘菜,佳兆业·悦峰,113.7375,34.422793,0371-60292925,8：00——22：00
新郑市,50108,湖南菜(湘菜),兰湘坊.兰州拉面 特色菜 烧烤,郭店镇双岭村东广场1号楼,113.721804,34.536546,18793844911,8：00——22：00
新郑市,50108,湖南菜(湘菜),湘水人家湘菜馆(翠竹路店),龙湖镇商业路与梅山路交叉路口红星幼儿园旁,113.678598,34.596931,13838306031,8：00——22：00
新郑市,50108,湖南菜(湘菜),楚留湘湘菜馆,新建路街道新建北路548号,113.731956,34.403971,13653824255,8：00——22：00
新郑市,50108,湖南菜(湘菜),黄老五湘菜馆,新郑市新烟路与仓城路交叉口向西50米路北,113.7459,34.382238,15638881710,8：00——22：00
新郑市,50108,湖南菜(湘菜),湘味轩湘菜馆,宝相寺步行街与文昌路交叉口西南100米,113.686658,34.595379,15903651779,8：00——22：00
新郑市,50108,湖南菜(湘菜),李大勺湘菜馆(宽视界店),孟庄镇双湖大道东路36号宽视界,113.740735,34.612166,15638096785,8：00——22：00
新郑市,50108,湖南菜(湘菜),湘蒸一品(领城公园1857号院店),领城蔚然里,113.731161,34.606936,18538765350,8：00——22：00
新郑市,50108,湖南菜(湘菜),湖南蒸碗(盛世和园),郑州航空港区银河办事处14号地A012,113.823669,34.482053,13213223600;13782273287,8：00——22：00
新郑市,50108,湖南菜(湘菜),佼佼湘菜馆,新郑张玉荣妇科诊所西北侧,113.63637,34.629879,15617846381,8：00——22：00
新郑市,50108,湖南菜(湘菜),湖南牛肉面(富康广场店),航空港区翱翔路,113.832562,34.543327,17773649338,8：00——22：00
新郑市,50108,湖南菜(湘菜),高湘小炒黄牛肉荀美路店,航空港区荀美路汇金国际106商铺,113.821368,34.459243,17837121776,8：00——22：00
新郑市,50108,湖南菜(湘菜),飘湘人间湘菜馆,祥云路与310国道交叉口北500米,113.670854,34.632497,15938723015,8：00——22：00
新郑市,50108,湖南菜(湘菜),老李湘菜馆,龙湖镇侯庄村西头1147号,113.661985,34.63464,18037136479,8：00——22：00
新郑市,50108,湖南菜(湘菜),五哥湘菜馆(滨河帝城店),烟厂大街与滨河大道交叉口西北60米,113.763189,34.385252,15738872979,8：00——22：00
新郑市,50108,湖南菜(湘菜),荟家湘菜馆候庄店,新郑市侯庄村方润路279号(村委会对面),113.671181,34.636692,17373798500,8：00——22：00
新郑市,50108,湖南菜(湘菜),十度湘菜(一江弘城店),一江弘城3期东门南220米,113.768297,34.408478,0371-60296655;13373922983;15838313641,8：00——22：00
新郑市,50108,湖南菜(湘菜),湘八爷辣椒炒肉,碧水蓝天东1门旁,113.757847,34.417947,18625584858,8：00——22：00
新郑市,50108,湖南菜(湘菜),聚湘阁小碗菜,祥安路与滨湖路交叉口西北380米,113.700462,34.606705,15188382673,8：00——22：00
新郑市,50108,湖南菜(湘菜),何府新派湘菜,航空港区安康路与市场路交叉口北160米,113.920459,34.366457,18739929996,8：00——22：00
新郑市,50108,湖南菜(湘菜),兴合圆湘邻呷铺,滨湖湾大厦A座,113.750314,34.416958,19103717318,8：00——22：00
新郑市,50108,湖南菜(湘菜),湖南米粉牛肉面黄焖鸡(润丰悦尚一区店),航空港经济区长安路润丰悦尚一幢108,113.833474,34.539085,17770974880,8：00——22：00
新郑市,50108,湖南菜(湘菜),湖南米粉牛肉面盖浇饭(翠园店),航空港区桥航路6-4号,113.847591,34.580572,17516117827,8：00——22：00
新郑市,50108,湖南菜(湘菜),湘里湘亲,航空港区比亚迪三期西门斜对面百汇新天地二楼,113.931837,34.402377,15237127095,8：00——22：00
新郑市,50108,湖南菜(湘菜),伊方圆全羊汤馆(锦绣国际花园店),航空港区迎宾大道16-11湘菜馆附近,113.834823,34.532531,13598098666,8：00——22：00
新郑市,50108,湖南菜(湘菜),酒点半.烧烤龙虾川湘菜,龙湖镇三里岗南一街中间位置,113.701603,34.60577,13017684111,8：00——22：00
新郑市,50108,湖南菜(湘菜),望湘缘小厨房烙馍村(一江弘城店),学院路与弘远路交叉口向北500米,113.768916,34.41121,18039222013,8：00——22：00
新郑市,50108,湖南菜(湘菜),望湘缘(一江弘城店),一江弘城20号楼2单元105商铺,113.76894,34.411032,13723109132;18039222013,8：00——22：00
新郑市,50108,湖南菜(湘菜),湘厨坊(新郑店),兴弘花园西北门南50米,113.756212,34.382071,0371-61151777;15638550677,8：00——22：00
新郑市,50108,湖南菜(湘菜),湘豫食府(机场店),航空港区润丰·悦尚三区东3门西50米,113.831065,34.537493,13973771287,8：00——22：00
新郑市,50108,湖南菜(湘菜),欢禧小院,腾飞审车站向南50米路东,113.722528,34.380122,19522283349,8：00——22：00
新郑市,50108,湖南菜(湘菜),薛店湘豫小厨,薛店大道仪表厂北侧10m,113.799786,34.493678,15136447548,8：00——22：00
新郑市,50108,湖南菜(湘菜),老梅园食府(水榭华城店)豫湘品菜,"孟庄镇团结路上,华南城一路96一10号",113.757143,34.605645,13525589278;13838312026,8：00——22：00
新郑市,50108,湖南菜(湘菜),丰泽园饭店,"107国道,玉泽物流巷,丰泽园饭店",113.685979,34.559128,15736728230,8：00——22：00
新郑市,50109,安徽菜(徽菜),安徽包子(洧水路店),洧水路267号,113.742661,34.392834,18300685696,8：00——22：00
新郑市,50109,安徽菜(徽菜),皖南名灶老陶家常菜,文昌路86号,113.689137,34.618627,15003842316,8：00——22：00
新郑市,50110,福建菜,闽嘴乐隆江猪脚饭,龙湖镇高坡岩1-107-2,113.711335,34.611918,13071035161,8：00——22：00
新郑市,50110,福建菜,福建咸饭速食餐厅(领城公园1857店),华南城一路领城公园1857,113.731357,34.606891,18336396466,8：00——22：00
新郑市,50110,福建菜,沙县小吃黄焖鸡米饭(康桥原溪里1号院店),龙湖镇康桥原溪里一号院2号楼1单元103号,113.722509,34.599815,15981995513,8：00——22：00
新郑市,50110,福建菜,闽南饭店(华商汇店),华商汇美食街S-19号,113.725266,34.566694,13599766773;18027689888,8：00——22：00
新郑市,50110,福建菜,小会千里香馄饨老店(暂停营业),新华路街道洧水路菜市场,113.742625,34.393108,15978434986,8：00——22：00
新郑市,50111,北京菜,好之味北京烤鸭(中华路店),中华路黄水路交叉口向北150米路东,113.741745,34.40131,15093199317,8：00——22：00
新郑市,50111,北京菜,顺弘德烤鸭(皇帝像店),中心城区新区建设管理委员会人民路西段356号万佳时代广场对面,113.74702,34.395105,0371-57195609,8：00——22：00
新郑市,50111,北京菜,品意德北京烤鸭(丹石街区店),龙湖镇绿都丹石街区商铺B区A-109号,113.703914,34.633279,18595655027,8：00——22：00
新郑市,50111,北京菜,大李北京烤鸭(沙窝李店),龙湖镇文昌路沙窝李市场8号,113.687495,34.627393,13938552243,8：00——22：00
新郑市,50111,北京菜,牛记北京片皮烤鸭,泰山路与梅山路交口向北300米路西,113.678343,34.60187,17337154859;18103718516,8：00——22：00
新郑市,50111,北京菜,金凯鸭北京烤鸭(文化路店),新建路街道文化路392号,113.735987,34.396885,13838085161;15290807641,8：00——22：00
新郑市,50111,北京菜,食夫指手撕烤鸭,龙湖镇三里岗南一街从东向西200米路南1楼611-14号,113.701305,34.605761,19043816218,8：00——22：00
新郑市,50111,北京菜,幸福坊北京烤鸭(一江弘城店),学院路一江弘城三期105,113.767916,34.408368,15378727907;17303852971,8：00——22：00
新郑市,50111,北京菜,豫芝兰北京烤鸭,文昌路与双湖大道交叉口南220米,113.688002,34.608114,15188369162,8：00——22：00
新郑市,50111,北京菜,鸭牌坊北京烤鸭(龙湖店),龙湖镇宝相寺步行街南二街十字路口从东向西15米路北,113.686002,34.595845,13837839128,8：00——22：00
新郑市,50111,北京菜,北京烤鸭(港区店),航空港区慈航路38-10号,113.844528,34.572142,15848922442;19139971230,8：00——22：00
新郑市,50111,北京菜,金聚福北京烤鸭,龙湖镇文昌路与祥云路向北80米路东,113.688034,34.605136,15538211080,8：00——22：00
新郑市,50111,北京菜,北京片皮烤鸭(万科·美景魅力之城榭香园店),航空港区万科·美景魅力之城榭香园东1门南60米,113.849509,34.583063,19937152005,8：00——22：00
新郑市,50111,北京菜,品意德北京烤鸭(龙湖锦艺城店),龙湖锦艺城洋房南门向东(43号楼对面)27-119商铺,113.729096,34.615105,15981833381;17719858500,8：00——22：00
新郑市,50111,北京菜,鸭之味北京烤鸭(机场店),航空港区长安南路28号,113.831688,34.532213,18695849053,8：00——22：00
新郑市,50111,北京菜,福聚德北京烤鸭,康桥九溪郡213号楼108号商铺,113.724533,34.607741,13838543155,8：00——22：00
新郑市,50111,北京菜,云晞手撕烤鸭,龙湖镇双湖大道152号锦艺城天湖独立便民店27号楼1单元130号,113.728708,34.61506,17629630805,8：00——22：00
新郑市,50111,北京菜,京爱善北京烤鸭(吉昌路店),祥安路8号,113.720957,34.605121,18703687612;19337876639,8：00——22：00
新郑市,50111,北京菜,溜达鸭北京烤鸭店,双湖大道与中华路交叉口向西150米路南(华南城中园一号院东门),113.746432,34.610856,15981992408,8：00——22：00
新郑市,50111,北京菜,品意德北京烤鸭(盛世和园店),航空港区河苑小区西门旁,113.822985,34.48172,13017686601;13783712175,8：00——22：00
新郑市,50111,北京菜,四季福•北京烤鸭(龙湖店),林锦店农贸市场西25号,113.72076,34.605944,15515512825,8：00——22：00
新郑市,50111,北京菜,全味德北京烤鸭(龙湖店),龙湖镇荆垌村委对面12号,113.688376,34.616819,18438487651,8：00——22：00
新郑市,50111,北京菜,鸭之味北京烤鸭(薛店分店),薛店镇薛店大道北段农业银行斜对面,113.800271,34.496224,13007517274,8：00——22：00
新郑市,50111,北京菜,鸭画坊北京烤鸭(新新家园店),中心城区新区建设管理委员会少典路38号新新家园,113.764137,34.41863,15738382979,8：00——22：00
新郑市,50111,北京菜,北京果木碳烤鸭,龙湖镇双湖大道与求实路交叉口华南城农贸市场门口路北,113.733535,34.610713,17638539192,8：00——22：00
新郑市,50111,北京菜,壹品德北京片皮烤鸭(万达·公园里店),万达·公园里,113.761771,34.395385,18137323978;18536585632,8：00——22：00
新郑市,50111,北京菜,魏家北京饭庄(园博幸福港湾店),航空港区园博幸福港湾商业街101号,113.879618,34.442062,15238603685,8：00——22：00
新郑市,50111,北京菜,刘师傅北京烤鸭(浩创梧桐郡A区店),祥和路67-68号,113.717454,34.622645,18838057691,8：00——22：00
新郑市,50111,北京菜,醉香烤鸭,洧水路396号,113.746252,34.392589,13525573425;13592524865,8：00——22：00
新郑市,50111,北京菜,聚友德北京烤鸭,紫荆半岛C区,113.699895,34.624448,18738616876,8：00——22：00
新郑市,50111,北京菜,京味源北京烤鸭,新郑安欣口腔诊所东北侧100米,113.70372,34.631363,15038264056,8：00——22：00
新郑市,50111,北京菜,老兵手撕烤鸭,航空港区洞庭湖路港城农贸市场东区V09,113.839558,34.576404,15238477112,8：00——22：00
新郑市,50111,北京菜,鸭清源北京烤鸭(华南城店),龙湖镇领城公园1857小区6号商铺102,113.732286,34.609456,15738305599,8：00——22：00
新郑市,50111,北京菜,金聚福北京烤鸭,李垌北路与吉昌路交叉口西160米,113.71681,34.59818,13213562156,8：00——22：00
新郑市,50111,北京菜,麦吖美滋滋烤鸭,熙玥商务酒店对面,113.763263,34.394581,18565680445,8：00——22：00
新郑市,50111,北京菜,北京烤鸭,丽景湾16号楼二单元112,113.74844,34.588518,15738359204,8：00——22：00
新郑市,50111,北京菜,顺兴斋烤鸭(居易国际城店),居易国际城北区南1门西南50米,113.717004,34.604175,15516190182,8：00——22：00
新郑市,50111,北京菜,全意德北京烤鸭(龙湖锦艺城店),龙湖锦艺城,113.728203,34.617397,18695867339;19353304639,8：00——22：00
新郑市,50111,北京菜,忆口香手撕烤鸭,林锦店社区农贸市场西21号,113.720849,34.6057,13707622351,8：00——22：00
新郑市,50111,北京菜,京奇北京烤鸭(郭店中心社区店),,113.722325,34.533837,18839791527,8：00——22：00
新郑市,50111,北京菜,陈州老北京八大块猪蹄,家园超市对面,113.69747,34.560794,18238452538,8：00——22：00
新郑市,50111,北京菜,聚福阁老北京烤鸭,孟庄镇肖庄社区东门南3号(孟庄地铁站B口步行470米),113.816451,34.582202,18839393976,8：00——22：00
新郑市,50111,北京菜,老北京羊蝎子(港区绿地店),航空港区黄海路绿地香湖湾2号院商铺1-101,113.836943,34.427629,13592677244,8：00——22：00
新郑市,50111,北京菜,北京烤鸭,洧水路与祥和一街交叉口西80米,113.743546,34.393036,18539930250,8：00——22：00
新郑市,50111,北京菜,北京烤鸭,郑老庄社区72号,113.717535,34.621382,13733906017,8：00——22：00
新郑市,50111,北京菜,康师傅北京烤鸭,白象食品集团东南门南90米,113.798437,34.485926,15993302297,8：00——22：00
新郑市,50111,北京菜,北京脆皮烤鸭店,泰山路与103省道交叉口西220米,113.681284,34.59976,18336547886,8：00——22：00
新郑市,50111,北京菜,北京片皮烤鸭,毛园街与洧水路交叉口南60米,113.737849,34.392404,15290074516,8：00——22：00
新郑市,50111,北京菜,胡记北京烤鸭(新郑店),洧水路与保健街交叉口西北20米,113.747545,34.392483,17611227161,8：00——22：00
新郑市,50111,北京菜,北京手撕烤鸭,103省道与李诫路交叉口西北420米,113.682079,34.596164,15036154939,8：00——22：00
新郑市,50111,北京菜,老北京羊蝎子(新郑店),渔夫子路新烟办渔夫子路中段230号,113.765408,34.388648,0371-53329866,8：00——22：00
新郑市,50111,北京菜,豫膳翟师傅北京烤鸭(龙湖店),文昌路阿里菜市场北侧10米路西,113.687542,34.616016,15637131701,8：00——22：00
新郑市,50111,北京菜,京豫斋老北京羊蝎子,航空港区岗李乡黎明河路3号,113.913706,34.369148,17667601158,8：00——22：00
新郑市,50111,北京菜,比客多地锅柴鸡(薛店店),遵大路雪中飞旁,113.797985,34.489206,15237160007;18137836668,8：00——22：00
新郑市,50111,北京菜,果木烤肉(工程学院店),公园大地南门东50米,113.690331,34.619696,17703859997;19903816824,8：00——22：00
新郑市,50111,北京菜,老北京呛面馒头,龙湖镇阿里菜市场西4门老北京呛面馒头,113.678899,34.605867,13718889763,8：00——22：00
新郑市,50111,北京菜,老北京炸酱面·黄焖鸡,郭店镇华商汇美食街N9,113.725177,34.567618,19949197518,8：00——22：00
新郑市,50111,北京菜,老北京蜂蜜槽子糕,洧水路与祥和一街交叉口西60米,113.743934,34.392694,13781329768,8：00——22：00
新郑市,50112,湖北菜(鄂菜),老武汉热干面(新建路店),新建路与金城路交叉口东北100米,113.731268,34.389293,18768889460,8：00——22：00
新郑市,50112,湖北菜(鄂菜),武汉吉庆热干面(烟厂大街店),烟厂大街254号,113.771031,34.383415,15824848958,8：00——22：00
新郑市,50113,东北菜,东北人家(玉前路店),大吴楼四巷20号,113.755364,34.387154,0371-69908869,8：00——22：00
新郑市,50113,东北菜,东北铁锅炖·炒菜(锦艺城店),龙湖镇锦艺城天宝便民店21号楼1层101号,113.728332,34.612795,18539971515,8：00——22：00
新郑市,50113,东北菜,土灶台(宝相寺店),龙湖广场/升达大学升达宝相寺南一街,113.686539,34.59538,15516157973,8：00——22：00
新郑市,50113,东北菜,东北大盘菜,文昌路40号,113.686619,34.595386,18246601363,8：00——22：00
新郑市,50113,东北菜,东北人家铜锅涮,新华路街道康庄路万达公园里25号楼副楼4.5,113.756549,34.391941,0371-61158111;17637158111,8：00——22：00
新郑市,50113,东北菜,地锅印象(二社区店),新村大道与政通路交叉口东南角,113.745282,34.434125,17796660078,8：00——22：00
新郑市,50113,东北菜,竹桂园正宗东北菜,祥安路105号,113.682702,34.604098,19043816886,8：00——22：00
新郑市,50113,东北菜,老罗家手擀面扣碗炖菜(浩创梧桐郡A区店),祥和路梧桐郡A1号楼1单元103,113.717873,34.624496,15515777911,8：00——22：00
新郑市,50113,东北菜,东北金夜烧烤,龙湖镇双湖大道高坡岩西三街一巷路北,113.712952,34.611695,13941931636,8：00——22：00
新郑市,50113,东北菜,地锅印象(仓城路店),幸福港湾北门西80米,113.747792,34.380217,18037888177,8：00——22：00
新郑市,50113,东北菜,秘制地锅村新郑店,阁老路394号,113.721814,34.409242,18903850135,8：00——22：00
新郑市,50113,东北菜,家和大灶台,宏基花园西门对面,113.720932,34.415969,13938501005,8：00——22：00
新郑市,50113,东北菜,东北地锅柴鸡(新嘉苑小区北区店),祥安路梅山路交叉口路南,113.6789,34.603426,18838156778,8：00——22：00
新郑市,50113,东北菜,哈尔滨经典铁锅炖,航空港区炎黄大道024号,113.822824,34.374707,17839970567,8：00——22：00
新郑市,50113,东北菜,东北铁锅炖(领城蔚然里店),求实路与华南城一路领诚公园1857二期,113.732222,34.60733,15663073399,8：00——22：00
新郑市,50113,东北菜,大灶台铁锅炖,航空港区岗李乡幸福路68号,113.91862,34.366802,15036000011,8：00——22：00
新郑市,50113,东北菜,舔狗烧烤 秘制地锅柴鸡(双湖大道店),孟庄镇宽视界林丰路A8-1,113.739455,34.61268,13033923197;13103812373,8：00——22：00
新郑市,50113,东北菜,大东北·酒经烤宴,郑州昇达经贸管理学院北门西270米,113.689386,34.597639,15094558769,8：00——22：00
新郑市,50113,东北菜,东北地锅柴鸡(八千店),航空港区业宝基久南门旁,113.822897,34.375303,15194603618;15290881505,8：00——22：00
新郑市,50113,东北菜,东北铁锅炖,翰林路与居易大道交叉口西南角,113.602819,34.380591,13525565952;13525655952,8：00——22：00
新郑市,50113,东北菜,东北铁锅炖,烟厂大街138号,113.767568,34.384076,15638457981;18135791916,8：00——22：00
新郑市,50113,东北菜,刘阿锅新派铁锅炖,龙湖镇康桥原溪里二号院16号楼一层104号商铺,113.719226,34.598277,18595764433,8：00——22：00
新郑市,50113,东北菜,北方一串东北烧烤(兴龙湾店),富田·兴龙湾大爱城东北门西80米,113.715496,34.598429,18302234888,8：00——22：00
新郑市,50113,东北菜,东北大饭包,龙湖镇滨湖路22号三里岗市场南二街由东向西300米路北609-19-01号,113.70055,34.606196,18595456495,8：00——22：00
新郑市,50113,东北菜,福遇东北菜火锅鱼,新烟街道渔夫子路255号,113.765541,34.387958,18261658479,8：00——22：00
新郑市,50113,东北菜,刘厂东北烧烤,李垌北路与吉昌路交叉口西60米,113.717875,34.598175,18626676534,8：00——22：00
新郑市,50113,东北菜,顺鑫东北菜馆,航空港区汇文路与市场路交叉口北360米,113.915092,34.369179,19396472499,8：00——22：00
新郑市,50113,东北菜,赵华东馍菜汤家常菜,龙湖镇柏树刘村委会向西100米路北,113.680148,34.592714,18838051171,8：00——22：00
新郑市,50113,东北菜,东北地锅柴鸡(新郑梅山店),龙湖镇梅山村,113.607403,34.621715,18569992499,8：00——22：00
新郑市,50113,东北菜,东北大锅饺子手擀面(悦府·海棠北院店),悦府海棠小区13号楼一层105门面房,113.687461,34.622191,0371-60977890,8：00——22：00
新郑市,50113,东北菜,韩磊东北大碗麻辣烫,薛店镇雏鹰路南世纪花园1单元1-2层103一楼,113.801611,34.489068,18339491522,8：00——22：00
新郑市,50113,东北菜,可地稻小烧饼民间菜(龙湖泰山店),梅山路与泰山路交叉路口南侧(学府佳苑西北侧),113.678378,34.599421,0371-61222206;13273819267,8：00——22：00
新郑市,50113,东北菜,楚境·信阳菜(龙湖店),龙湖镇梅山路与泰山路交叉口东北角1号商铺,113.678814,34.600126,19937027788,8：00——22：00
新郑市,50113,东北菜,可地稻小烧饼民间菜(港区店),航空港区隆川锦园东北1门南50米,113.833965,34.541052,0371-55311789,8：00——22：00
新郑市,50113,东北菜,可地稻小烧饼民间菜(龙湖镇富田兴龙湾店),富田·兴龙湾大爱城东北门旁,113.715842,34.598379,0371-63388278,8：00——22：00
新郑市,50113,东北菜,厨匠博炮崩鸡(龙湖镇店),紫荆山南路与六合路交叉口向西50米路南,113.693317,34.597633,18103847688,8：00——22：00
新郑市,50113,东北菜,厨匠博炮崩鸡(高坡岩步行街),高坡岩步行街西一街,113.711282,34.612358,17752526722,8：00——22：00
新郑市,50113,东北菜,豫姥家大锅台(富田兴龙湾店),富田·兴龙湾意法大邸东北门南110米,113.711762,34.59623,19138036896,8：00——22：00
新郑市,50113,东北菜,筷香豫小碗菜(华南城建材交易中心10区店),华南二路创新路交叉口东北角,113.742366,34.602497,15601815999,8：00——22：00
新郑市,50113,东北菜,赵记开封桶子鸡(港区店),航空港区长安路桥航路交叉口东北角赵记开封桶子鸡(港区店),113.847158,34.580548,15137158910,8：00——22：00
新郑市,50113,东北菜,羊棒骨火锅(龙湖总店),永丰乐城阳光里,113.695685,34.63012,18595796661,8：00——22：00
新郑市,50113,东北菜,农家地锅柴鸡(宏基王朝店)(暂停营业),郑新路546号,113.729094,34.426543,13838150128,8：00——22：00
新郑市,50113,东北菜,老李热干面&鲁山羊杂可,李垌北路与吉昌路交叉口东北角,113.718813,34.598573,18790266113,8：00——22：00
新郑市,50113,东北菜,壹桶干拌冒菜(龙湖店),双湖大道与高坡岩步行街交叉口东北160米,113.712629,34.611994,13213003550;13298188774,8：00——22：00
新郑市,50113,东北菜,静小静私厨(新尚天地店),静小私厨新尚天地店,113.738942,34.421596,13525561789,8：00——22：00
新郑市,50113,东北菜,豫福祥老烩面,龙御名郡东北侧70米,113.687576,34.615578,15838051850,8：00——22：00
新郑市,50113,东北菜,利民大盘鸡,城关乡张楼村东头,113.671219,34.374521,18337122259,8：00——22：00
新郑市,50113,东北菜,富贵·村东头大锅台地锅,溱水路兴弘花园,113.755686,34.382525,18037579996,8：00——22：00
新郑市,50113,东北菜,张记全羊鲜汤烩面馆(盛世文园店),航空港区河苑小区东北门北150米,113.824336,34.482917,15093448838,8：00——22：00
新郑市,50113,东北菜,阿里巴巴·烧烤,新烟街道渔公一街7号,113.765854,34.394737,13240385333;18905426808,8：00——22：00
新郑市,50113,东北菜,彦斌大盘鸡(滨河帝城店),新孟路与府前路交叉口东北280米,113.813371,34.582371,13938548603,8：00——22：00
新郑市,50113,东北菜,烧饼夹菜夹肉道口烧鸡,富田·兴龙湾意法大邸东北门南290米,113.711575,34.594937,18537396728,8：00——22：00
新郑市,50113,东北菜,御膳斋,航空港区郑州机场国际西货站东北门东200米,113.831694,34.531629,13837116913,8：00——22：00
新郑市,50113,东北菜,大盘鸡私房菜烩面馆,祥云路辅路与文昌路交叉口东北260米,113.688984,34.631123,13783577381,8：00——22：00
新郑市,50113,东北菜,三秦世家(世纪花园店),世纪花园东北门西70米,113.802359,34.491011,13323717936;15937111949,8：00——22：00
新郑市,50113,东北菜,清真兰州拉面,航空港区长鹰路与货运路交叉口东北角清真兰州拉面,113.831295,34.531757,13299757465;15378724065,8：00——22：00
新郑市,50113,东北菜,孙记溢香烩面馆(东方国际店),浩创·东方国际南区东北门旁,113.769931,34.392166,15378720678,8：00——22：00
新郑市,50113,东北菜,老土鸭干锅,岳庄府前街薛店镇政府东北50米,113.799465,34.498044,15093388461;15093388462,8：00——22：00
新郑市,50113,东北菜,老街大盘鸡,人民路东关街交叉口,113.735952,34.396156,15038966633,8：00——22：00
新郑市,50113,东北菜,重庆石锅鱼(友谊路店),金鼎澳门国际饭店东北门西北70米,113.803574,34.488685,15038366958;15738376693,8：00——22：00
新郑市,50113,东北菜,宴奴饺子手擀面,郭店镇黄金大道与吉祥路交叉口向西,113.703143,34.535966,15890036778;15890039778,8：00——22：00
新郑市,50113,东北菜,清真老孙羊肉馆,103省道与开源大道交叉口东北140米,113.69065,34.337784,15037444168,8：00——22：00
新郑市,50113,东北菜,汴梁豫兴斋桶子鸡,S102黑豹物流总部基地东北侧约50米,113.711197,34.542339,15136173456,8：00——22：00
新郑市,50113,东北菜,清真兰州拉面,薛店大道与樱花路交叉口东北60米,113.798659,34.486643,17682373451,8：00——22：00
新郑市,50113,东北菜,欣悦饭店,侯庄新苑东北侧130米,113.66345,34.634757,13703861021,8：00——22：00
新郑市,50114,云贵菜,贵州特色烤鱼,吉昌路与李垌北路交叉口北160米,113.718781,34.599797,13384039560,8：00——22：00
新郑市,50114,云贵菜,傣味居鲜肉米线,航空港区福广街与鸿泽路交叉口北260米,113.931853,34.402235,15515999599,8：00——22：00
新郑市,50114,云贵菜,海底捞火锅(奥特莱斯店),华南城一路与环西路交汇处华盛奥特莱斯四层4A-18-24号,113.72737,34.604464,0371-55880766;0371-55880866,8：00——22：00
新郑市,50114,云贵菜,鱼吉祥云南蒸汽石锅鱼,双湖大道龙湖锦艺城高层5组团50号楼1单元商铺1层103号,113.729628,34.612797,15726689297,8：00——22：00
新郑市,50114,云贵菜,米皮记(南龙湖店),龙湖镇文昌路58号悦府·海棠北院,113.687383,34.622612,15890639615,8：00——22：00
新郑市,50114,云贵菜,丽宏过桥米线(轩辕路店),新建路街道轩辕路58号,113.730712,34.399621,18530822019,8：00——22：00
新郑市,50114,云贵菜,贵州家常菜,文昌路与六合西路交叉口西220米,113.685227,34.597824,13984623616;19337129252,8：00——22：00
新郑市,50114,云贵菜,海底捞火锅(新壹城店),创业路新壹城10号楼购物中心4层401-402号商铺,113.743355,34.419662,0371-60295852;0371-60296852,8：00——22：00
新郑市,50115,西北菜,学长大盘鸡(中原工店),龙湖镇文昌路与李诫路交叉口1号北苑04商铺,113.687351,34.592903,17719865727,8：00——22：00
新郑市,50115,西北菜,食鑫老狼大盘鸡(华信店),碧水蓝天南门西60米,113.755016,34.416771,15237116958;18217798927,8：00——22：00
新郑市,50115,西北菜,西部来客鲜炒大盘鸡(港区店),航空港区润丰悦尚8-111,113.833196,34.538021,15093218586,8：00——22：00
新郑市,50115,西北菜,清真兰州拉面(裕鸿世界港·商业广场4号楼店),航空港区四港联动大道郑港五路交叉口北侧4号楼101号,113.839136,34.574451,18106852650,8：00——22：00
新郑市,50115,西北菜,西部大盘鸡(新郑总店),新村镇桃园路郑韩驾校向南100米,113.714812,34.43199,15838177921,8：00——22：00
新郑市,50115,西北菜,学长大盘鸡(西亚斯店),西亚斯欧洲街7号楼,113.767016,34.397485,15136786493,8：00——22：00
新郑市,50115,西北菜,傻二哥大盘鸡,龙湖镇升达大学宝相寺步行街一街27号(金洲快捷酒店斜对面),113.685275,34.596531,15936250025;19937081513,8：00——22：00
新郑市,50115,西北菜,农夫大盘鸡,孟庄镇碾卢村,113.786047,34.607113,15239636373,8：00——22：00
新郑市,50115,西北菜,西部大盘鸡大骨头老店(高坡岩店),龙湖镇高坡岩西二街中国移动对面,113.713375,34.611733,13838103438,8：00——22：00
新郑市,50115,西北菜,穆兰餐馆,人民路23号,113.734748,34.395236,0371-62599100,8：00——22：00
新郑市,50115,西北菜,天山大盘鸡(龙湖店),罗垌社区753号,113.702403,34.605768,18937676952,8：00——22：00
新郑市,50115,西北菜,伊兰餐馆(洧水路店),炎黄广场文化路与洧水路西南角89号,113.735742,34.392656,13598986966,8：00——22：00
新郑市,50115,西北菜,农夫大盘鸡(郑老庄社区店),龙湖镇郑老庄社区48号商铺,113.7183,34.619919,15738857072,8：00——22：00
新郑市,50115,西北菜,西部来客鲜炒大盘鸡(双湖大道店),龙湖大道93号(双湖大道地铁站B2口步行390米),113.680111,34.610969,18623780923;18639017512,8：00——22：00
新郑市,50115,西北菜,鸡的店麻辣大盘鸡(高坡岩步行街店),龙湖镇高坡岩市场二街二间门面,113.712254,34.611184,13838004022;17698332221,8：00——22：00
新郑市,50115,西北菜,京疆一味鲜炒大盘鸡清真(润丰悦尚二区店),航空港区润丰·悦尚二区西门旁,113.832493,34.53722,13333836063,8：00——22：00
新郑市,50115,西北菜,西部来客鲜炒大盘鸡(新郑店),新烟办人民路297号,113.762688,34.395363,15378709301,8：00——22：00
新郑市,50115,西北菜,胖孩西部大盘鸡大骨头老店,龙湖镇高坡岩西三街北100米东,113.71335,34.611714,13203709951,8：00——22：00
新郑市,50115,西北菜,乡村大盘鸡,孟庄镇双湖大道团结路向东50米路南水榭华城77-3,113.758098,34.611173,13939045353,8：00——22：00
新郑市,50115,西北菜,老三秦芝香(航南新城店),航空港区新港办事处航南新城60号楼,113.815505,34.487994,15638178000;18503853807,8：00——22：00
新郑市,50115,西北菜,瀚海航城兰州牛肉面,航空港区瀚海航城天曜东侧100米,113.906492,34.452854,15655515549;17104553999,8：00——22：00
新郑市,50115,西北菜,西部大盘鸡(薛店店),金鼎·世纪新城东门旁,113.803719,34.486467,13938505994;15093385177,8：00——22：00
新郑市,50115,西北菜,后湖大盘鸡老店,龙湖镇老一商街新嘉苑期南门斜对面路东50米,113.68136,34.602306,15903683876;18538927232,8：00——22：00
新郑市,50115,西北菜,明艳餐馆老兵大盘鸡,新建路558号丽都花园北门旁,113.731043,34.404694,15981963212,8：00——22：00
新郑市,50115,西北菜,老乔家乡村大盘鸡,龙湖镇西泰山景区泰山路康垛村171号,113.640389,34.58287,15290829605;18336310156,8：00——22：00
新郑市,50115,西北菜,花小小新疆炒米粉(浩创梧桐郡店),浩创梧桐郡A21号楼2单元1层102号,113.718435,34.621752,15137820969,8：00——22：00
新郑市,50115,西北菜,金状元大盘鸡,育英幼儿园西南侧约120米,113.656329,34.589146,15515532115,8：00——22：00
新郑市,50115,西北菜,买买江新疆大盘鸡(航空港区店),航空港区新港办事处航南新城52号楼门面房,113.815481,34.488679,19903815198,8：00——22：00
新郑市,50115,西北菜,三秦世家(和庄店),河赵社区西北1门南80米,113.783255,34.39687,17788151853,8：00——22：00
新郑市,50115,西北菜,冠军大盘鸡,开源大道与康田西路交叉口西北20米,113.689104,34.333536,13838363816,8：00——22：00
新郑市,50115,西北菜,新疆正宗烧烤店(壹品蓝湾景苑店),新烟路248号新疆正宗烧烤店,113.746341,34.379019,13783595272,8：00——22：00
新郑市,50115,西北菜,兄弟情大盘鸡,航空港区航南新城宜之街60号楼06号商铺,113.815547,34.488066,15036103608,8：00——22：00
新郑市,50115,西北菜,张娜娜大盘鸡(华福御景店),薛店镇友谊路,113.803335,34.488789,15237141625,8：00——22：00
新郑市,50115,西北菜,深海鱼大盘鸡,合欢路与黄金大道交叉口南20米,113.690736,34.537038,15515623105,8：00——22：00
新郑市,50115,西北菜,愚公子大盘鸡(和昌盛世城邦店),航空港区乔松街与树杞路交叉口西南80米,113.830641,34.470404,15225013847,8：00——22：00
新郑市,50115,西北菜,西部大盘鸡,龙湖镇山西乔村八队,113.621089,34.595187,15824387366;15824837366,8：00——22：00
新郑市,50115,西北菜,大鹏大盘鸡麻辣兔,袁张路与翠竹路交叉口西180米,113.676506,34.599979,18568060203,8：00——22：00
新郑市,50115,西北菜,名厨粗粮大盘鸡(浩创梧桐郡店),龙湖镇经一路与梧桐二路交叉口,113.717548,34.622019,13700709701;15503801399,8：00——22：00
新郑市,50115,西北菜,西部大盘鸡(梅山店),梅山村梅山小学像南100米路东,113.609231,34.615828,13203741222,8：00——22：00
新郑市,50115,西北菜,愚公子大盘鸡(盛世和园店),航空港区新港大道与如荼路交叉路口向西50米路南,113.823546,34.482019,13838189034,8：00——22：00
新郑市,50115,西北菜,山西油泼面大盘鸡,航空港区银河街道如荼路锦荣·信息科技园-西门山西油泼面大盘鸡,113.815598,34.481681,18103440680;18103440682,8：00——22：00
新郑市,50115,西北菜,宁夏卤羊馆新郑总店,中华南路616号,113.74142,34.384567,15225066000,8：00——22：00
新郑市,50115,西北菜,老家大盘鸡(新郑新区第二社区2期店),新区管委会国泰路赵庄社区7-0106,113.744032,34.432865,15803881123,8：00——22：00
新郑市,50115,西北菜,老狼大盘鸡(华南城店),龙湖镇1857领城公园12号配套商业服务用房101号商铺,113.731195,34.606892,15890655275,8：00——22：00
新郑市,50115,西北菜,仲家手擀面大盘鸡(港湾公寓店),航空港区长安路与云港路交叉口西南160米,113.831946,34.535872,13409396577,8：00——22：00
新郑市,50115,西北菜,范记香辣大盘鸡(港湾公寓店),航空港区振兴路港湾公寓东20米,113.831954,34.535552,15937180318,8：00——22：00
新郑市,50115,西北菜,张记大盘鸡,航空港区龙王老街铁李村龙岗商务宾馆斜对面张记大盘鸡,113.859077,34.449956,13695810942,8：00——22：00
新郑市,50115,西北菜,老店大盘鸡(宏基王朝桂花苑店),,113.72777,34.426133,13623854366,8：00——22：00
新郑市,50115,西北菜,愚公子大盘鸡,航空港区君赵老乡政府对面,113.827695,34.374748,18337173736,8：00——22：00
新郑市,50115,西北菜,西部来客鲜炒大盘鸡侯庄店,侯庄店,113.665882,34.634619,18236769150;18237825193,8：00——22：00
新郑市,50115,西北菜,孙记大盘鸡店,008乡道,113.675613,34.47934,17638118188,8：00——22：00
新郑市,50115,西北菜,清真伊香斋(伊兰斋老店),新华路432号,113.748251,34.389207,13523493951,8：00——22：00
新郑市,50115,西北菜,山西油泼面大盘鸡,343国道辅路与炎黄大道交叉口西北300米,113.716947,34.377512,15835920368,8：00——22：00
新郑市,50115,西北菜,手擀面大盘鸡(康桥九溪郡2期店),祥安路康桥九溪郡,113.724554,34.605038,13838323981,8：00——22：00
新郑市,50115,西北菜,西部来客鲜炒大盘鸡(育才路店),育才路与桃园路交叉口东40米,113.715517,34.429563,15670632362,8：00——22：00
新郑市,50115,西北菜,三兄弟西部大盘鸡私房菜,黄金大道(新郑市郭店镇第一初级中学西南侧约50米),113.71134,34.537259,18236789661,8：00——22：00
新郑市,50115,西北菜,张麻婆鲜炒大盘鸡,航空港区大马乡马古岗村,114.054687,34.355322,18838133454,8：00——22：00
新郑市,50115,西北菜,张记手擀面扣碗大盘鸡,祥和路67-68号,113.717104,34.625994,13083602009,8：00——22：00
新郑市,50115,西北菜,新疆大盘鸡,桃园路与育才路交叉口北80米,113.71531,34.429985,13839979013,8：00——22：00
新郑市,50115,西北菜,激情燃烧大盘鸡,渔公一街18号,113.765678,34.394928,13203888378,8：00——22：00
新郑市,50115,西北菜,农家院秘制大盘鸡,龙湖镇山西乔完全小学东南侧190米,113.625146,34.592757,15981990312,8：00——22：00
新郑市,50115,西北菜,鸿御膳大盘鸡(郑韩花园店),郑韩花园西1门旁,113.722726,34.404696,19137183728,8：00——22：00
新郑市,50115,西北菜,京港铜锅涮,航空港区金港大道中段路西,113.815867,34.522142,0371-87085777;13703846153,8：00——22：00
新郑市,50115,西北菜,新疆烧烤,航空港区岗李乡临港大道072号,113.915883,34.369022,18899541122;18963875436,8：00——22：00
新郑市,50115,西北菜,赛禾家新疆椒麻鸡,文昌路与双湖大道交叉口东南260米,113.688861,34.607806,17335565533,8：00——22：00
新郑市,50115,西北菜,天佑豫陕十碗席,航空港区030乡道,113.960568,34.351889,15713880172,8：00——22：00
新郑市,50115,西北菜,三秦世家(新村店),商贸街与107国道交叉口东200米,113.71223,34.433252,13838179853;15936267686,8：00——22：00
新郑市,50115,西北菜,李记大盘鸡(阳光城丽景湾店),中华路与华南城四路交叉口南200米路西阳光城丽景湾15号楼二单元110,113.746785,34.588524,15638279832,8：00——22：00
新郑市,50115,西北菜,西域大盘鸡,航空港区炎黄大道北50米,113.829591,34.375364,13526250516,8：00——22：00
新郑市,50115,西北菜,高记大盘鸡家常菜,求实路与107国道交叉口北40米,113.733144,34.584193,15838037603,8：00——22：00
新郑市,50115,西北菜,麻辣兔大盘鸡,郑州恒天铜业有限公司西南门西150米,113.787665,34.380487,13803848909,8：00——22：00
新郑市,50115,西北菜,陕食尚老潼关肉夹馍(陶文路店),领秀城陶文路131号,113.747586,34.402451,15538091869,8：00——22：00
新郑市,50115,西北菜,同福记大盘鸡(航空港苹果城店),航空港苹果城3号楼底商,113.780477,34.481189,18503847620,8：00——22：00
新郑市,50115,西北菜,新疆大盘鸡香辣虾,桃园路于记香辣虾火锅旁,113.713098,34.43313,15003833251,8：00——22：00
新郑市,50115,西北菜,根哥大盘鸡,月季苑西北门东50米,113.724456,34.426114,18836121508,8：00——22：00
新郑市,50115,西北菜,手擀面大盘鸡(郭店镇店),郭店镇黄金大道紫峰广场一楼16号,113.706733,34.536717,15515909596,8：00——22：00
新郑市,50115,西北菜,香喷喷大盘鸡麻辣兔,活夫子路111号,113.766286,34.392111,13938412184;15138975335,8：00——22：00
新郑市,50115,西北菜,连记大盘鸡,龙湖镇107祥安路交叉口西10米,113.682443,34.603771,18749414910,8：00——22：00
新郑市,50115,西北菜,阿张鲜炒大盘鸡,航空港区大马乡人民政府南门西330米,114.005385,34.368747,18537388575,8：00——22：00
新郑市,50115,西北菜,顺和大盘鸡,航空港区河东第五安置区二号地10号楼112号铺,113.874225,34.442625,13623855691,8：00——22：00
新郑市,50115,西北菜,西部大盘鸡(泰山路店),泰山路289号,113.684866,34.599688,13523862336;18903826867,8：00——22：00
新郑市,50115,西北菜,烩菜·大盘鸡,迷你港湾东南门旁,113.758084,34.420153,13949081084,8：00——22：00
新郑市,50115,西北菜,彭记大盘鸡,侯庄新村彭记大盘鸡,113.660308,34.632502,18236975323,8：00——22：00
新郑市,50115,西北菜,兄弟大盘鸡(泰成溪水湾店),城关乡泰成溪水湾C区,113.700375,34.405846,18838059856,8：00——22：00
新郑市,50115,西北菜,葛记大盘鸡(庆安路店),和庄镇河赵村村民委员会北侧280米,113.783456,34.401263,13164302717,8：00——22：00
新郑市,50115,西北菜,老田大排档大盘鸡(绿都丹石街区店),滨湖路BA-101号,113.70334,34.632492,13949327138,8：00——22：00
新郑市,50115,西北菜,宁夏吴忠大盘鸡(S103店),103省道东南30米,113.696608,34.342518,15738867602,8：00——22：00
新郑市,50115,西北菜,李记食府,107国道与木旺路交叉口西100米,113.685237,34.542662,13383810175,8：00——22：00
新郑市,50115,西北菜,阳光小厨房(龙湖店)(暂停营业),龙湖镇祥云路永丰乐城·阳光里,113.697018,34.629087,18236777838,8：00——22：00
新郑市,50115,西北菜,新疆馕坑肉(暂停营业),航空港区重英街与遵大路交叉口西北80米(遵大路地铁站C口旁),113.838176,34.486658,16638234891,8：00——22：00
新郑市,50115,西北菜,顶呱呱东北烧烤店,航空港区豫翔宾馆西北门南90米,113.832782,34.534566,13596125142,8：00——22：00
新郑市,50115,西北菜,双榜 信阳山沟沟菜,航空港区岗李乡鸿泽路与福广街交叉口西北20米,113.931468,34.400134,15237193325;15333866253,8：00——22：00
新郑市,50115,西北菜,弘城渝香阁重庆集市火锅,学院路与崇文路交口西北侧一江弘城152号,113.767763,34.407908,18310658997;18638368138,8：00——22：00
新郑市,50115,西北菜,郏县饸饹面豆腐菜(轻工路店),轻工路与合欢路交叉口西北角,113.690949,34.549106,15343880234,8：00——22：00
新郑市,50115,西北菜,步步龙虾(新郑市丽康名邸小区店),丽康名邸小区西北门旁,113.773289,34.39831,15890150992,8：00——22：00
新郑市,50115,西北菜,兰州拉面大盘鸡(创新路店),孟庄镇创新路与华南城一路交叉口西北60米,113.741871,34.606843,15303839775,8：00——22：00
新郑市,50115,西北菜,卤香香地摊牛排锅,薛店镇莲花路薛店大道西北角,113.797345,34.483606,15638885685,8：00——22：00
新郑市,50115,西北菜,西北牛肉面,薛店大道农业银行往南30米,113.800595,34.496284,13309306881,8：00——22：00
新郑市,50115,西北菜,胜势兄弟碳烤羊腿,航空港区格蓝酒店西北门西80米,113.833153,34.538435,13623715578;15294606096,8：00——22：00
新郑市,50115,西北菜,渝品壹桶干拌冒菜(郑风二街店),郑风二街与渔公二街交叉口西北20米,113.763179,34.39458,13137116529;17513352225,8：00——22：00
新郑市,50115,西北菜,惠丰羊肉汤馆(机场店),航空港区格蓝酒店西北门西80米,113.833175,34.538475,13949009809,8：00——22：00
新郑市,50115,西北菜,辣椒厨房(孟庄店),孟庄镇孟祥备注路府前路交汇处西北角1-2层(星光之夜量贩KTV),113.816494,34.580463,19137627897,8：00——22：00
新郑市,50115,西北菜,吉必福意式手工披萨(龙湖店),祥安路与滨湖路交叉口西北360米,113.70048,34.60639,13569321771,8：00——22：00
新郑市,50115,西北菜,山西油泼面爆炒鸡(润基·花悦城店),润基·花悦城南门东90米,113.772144,34.396765,18301612936,8：00——22：00
新郑市,50116,老字号,杨记清芳牛肉拉面(龙湖旗舰店),龙湖镇107国道西侧正商红河谷5号楼105,113.680114,34.626751,15639449966,8：00——22：00
新郑市,50116,老字号,龙湖郏县饸饹面(翠竹路店),泰山路翠竹路交叉口北50米路西,113.67825,34.600536,15237126003,8：00——22：00
新郑市,50116,老字号,田王老字号羊排兔肉火锅城(泰安新城店),航空港区六号地泰安新城社区东北角舜华路与三英路交叉口,113.842587,34.487533,13523415604,8：00——22：00
新郑市,50116,老字号,老南街庆宝卤肉,南街与仁义胡同交叉口西南40米,113.726661,34.393645,0371-62678496,8：00——22：00
新郑市,50116,老字号,王记饼夹菜,泰山路与文昌路交叉口西120米路北,113.686341,34.600402,18638187714,8：00——22：00
新郑市,50116,老字号,老吴记热干面(人民路店),人民路471号(人民路与玉前路交叉黄帝像附近),113.747457,34.395001,13592458788;15136198897,8：00——22：00
新郑市,50116,老字号,枣花香家常菜,孟庄镇枣花香家常菜,113.811595,34.582799,15238398103,8：00——22：00
新郑市,50116,老字号,喜羊羊饭店,解放路南段492号,113.77027,34.381807,15039053572,8：00——22：00
新郑市,50116,老字号,宴和饺子手擀面(郑新路店),郑新路郑新花园,113.728273,34.409575,15838360568,8：00——22：00
新郑市,50116,老字号,兴隆早餐店,烟厂大街315号,113.773092,34.382693,15738371973,8：00——22：00
新郑市,50116,老字号,金汤麻辣烫,龙湖镇侯庄村十字街十字路口东132号,113.668989,34.634486,15038809228;15838153303,8：00——22：00
新郑市,50116,老字号,关东煮麻辣烫,新烟街道渔公三街34号,113.764801,34.394557,18738127608,8：00——22：00
新郑市,50116,老字号,文化路锋厨羊肉炝锅面,新建路街道文化路204号,113.736089,34.391614,15188353710,8：00——22：00
新郑市,50116,老字号,家乐甜品屋,航空港区大马乡门张小学东南门东140米,113.964862,34.372974,13460713060;13623782968,8：00——22：00
新郑市,50116,老字号,老董卤肉(庆安小区店),新华路街道玉前路18号庆安小区,113.748161,34.393703,13623828533;18739919861,8：00——22：00
新郑市,50116,老字号,百年老店老杨家胡辣汤(孟庄店),枣福花园东南门旁,113.816509,34.581263,15188356736,8：00——22：00
新郑市,50116,老字号,老字号电影院小吃店彩凤小吃店,炎黄广场西侧,113.735742,34.393803,13849105360;15093131576,8：00——22：00
新郑市,50116,老字号,焖面先生(六合西路店),龙湖镇六合西路29号,113.688413,34.598063,0371-62569891;13275978817,8：00——22：00
新郑市,50116,老字号,上海老街生煎(龙湖店),龙湖镇双湖大道21世纪国际城C区1号楼1单元,113.719127,34.610963,18538007708,8：00——22：00
新郑市,50116,老字号,韩风源自助烤肉(龙湖锦艺城店),郑新快速通道与双湖大道龙湖锦艺城购物中心4层,113.725468,34.614017,0371-55370895;18039290895,8：00——22：00
新郑市,50116,老字号,爱情麻辣烫,,113.764829,34.39526,15238304266,8：00——22：00
新郑市,50116,老字号,鲁山羊杂可,龙湖镇双湖大道与求实路交叉口华南城农贸市场外围门口北14号,113.733681,34.611293,13633801436,8：00——22：00
新郑市,50116,老字号,黄记小吃,和谐家园东北门旁,113.68554,34.333273,13653978919;15538358313,8：00——22：00
新郑市,50116,老字号,咕咕荟老汤卤鸡爪文化路,苑陵中学西(文化路)425号,113.736307,34.397285,13503828199;15137176859,8：00——22：00
新郑市,50117,火锅店,胡庆一重庆火锅(泰山路店),龙湖镇泰山路与文昌路交叉口西300米路北,113.685613,34.600363,0371-55887066,8：00——22：00
新郑市,50117,火锅店,重庆德庄火锅(龙湖店),紫金山南路与祥云路交叉口向北200路东,113.695672,34.63082,0371-55886866,8：00——22：00
新郑市,50117,火锅店,潮喜旺鲜牛肉火锅(龙湖店),龙湖大道与祥安路17-18号,113.685005,34.603818,19069616711,8：00——22：00
新郑市,50117,火锅店,辣风火锅(奥特莱斯店),奥特莱斯四楼辣风火锅,113.727829,34.604488,0371-66507776,8：00——22：00
新郑市,50117,火锅店,渝老四鲜切牛肉火锅(锦绣翠园店),航空港区市桥航路与凌霜街交叉口东30米,113.850356,34.580578,18135770199,8：00——22：00
新郑市,50117,火锅店,辣风火锅(薛店),世纪大道与府前街交叉路口往北约100米(磊鑫尚东郡),113.805777,34.498661,0371-63207188,8：00——22：00
新郑市,50117,火锅店,虾湖鱿香辣虾火锅(新郑店),新华路365号,113.747151,34.388679,0371-62629888,8：00——22：00
新郑市,50117,火锅店,京熙·涮肉(克拉公馆店),新区管委会湖滨路与商务二街交汇处克拉公馆2-119号,113.74955,34.42105,0371-58560006,8：00——22：00
新郑市,50117,火锅店,虾湖鱿香辣虾火锅(西亚斯店),浩创·东方国际C区东门南80米,113.771986,34.394265,0371-66701888,8：00——22：00
新郑市,50117,火锅店,三虎火锅馆(亖虎升级店),文昌路双湖大道向北300米路西龙御名郡1楼门面,113.687409,34.615032,0371-55888889,8：00——22：00
新郑市,50117,火锅店,虾湖鱿香辣虾火锅(新郑市龙湖店),文昌路64号,113.687383,34.613903,0371-66706333,8：00——22：00
新郑市,50117,火锅店,呷哺呷哺(新郑龙湖锦艺城),双湖大道152号龙湖锦艺城购物中心F4层,113.725763,34.612986,0371-61222288;15838065273;4008177676,8：00——22：00
新郑市,50117,火锅店,重庆德庄火锅(新郑店),玉前路与新华路交叉口国税局西侧243号,113.755061,34.38873,0371-61195000,8：00——22：00
新郑市,50117,火锅店,胖千金火锅食堂(龙湖店),龙湖镇祥安路,113.685686,34.604343,18836951119,8：00——22：00
新郑市,50117,火锅店,王婆大虾(龙湖旗舰店),龙湖镇双湖大道检察官学院东行300米路北(高坡岩村第一排中街路西二楼),113.71316,34.611359,13598880307,8：00——22：00
新郑市,50117,火锅店,重庆小天鹅火锅(空港跨境店),航空港区华夏大道与云港路交叉口向西100米空港跨境3楼,113.826254,34.53784,0371-86632211,8：00——22：00
新郑市,50117,火锅店,小v家火锅鸡(新郑老包店),玉前路金沙湾转盘南侧马师傅轮胎后第2排,113.753857,34.388145,17737701191,8：00——22：00
新郑市,50117,火锅店,百岁鱼(新郑店),金城路(近百岁鸡),113.743126,34.385567,0371-69901000,8：00——22：00
新郑市,50117,火锅店,潮汕坊牛肉火锅,郑州昇达经贸管理学院北门东100米,113.692746,34.597628,18137198370,8：00——22：00
新郑市,50117,火锅店,佰人王串串香火锅(文昌路店),龙湖镇宝相寺北二街与文昌路交叉路口西南角二楼,113.687581,34.596006,19339905678,8：00——22：00
新郑市,50117,火锅店,巴庄重庆火锅(新郑店),中华南路652号,113.741539,34.383041,0371-69976555,8：00——22：00
新郑市,50117,火锅店,许府牛火锅(华祥国贸大厦店),双湖大道91号华祥国贸大厦,113.681427,34.610973,15138487332,8：00——22：00
新郑市,50117,火锅店,周小食火锅烤肉(沙窝李店),龙湖镇滨湖路沙窝李新型社区东门北10米7号楼9-1号,113.702988,34.630422,13283853392,8：00——22：00
新郑市,50117,火锅店,八斗牧场菌汤火锅(新郑世基城市广场店),新郑世基城市广场,113.751391,34.42016,0371-69678889,8：00——22：00
新郑市,50117,火锅店,我的小板凳街坊火锅(文昌路店),龙湖镇双湖大道与文昌路交叉口向北200米路西16号,113.687534,34.613569,15136269998,8：00——22：00
新郑市,50117,火锅店,好彩猪肚鸡火锅(新郑店),创业路与政通路交叉口向北300米一楼,113.744594,34.42113,0371-62599898;16637156518,8：00——22：00
新郑市,50117,火锅店,西平王婆大虾,康桥溪桂园北门旁,113.722421,34.60402,18037880825,8：00——22：00
新郑市,50117,火锅店,重庆德庄火锅(新郑新壹城新田360广场店),新区管委会新壹城6栋4层01-02号商铺,113.743035,34.419694,0371-69908188,8：00——22：00
新郑市,50117,火锅店,潮汕鼎记生鲜牛肉火锅(港区店),航空港区隆川锦园东南2门南70米,113.833674,34.539742,17319753620,8：00——22：00
新郑市,50117,火锅店,许府牛火锅(新郑新壹城新田360广场店),创业路与政通路交叉口新壹城首座新田360广场4楼L405号L406-1号商铺,113.743025,34.420725,18638172368,8：00——22：00
新郑市,50117,火锅店,京顺兴涮锅(华祥喜度大厦店),创业路华祥喜度大厦南门15号,113.749583,34.419975,0371-62651777,8：00——22：00
新郑市,50117,火锅店,时光火锅鸡,新烟街道人民路中段371号(近西亚斯大红门),113.765268,34.395249,13526523907,8：00——22：00
新郑市,50117,火锅店,喜虾客·大虾火锅(新郑华祥国贸店),龙湖大道华祥国贸购物中心4层,113.681781,34.610994,13253691878,8：00——22：00
新郑市,50117,火锅店,京顺祥·铜锅涮肉(薛店镇世纪大道店),雏鹰花园西北门北80米,113.805736,34.493142,0371-61157999,8：00——22：00
新郑市,50117,火锅店,阿润打边炉(新郑米兰小镇店),米兰小镇西北门旁,113.758237,34.41893,19036509519,8：00——22：00
新郑市,50117,火锅店,老北京火锅(龙湖店),富田·兴龙湾2号门西北70米,113.711734,34.59601,0371-55882202;18300660158,8：00——22：00
新郑市,50117,火锅店,槐店王婆大虾(中华北路总店),中华路与陶文路交叉口北50米槐店王婆大虾,113.741807,34.40323,0371-60298567,8：00——22：00
新郑市,50117,火锅店,牛七娘鲜切牛肉火锅(新郑华信店),碧水蓝天东1门旁,113.757792,34.418018,19059576268,8：00——22：00
新郑市,50117,火锅店,王婆大虾纸包鱼,龙湖镇威龙逸品5号楼一单元102号,113.687542,34.623205,0371-55151588,8：00——22：00
新郑市,50117,火锅店,醉巴鲜烤鱼(迷你港湾店),中华路创业路交叉口向东300米路北,113.757143,34.419932,17788118911,8：00——22：00
新郑市,50117,火锅店,西川巷子市井火锅新郑店,米兰小镇1栋,113.758544,34.418556,18639573415,8：00——22：00
新郑市,50117,火锅店,小凤阁秘制鸡虾煲(新郑新田360店),新田360广场(新郑新壹城店),113.742969,34.420688,18595432167,8：00——22：00
新郑市,50117,火锅店,槐店王婆大虾(薛店店),友谊路与薛店大道交叉口往东50米(尚东郡南),113.80004,34.489262,0371-62588333;15038090967,8：00——22：00
新郑市,50117,火锅店,首甲牛腩,中华路与万邓路交叉口向北两公里路西,113.753675,34.47577,15938781768,8：00——22：00
新郑市,50117,火锅店,我的小板凳街坊火锅(人民路店),人民路中段188号,113.75751,34.395944,15515762907,8：00——22：00
新郑市,50117,火锅店,小牛战锅29元自助火锅(新郑洧水路店),洧水路206号,113.740358,34.392915,17700641696,8：00——22：00
新郑市,50117,火锅店,齐祺渔锅一个吃鱼的地方(新郑店),新华路与文化路交叉口西南角,113.735861,34.389099,0371-56259888;19137902209,8：00——22：00
新郑市,50117,火锅店,恭喜牛·牛大骨(祥安路店),幸福港湾南2门旁,113.695519,34.604651,17788173355,8：00——22：00
新郑市,50117,火锅店,柳江螺味堂,泰山路和107国道交叉口往东200米路北,113.686615,34.600403,18538133399,8：00——22：00
新郑市,50117,火锅店,仟味一鼎自助小火锅(新郑店),文化路488号,113.736014,34.398834,13653973185,8：00——22：00
新郑市,50117,火锅店,虾公爵王婆大虾(宝相寺店),郑州升达经贸管理学院西2门南140米,113.687653,34.595479,13643973562,8：00——22：00
新郑市,50117,火锅店,邻小锅自助小火锅(文昌路亿佰佳购物中心二楼),亿佰佳生活广场二楼邻小锅自助小火锅(双湖大道文昌路西北侧),113.686915,34.611132,18236753387,8：00——22：00
新郑市,50117,火锅店,袁记串串香(一江弘城店),一江泓城三期,113.767892,34.40794,17638597111,8：00——22：00
新郑市,50117,火锅店,臻正老顺城(友谊路店),薛店大道与友谊路交叉口,113.799271,34.489309,15837401582;15838100931,8：00——22：00
新郑市,50117,火锅店,王婆大虾万科店,航空港区正弘·中央公园林语苑西门旁,113.850204,34.583877,15713869158,8：00——22：00
新郑市,50117,火锅店,哈喽小锅侠自助火锅(八千乡店),航空港区炎黄大道024号,113.829382,34.373929,13323835151,8：00——22：00
新郑市,50117,火锅店,真实汇三六九老火锅,莲花路5号,113.798071,34.484039,0371-62626369,8：00——22：00
新郑市,50117,火锅店,福上锅自助小火锅(龙湖亿佰佳店),龙湖镇文昌路亿佰佳商场南门一楼,113.686884,34.610823,18638620642,8：00——22：00
新郑市,50117,火锅店,袁小胖重庆火锅,祥安路与文昌路交叉口西100米,113.68671,34.60434,0371-61228868,8：00——22：00
新郑市,50117,火锅店,羊蝎子老店锦艺城总店,龙湖镇龙湖锦艺城洋房南门西侧26栋便民店101,113.727633,34.615158,15649998999,8：00——22：00
新郑市,50117,火锅店,火盆景麻辣鱼(北区店),新郑新区管委会华祥喜度大厦一层11号商铺,113.749711,34.420015,0371-89811666;17303811666,8：00——22：00
新郑市,50117,火锅店,王婆大虾(润丰悦尚店),航空港区润丰悦尚26-6,113.83311,34.537737,19939275589,8：00——22：00
新郑市,50117,火锅店,辣么香时尚小火锅(新烟路店),新烟路80号,113.747523,34.38591,13849059644;18538267162,8：00——22：00
新郑市,50117,火锅店,郑之味,航空港区锦绣荷园山石王173,113.846046,34.580936,15903652530,8：00——22：00
新郑市,50117,火锅店,郸城羊蝎子老店(锦艺城店),龙湖锦艺城天宝50号楼1单元,113.729646,34.612762,18838913090,8：00——22：00
新郑市,50117,火锅店,稻粤记海鲜粥底火锅,泰山路与文昌路交叉口北80米,113.68699,34.600553,13838182876,8：00——22：00
新郑市,50117,火锅店,王婆大虾(八千店),航空港区郑州软件职业技术学院南门东370米,113.828244,34.375273,17605823787,8：00——22：00
新郑市,50117,火锅店,悦欢营重庆老火锅·自助烤肉(西亚斯店),新烟街道办事处渔夫子路西侧愚公一街南侧0021-1号,113.765537,34.394773,0371-66590992,8：00——22：00
新郑市,50117,火锅店,一锅享自助小火锅,龙湖大道55号,113.687984,34.59831,13140441117,8：00——22：00
新郑市,50117,火锅店,爱尚无烟回转涮烤,龙湖镇高坡岩市场西二街向南第二排向东50米路南,113.712708,34.611517,18003840636,8：00——22：00
新郑市,50117,火锅店,李吃吃火锅烧烤食材(万达公园里店),万达公园里B2-02,113.756385,34.392702,13673992221,8：00——22：00
新郑市,50117,火锅店,袁记串串香(世纪花园店),世纪花园西南门103,113.801389,34.48912,17839987768,8：00——22：00
新郑市,50117,火锅店,李吃吃火锅烧烤食材(桥航路店),航空港区桥航路3-2号,113.847669,34.580572,18336344890,8：00——22：00
新郑市,50117,火锅店,旨有鱼斑鱼锅龙湖店,龙湖镇文昌路与祥安路交叉口向东50米路北,113.688904,34.604462,17638175111,8：00——22：00
新郑市,50117,火锅店,王婆大虾(龙安社区五号院店),航空港区龙安小区五号院北门西60米,113.857189,34.439193,15225198233;15838189906,8：00——22：00
新郑市,50117,火锅店,家乡地锅宴(龙湖店),梅山路与淮河路交叉口向北50米路东,113.678481,34.593499,15238635613,8：00——22：00
新郑市,50117,火锅店,尝常转旋转小火锅(华祥国贸购物中心店),华祥国贸购物中心四楼,113.681919,34.610948,17365983353,8：00——22：00
新郑市,50117,火锅店,火盆景麻辣鱼(新郑店),新烟街道滨河帝城南门,113.764175,34.384987,15038099997;17513329666,8：00——22：00
新郑市,50117,火锅店,老哥门肥肠鱼(黄金大道店),黄金大道与老郑新路交叉口西南角向西50米,113.710707,34.53607,17319705553,8：00——22：00
新郑市,50117,火锅店,叁口鱻重庆鱼火锅(富田兴龙湾店),龙湖镇富田兴龙湾SYA-5号楼104,113.711943,34.59614,15333866973;18339821875,8：00——22：00
新郑市,50117,火锅店,裕祥铜锅涮(银河安置区店),航空港区银河安置区8号地,113.830547,34.462997,15903664521;17203812123,8：00——22：00
新郑市,50117,火锅店,李吃吃(龙湖二店),吉昌路2-58(康桥原溪里二号院西门),113.718957,34.598989,15237172519,8：00——22：00
新郑市,50117,火锅店,兴盛斋京式涮羊肉,金城路22号,113.73532,34.38657,13271584567,8：00——22：00
新郑市,50117,火锅店,洛九家一锅香涮牛肚(解放路店),一锅香牛排,113.773591,34.399433,18839689127,8：00——22：00
新郑市,50117,火锅店,李吃吃火锅烧烤食材(梅湖露营基地店),航空港区龙王办华夏大道滨河西路交叉口梅河公园二号湖西南角,113.819685,34.452887,18336344890,8：00——22：00
新郑市,50117,火锅店,王婆大虾纸包烤鱼,新村镇商贸街西头100米路南,113.711251,34.432976,18338108755,8：00——22：00
新郑市,50117,火锅店,渝记小火锅,航空港区福广街与鸿泽路交叉口北200米,113.931891,34.401733,18738237019,8：00——22：00
新郑市,50117,火锅店,天竹渔村纸包鱼,航空港区南海大道,113.82179,34.375202,15603747750,8：00——22：00
新郑市,50117,火锅店,么么鸭鸭爪爪特色火锅,龙湖镇双河大道与高坡岩西二街交叉口,113.712079,34.611067,18238113481,8：00——22：00
新郑市,50117,火锅店,王小然串串麻辣烫,渔夫子路47号,113.766591,34.39369,13938292219,8：00——22：00
新郑市,50117,火锅店,苏小北回转小火锅(港区店),航空港区格蓝酒店西北门旁,113.833775,34.538182,15003821887;15890161588,8：00——22：00
新郑市,50117,火锅店,川佰岁鱼火锅(薛店旗舰店),隆府新城东北门西50米,113.795798,34.483172,0371-56789102,8：00——22：00
新郑市,50117,火锅店,麻辣诱惑旋转小火锅(清真回族),文化路203号,113.736217,34.392439,17320161169,8：00——22：00
新郑市,50117,火锅店,优优铜炉火锅鸡(六和路店),,113.688765,34.597747,18539573988,8：00——22：00
新郑市,50117,火锅店,王婆大虾郭店旗舰店,老郑新路与黄金大道交叉口向北200米,113.710747,34.538028,13333838081,8：00——22：00
新郑市,50117,火锅店,鱼养道重庆鱼火锅(新华路店),新华路365号,113.747151,34.388679,0371-62629888,8：00——22：00
新郑市,50117,火锅店,兄弟烧烤地锅江湖(锦绣荷园社区店),航空港区归航路与长安路交叉口西80米,113.845358,34.578408,17719881767,8：00——22：00
新郑市,50117,火锅店,永牛巷牛排自助火锅,龙湖镇祥和路荆垌市场2-016,113.691015,34.618808,13383811362,8：00——22：00
新郑市,50117,火锅店,豫昌王婆大虾(郑老庄店),龙湖镇祥和路郑老庄社区南门52号,113.718018,34.619919,13303829629,8：00——22：00
新郑市,50117,火锅店,年轻友围小火锅(龙湖锦艺城店),龙湖锦艺城3号门向西20米路北,113.726572,34.614413,18595724995,8：00——22：00
新郑市,50117,火锅店,苗岭啤酒鸭王婆大虾(龙湖总店),107国道天天假日酒店向西200米路南,113.682202,34.592329,15003823528,8：00——22：00
新郑市,50117,火锅店,付记胖子洛阳涮牛肚,航空港区新椿路033县,113.860068,34.439106,13298201453;13462147478,8：00——22：00
新郑市,50117,火锅店,李记老北京涮羊肉(祥安路店),文昌路与祥安路交叉口向东150米路北,113.690171,34.604464,18454011088,8：00——22：00
新郑市,50117,火锅店,王婆大虾(龙湖锦艺城店),龙湖锦艺城27-112,113.729547,34.615142,17739751856,8：00——22：00
新郑市,50117,火锅店,螺专甲螺蛳粉螺火锅,龙湖镇文昌路悦府海棠北区东门往北20米,113.687773,34.621968,17550505758,8：00——22：00
新郑市,50117,火锅店,围辣小火锅(郑老庄社区店),龙湖镇梧桐二路郑老庄西门69号商铺,113.717587,34.621128,17838323657,8：00——22：00
新郑市,50117,火锅店,小郡肝串串香(龙御名郡店),龙湖镇文昌路68号,113.687388,34.614866,17737175760,8：00——22：00
新郑市,50117,火锅店,清真洛阳马坡烧烤涮锅,梧桐郡二期E区南门,113.719074,34.62491,13461111653,8：00——22：00
新郑市,50117,火锅店,一嘴香摊摊火锅集市(沙窝李新型社区店),祥云路与滨湖路西北角,113.702924,34.629111,0371-62566616;16696091888,8：00——22：00
新郑市,50117,火锅店,麻辣尚井成都串串老火锅(润丰悦尚店),航空港区润丰悦尚,113.831475,34.53781,0371-58691789,8：00——22：00
新郑市,50117,火锅店,李吃吃火锅烧烤食材(南港店),航空港区银河街道新港大道盛世文园,113.823719,34.48236,18336344890,8：00——22：00
新郑市,50117,火锅店,小白家牛肉火锅,辛店镇海川ktv右侧胡同内十米,113.601129,34.381012,15036101080,8：00——22：00
新郑市,50117,火锅店,螺专甲螺蛳粉·螺火锅(郑州升达店),文昌路六合路交叉口往东200米路南,113.689632,34.597651,15803857870,8：00——22：00
新郑市,50117,火锅店,骨皇骨帝大骨头,龙湖镇康桥原溪里2号康桥原溪里二号院16号楼1单元103号,113.71935,34.598316,13526781185;18211889985,8：00——22：00
新郑市,50117,火锅店,豫聚斋羊肉铺·呼伦贝尔鲜肉涮,紫荆山南路169号永丰乐城阳光里小区12号楼101/102,113.695604,34.629519,15515801616,8：00——22：00
新郑市,50117,火锅店,串串李(新村大道店),新村镇乡政府斜对面,113.710605,34.434295,13213068610,8：00——22：00
新郑市,50117,火锅店,首甲牛腩(八千店),航空港区八千办政府对面,113.826236,34.374671,13523419577,8：00——22：00
新郑市,50117,火锅店,刘小乐火锅超市,龙湖镇泰山路与龙湖大道交叉口东南角04号龙御温泉隔壁,113.684671,34.599894,13837170009,8：00——22：00
新郑市,50117,火锅店,春兰串串火锅村(龙湖店),六合西路2号,113.689318,34.598006,18638261992;19939951918,8：00——22：00
新郑市,50117,火锅店,渝禾蛙(重庆鱼蛙火锅),航空港区岗李乡德育路红遍天鞋服批发城对面,113.918872,34.367336,18838075789,8：00——22：00
新郑市,50117,火锅店,利虹德重庆美蛙鱼火锅,航空港区临港大道132号,113.924442,34.367591,19119060333,8：00——22：00
新郑市,50117,火锅店,爱上小火锅(文苑小区店),航空港区文苑小区北门西60米,113.822497,34.486088,18637171805,8：00——22：00
新郑市,50118,特色/地方风味餐厅,延吉风味小吃(新郑市商业大街店),梨河镇三里岗郑许路与炎黄大道交叉口北50米路东老店,113.730539,34.399486,15093132857,8：00——22：00
新郑市,50118,特色/地方风味餐厅,东北风味手工水饺馆,107国道6号靠近郑州市郑新艺术团,113.680973,34.596559,15515661827,8：00——22：00
新郑市,50118,特色/地方风味餐厅,老地方罗记羊肉鲜汤(烟厂大街店),烟厂大街305号,113.772775,34.382676,18336364785,8：00——22：00
新郑市,50118,特色/地方风味餐厅,激情岁月主题餐厅(千稼集店),龙湖镇泰山村26号,113.641079,34.581063,0371-66709777,8：00——22：00
新郑市,50118,特色/地方风味餐厅,龙安地锅(龙安社区六号院店),郑州航空港区龙王办龙安6号院农贸市场二楼105号,113.860814,34.437883,15838071816,8：00——22：00
新郑市,50118,特色/地方风味餐厅,沙县特色小吃,华南城东5门斜对面,113.730357,34.607483,17689642979,8：00——22：00
新郑市,50118,特色/地方风味餐厅,秘制地锅柴鸡,滨湖路与祥安路交叉口向北200米路西,113.703244,34.607002,13938226637,8：00——22：00
新郑市,50118,特色/地方风味餐厅,尚饺炭火烤肉店,新华街道新烟街壹品蓝湾二期五宅庄居委会正对面,113.746693,34.377301,0371-55965895;18699678885,8：00——22：00
新郑市,50118,特色/地方风味餐厅,小杰云南正宗过桥米线,郑州航空港区豫鸿世界港丽宫33号楼1单元105,113.844889,34.572141,18638791206,8：00——22：00
新郑市,50118,特色/地方风味餐厅,哈尔滨烧烤,龙湖镇文昌路与祥安路交叉口向北100米,113.687575,34.605225,17734809876,8：00——22：00
新郑市,50118,特色/地方风味餐厅,乔记饺子馆,龙湖镇金秋乐园南门向东20米(乔记饺子馆),113.688516,34.598718,13603997796;15617718577,8：00——22：00
新郑市,50118,特色/地方风味餐厅,袁记大锅菜,龙湖镇泰山路与郑新快速路交叉口往东200米南第一间,113.724915,34.5913,15515926678,8：00——22：00
新郑市,50118,特色/地方风味餐厅,曹大权地锅炖(水榭花城店),恒基·水榭华城A区西1门北330米,113.757154,34.610081,13269264506,8：00——22：00
新郑市,50118,特色/地方风味餐厅,九鲤千里香馄饨王(金城路店),金城路311号,113.747253,34.385137,15803863452,8：00——22：00
新郑市,50118,特色/地方风味餐厅,御厨坊(弘远路店),一江弘城2期西门旁,113.768916,34.41119,0371-57122999;13613819323,8：00——22：00
新郑市,50118,特色/地方风味餐厅,河南名吃铁板烧烤(解放路店),解放路南段353号,113.771074,34.384162,13653836529;15838315309,8：00——22：00
新郑市,50118,特色/地方风味餐厅,豫喜来秘制烤鱼(锦绣翠园西院店),航空港区大航路33-1,113.84722,34.582294,18539943000,8：00——22：00
新郑市,50118,特色/地方风味餐厅,原野露营烧烤,龙湖镇泰山村会盟大道与溱水路交叉口向北90米停车场路东15号,113.642606,34.577566,15238005599;15903999529,8：00——22：00
新郑市,50118,特色/地方风味餐厅,喜波老友烧烤私房菜,M26-27,113.694962,34.634772,16696627558,8：00——22：00
新郑市,50118,特色/地方风味餐厅,老味道擀面皮,龙湖镇荆垌社区2排16号,113.691055,34.618799,18137868877,8：00——22：00
新郑市,50118,特色/地方风味餐厅,虎烤官东北烧烤,文昌路与祥安路交叉口北80米,113.68762,34.604916,17527507776,8：00——22：00
新郑市,50118,特色/地方风味餐厅,杨国福麻辣烫(龙湖镇店),龙湖镇小乔社区孙庄市场2050号,113.688241,34.598781,15839657798,8：00——22：00
新郑市,50118,特色/地方风味餐厅,吉祥馄饨(河南郑州升达大学翠苑店),龙湖镇升达经贸管理学院文萃苑餐厅,113.690119,34.591603,4001818818,8：00——22：00
新郑市,50118,特色/地方风味餐厅,哈尔滨碳烤羊腿,滨湖路国瑞城雅仕苑哈尔滨碳烤羊腿,113.704011,34.621283,18204613521,8：00——22：00
新郑市,50118,特色/地方风味餐厅,王记甘肃天水麻辣烫,三里岗村中街中段东向西第十间路南607-7号,113.702076,34.606629,18576374570,8：00——22：00
新郑市,50118,特色/地方风味餐厅,海立烧烤,郭店镇黄金大道与合欢路交叉口往西100米西南角,113.689325,34.537625,18538215776,8：00——22：00
新郑市,50118,特色/地方风味餐厅,重庆鸡公煲,龙湖镇双湖大道高坡岩西一街重庆鸡公煲,113.711779,34.611598,18838093480,8：00——22：00
新郑市,50118,特色/地方风味餐厅,韩磊东北大碗麻辣烫炸串(高坡岩店),高坡岩小吃街西二街向北50米(义祥胡辣汤)路东20米3-305,113.712472,34.611984,18300701747,8：00——22：00
新郑市,50118,特色/地方风味餐厅,新疆和田烧烤,龙湖镇浩创梧桐郡21号楼三单元,113.718042,34.621749,18197738390,8：00——22：00
新郑市,50118,特色/地方风味餐厅,小九家烧烤(经贸学院北门店),龙湖镇祥和路郑老庄南门46号铺经贸学院北门对面,113.718675,34.619933,13027618848,8：00——22：00
新郑市,50118,特色/地方风味餐厅,郑喜旺烧烤(龙湖锦艺城店),龙湖镇新郑快速路双湖大道南侧居易国际城北门向西120米路南8号门面房,113.716118,34.610734,13203877716;15690858555,8：00——22：00
新郑市,50118,特色/地方风味餐厅,袁记云饺(龙湖锦艺城店),龙湖锦艺城天麓41号楼2单元105,113.725367,34.614411,15638108868,8：00——22：00
新郑市,50118,特色/地方风味餐厅,新哥原味烧烤,林锦店社区东侧北区门面房8-9号,113.724306,34.603338,18637929550,8：00——22：00
新郑市,50118,特色/地方风味餐厅,炭佬味齐齐哈尔鲜切烤肉自助(龙湖锦艺城店),龙湖锦艺城高层5组团,113.72927,34.614875,19138182330,8：00——22：00
新郑市,50118,特色/地方风味餐厅,第一部落烤串(奥特莱斯四楼店),奥特莱斯四楼B区4B-06,113.727639,34.604095,18259788777,8：00——22：00
新郑市,50118,特色/地方风味餐厅,悦烤官烧烤,孟庄镇水谢华城蜜雪冰城对面,113.756854,34.606549,15738379552,8：00——22：00
新郑市,50118,特色/地方风味餐厅,李记可求美烧烤大排档,孟庄镇北常口村潮河路中断,113.776783,34.598202,13213248327,8：00——22：00
新郑市,50118,特色/地方风味餐厅,张亮麻辣烫(新郑新田360店),新一城6栋1层106号商铺,113.74354,34.419914,18625781815,8：00——22：00
新郑市,50118,特色/地方风味餐厅,无名儿食铺,中兴路99号,113.747911,34.404226,15617715305;17275607175,8：00——22：00
新郑市,50118,特色/地方风味餐厅,杨记餐馆,烟厂大街145号,113.766961,34.383901,13526588456;15038219689,8：00——22：00
新郑市,50118,特色/地方风味餐厅,杞县砂锅烧烤(航南新城),航空港区遵大路航南新城路西10米60号楼1号商铺,113.815409,34.487855,18336378159,8：00——22：00
新郑市,50118,特色/地方风味餐厅,杨国福麻辣烫(郑州新港大道店),航空港区汇金国际SY-1-102,113.821098,34.459288,15713716189,8：00——22：00
新郑市,50118,特色/地方风味餐厅,小胖信阳味道(岗李店),航空港区岗李乡临港大道010号,113.921166,34.368258,18838072571,8：00——22：00
新郑市,50118,特色/地方风味餐厅,张亮麻辣烫(新郑西亚斯学院店),人民路168号西亚斯学院,113.762193,34.398892,13838182281,8：00——22：00
新郑市,50118,特色/地方风味餐厅,香当牛地摊牛排锅·烤肉,孟庄镇孟庄社区C区10号南1间与11号北1间,113.817092,34.581096,15038273335;15681056585,8：00——22：00
新郑市,50118,特色/地方风味餐厅,姐妹鲜水饺,新郑市龙湖镇紫荆山南路与阳光大道交叉口阳光家园东南2门,113.69576,34.58708,13723290756,8：00——22：00
新郑市,50118,特色/地方风味餐厅,杨国福麻辣烫(郭店镇店),黄金大道64号,113.710842,34.538307,18937257524,8：00——22：00
新郑市,50118,特色/地方风味餐厅,东北黏糊麻辣烫,航空港区岗李乡百汇新天地A3109,113.932068,34.401877,15314915551;17691191158,8：00——22：00
新郑市,50118,特色/地方风味餐厅,李发生手工水饺,文昌路与祥安路交叉口北280米,113.68785,34.606751,18937139943,8：00——22：00
新郑市,50118,特色/地方风味餐厅,2胖老式麻辣烫,2胖老式麻辣烫和谐街店(幸运咖对面),113.758209,34.417977,13673636513,8：00——22：00
新郑市,50118,特色/地方风味餐厅,功夫煮麻辣烫(高坡岩旗舰店),龙湖镇高坡岩西二街2-203号,113.71185,34.611613,18538299399,8：00——22：00
新郑市,50118,特色/地方风味餐厅,姚李香手工面饺子馆,黄金大道与107国道交叉口东100米,113.687484,34.537398,18530013095,8：00——22：00
新郑市,50118,特色/地方风味餐厅,焦家手工饺子馆,陵岗学校南侧230米,113.697853,34.559145,16638141449,8：00——22：00
新郑市,50118,特色/地方风味餐厅,疯味烧烤,龙湖镇龙湖锦艺城洋房南门西侧,113.727577,34.615092,15638886587;19937537767,8：00——22：00
新郑市,50118,特色/地方风味餐厅,小司红强烧烤(四季隆购物广场店),袁张路与翠竹路交叉口西80米,113.677735,34.599643,18137833197,8：00——22：00
新郑市,50118,特色/地方风味餐厅,谢大姐水饺馄饨(新嘉苑小区店),翠竹路新嘉苑二期西侧商品房50号,113.678732,34.601853,18638683134;19900906052,8：00——22：00
新郑市,50118,特色/地方风味餐厅,啤酒烧烤广场,梨河镇华夏城润园19-1-106号,113.742436,34.355887,13838210996,8：00——22：00
新郑市,50118,特色/地方风味餐厅,好兄弟烧烤工厂,渔公一街与渔夫子路交叉口西40米,113.766251,34.394761,15058801196,8：00——22：00
新郑市,50118,特色/地方风味餐厅,一家饺子馆(孟庄中心社区C区店),孟庄中心社区C区南门东170米,113.82008,34.580095,15617762912,8：00——22：00
新郑市,50118,特色/地方风味餐厅,老三海鲜烧烤,康桥溪公馆北门东100米,113.709025,34.603875,17719863131,8：00——22：00
新郑市,50118,特色/地方风味餐厅,杨国福麻辣烫(龙安社区店),航空港经济综合实验区龙安社区龙安商业步行街1-1010北侧,113.854475,34.439025,18537249290,8：00——22：00
新郑市,50118,特色/地方风味餐厅,铁板烧烤(机场店),航空港区郑港街道长安路润丰悦尚东门向西100米幼儿园隔壁13-108号,113.83115,34.538672,15890030156,8：00——22：00
新郑市,50118,特色/地方风味餐厅,楊威麻辣烫麻辣香锅,航空港区八千办事处南海大道东段,113.829495,34.374589,17703863968,8：00——22：00
新郑市,50118,特色/地方风味餐厅,沙县小吃(龙湖锦艺城店),双湖大道与环西路交叉口东北460米,113.728829,34.615131,18703802012,8：00——22：00
新郑市,50118,特色/地方风味餐厅,沙县小吃(老郑新路店),老郑新路与黄金大道交叉口南120米,113.711364,34.535348,15890675087;18336521057,8：00——22：00
新郑市,50118,特色/地方风味餐厅,吉阿婆麻辣烫·麻辣拌(郑州人民路店),人民路中段357号,113.76457,34.395362,15237866862,8：00——22：00
新郑市,50118,特色/地方风味餐厅,福建千里香馄饨(文化路店),文化路371号,113.736267,34.396254,15515520094,8：00——22：00
新郑市,50118,特色/地方风味餐厅,老上海馄饨王,天天假日酒店向西150米路南老上海馄饨王,113.682408,34.592535,18101730753,8：00——22：00
新郑市,50118,特色/地方风味餐厅,苏老大无水牛羊肉,薛店樱花路农贸市场牛羊肉批发,113.799142,34.485716,18538318753,8：00——22：00
新郑市,50118,特色/地方风味餐厅,李军力烧烤(港区三店),航空港区润丰悦尚10号楼1-2层104号,113.833141,34.537747,17329325097,8：00——22：00
新郑市,50118,特色/地方风味餐厅,宴和饺子手擀面八千店,航空港区八千乡喜临门斜对面北大附中西侧,113.822992,34.37518,17698092905,8：00——22：00
新郑市,50118,特色/地方风味餐厅,葛李记大馅水饺,马庄市场六中队一楼门面,113.681145,34.595192,18339818089,8：00——22：00
新郑市,50118,特色/地方风味餐厅,周记手工大馅饺子,航空港区033县道与仓储五街交叉口南220米,113.858856,34.448883,15239497134,8：00——22：00
新郑市,50118,特色/地方风味餐厅,张立麻辣烫(翠园店),航空港区凌霜街25-7号靠近锦绣翠园,113.850181,34.58096,18837179919,8：00——22：00
新郑市,50118,特色/地方风味餐厅,沙县小吃(校友二店),人民路168号,113.761666,34.399575,15638117109,8：00——22：00
新郑市,50118,特色/地方风味餐厅,千里香混沌馆(薛店大道店),薛店大道与府后街交叉口东北约40米,113.800501,34.495592,13592680562;13592680662,8：00——22：00
新郑市,50118,特色/地方风味餐厅,老四东北烧烤,龙湖镇祥安路与滨湖路交叉口北老四东北烧烤,113.703197,34.605247,15324944435,8：00——22：00
新郑市,50118,特色/地方风味餐厅,刘记烧烤,洧水路94号清真寺路口对面,113.735676,34.392676,13849092978,8：00——22：00
新郑市,50118,特色/地方风味餐厅,渝川香米线爱情麻辣烫,龙湖镇于寨村村委会向南200米路西第四间门面房,113.622857,34.607622,18638062606,8：00——22：00
新郑市,50118,特色/地方风味餐厅,大年手工水饺,小乔村龙湖广场东南角,113.688915,34.599243,15538233193,8：00——22：00
新郑市,50118,特色/地方风味餐厅,千里香馄饨(十一分店),永和街35号,113.770301,34.392211,13333857648;18621957004,8：00——22：00
新郑市,50118,特色/地方风味餐厅,阿香米线(郑州二七杉杉奥莱餐厅),航空港区奥特莱斯广场北门A219阿香米线,113.855171,34.526573,17721113880,8：00——22：00
新郑市,50118,特色/地方风味餐厅,蒙古烤肉康桥店(康桥溪桂园店),龙湖镇李垌北寨过渡房治安室旁2号,113.72118,34.603908,18236775791;18237722400,8：00——22：00
新郑市,50118,特色/地方风味餐厅,孙先生金汤麻辣烫(郑州龙湖旗舰店),龙湖镇高坡岩西一街向北150米第36间店铺路西边,113.711369,34.612178,13724891569,8：00——22：00
新郑市,50118,特色/地方风味餐厅,沙县小吃(龙湖崔垌新型社区店),龙湖镇正商智慧城崔垌新型社区9-103商铺,113.706653,34.643319,17724810375,8：00——22：00
新郑市,50118,特色/地方风味餐厅,苗苗家手工现包水饺,航空港区八千乡君赵村农商银行向北五十米路西苗苗手工现包水饺,113.828771,34.373769,15093470087,8：00——22：00
新郑市,50118,特色/地方风味餐厅,一家人饺子,万邓路与107国道交叉口西220米,113.705088,34.450348,13733836500,8：00——22：00
新郑市,50118,特色/地方风味餐厅,远方烧烤,新华路街道新华路联华超市3号橱窗,113.749266,34.389169,13703822920;15378752118,8：00——22：00
新郑市,50118,特色/地方风味餐厅,麻婆铁锅炒鸡,龙湖镇六合路,113.688815,34.597766,18737103133,8：00——22：00
新郑市,50118,特色/地方风味餐厅,烧烤啤酒夜市广场(迷你港湾店),创业路,113.757944,34.420094,0371-60296658,8：00——22：00
新郑市,50118,特色/地方风味餐厅,小两口重庆麻辣烫,郑栾高速(童心幼儿园东南侧约100米),113.622524,34.608436,18537630192,8：00——22：00
新郑市,50118,特色/地方风味餐厅,滇城小镇过桥米线(港区店),航空港区锦荣广场(兰河公园地铁站D口步行170米),113.861774,34.577005,15093200721,8：00——22：00
新郑市,50118,特色/地方风味餐厅,菲香饺子(玉前路店),玉前路114号,113.750905,34.391841,15093383623,8：00——22：00
新郑市,50118,特色/地方风味餐厅,西安特色烧烤,郑州昇达经贸管理学院北门西190米,113.690039,34.597765,15829916463,8：00——22：00
新郑市,50118,特色/地方风味餐厅,清宇千里香馄饨(宏基王朝店),新村镇宏基王朝樱花园9号楼3单元1层102,113.727635,34.4259,15138915385;15981903920,8：00——22：00
新郑市,50118,特色/地方风味餐厅,聚味饺子坊(迎宾大道店),航空港区迎宾大道16-8号附近,113.833733,34.532978,13939000866,8：00——22：00
新郑市,50118,特色/地方风味餐厅,李记饸饹面(机场店),航空港区格蓝酒店西北门旁,113.833947,34.538647,15294637254,8：00——22：00
新郑市,50118,特色/地方风味餐厅,烫功夫自选麻辣烫,轩辕路31号轩辕路与阁老路博物馆对面,113.722784,34.399283,13623811908;15037152608,8：00——22：00
新郑市,50118,特色/地方风味餐厅,杨国福麻辣烫(薛店镇薛店大道店),薛店镇薛店大道与友谊路交叉口西南角,113.798939,34.489146,15286887054,8：00——22：00
新郑市,50118,特色/地方风味餐厅,正宗逍遥镇胡辣汤(新郑市梨河镇新商业街店),新梨街北42号,113.738248,34.353198,15093278656,8：00——22：00
新郑市,50118,特色/地方风味餐厅,夏夏烧烤大排档(山西乔店),山西乔村委会向西200米路南,113.622062,34.595234,13298172286;15516778060,8：00——22：00
新郑市,50118,特色/地方风味餐厅,三张桌过桥米线(溱水路店),溱水路与金城路交叉口向东50米路北(澳门豆捞对面胡同内),113.757928,34.384413,15838178767,8：00——22：00
新郑市,50118,特色/地方风味餐厅,柳州螺蛳粉(沙窝李店),沙窝李市场二排螺阿姨柳州螺蛳粉,113.687298,34.627363,15564181603,8：00——22：00
新郑市,50119,海鲜酒楼,胖大力肉蟹煲(郑州华盛奥特莱斯店),龙湖镇双湖大道郑州华盛奥特莱斯四楼,113.727925,34.604275,18638185659,8：00——22：00
新郑市,50119,海鲜酒楼,豫缘虾道·大虾牛蛙(华盛奥特莱斯店),郑州华盛奥特莱斯,113.727498,34.603509,13103815590,8：00——22：00
新郑市,50119,海鲜酒楼,赖胖子肉蟹煲(锦艺城店),龙湖镇双湖大道锦艺城购物中心4F-17-18号,113.725675,34.613625,15837428178;19103835337,8：00——22：00
新郑市,50119,海鲜酒楼,豫喜来秘制烤鱼,航空港区银河商业广场1-12,113.83003,34.462613,13007602081,8：00——22：00
新郑市,50119,海鲜酒楼,王朝海鲜烧烤(锦绣翠园店),航空港区锦绣翠园北门旁,113.848438,34.582316,15690855966,8：00——22：00
新郑市,50119,海鲜酒楼,二妞海鲜烧烤,航空港区郑港街道盛祥路锦绣杏园后宋小区,113.846432,34.577258,18237103625,8：00——22：00
新郑市,50119,海鲜酒楼,御品鲜海鲜餐厅(华福御景店),华福御景北门东90米,113.804516,34.490686,0371-55538677,8：00——22：00
新郑市,50119,海鲜酒楼,指留香手抓海鲜(新郑华信店),和谐街米兰小镇102活,113.758162,34.419083,13513802986;13838254619,8：00——22：00
新郑市,50119,海鲜酒楼,盱眙奔跑吧小龙虾(直营二店),龙湖镇双湖大道锦艺城152号,113.730266,34.612622,15038854677;18203754189,8：00——22：00
新郑市,50119,海鲜酒楼,王婆大虾(华信分店),和谐路与同乐路交叉路口米兰小镇一栋二楼,113.75824,34.418607,18937153111,8：00——22：00
新郑市,50119,海鲜酒楼,鸿运地锅海鲜烧烤城(领航社区店),航空港区领航社区12号,113.843569,34.494329,0371-61315588,8：00——22：00
新郑市,50119,海鲜酒楼,步步龙虾(玉前路店),玉前路378号,113.759017,34.38586,13938267789;15890150992,8：00——22：00
新郑市,50119,海鲜酒楼,大尚龙虾(祥安路店),三里岗南一街走到头大尚龙虾,113.699901,34.606014,17319766750,8：00——22：00
新郑市,50119,海鲜酒楼,李记爆炒鸡碳锅鱼海鲜烧烤,祥和路一排20号李记爆炒鸡碳锅鱼海鲜烧烤,113.691222,34.619072,17538308282,8：00——22：00
新郑市,50119,海鲜酒楼,双盈海鲜烧烤,六合路向东500米路南双盈海鲜烧烤,113.690415,34.597696,13526867984,8：00——22：00
新郑市,50119,海鲜酒楼,BoBo虾岛藤(龙湖店),祥安路与滨湖路交叉口西北240米,113.70138,34.60571,18100336931;19143819719,8：00——22：00
新郑市,50119,海鲜酒楼,于小贝三文鱼,祥安路与文昌路交叉口向东200米路南,113.689748,34.604178,17629368265,8：00——22：00
新郑市,50119,海鲜酒楼,麻鱼侠·活鱼自助火锅(泰安新城店),航空港区重乔路6号,113.839061,34.488178,15890069699,8：00——22：00
新郑市,50119,海鲜酒楼,刘二能小龙虾,滨湖路ba-101号,113.70357,34.631101,13837127962,8：00——22：00
新郑市,50119,海鲜酒楼,海鲜烧烤大排档,龙湖镇康泰路与学文路交叉口西北角正商智慧城物业服务用房A16-A17号商铺,113.698122,34.64762,13592617685,8：00——22：00
新郑市,50119,海鲜酒楼,生蚝扇贝碳锅鱼烧烤,翠竹路与祥安路交叉口北140米,113.678221,34.60482,15938659765,8：00——22：00
新郑市,50119,海鲜酒楼,泉州海鲜快餐,郑州国际石材物流园西门东430米,113.788723,34.495133,13598404595,8：00——22：00
新郑市,50119,海鲜酒楼,张无敌海鲜烧烤,龙湖镇王许村南街,113.63803,34.628996,15036199946,8：00——22：00
新郑市,50119,海鲜酒楼,反骨烧烤社.海鲜.龙虾,龙湖镇三里岗南二街由东向西50米路北,113.701705,34.606367,15617609883,8：00——22：00
新郑市,50119,海鲜酒楼,金海汇海鲜大排档,孟庄镇袁孟公路与求实路交叉口向西100米路南5号,113.73226,34.590564,15137110008,8：00——22：00
新郑市,50119,海鲜酒楼,玖喜龙虾,滨湖路22号,113.701279,34.606846,13048439561,8：00——22：00
新郑市,50119,海鲜酒楼,虾味俏—-兄弟小龙虾,航空港区锦绣荷园东门北50米36号,113.846184,34.580746,18300706168,8：00——22：00
新郑市,50119,海鲜酒楼,阿坤烤生蚝,滨湖路与学文路交叉口东北60米,113.706241,34.644277,19937153075,8：00——22：00
新郑市,50119,海鲜酒楼,郑钳钳小龙虾,学文路6-104室,113.697093,34.644239,17634779480,8：00——22：00
新郑市,50119,海鲜酒楼,秘窑记.现烤窑鸡卤味小海鲜,龙湖镇万佳广场上面东街5号,113.716401,34.611467,19138131326,8：00——22：00
新郑市,50119,海鲜酒楼,拯救龙虾,航空港区文博路与德育路交叉口东南200米,113.921261,34.369012,17675427000,8：00——22：00
新郑市,50119,海鲜酒楼,苏南龙虾铺(浩创梧桐郡E区店),龙湖镇浩创梧桐郡二期61号楼1-79号,113.719595,34.624939,17838318733,8：00——22：00
新郑市,50119,海鲜酒楼,虾客行小龙虾(文化路店),文化路491号新郑市实验小学西门北60米,113.736241,34.398905,13683163236,8：00——22：00
新郑市,50119,海鲜酒楼,邓记海鲜烧烤大排档,双桥·印象西门北200米,113.703567,34.630919,15838061753,8：00——22：00
新郑市,50119,海鲜酒楼,金樽小海鲜(龙湖店),双湖大道与环西路交叉口东北460米,113.728914,34.615075,18134488511,8：00——22：00
新郑市,50119,海鲜酒楼,郑大烧烤,龙湖镇滨湖路沙窝李市场,113.704965,34.632332,15803713312,8：00——22：00
新郑市,50119,海鲜酒楼,烧烤工场,友谊路与薛店大道交叉口向西五十米路南,113.798327,34.48917,17319778517,8：00——22：00
新郑市,50119,海鲜酒楼,海鲜烧烤麻辣四绝(滨湖路店),滨湖路与祥安路交叉口北240米,113.703196,34.606361,18703998296,8：00——22：00
新郑市,50119,海鲜酒楼,东海蟹钳.海鲜.烧烤.虾尾.龙虾,永和街与新郑军创街交叉口西40米,113.769722,34.392415,15238383077,8：00——22：00
新郑市,50119,海鲜酒楼,炭火先森·海鲜·烧烤·龙虾,航空港区翱翔路与华夏大道交叉口东260米,113.832542,34.544498,19139759668,8：00——22：00
新郑市,50119,海鲜酒楼,西部鲜炒鸡老烩面(浩创梧桐郡E区店),浩创梧桐郡E区西门南70米,113.716957,34.626291,18238200275,8：00——22：00
新郑市,50119,海鲜酒楼,良栋海鲜,金港大道462-7号,113.808157,34.506047,15038080066,8：00——22：00
新郑市,50119,海鲜酒楼,阿德记烧烤(人和家苑店),烟厂大街82号,113.765204,34.384718,15225067555,8：00——22：00
新郑市,50119,海鲜酒楼,斗笠姐姐越南粉,人民路168号西亚斯学院欧洲街最北头,113.767138,34.398607,16692160362,8：00——22：00
新郑市,50119,海鲜酒楼,喜蚝迎虾甲鱼烧公鸡,新烟街道渔夫子路与永和街交叉口向北30米西侧76号,113.766179,34.393257,17703714229,8：00——22：00
新郑市,50119,海鲜酒楼,咱家海鲜店,航空港区033县道与仓储五街交叉口南140米,113.859277,34.449683,13592430292,8：00——22：00
新郑市,50119,海鲜酒楼,腾飞海鲜,新华路祥和盛世家园,113.740566,34.388928,13298337886;15639762795,8：00——22：00
新郑市,50119,海鲜酒楼,韩风源烧烤涮自助餐厅(新田360广场新郑店),创业路与政通路交叉口轩辕湖公园北新田360广场二楼,113.74361,34.420658,0371-69909888;17638103019,8：00——22：00
新郑市,50119,海鲜酒楼,韩风源烧烤涮自助餐厅(龙湖锦艺城直营店),郑新快速通道与双湖大道交叉口龙湖锦艺城购物中心4层,113.726277,34.613777,0371-55370895;0371-60309950;18039290895,8：00——22：00
新郑市,50119,海鲜酒楼,爵士牛排,人民路334号西亚斯西门行政楼斜对面,113.763994,34.395388,0371-62600166,8：00——22：00
新郑市,50119,海鲜酒楼,蓝沛三文鱼,龙湖镇祥安路与文昌路交叉口向北150米路西,113.687618,34.605627,15838541899,8：00——22：00
新郑市,50119,海鲜酒楼,芝有鱼(新郑新区第二社区1期北院店),苟郑社区,113.739136,34.432852,15136193967,8：00——22：00
新郑市,50119,海鲜酒楼,鱼六爷藤椒麻辣鱼(郭店形象店),郭店镇黄金大道与老郑新路交叉口向北2百米路西,113.710823,34.538145,15093400999,8：00——22：00
新郑市,50119,海鲜酒楼,花千代秘制烤鱼(新郑北区店),文化路新尚天地购物广场3号2,113.738459,34.421226,13298182535,8：00——22：00
新郑市,50119,海鲜酒楼,秦家鲜鱼块(新郑市东城路店),新郑路轩辕路66号,113.730523,34.399559,13849090402,8：00——22：00
新郑市,50119,海鲜酒楼,新郑市文化北路麦加美汉堡店,文化路374号,113.736018,34.396379,15803890656,8：00——22：00
新郑市,50119,海鲜酒楼,花千代秘制烤鱼(一江弘城店),弘远路13-114号,113.768437,34.408576,0371-60291233,8：00——22：00
新郑市,50119,海鲜酒楼,鱼你在一起(龙湖锦艺城购物中心店),龙湖锦艺城3楼3-05,113.726027,34.613715,17337141600,8：00——22：00
新郑市,50119,海鲜酒楼,浔味江南(滨湖湾大厦店),新区管委员会滨湖湾大厦B座浔味江南海鲜餐厅,113.749628,34.417733,15258388705,8：00——22：00
新郑市,50119,海鲜酒楼,三星鱼庄,梨河镇新蛮子营村12排东一号,113.744064,34.3537,13255966756,8：00——22：00
新郑市,50119,海鲜酒楼,桃源鱼庄(新方圆小区店),新方圆小区东1门旁,113.774802,34.388884,13676993210;17335738877,8：00——22：00
新郑市,50119,海鲜酒楼,深海.纸包鱼香辣虾(高坡岩店),龙湖镇高坡岩西二街3-302号,113.712537,34.611521,18337128850;18837579561,8：00——22：00
新郑市,50119,海鲜酒楼,浩龙丹江鱼,太极华夏城东南,113.743083,34.356096,18339915788,8：00——22：00
新郑市,50119,海鲜酒楼,浪一虾(龙湖店),龙湖镇六合路23号(文昌路与交叉口向东300米路南),113.689931,34.597682,13838582604,8：00——22：00
新郑市,50119,海鲜酒楼,京来顺灶台鱼(龙泊桂园店),龙湖镇学府路南所中美纯水公司西龙泊桂园二期21号楼3单元1层105,113.697568,34.603933,0371-62569818;18625555911,8：00——22：00
新郑市,50119,海鲜酒楼,舟友新派烤全鱼(万佳商业广场店),双湖大道11号龙湖万佳商业广场F1层,113.715725,34.612325,18638532617,8：00——22：00
新郑市,50119,海鲜酒楼,鲜炒鸡虾尾,具茨山路53号,113.600428,34.374935,15093347950,8：00——22：00
新郑市,50119,海鲜酒楼,冰知鲜三文鱼(新郑北区店),创业路与中华路交叉口西北60米,113.755076,34.42005,15514576780,8：00——22：00
新郑市,50119,海鲜酒楼,虾兵蟹将,文昌路35号,113.687667,34.596498,17737316768,8：00——22：00
新郑市,50119,海鲜酒楼,摆烂夜市大排档,龙湖镇吉昌路与李垌北路交叉口向西30米路北摆烂大排档,113.71791,34.598515,13782038345,8：00——22：00
新郑市,50119,海鲜酒楼,虾班娜鲜肉大串,龙湖镇双湖大道152号龙湖锦艺城天麓便民店26号楼1单元103号商铺一楼,113.727614,34.615117,18640796099,8：00——22：00
新郑市,50119,海鲜酒楼,虾撸串,双湖大道26号,113.730969,34.612608,0371-55888559,8：00——22：00
新郑市,50119,海鲜酒楼,李掌柜香辣虾干锅鸭酸菜鱼(郑老庄社区店),祥和路与经二路交叉口东260米,113.71769,34.620429,18339937525,8：00——22：00
新郑市,50119,海鲜酒楼,张记鲜炒鸡碳锅鱼,浩创梧桐郡A区北门东60米,113.718872,34.624526,15138905953,8：00——22：00
新郑市,50119,海鲜酒楼,苏氏茶树菇鸡煲香辣虾,祥和路67-68号,113.717098,34.621916,18503835799,8：00——22：00
新郑市,50119,海鲜酒楼,疯狂捞鱼(万佳商业广场店),双湖大道万佳商业广场一层1023号(商场东出口),113.716345,34.612899,13523534288,8：00——22：00
新郑市,50119,海鲜酒楼,海盗猫脆皮烤鱼(空港跨境店),航空港区华夏大道与云港路交叉口空港跨境3楼312,113.826412,34.537803,15220158779,8：00——22：00
新郑市,50119,海鲜酒楼,钳掌柜麻辣小龙虾,紫荆山南路199号亿佰佳生活广场沙窝李店F1层,113.695958,34.635303,15516038093,8：00——22：00
新郑市,50119,海鲜酒楼,醉港区龙虾烧烤小酒馆(锦绣荷园社区店),航空港区新郑市锦绣荷园178号商铺069号,113.846125,34.582222,18595617444,8：00——22：00
新郑市,50119,海鲜酒楼,不火鸭干锅香辣虾香辣鸭,,113.798204,34.489159,15903683725,8：00——22：00
新郑市,50119,海鲜酒楼,老厦门沙茶面,文化南路192号,113.736058,34.391258,15937175204,8：00——22：00
新郑市,50119,海鲜酒楼,酸小哥石锅酸菜鱼,薛店镇友谊路与岳庄街交叉口向北50米路西,113.800681,34.489127,18736081891,8：00——22：00
新郑市,50119,海鲜酒楼,美蛙大虾&纸包鱼,龙湖镇高坡岩市场2-306,113.711884,34.61216,13285077911,8：00——22：00
新郑市,50119,海鲜酒楼,香辣虾,祥和路与经二路交叉口东260米,113.717671,34.620458,17810708656,8：00——22：00
新郑市,50119,海鲜酒楼,黑老婆老郑州龙虾馆(薛店店),薛店镇枣园路,113.799054,34.479893,0371-58552999,8：00——22：00
新郑市,50119,海鲜酒楼,旨有鱼(居易大道店),居易大道与翰林路交叉口向西80米,113.601794,34.38057,13073735607,8：00——22：00
新郑市,50119,海鲜酒楼,倔厨匠秘制烤鱼(新郑龙湖镇店),龙湖镇双湖大道华祥国贸四楼,113.681515,34.611034,19139971889,8：00——22：00
新郑市,50119,海鲜酒楼,王婆大虾大盘鸡桃源路,新村镇桃源路核桃园,113.715143,34.431349,16692077183,8：00——22：00
新郑市,50119,海鲜酒楼,哈尔滨烧烤港区店,航空港区翱翔路与长安路北一百米路西,113.83428,34.542068,15664176555,8：00——22：00
新郑市,50119,海鲜酒楼,时明驴肉炒鸡虾尾烤鱼,107国道与祥云路交叉口向东100米路南,113.684389,34.628763,13733879013,8：00——22：00
新郑市,50119,海鲜酒楼,奇鱼夫烤鱼,孟庄镇团结路,113.757016,34.605833,17698576118,8：00——22：00
新郑市,50119,海鲜酒楼,老余活鸡活鱼,航空港区343国道与049乡道交叉口西140米,113.829649,34.370779,15038188429,8：00——22：00
新郑市,50119,海鲜酒楼,一品鲜鱼庄,新营大道与中华南路交叉口东120米,113.744082,34.354091,13643819067,8：00——22：00
新郑市,50119,海鲜酒楼,冯记鲜炒鸡香辣鱼,公主湖社区,113.714416,34.437144,13460292171,8：00——22：00
新郑市,50119,海鲜酒楼,卤汁烤鱼碳锅鸡,浩创梧桐郡E区南门西100米,113.717283,34.624806,18638525512,8：00——22：00
新郑市,50119,海鲜酒楼,谷大侠新密炒虾尾(港区总店),航空港区锦绣荷园外面大街,113.846099,34.581912,15903653874;18530808858,8：00——22：00
新郑市,50119,海鲜酒楼,大尚龙虾.烧烤.秘制虾尾,学院路一江弘城110号(学院路弘远路西100米路北一江弘城110号),113.767914,34.408039,13783560359;13849063705,8：00——22：00
新郑市,50119,海鲜酒楼,年年有鱼火锅店,辛店镇居易大道中段路北,113.59847,34.381153,15093096600,8：00——22：00
新郑市,50120,中式素菜馆,素缘阁素食餐厅,中华路557号,113.741887,34.386685,18624953616,8：00——22：00
新郑市,50121,清真菜馆,肯德基(机场1店),航空港区迎宾大道1号郑州新郑国际机场F2,113.854911,34.526591,0371-89906790,8：00——22：00
新郑市,50121,清真菜馆,必胜客(龙湖锦艺城店),双湖大道152号龙湖锦艺城购物中心F1层,113.725541,34.61387,0371-55882531;4009701890,8：00——22：00
新郑市,50121,清真菜馆,樊老七乡村地锅柴鸡(龙湖旗舰店),三里岗村东门旁,113.70325,34.606934,15093363106,8：00——22：00
新郑市,50121,清真菜馆,郑喜旺烧烤(龙湖店),龙湖镇紫荆山南路祥云路交叉口北200米路西,113.694892,34.634,0371-53328789,8：00——22：00
新郑市,50121,清真菜馆,麦当劳(新郑麦当劳龙湖华祥国贸餐厅),龙湖镇双湖大道路华祥国贸,113.682071,34.611159,0371-58558820,8：00——22：00
新郑市,50121,清真菜馆,香雪儿(港区店),航空港区格蓝酒店西北门西南100米,113.833172,34.537868,0371-55956569;13253312896;19003831526,8：00——22：00
新郑市,50121,清真菜馆,德克士(郑州华盛奥特莱斯店),郑新快速路与双湖大道交汇处郑州华盛奥特莱斯F1,113.72834,34.605832,0371-55881710,8：00——22：00
新郑市,50121,清真菜馆,星巴克(郑州龙湖锦艺城店),龙湖镇锦艺城1层1-22A,113.726088,34.612729,0371-55889515;15638150210,8：00——22：00
新郑市,50121,清真菜馆,肯德基(庆都店),人民路庆都首府20号楼一二层,113.749178,34.395188,0371-55929989,8：00——22：00
新郑市,50121,清真菜馆,麦当劳(郑州市龙湖镇双湖大道世纪公元),龙湖镇双湖大道中段,113.715229,34.611438,0371-55287565,8：00——22：00
新郑市,50121,清真菜馆,德克士(龙湖美联),龙湖大学城美联时代广场一楼德克士餐厅,113.685455,34.599954,0371-85907868;19937027392,8：00——22：00
新郑市,50121,清真菜馆,方中山胡辣汤(港区一店),航空港区振兴北路润丰悦尚17号楼1701商铺,113.833042,34.537354,15188387543,8：00——22：00
新郑市,50121,清真菜馆,方中山胡辣汤(华南城店(龙湖二店)),龙湖镇华南城一路与求实路交叉口,113.731135,34.606556,19949132252,8：00——22：00
新郑市,50121,清真菜馆,居易生态园,新密路与蓝晶路交汇处南300米路西,113.703023,34.38782,0371-62669888,8：00——22：00
新郑市,50121,清真菜馆,新海天商务酒店(河南工程学院双湖大道地铁站店),金秋乐园西南门东190米,113.69394,34.610131,17797777115,8：00——22：00
新郑市,50121,清真菜馆,茶百道(文昌路店),郑州升达经贸管理学院西2门南140米,113.687653,34.595484,15729321676,8：00——22：00
新郑市,50121,清真菜馆,农夫刘先生(龙湖店),文昌路139号,113.687652,34.616598,19034188111,8：00——22：00
新郑市,50121,清真菜馆,园博园建国饭店(郑州新郑国际机场店),航空港经济综合实验区苑陵路与和睦路交叉口北段,113.869827,34.456972,0371-63525555,8：00——22：00
新郑市,50121,清真菜馆,洺悦时光酒店(新郑国际机场店),新郑航空港区长安路与迎宾大道北180北西侧,113.832543,34.534686,"0371-62580006;15036029029;+861056320612,17338375",8：00——22：00
新郑市,50121,清真菜馆,龙湖柏树刘农贸市场,龙湖镇柏树刘农贸市场小张活鸡店,113.683536,34.590586,17737195990,8：00——22：00
新郑市,50121,清真菜馆,兔师傅·做保养&换轮胎(祥安路店),祥安路与滨湖路交叉口东行700米路南,113.711444,34.604114,4001610777,8：00——22：00
新郑市,50121,清真菜馆,和府捞面(郑州新郑机场店),航空港经济综合实验区新郑国际机场T2航站楼三层南中心T2-CT03-225号,113.855052,34.522984,4001616777,8：00——22：00
新郑市,50121,清真菜馆,CHAGEE霸王茶姬(郑州西亚斯学院店),新烟街道人民路西亚斯学院欧洲街1号楼B8A一层,113.766816,34.396293,18981984120,8：00——22：00
新郑市,50121,清真菜馆,蓝海酒店(岗李比亚迪店),航空港区兴岗大道079号,113.922181,34.365824,0371-27386168,8：00——22：00
新郑市,50121,清真菜馆,郑喜旺烧烤(航空港店),航空港区归航路7号,113.846355,34.577536,19036527839,8：00——22：00
新郑市,50121,清真菜馆,豫碗香老烩面(港区店),航空港区隆川锦园北门东160米,113.833891,34.542612,0371-87081973,8：00——22：00
新郑市,50121,清真菜馆,塔斯汀中国汉堡(文昌路步行街店),龙湖镇文昌路宝相寺步行街北一街东头30米路南,113.687103,34.596561,18037779030,8：00——22：00
新郑市,50121,清真菜馆,源麦甜·品质千层南龙湖店,幸福港湾南1门旁,113.695872,34.604712,19711320759,8：00——22：00
新郑市,50121,清真菜馆,米村拌饭(郑州华盛奥特莱斯店),奥特莱斯4F,113.727657,34.604658,15041576120,8：00——22：00
新郑市,50121,清真菜馆,CHAGEE霸王茶姬(河南郑州龙湖锦艺城店),双湖大道152号龙湖锦艺城购物中心3号门门口西侧第一家,113.726863,34.614131,19337103930,8：00——22：00
新郑市,50121,清真菜馆,源麦甜(新郑店),滨湖湾大厦D座,113.750356,34.417301,18838051613,8：00——22：00
新郑市,50121,清真菜馆,得一馆足疗(总店),溱水路中段,113.755808,34.383381,0371-69902588,8：00——22：00
新郑市,50121,清真菜馆,爷爷不泡茶NOYEYENOTEA(郑州升达校外店),龙湖镇文昌路与六合街交叉口向南20米路东05号,113.68792,34.59734,18103718756,8：00——22：00
新郑市,50121,清真菜馆,新豫乐汤泉酒店,黄金大道1号豫乐泉汗蒸广场,113.706838,34.535923,0371-62518555,8：00——22：00
新郑市,50121,清真菜馆,DQ(郑州新郑龙湖锦艺城店),双湖大道152号龙湖锦艺城购物中心NA区一层1F-02A,113.726021,34.613215,17739035445,8：00——22：00
新郑市,50121,清真菜馆,仙隐小鹿料理食堂(郑州锦艺城店),双湖大道152号龙湖锦艺城购物中心F4层,113.725657,34.61343,18063111930,8：00——22：00
新郑市,50121,清真菜馆,茶百道(郑州万佳商业广场店),龙湖镇万佳商业广场一楼7-8号铺位,113.716586,34.611532,17320161698,8：00——22：00
新郑市,50121,清真菜馆,少年谷神•精致料理,航空港区凌烟街丽宫西门口,113.84227,34.570402,19037137238,8：00——22：00
新郑市,50121,清真菜馆,豪享来(新壹城店),创业路新壹城购物中心,113.743484,34.421318,13783511560,8：00——22：00
新郑市,50121,清真菜馆,泓源阳光农场,孟庄镇004乡道西50米,113.790782,34.569579,17516212318,8：00——22：00
新郑市,50121,清真菜馆,锅大侠市集火锅(南龙湖店)(暂停营业),郑州升达经贸管理学院西2门南230米,113.687596,34.594816,0371-58607778,8：00——22：00
新郑市,50121,清真菜馆,七若滋·蛋糕面包(洧水路店),洧水路99号,113.736378,34.392694,0371-62686536,8：00——22：00
新郑市,50121,清真菜馆,麦当劳(郑州西亚斯学院店),人民路168号郑州西亚斯学院意大利广场,113.767384,34.396806,0371-58670180;4009200205,8：00——22：00
新郑市,50121,清真菜馆,霸王茶姬(郑州新郑新田360店),新田360广场正门口一楼,113.74361,34.420658,17516208388,8：00——22：00
新郑市,50121,清真菜馆,新天地大酒店(郑州经贸学院店),龙湖镇双湖大道高坡岩西一街九九一品大虾北200米,113.711464,34.613203,0371-55882318;15515269688,8：00——22：00
新郑市,50121,清真菜馆,七若滋·蛋糕面包(华信店),剑桥郡南4门旁,113.753983,34.416705,0371-55385955,8：00——22：00
新郑市,50121,清真菜馆,好想你(新郑薛店店),薛店大道与文化路交叉口南100米路东世纪广场西南角,113.799394,34.489878,0371-62581199,8：00——22：00
新郑市,50121,清真菜馆,德克士(华福御景店),河南省郑州市新郑市薛店镇友谊路东段北侧哈芙超市对面一楼德克士,113.8031,34.488941,0371-62588158,8：00——22：00
新郑市,50121,清真菜馆,柒喜铁板烧,富田路与泰山路交叉口北140米,113.711583,34.595158,15617578800,8：00——22：00
新郑市,50121,清真菜馆,塔斯汀中国汉堡(高坡岩店),龙湖镇双湖大道高坡岩步行街,113.711285,34.611795,13015543898,8：00——22：00
新郑市,50121,清真菜馆,康师傅私房牛肉面KSF(机场天禾餐厅),航空港区机场迎宾大道T2航站楼2F层(新郑机场地铁站A口旁),113.852914,34.52617,0371-58513079,8：00——22：00
新郑市,50121,清真菜馆,星巴克(郑州新郑机场出发厅店),航空港区新郑机场T2航站楼5层国际/港澳台G出发厅,113.855064,34.526638,0371-89909972,8：00——22：00
新郑市,50121,清真菜馆,1点点(文昌路店),,113.68767,34.596486,16638180750,8：00——22：00
新郑市,50121,清真菜馆,七若滋·蛋糕面包(祥安路店),康桥九溪郡5号门旁,113.724316,34.604734,0371-55385155;15617666151,8：00——22：00
新郑市,50121,清真菜馆,益禾堂(新郑升达文昌路店),宝相寺北一街口,113.687622,34.596706,19137436378,8：00——22：00
新郑市,50121,清真菜馆,蓝塔烘焙(龙湖锦艺城购物中心店),双湖大道152号龙湖锦艺城购物中心F1层,113.726927,34.614068,15324942408,8：00——22：00
新郑市,50121,清真菜馆,同文桥咖啡馆(西亚斯店),人民路西亚斯大学外教楼1层大厅,113.766114,34.396402,13838100673,8：00——22：00
新郑市,50121,清真菜馆,炭佬味齐齐哈尔鲜切烤肉自助(祥安路店),龙湖镇祥安路与龙湖大道交叉口向东200米南侧小乔府苑小区1号楼13-14号商铺,113.685333,34.604028,19138182329,8：00——22：00
新郑市,50121,清真菜馆,炭佬味齐齐哈尔烤肉自助(新郑新壹城店),创业路与政通路口新壹城第4栋1层18号商铺,113.744762,34.420191,17610162769,8：00——22：00
新郑市,50121,清真菜馆,茶百道(郑州新郑西亚斯店),新烟街道人民路433号,113.767524,34.395384,19337120016,8：00——22：00
新郑市,50121,清真菜馆,七若滋·蛋糕面包(西亚斯店),人民路与渔夫子路交叉口向西50米路南,113.766002,34.395363,0371-62535099,8：00——22：00
新郑市,50121,清真菜馆,七若滋(金立方店),龙湖镇泰山路金立方广场一楼,113.685354,34.599963,0371-62566556,8：00——22：00
新郑市,50121,清真菜馆,喜茶(新郑华盛奥特莱斯店),龙湖镇华南城华盛奥特莱斯1层B区06号,113.727498,34.603787,15617528592,8：00——22：00
新郑市,50121,清真菜馆,CoCo都可(龙湖锦艺城店),龙湖镇双湖大道152号龙湖锦艺城三层3F-10商铺,113.726906,34.613107,18037803601,8：00——22：00
新郑市,50121,清真菜馆,郑喜旺烧烤(新郑北区店),郑新路与怡和路交叉口往西300米,113.725944,34.416694,15617420005,8：00——22：00
新郑市,50121,清真菜馆,茶百道(郑州新郑高坡岩店),龙湖镇双湖大道3号茶百道,113.711611,34.611247,18836620718,8：00——22：00
新郑市,50121,清真菜馆,瑞幸咖啡(万佳商业广场店),龙湖镇双湖大道万佳商业广场1号门一层A001,113.715958,34.611938,4000100100,8：00——22：00
新郑市,50121,清真菜馆,好想你(新郑华南城店),华南城一路与求实路交叉口西北角好想你,113.732202,34.606541,0371-56077079,8：00——22：00
新郑市,50121,清真菜馆,新郑凯歌酒店,新建路372号,113.73311,34.397649,0371-60996268,8：00——22：00
新郑市,50121,清真菜馆,七若滋·蛋糕面包(玉前路店),玉前路与洧水路交叉口东南角(玉前路西侧62号),113.749586,34.39283,0371-62686698;17319711882,8：00——22：00
新郑市,50121,清真菜馆,爵士牛排(广场店),洧水路中段106号,113.738782,34.392744,0371-85955188,8：00——22：00
新郑市,50121,清真菜馆,画宝刚道口烧鸡(渔夫子路店),烟厂大街与渔夫子路交叉口西北40米,113.764689,34.384814,13733816525,8：00——22：00
新郑市,50121,清真菜馆,塔斯汀中国汉堡(薛店店),友谊路与薛店大道交叉口东南角,113.799492,34.488986,17335759027,8：00——22：00
新郑市,50121,清真菜馆,小路快跑,龙湖镇小乔社区三里岗村,113.702669,34.607595,17630731562,8：00——22：00
新郑市,50121,清真菜馆,全有红光肉店(新村店),桃园路南30米路西,113.714613,34.433681,0371-62623599,8：00——22：00
新郑市,50121,清真菜馆,古茗(新郑高坡岩店),龙湖镇高坡岩小吃街,113.711579,34.611412,18839573113,8：00——22：00
新郑市,50121,清真菜馆,塔斯汀中国汉堡(新郑市沙窝李店),文昌路沙窝李市场一排6号,113.687708,34.628086,18595675816,8：00——22：00
新郑市,50121,清真菜馆,品味00蛋糕(丹石街区店),龙湖镇滨湖路丹石街区B区A号1-2层105,113.703943,34.63298,0371-55661800,8：00——22：00
新郑市,50121,清真菜馆,豫碗香老烩面(八千店),航空港区东海快捷酒店北门西250米,113.83006,34.375315,0371-62421973;13592491153,8：00——22：00
新郑市,50121,清真菜馆,德克士(富田兴和湾餐厅),鸿鹄路199号富田幸福里1-211-22商铺,113.69603,34.635804,13676989901,8：00——22：00
新郑市,50121,清真菜馆,源麦甜(万佳店),双湖大道国际艺术幼儿园旁边,113.71517,34.610733,15516595765,8：00——22：00
新郑市,50121,清真菜馆,必胜客(郑州西亚斯学院店),肯尼迪大楼东南门北60米,113.767692,34.398532,4009701890,8：00——22：00
新郑市,50121,清真菜馆,森虎虾尾·烧烤酒场(新郑直营旗舰店)(暂停营业),创业路与湖滨路交叉口湖滨1号大厦西北角,113.749168,34.41922,15538267387,8：00——22：00
新郑市,50122,台湾菜,窝窝侠手切卤肉饭(奥特莱斯店),郑新快速路与双湖大道交汇处郑州华盛奥特莱斯F1,113.728562,34.604126,13803813620,8：00——22：00
新郑市,50122,台湾菜,苏尔曼青海牛肉面,航空港区台湾科技园青海苏尔曼牛肉面,113.815293,34.500647,17029735888,8：00——22：00
新郑市,50123,潮州菜,潮汕私房菜(航南新城店),航空港区新港大道航南新城22号楼1号铺,113.819111,34.491817,19059609100,8：00——22：00
新郑市,50123,潮州菜,李吃吃火锅烧烤食材(龙湖店),祥和路26号,113.693775,34.619025,18135793226,8：00——22：00
新郑市,50123,潮州菜,牛肉板面隆江猪脚饭,龙湖镇三里岗村中街由东向西55米路北6066号,113.700819,34.606901,18039607979,8：00——22：00
新郑市,50200,外国餐厅,8寸意式餐厅(郑州华盛奥特莱斯店),龙湖镇双湖大道郑州华盛奥特莱斯店四楼,113.727818,34.604147,13137718281,8：00——22：00
新郑市,50200,外国餐厅,郑州园博园洲际voco酒店-中餐厅,航空港区和睦路与苑林路交叉口北260米,113.869575,34.457325,15617651356,8：00——22：00
新郑市,50200,外国餐厅,轩湖小筑西餐&烤鸭店(新郑新壹城新田360广场店),政通路丽枫酒店一楼,113.744544,34.420699,0371-62525666;17536181076,8：00——22：00
新郑市,50200,外国餐厅,米村拌饭(华盛奥特莱斯店),环西路与华南城一路交汇处,113.726906,34.606168,15041576120,8：00——22：00
新郑市,50200,外国餐厅,小火炉韩式烤肉(西亚斯店),肯尼迪大楼东南门西70米,113.766981,34.397845,13552059735,8：00——22：00
新郑市,50200,外国餐厅,韩式寿司,新烟办人民东路,113.765152,34.395343,15537189998,8：00——22：00
新郑市,50200,外国餐厅,N多寿司(郑州西亚斯店),新烟街道人民路395号,113.765844,34.395312,18037338019,8：00——22：00
新郑市,50200,外国餐厅,熊家无二·韩式炸鸡(西亚斯店),新烟街道渔公二街68号,113.763675,34.394475,18137159091,8：00——22：00
新郑市,50200,外国餐厅,胖虎和牛·碳火烤肉,新区华祥喜度大厦26号商铺胖虎和牛,113.749275,34.420388,18103839658,8：00——22：00
新郑市,50200,外国餐厅,金三顺韩国料理(西亚斯店),城堡餐厅红场对面必胜客二楼三楼,113.767691,34.398627,17752533991,8：00——22：00
新郑市,50200,外国餐厅,福莱芝铁板炒鸡(龙湖万佳广场店),龙湖镇双湖大道万佳商业广场一楼1051-2,113.715678,34.612143,15713670406;17839955619,8：00——22：00
新郑市,50200,外国餐厅,韩釜烧自助烤肉(龙湖店),双湖大道3号高坡岩步行街牌坊门二楼,113.711658,34.610999,15937174167,8：00——22：00
新郑市,50200,外国餐厅,豪总管牛排(温莎城堡店),龙湖镇滨湖路118号绿都温莎城堡30号楼108商铺,113.703137,34.633119,18559183020,8：00——22：00
新郑市,50200,外国餐厅,华莱士·全鸡汉堡(龙湖维纲店),龙湖镇文昌路与祥云路交叉口向南100米路西,113.687709,34.628018,0371-62575008,8：00——22：00
新郑市,50200,外国餐厅,N多寿司(龙湖华盛奥特莱斯店),龙湖镇华南城华盛奥特莱斯购物中心四层B区A413号,113.726673,34.604925,13608429053,8：00——22：00
新郑市,50200,外国餐厅,N多寿司(凌霜街店),郑州航空港区凌霜街锦绣翠园东院北5号楼1层西户门面房,113.850122,34.58179,18537189907,8：00——22：00
新郑市,50200,外国餐厅,明洞1990韩式烤肉(龙湖万佳商业广场店),龙湖万佳商业广场一楼明洞韩式烤肉,113.715918,34.612697,18790655259,8：00——22：00
新郑市,50200,外国餐厅,N多寿司(友谊路店),薛店镇薛店大道与友谊路交叉口往南50米路西,113.798575,34.488496,18703607020,8：00——22：00
新郑市,50200,外国餐厅,简素轻食,渔公二街与郑风三街交叉口东北40米,113.765215,34.394332,18838915719,8：00——22：00
新郑市,50200,外国餐厅,N多寿司(郑州锦艺城店),龙湖镇双湖大道152号龙湖锦艺城购物中心N/A区三层3F-13A,113.72653,34.613359,19937081188,8：00——22：00
新郑市,50200,外国餐厅,N多寿司(郑州龙湖万佳商业广场店),龙湖镇世纪公元1056-11-1号,113.71529,34.612249,18838987808,8：00——22：00
新郑市,50200,外国餐厅,木井寿司,祥和路与文昌路交叉口东南140米,113.689249,34.618656,15517198887,8：00——22：00
新郑市,50200,外国餐厅,鱼寿司(丹尼斯店),丹尼斯庆都广场四楼米思鱼寿司,113.749075,34.394962,18538158712,8：00——22：00
新郑市,50200,外国餐厅,新纳西(永丰乐城阳光里店),祥云路辅路与经五路交叉口北60米,113.70007,34.629416,19943814618,8：00——22：00
新郑市,50200,外国餐厅,糯米饭团寿司(高坡岩店),高坡岩步行街与双湖大道交叉口北40米,113.711487,34.611248,13676923013,8：00——22：00
新郑市,50200,外国餐厅,佑熙家韩式紫菜包饭,文化路525号,113.736333,34.399966,18339820078,8：00——22：00
新郑市,50200,外国餐厅,N多寿司(郑州工业应用技术学院店),新区管委会湖滨路与创业路交叉口湖滨1号1层1002号商铺,113.748738,34.419474,15286838012,8：00——22：00
新郑市,50200,外国餐厅,张姐杂粮面馆,方润路(新郑育才外国语小学西南侧约50米),113.670942,34.634729,15649009079,8：00——22：00
新郑市,50200,外国餐厅,吴记热干面(百美经典店),新华路卫生计生服务中心东北侧80米,113.752455,34.379891,15713812939;17319761788,8：00——22：00
新郑市,50200,外国餐厅,N多寿司(郑州富田幸福里店),龙湖镇紫荆山南路富田幸福里商场1层1-32-1号,113.696435,34.635882,13503833167,8：00——22：00
新郑市,50201,西餐厅(综合风味),山西面食王(G343店),航空港区东海快捷酒店北门西300米,113.829598,34.375316,18295989087,8：00——22：00
新郑市,50201,西餐厅(综合风味),胖仔陕西老碗面,新郑市航空港区比亚迪三期西门百汇新天地小吃街3号楼A3108,113.931566,34.401945,15515875875,8：00——22：00
新郑市,50201,西餐厅(综合风味),老碗面姐妹米皮,航空港区铁南小街与人民路交叉口西20米,113.8289,34.374709,13633836980,8：00——22：00
新郑市,50201,西餐厅(综合风味),扣碗乡(八千店),郑州航空港区八千人民路北段路西,113.828939,34.374292,15517111533,8：00——22：00
新郑市,50201,西餐厅(综合风味),山水信阳(信阳菜),郑韩路西里巷85号,113.724625,34.404844,15937197092;18638653977,8：00——22：00
新郑市,50201,西餐厅(综合风味),李记美食城,航空港区龙王办仙霞街与幸安路西南角东方水岸洗浴西10米李记美食城,113.849515,34.439219,13213079298;13838236985,8：00——22：00
新郑市,50201,西餐厅(综合风味),兄弟烧烤(郑州航空港经济综合实验区店),航空港区东海快捷酒店北门西290米,113.829757,34.375378,13526250516,8：00——22：00
新郑市,50201,西餐厅(综合风味),恒源饭店(G240店),航空港区尉氏县华泰金属有限公司西北门旁,114.051916,34.330314,13069319619;13633780324,8：00——22：00
新郑市,50201,西餐厅(综合风味),余记信阳味道(云港路店),郑港街道郑州市航空港区长安路云港路西200米路南,113.831413,34.537088,13218108979,8：00——22：00
新郑市,50201,西餐厅(综合风味),金良缘食府,航空港区岗李乡寺下沈村西,113.941847,34.374282,17503979704,8：00——22：00
新郑市,50201,西餐厅(综合风味),山西农家馍,航空港区343国道与049乡道交叉口西220米,113.828885,34.37086,15937192108,8：00——22：00
新郑市,50201,西餐厅(综合风味),沙县双荣名小吃,航空港区八千乡人民路西则,113.828938,34.374608,17760785035,8：00——22：00
新郑市,50201,西餐厅(综合风味),老山西面馆(兴岗大道店),航空港区岗李医院西北门南80米,113.922412,34.366335,15835956691,8：00——22：00
新郑市,50201,西餐厅(综合风味),山西面馆,航空港区大马乡门张小学东南门西70米,113.963001,34.373047,17535734851,8：00——22：00
新郑市,50201,西餐厅(综合风味),何一勺过桥米线(孟庄店),孟庄中心社区C区西南门旁,113.81711,34.580631,15039075017,8：00——22：00
新郑市,50201,西餐厅(综合风味),家乡小厨(G343店),航空港区铁南小街与人民路交叉口西260米,113.826463,34.374243,13503993355,8：00——22：00
新郑市,50201,西餐厅(综合风味),铜福涮羊肉,航空港区铁南小街与人民路交叉口西200米,113.826918,34.374623,19103802552,8：00——22：00
新郑市,50201,西餐厅(综合风味),家宴全羊馆,航空港区东海快捷酒店北门西400米,113.828754,34.37556,13938546906,8：00——22：00
新郑市,50201,西餐厅(综合风味),岑记羊肉汤饹饹面,航空港区八千乡君赵完全小学西门北330米,113.831382,34.373802,15517823159,8：00——22：00
新郑市,50201,西餐厅(综合风味),沂蒙炒鸡,航空港区文博路与343国道交叉口西80米,113.922753,34.369869,19339975444,8：00——22：00
新郑市,50201,西餐厅(综合风味),客来顺铁锅炖,航空港区双鹤四街与幸安西路交叉口西200米,113.838394,34.438672,15896880666;18436660666,8：00——22：00
新郑市,50201,西餐厅(综合风味),手工米皮,竹林中医综合诊所西侧90米,113.684126,34.628784,18238943168,8：00——22：00
新郑市,50201,西餐厅(综合风味),放心早点(长安路店),航空港区豫翔宾馆西北门南490米,113.83177,34.531696,15037183986,8：00——22：00
新郑市,50201,西餐厅(综合风味),家门口信阳菜(文苑小区店),航空港区盛世文园南门西100米,113.820947,34.482444,18339295210,8：00——22：00
新郑市,50201,西餐厅(综合风味),李记牛肉胡辣汤,航空港区枣园宿舍进口向左50米路西140-8号,113.833544,34.559796,17550213997,8：00——22：00
新郑市,50201,西餐厅(综合风味),武汉特色包子店,航空港区第一二九中学北门西130米,113.830921,34.370426,13028060690;13546164456,8：00——22：00
新郑市,50201,西餐厅(综合风味),吉隆饺子手擀面(薛店店),隆府新城东北门西80米,113.795561,34.483326,0371-62663666;18703830431,8：00——22：00
新郑市,50201,西餐厅(综合风味),正宗河间驴肉火烧(云港路店),航空港区润丰·悦尚二区西门东南90米,113.83261,34.536873,18333021031,8：00——22：00
新郑市,50201,西餐厅(综合风味),武汉热干面(家联华购物中心西),航空港区新港大道与星港路交叉口东南180米,113.824789,34.516528,15238637032,8：00——22：00
新郑市,50201,西餐厅(综合风味),金顺馋嘴鸡,航空港鹤首西路3号1号楼6层601号,113.838116,34.405873,19937853633,8：00——22：00
新郑市,50201,西餐厅(综合风味),梅河人家饭店,航空港区祥里路与双鹤四街交叉口西420米,113.836032,34.435466,15515624896,8：00——22：00
新郑市,50201,西餐厅(综合风味),街边牛排,航空港区如舞路与乔松街三号安置区东门,113.830751,34.492091,18736039812,8：00——22：00
新郑市,50201,西餐厅(综合风味),乡里香烧饼,航空港区八千乡君赵完全小学西门南70米,113.831291,34.370826,15939013816,8：00——22：00
新郑市,50201,西餐厅(综合风味),大马美膳居美食馆,航空港区大马乡派出所西南侧140米,114.015938,34.368828,13633780685,8：00——22：00
新郑市,50201,西餐厅(综合风味),养生香粥坊(岗李店),航空港区永鑫加油站向北15米路西养生香粥坊,113.923421,34.36989,13838079371;15713802911,8：00——22：00
新郑市,50201,西餐厅(综合风味),新郑市厨锦香饭店,薛店镇解放北路西侧润丰新尚一期107商铺,113.780642,34.476443,13523534342,8：00——22：00
新郑市,50201,西餐厅(综合风味),刘先森砂锅炒菜,航空港区大马乡人民政府南门西310米,114.005609,34.368696,18513941676,8：00——22：00
新郑市,50201,西餐厅(综合风味),尚捞旋转小火锅(G343店),航空港区郑州软件职业技术学院西南侧200米,113.823062,34.374712,18737081425;18737801425,8：00——22：00
新郑市,50201,西餐厅(综合风味),二哥小吃,航空港区第一二九中学北门西110米,113.831058,34.370368,13837137716,8：00——22：00
新郑市,50201,西餐厅(综合风味),美滋滋小吃店(机场店),航空港区翱翔路与长安路交叉口西200米,113.832734,34.543482,13693984584,8：00——22：00
新郑市,50201,西餐厅(综合风味),绝味鸭脖(机场店),航空港区振兴路与迎宾大道交叉口向北100米路西,113.832659,34.535265,15838200308,8：00——22：00
新郑市,50201,西餐厅(综合风味),李师傅煲仔饭,航空港区航安二街与机场六路交叉口西180米,113.834228,34.539888,19037138087,8：00——22：00
新郑市,50201,西餐厅(综合风味),鸡公煲(岗李店),航空港区岗李敬老院西50米,113.918375,34.368907,13781861181;15836983518,8：00——22：00
新郑市,50201,西餐厅(综合风味),面佬香小吃店,航空港区长安路与云港路交叉口西南180米,113.832283,34.535507,18838153395,8：00——22：00
新郑市,50201,西餐厅(综合风味),王记私房菜馆,航空港区224省道西侧,113.999073,34.346116,15890980308,8：00——22：00
新郑市,50201,西餐厅(综合风味),粮库羊双肠,航空港区343国道与224省道交叉口西80米,114.006042,34.368694,18749872789,8：00——22：00
新郑市,50201,西餐厅(综合风味),巴川火锅,航空港区岗李乡文博路西5号,113.920869,34.370333,13598026226,8：00——22：00
新郑市,50201,西餐厅(综合风味),阿利茄汁面(振兴北路店),航空港区豫翔宾馆西北门南80米,113.832832,34.534667,15516181807,8：00——22：00
新郑市,50201,西餐厅(综合风味),玖合茶庄,航空港区裕鸿世界港·丽宫西1门旁,113.842441,34.569768,17719837111,8：00——22：00
新郑市,50201,西餐厅(综合风味),逍遥镇胡辣汤(郑州航空港经济综合实验区店),航空港区华夏大道与远航路交叉口西南120米,113.833599,34.560037,15038326806,8：00——22：00
新郑市,50201,西餐厅(综合风味),家常菜馆,航空港区岗李医院西北门南100米,113.922409,34.366188,15039035094;15736891790,8：00——22：00
新郑市,50201,西餐厅(综合风味),鸣升鲜炒鸡八千店,航空港区东海快捷酒店北门西北150米,113.831038,34.375237,15003857002,8：00——22：00
新郑市,50201,西餐厅(综合风味),五谷渔粉(机场店),航空港区翠园别墅西北门西北60米,113.832996,34.536678,13503480576,8：00——22：00
新郑市,50201,西餐厅(综合风味),禹州烩菜,航空港区格蓝酒店西北门北120米,113.834039,34.53933,18837477692,8：00——22：00
新郑市,50201,西餐厅(综合风味),山西张雷油泼面,航空港区明港办事处工业十路梧桐华府,113.834823,34.387269,13935972474,8：00——22：00
新郑市,50201,西餐厅(综合风味),逍遥牛肉胡辣汤,航空港区大马乡门张小学东南门西北130米,113.962589,34.373299,13298267618,8：00——22：00
新郑市,50201,西餐厅(综合风味),牛牛签串串香(郑州航空港经济综合实验区店),航空港区计生街与商场街交叉路口向西150米路南,113.826983,34.373316,18603826029,8：00——22：00
新郑市,50201,西餐厅(综合风味),西部鲜炒鸡,航空港区岗李乡文博路45号一楼商铺,113.919846,34.369771,17752550606,8：00——22：00
新郑市,50201,西餐厅(综合风味),养生香粥坊(候家集店),航空港区G343门张小学西北侧香满楼食府对面,113.962972,34.373047,15713802911,8：00——22：00
新郑市,50201,西餐厅(综合风味),洛阳饭馆,航空港区华夏大道与翱翔路交叉口向西二百米洛阳饭馆,113.827573,34.543817,18736397855,8：00——22：00
新郑市,50300,快餐厅,正新鸡排(郑州龙湖店),孙庄社区东门西160米,113.687575,34.599975,13598835471;4008218566,8：00——22：00
新郑市,50300,快餐厅,外婆家米皮,洧水路483号,113.748974,34.392433,15637197776,8：00——22：00
新郑市,50300,快餐厅,太子浓心小锅米线,双湖大道龙湖锦艺城3楼3F-04A,113.726201,34.613726,13703932960,8：00——22：00
新郑市,50300,快餐厅,方中山胡辣汤(祥安路店),祥安路39号靠近新郑农商银行龙湖支行(信用报告查询处),113.688904,34.604462,18638571518;19525574080,8：00——22：00
新郑市,50300,快餐厅,二勇米皮店(新郑商业街店),新华路街道轩辕路56号,113.73042,34.400375,15039052689,8：00——22：00
新郑市,50300,快餐厅,满芳兰庭羊肉汤烩面(新郑店),浩创·东方国际C区东2门北120米,113.77189,34.393631,18603850766,8：00——22：00
新郑市,50300,快餐厅,油麻港辣子鸡手擀面(龙湖镇锦艺城店),龙湖锦艺城1期,113.725557,34.614422,19037802765,8：00——22：00
新郑市,50300,快餐厅,方中山胡辣汤(文昌路店),文昌路58-41号,113.687389,34.622065,19903815080,8：00——22：00
新郑市,50300,快餐厅,方永结中式快餐烩面(港区店),航空港区长安路26-19号,113.83332,34.538402,13137725085;17303861123,8：00——22：00
新郑市,50300,快餐厅,柳州肥姨妈大骨螺蛳粉(龙湖文昌店),龙湖镇文昌路与祥安路交叉口向北50米路东24号,113.688008,34.604761,18039557696,8：00——22：00
新郑市,50300,快餐厅,绝味鸭脖(新郑文化路店),文化路四发对面,113.736362,34.395781,15117894502,8：00——22：00
新郑市,50300,快餐厅,柳州肥姨妈大骨螺蛳粉(洧水路店),洧水路226号,113.740497,34.393198,18538323819,8：00——22：00
新郑市,50300,快餐厅,姐弟俩土豆粉(郑州新郑市新壹城店),创业路政通路新壹城一楼姐弟俩店,113.74361,34.420658,13213090953,8：00——22：00
新郑市,50300,快餐厅,丁福吉锅盔.裹凉皮和南昌拌粉(中华路店),中华路352号中华城万佳量贩北侧,113.741445,34.394265,13838041043,8：00——22：00
新郑市,50300,快餐厅,太子浓心招牌炸酱小锅米线(新郑新壹城店),创业路新壹城3楼L312店铺,113.742995,34.420918,17838729157,8：00——22：00
新郑市,50300,快餐厅,新新饺子(二社区店),新村大道故里新家园6号楼11号商铺,113.746787,34.434191,0371-60903586,8：00——22：00
新郑市,50300,快餐厅,赵记红光非遗卤肉烩面(公园里直营店),康庄大道万达公园里A2-11号,113.756741,34.39291,15538106676,8：00——22：00
新郑市,50300,快餐厅,方中山胡辣汤(郭店),郭店镇黄金大道雅乐轩假日酒店一楼,113.707619,34.53597,13653848100,8：00——22：00
新郑市,50300,快餐厅,方大同胡辣汤(新郑总店),北区米兰小镇西门创业路与同乐路交叉口向北200米,113.758199,34.418852,13592611293;15093176790,8：00——22：00
新郑市,50300,快餐厅,德克士(新郑万佳店),人民路西段356号万佳时代广场F1,113.747268,34.395729,16638109666,8：00——22：00
新郑市,50300,快餐厅,肯德基(正商智慧城店),学文路北侧,113.70224,34.645257,17335752220,8：00——22：00
新郑市,50300,快餐厅,德克士(湖滨壹号店),湖滨路与创业路交叉口东南角万佳省心店一楼,113.749385,34.418918,0371-53329996,8：00——22：00
新郑市,50300,快餐厅,华莱士·全鸡汉堡(西亚斯店),红旗区新中大道人民东路东南角星海中心一层1-005号房,113.76479,34.395372,0371-85011617,8：00——22：00
新郑市,50300,快餐厅,德克士(比亚迪百汇店),航空港区福广街与鸿泽路交叉口北280米,113.931837,34.402377,0371-88036727;15738836566,8：00——22：00
新郑市,50300,快餐厅,塔斯汀中国汉堡(祥安路店),康桥溪桂园北门旁,113.722252,34.604054,15515500138,8：00——22：00
新郑市,50300,快餐厅,麦当劳(郑州工业应用技术学院店),中心城区新区建设管理委员会学院路16号华信学院内锦绣食府,113.758681,34.414813,4008517517,8：00——22：00
新郑市,50300,快餐厅,德克士(郑州昇达经贸管理学院店),龙湖镇文昌路1号升达经贸学院院内临湖别墅01号,113.690552,34.5925,13203722238,8：00——22：00
新郑市,50300,快餐厅,塔斯汀中国汉堡(祥和路店),龙湖镇文昌路与祥和路交叉口向南200米路东文多多超市楼下,113.688069,34.616579,19069610860,8：00——22：00
新郑市,50300,快餐厅,麦加美汉堡(岗李店),航空港区岗李乡,113.918953,34.3681,15093611266,8：00——22：00
新郑市,50300,快餐厅,肯德基(文昌路店),龙湖镇文昌路与泰山路交叉口向南100米路西龙湖商业广场1层,113.687374,34.598932,4009200715,8：00——22：00
新郑市,50300,快餐厅,麦加美汉堡(华信店),碧水蓝天东1门旁,113.757948,34.417484,13525539532,8：00——22：00
新郑市,50300,快餐厅,塔斯汀中国汉堡(新郑龙湖锦艺城购物中心店),龙湖锦艺城2号门好贩集B30号,113.724878,34.613922,17698606663,8：00——22：00
新郑市,50300,快餐厅,麦加美汉堡(八千乡店),航空港区八千乡卫生院向南100米,113.82822,34.370585,15343717001,8：00——22：00
新郑市,50300,快餐厅,塔斯汀中国汉堡(炎黄小区店),人民路与文化路交叉口东北角5间房,113.736331,34.395867,13592552581,8：00——22：00
新郑市,50300,快餐厅,麦加美汉堡(薛店餐厅),薛店镇薛店大道农业银行对面,113.800411,34.497135,13525503840,8：00——22：00
新郑市,50300,快餐厅,塔斯汀中国汉堡(华信学院店),中华北路东侧少典路北侧碧水苑7号楼1单元104商铺,113.757997,34.416814,18838002056,8：00——22：00
新郑市,50300,快餐厅,华莱士·全鸡汉堡(龙湖金博大),金博大购物中心北门旁,113.678056,34.599682,18538583290,8：00——22：00
新郑市,50300,快餐厅,多美士炸鸡汉堡(文昌店),龙湖镇金菊街悦府海棠16号楼2单元1层105号商铺,113.686929,34.622661,17737151065,8：00——22：00
新郑市,50300,快餐厅,华莱士·全鸡汉堡(西亚斯店),渔公二街与渔夫子路交叉口西南20米,113.76631,34.394291,0371-85011617,8：00——22：00
新郑市,50300,快餐厅,肯德基(新郑新壹城店),创业路新壹城10号楼一楼,113.742678,34.420087,0371-55075929,8：00——22：00
新郑市,50300,快餐厅,华莱士·全鸡汉堡(高坡岩店),龙湖镇高坡岩市场,113.713159,34.611263,4008226004,8：00——22：00
新郑市,50300,快餐厅,塔斯汀中国汉堡(新郑市西亚斯校外店),人民路430号,113.765849,34.395688,15286802015;17329335922,8：00——22：00
新郑市,50300,快餐厅,塔斯汀中国汉堡(新郑市新壹城店),新壹城6栋1层113-114-115号,113.743546,34.419686,16696008388,8：00——22：00
新郑市,50300,快餐厅,麦当劳(新郑国际机场出发层餐厅),航空港区新郑国际机场出发层(安检外南侧二楼),113.855064,34.526638,4009200205,8：00——22：00
新郑市,50300,快餐厅,天天粥棚(桥航路店),郑州航空港区锦绣翠园冢刘村门面房2号4(桥航路小学北门斜对面),113.848192,34.580556,0371-55558687,8：00——22：00
新郑市,50300,快餐厅,西岐一绝(洧水路店),洧水路东段493号,113.749186,34.392899,15229978375,8：00——22：00
新郑市,50300,快餐厅,塔斯汀中国汉堡(中原工学院),中原工学院龙湖校区内南苑餐厅南边,113.689953,34.582758,19139978811,8：00——22：00
新郑市,50300,快餐厅,肯德基(薛店店),友谊路103号,113.802748,34.488484,15617566198,8：00——22：00
新郑市,50300,快餐厅,于谦谦生烫牛肉米线(龙湖店),龙湖镇双湖大道与高坡岩西二街交叉口往东20米,113.712612,34.611251,18238113481;18239973717,8：00——22：00
新郑市,50300,快餐厅,螺专甲螺蛳粉(锦艺城店),龙湖锦艺城41号楼一单元105,113.725825,34.614373,18137889039,8：00——22：00
新郑市,50300,快餐厅,麦加美汉堡(辛店餐厅),辛店镇农商银行东20米对面,113.604225,34.388625,13838539008,8：00——22：00
新郑市,50300,快餐厅,华莱士·全鸡汉堡(郑州薛店),友谊路与岳庄街交叉口西北40米,113.800424,34.489135,13253606186,8：00——22：00
新郑市,50300,快餐厅,正宗周口邓城叶氏猪蹄总店,龙湖镇龙湖大道与祥安路交叉口向东100路北,113.684756,34.604191,15290436465;17083600006,8：00——22：00
新郑市,50300,快餐厅,赵记红光卤肉烩面(双鹤湖店),航空港区科技一街与工业三路交汇处东北角二楼,113.852102,34.418611,16603855919,8：00——22：00
新郑市,50300,快餐厅,阳奶佬螺蛳粉(渔公一街店),渔夫子路与渔公一街交叉路口1号,113.766406,34.394953,18807839058,8：00——22：00
新郑市,50300,快餐厅,华莱士·全鸡汉堡(新郑新壹城新田360广场店),新田360广场(新郑新壹城店),113.743572,34.419677,0371-63332167,8：00——22：00
新郑市,50300,快餐厅,豫碗香老烩面(孟庄中心社区店),孟庄中心社区C区(孟庄地铁站B口步行360米),113.81707,34.582719,0371-62531973;13592430809,8：00——22：00
新郑市,50300,快餐厅,米村拌饭(新郑新田360店),新田360广场(新郑新壹城店),113.744126,34.420268,15804266241,8：00——22：00
新郑市,50300,快餐厅,塔斯汀中国汉堡(郑州西亚斯学院伦敦街店),西亚斯学院伦敦街NO.20商铺,113.762344,34.402012,15286802015;18750090921,8：00——22：00
新郑市,50300,快餐厅,赵小辣胡辣汤(玉前路老店),玉前路200号(近金沙湾大酒店),113.753658,34.389757,13526516059,8：00——22：00
新郑市,50300,快餐厅,螺专甲螺蛳粉(凌霜街店),郑州航空港区凌霜街36号万科榭香园19号楼B15号,113.849593,34.582846,13526669144,8：00——22：00
新郑市,50300,快餐厅,黄手艺冒菜(新田360广场新郑新壹城店),新田360广场(新郑新壹城店),113.743532,34.420702,17803717548,8：00——22：00
新郑市,50300,快餐厅,秦芝香米皮(解放路店),解放路南段436号,113.770628,34.383854,13838114696;18836626262,8：00——22：00
新郑市,50300,快餐厅,塔斯汀中国汉堡(新郑市郭店店),郭店镇黄金大道与老郑新路交叉口东北角50米路东,113.711386,34.53731,18837115326,8：00——22：00
新郑市,50300,快餐厅,油麻港·辣子鸡手擀面(郑州机场店),航空港区长安路云港路交叉口向南50米路东,113.833146,34.536024,19545676788,8：00——22：00
新郑市,50300,快餐厅,洛阳南关小碗牛肉汤,解放路东方国际16-1107,113.771875,34.393066,18238827111;18737112216,8：00——22：00
新郑市,50300,快餐厅,申记北舞渡胡辣汤(荷园店),航空港区郑港二街锦绣荷园11号楼5号(荷园小区东门门口),113.845751,34.580125,17752536995,8：00——22：00
新郑市,50300,快餐厅,塔斯汀中国汉堡(华信校内店),新区管委会郑州工业应用技术学院L109号-L110号,113.758554,34.414026,18574170398,8：00——22：00
新郑市,50300,快餐厅,肯德基(新郑服务区),航空港区京港澳高速新郑服务区西区,113.810603,34.456351,13525576182,8：00——22：00
新郑市,50300,快餐厅,鸡柳大人(西亚斯店),人民路与渔夫子路交叉口向南10米鸡柳大人(西亚斯店),113.766509,34.395285,15939006605;18338845812,8：00——22：00
新郑市,50300,快餐厅,绝味鸭脖(新郑华信学院店),碧水蓝天南1门旁,113.757944,34.416761,15117894502,8：00——22：00
新郑市,50300,快餐厅,洋月烤面筋,人民路278号,113.761738,34.395814,13838207053,8：00——22：00
新郑市,50300,快餐厅,毛记新疆炒米粉,高坡岩第二道街东六号,113.712497,34.611985,18574158614,8：00——22：00
新郑市,50300,快餐厅,湖南米粉牛肉面,薛店镇薛店大道南段白象对面,113.798682,34.486668,13838364310;15903992913,8：00——22：00
新郑市,50300,快餐厅,涛鹤奶酪朝鲜面,莲花路北侧5号,113.796785,34.483645,0371-62583381;15036068489,8：00——22：00
新郑市,50300,快餐厅,二勇米皮(西亚斯旗舰店),渔夫子路80号,113.766172,34.393158,17365980022,8：00——22：00
新郑市,50300,快餐厅,徐记米皮店,文昌路与祥安路交叉口西北300米,113.68558,34.606343,13838371861,8：00——22：00
新郑市,50300,快餐厅,塔斯汀中国汉堡(八千店),航空港区铁南小街与人民路交叉口南100米,113.82907,34.373827,15738508675,8：00——22：00
新郑市,50300,快餐厅,绝味鸭脖(薛店大道店),薛店镇薛店大道与文化路交叉口向北50米世纪广场西侧,113.799083,34.490879,15937163052,8：00——22：00
新郑市,50300,快餐厅,华莱士·全鸡汉堡(一江弘城店),一江弘城1期南门西90米,113.769334,34.407887,0371-60911556;19103803690,8：00——22：00
新郑市,50300,快餐厅,张记朝鲜冷面,唯秀KTV旁,113.741415,34.385609,13700854207;15515718286,8：00——22：00
新郑市,50300,快餐厅,华莱士·全鸡汉堡(龙湖锦艺城1期店),双湖大道与环西路交叉口北300米,113.726804,34.614434,17700639307,8：00——22：00
新郑市,50300,快餐厅,钟喜螺蛳粉,文昌路34号,113.687683,34.597206,18877260088,8：00——22：00
新郑市,50300,快餐厅,杨国福麻辣烫(锦艺城店),龙湖镇郑新快速路与双湖大道交叉口锦艺城天麓42-2-104,113.726379,34.61438,18103845167,8：00——22：00
新郑市,50300,快餐厅,清真苏李记(龙湖锦艺城店),龙湖镇双湖大道龙湖锦艺城11号楼3单元102号商铺,113.724214,34.618301,18203624241,8：00——22：00
新郑市,50300,快餐厅,肯德基(新郑服务区东区店),航空港区京港澳高速新郑服务区西区,113.814792,34.455794,0371-89909767,8：00——22：00
新郑市,50300,快餐厅,姐弟俩土豆粉(郑州新郑市龙湖万佳商业广场店),龙湖镇双湖大道龙湖万佳商业广场,113.715633,34.61269,19937111759,8：00——22：00
新郑市,50300,快餐厅,张溜溜泡菜酸辣粉(恒源新城店),航空港区新港办事处三号安置区,113.828067,34.493727,18503884552;18703687591,8：00——22：00
新郑市,50300,快餐厅,清真兰州拉面(港区店),航空港区振兴路东50米(长安路南地铁站C口步行280米),113.83292,34.534962,15515817306;18530907782,8：00——22：00
新郑市,50300,快餐厅,润仟祥黄焖鸡·猪脚饭(港区店),航空港区翠园别墅西北门旁(长安路南地铁站C口步行460米),113.83332,34.536539,15059799989,8：00——22：00
新郑市,50300,快餐厅,高群生胡辣汤(智慧城店),龙湖镇崔垌新型社区10栋,113.70582,34.642469,19149407015,8：00——22：00
新郑市,50300,快餐厅,叶大兴炖肉胡辣汤(文昌路店),龙湖镇文昌路155号,113.687588,34.606624,13383850631,8：00——22：00
新郑市,50300,快餐厅,晓广拉面(新华路店),新华路159号,113.737804,34.389135,13603991060,8：00——22：00
新郑市,50300,快餐厅,谷满婉慢熬八宝粥胡辣汤(龙安社区2号院店),航空港区龙安社区2号院商业街1009号,113.858745,34.439676,19339970226,8：00——22：00
新郑市,50300,快餐厅,御喜螺骨汤螺蛳粉(万佳店),双湖大道万佳商业广场世纪公园一楼,113.715259,34.61207,13027784662;13673515769,8：00——22：00
新郑市,50300,快餐厅,九厘九夜包子·豆腐脑(龙湖祥和路店),祥和路30号,113.692259,34.6191,13523540521,8：00——22：00
新郑市,50300,快餐厅,熊麻婆现炒浇头面·饭(新郑市龙湖镇店),龙湖镇文昌路与祥安路交叉口向东100米路南20号,113.689813,34.604072,15634384305,8：00——22：00
新郑市,50300,快餐厅,华莱士·全鸡汉堡(法兰原著店),法兰原著38号楼一单元109(富田路西),113.711663,34.599093,4008226004,8：00——22：00
新郑市,50300,快餐厅,华莱士·全鸡汉堡(龙湖梧桐郡店),龙湖镇浩创梧桐郡A区16号楼二单元104,113.718825,34.623075,4008226004,8：00——22：00
新郑市,50300,快餐厅,平平烩面,文化路平平烩面,113.735854,34.392881,0371-60298299;17788104396,8：00——22：00
新郑市,50300,快餐厅,孙二娘包子铺,宝相寺步行街北50米,113.685332,34.596524,13253363158;17319702332,8：00——22：00
新郑市,50300,快餐厅,北舞渡牛肉胡辣汤(第八分店),航空港区四港联动大道裕鸿世界港裕鸿公寓西门15栋,113.839587,34.575192,15838190100,8：00——22：00
新郑市,50300,快餐厅,二勇米皮(薛店分店),薛店大道与金河大道交汇处西150米,113.796568,34.483631,13523717011;18237132021,8：00——22：00
新郑市,50300,快餐厅,豫碗香老烩面(幸福港湾店),仓城路幸福港湾9号楼6号,113.751012,34.379806,0371-63231973;18336351973,8：00——22：00
新郑市,50300,快餐厅,逍遥胡辣汤(翠园别墅店),航空港区长安路与云港路交叉口路南100米路东逍遥胡辣汤,113.833176,34.535983,13839422176,8：00——22：00
新郑市,50300,快餐厅,塔西披萨 TahiPizza,祥云路文昌路西南30米处,113.687756,34.628371,15314121554,8：00——22：00
新郑市,50300,快餐厅,融柳大铁牛螺蛳粉(龙湖升达店),宝相寺步行街北二街向西20米路北,113.687435,34.596258,15238031396,8：00——22：00
新郑市,50300,快餐厅,麦加美汉堡(褚庄路店),褚庄路帝都佳苑18号楼下1-2号门店房,113.716819,34.403198,16638087688,8：00——22：00
新郑市,50300,快餐厅,麦加美汉堡(梨河镇店),107国道东侧,113.73381,34.350281,15638893167,8：00——22：00
新郑市,50300,快餐厅,速味居黄焖鸡米饭(高坡岩步行街店),龙湖镇双湖大道高坡岩第一街道交叉口东10新苑网络下号,113.711943,34.611174,15713830807,8：00——22：00
新郑市,50300,快餐厅,方中原鲜炖牛肉胡辣汤(康桥溪桂园店),龙湖镇祥安路与吉昌路交叉口东20米路南溪桂园2号楼2单元1层106,113.72146,34.60404,13253537065,8：00——22：00
新郑市,50300,快餐厅,润仟祥黄焖鸡(工程南门店),祥和路河南工程学院南门东斜对面,113.69299,34.619057,15639270868;15937161250,8：00——22：00
新郑市,50300,快餐厅,湖南米粉牛肉面(泰山路店),大爱城南门旁,113.712941,34.593858,17729727321;18037880933,8：00——22：00
新郑市,50300,快餐厅,正宗北舞渡胡辣汤,航空港区盛世文园北门A038,113.823631,34.485952,15738382201,8：00——22：00
新郑市,50300,快餐厅,月亮米砂锅麻酱米线(文昌路店),文昌路6号附近,113.687744,34.606512,13253621663,8：00——22：00
新郑市,50300,快餐厅,华莱士·全鸡汉堡(龙湖兴和湾店),富田兴和湾,113.698701,34.637328,4008226004,8：00——22：00
新郑市,50305,茶餐厅,郭大锤糖水铺(薛店镇店),薛店镇友谊广场西侧一百米,113.800081,34.488104,13683818763,8：00——22：00
新郑市,50305,茶餐厅,日夜食光融合音乐餐吧,人民路436号(新西里超市旁),113.76787,34.395438,19059523996,8：00——22：00
新郑市,50305,茶餐厅,迪欧咖啡(龙湖店),龙湖镇富田兴龙湾SYA2号楼101号1-2层,113.712338,34.59395,0371-85015678;15993095980,8：00——22：00
新郑市,50305,茶餐厅,沪上阿姨·精选茶饮(郑州龙湖沙窝李店),龙湖镇文昌路与祥云路交叉口南300米路西4号郑州龙湖沙窝李店,113.687693,34.627346,19937104728,8：00——22：00
新郑市,50305,茶餐厅,郑州昇达经贸管理学院升达餐厅,龙湖街道文昌路1号郑州升达经贸管理学院西院区,113.689417,34.590933,18027433183;18838026898,8：00——22：00
新郑市,50305,茶餐厅,七玖大虾茶树菇香辣鸡煲,郭店镇黄金大道与107交叉口东200米路北,113.689575,34.537625,15515531988;18137859882,8：00——22：00
新郑市,50305,茶餐厅,拾月米牛,创业路252号米克公寓大门口,113.758339,34.420917,13027626277,8：00——22：00
新郑市,50305,茶餐厅,库迪咖啡(郑州富士康E15餐厅店),航空港区富士康E15餐厅2层,113.849125,34.554369,18638588515,8：00——22：00
新郑市,50305,茶餐厅,正周人煜红喜胡辣汤(锦绣翠园店),航空港区桥航路6-21,113.850188,34.581068,13333829844,8：00——22：00
新郑市,50305,茶餐厅,兜仕茶融合餐厅(航南新城店),航空港区新港街道新港大道186号航南新城,113.815729,34.487931,17537157778,8：00——22：00
新郑市,50305,茶餐厅,吕小哥(新郑市渔夫子路店),金茂广场1号楼一单元一层161号商铺,113.766897,34.395285,18838181367,8：00——22：00
新郑市,50305,茶餐厅,法蓝下午茶音乐酒吧,西亚斯法国园法蓝下午茶音乐酒吧,113.763329,34.403269,15670306978,8：00——22：00
新郑市,50305,茶餐厅,吕小哥(龙湖锦艺城店),龙湖镇锦艺城购物中心3号门正对面,113.727425,34.613985,13623841571,8：00——22：00
新郑市,50305,茶餐厅,吕小哥(港区遵大路店),航空港区遵大路与银港大道交叉口西80米,113.823715,34.485883,18574146225,8：00——22：00
新郑市,50305,茶餐厅,益禾堂(升达老兵餐厅店),升达经贸管理学院,113.691553,34.59136,15535968342,8：00——22：00
新郑市,50305,茶餐厅,怀庆铺子药膳茶饮(郑州经贸学院店),郑州经贸学院店西餐厅(怀庆铺子药膳茶),113.716516,34.616898,19203820574,8：00——22：00
新郑市,50305,茶餐厅,张大嘴茶香猪蹄(金色家园店),金色家园北门旁,113.746442,34.402565,19503872296,8：00——22：00
新郑市,50305,茶餐厅,吕小哥(新郑金城路店),新华路街道金城路330号,113.74744,34.385729,17737197675,8：00——22：00
新郑市,50305,茶餐厅,益勺糖·茶饮汉堡融合餐厅,航空港区郑州软件职业技术学院1-06商铺,113.827021,34.377879,13938491151,8：00——22：00
新郑市,50305,茶餐厅,胖飞沙茶面土豆粉(西亚斯店),渔夫子路与永和街交叉口西北20米,113.766145,34.393027,18638153507,8：00——22：00
新郑市,50305,茶餐厅,吕小哥(新郑文化路店),新华路街道文化路375号-2,113.736287,34.396432,14737120936,8：00——22：00
新郑市,50400,休闲餐饮场所,蜜雪冰城(锦艺城店),双湖大道152号龙湖锦艺城购物中心F4层,113.726692,34.613962,17752561920;18595751437,8：00——22：00
新郑市,50400,休闲餐饮场所,幸运咖,双湖大道152号龙湖锦艺城购物中心F4层,113.726688,34.613794,18137779952,8：00——22：00
新郑市,50400,休闲餐饮场所,柯拉莫礼宴中心,人民路与庆安路交叉口向南600米柯拉莫礼宴中心,113.782827,34.390988,0371-69972666,8：00——22：00
新郑市,50400,休闲餐饮场所,新郑市悦心农家院,S88郑栾高速,113.599538,34.324368,18836615208,8：00——22：00
新郑市,50400,休闲餐饮场所,神农山庄,常刘社区西门旁,113.798954,34.475391,18538762567,8：00——22：00
新郑市,50400,休闲餐饮场所,冰淳茶饮(宝相寺店),文昌路与宝相寺步行街交叉口北40米,113.687247,34.595632,18569852639,8：00——22：00
新郑市,50400,休闲餐饮场所,祥合生态园(港区店),航空港区新港大道与亳都路交叉口西160米,113.820651,34.513994,15136167115,8：00——22：00
新郑市,50400,休闲餐饮场所,聚海园茶楼,航空港区裕鸿世界港丽宫东门2号楼111号,113.846436,34.569823,18359600980,8：00——22：00
新郑市,50400,休闲餐饮场所,起点DIY烘培,郑州西亚斯学院博雅住宿书院北侧90米,113.766539,34.401808,19525559549,8：00——22：00
新郑市,50400,休闲餐饮场所,老邵棋茶居,李诫路与翠竹路交叉口东南140米,113.678804,34.591177,13949081295,8：00——22：00
新郑市,50400,休闲餐饮场所,任鹏农家乐,航空港区224省道,114.031148,34.391982,13837825403,8：00——22：00
新郑市,50400,休闲餐饮场所,祥云茶社,祥云路107二楼(沙窝李地铁站A1口步行280米),113.682762,34.628801,18638288708,8：00——22：00
新郑市,50400,休闲餐饮场所,有果咖啡,人民路450号,113.766422,34.395665,18760982758,8：00——22：00
新郑市,50400,休闲餐饮场所,小溪哩共享茶室(新郑机场店),航空港区货运路与长鹰路交叉口鹭港里商业中心1号楼2楼201室,113.840342,34.533829,18581661058,8：00——22：00
新郑市,50400,休闲餐饮场所,天然农庄,航空港区门楼任乡小马村,114.052709,34.36797,13148855217;15937808681;18317853851,8：00——22：00
新郑市,50400,休闲餐饮场所,陈厚酒馆(一江弘城店),弘远路1-111号,113.770731,34.407884,0371-60207519;19900938619,8：00——22：00
新郑市,50400,休闲餐饮场所,神农山庄,薛店镇薛店大道常刘中心社区西北侧30米,113.798143,34.476617,18538762567,8：00——22：00
新郑市,50400,休闲餐饮场所,老正家农家院,青岗庙水库向上500米,113.553475,34.328875,13598812229,8：00——22：00
新郑市,50400,休闲餐饮场所,鲜啤福鹿家(龙湖锦艺城店),双湖大道4号,113.728399,34.615069,18737127301,8：00——22：00
新郑市,50400,休闲餐饮场所,郑远元专业修脚房(富田兴和湾店),龙湖镇鸿鹄路199号富田兴和湾百合苑3号2单元104-1,113.69822,34.635721,17729257860,8：00——22：00
新郑市,50400,休闲餐饮场所,好想你(润丰锦尚店),航空港区长安路与鄱阳湖路交叉口向北50米路东,113.847102,34.569183,0371-57113964,8：00——22：00
新郑市,50400,休闲餐饮场所,潮河憩园农庄,洪府村1号,113.766431,34.586317,17303810888,8：00——22：00
新郑市,50400,休闲餐饮场所,美乐美主题餐厅俱乐部,玉前路132号,113.751441,34.391418,0371-62649999,8：00——22：00
新郑市,50400,休闲餐饮场所,红界精酿小酒馆(暂停营业),龙湖镇宝相寺南一街与文昌路交叉口向南50米路西云川台球楼上13楼,113.687586,34.594847,18339989289,8：00——22：00
新郑市,50500,咖啡厅,库迪咖啡(新郑龙湖锦艺城店),双湖大道152号龙湖锦艺城购物中心3层F3-13(春天国际影城处),113.727371,34.61175,17398986302,8：00——22：00
新郑市,50500,咖啡厅,巴黎星咖啡(玉前路店),新华路街道玉前路公安局对面335号,113.757986,34.386772,15210333677,8：00——22：00
新郑市,50500,咖啡厅,瑞幸咖啡(华盛奥特莱斯店),环西路华南城一路华盛奥特莱斯购物中心一层A区07a号,113.727388,34.605506,4000100100,8：00——22：00
新郑市,50500,咖啡厅,幸运咖(人民路店),人民路与渔夫子路交叉口西80米,113.765895,34.395335,18538050711,8：00——22：00
新郑市,50500,咖啡厅,向日葵猫咖,龙湖镇宝相寺步行街南二街东头路北学苑宾馆2层西,113.687419,34.595886,15558639336,8：00——22：00
新郑市,50500,咖啡厅,库迪咖啡(郑州升达学院店),中山路郑州升达经贸管理学院升达生活馆1层7号商铺,113.690359,34.596732,19939723773,8：00——22：00
新郑市,50500,咖啡厅,星巴克(郑州西亚斯学院店),新烟街道西亚斯欧洲街郑州西亚斯学院,113.767449,34.396992,0371-55509071,8：00——22：00
新郑市,50500,咖啡厅,和光咖啡(世基城市广场A座店),世基大厦A座,113.751206,34.420219,18538019955,8：00——22：00
新郑市,50500,咖啡厅,瑞幸咖啡(西亚斯学院图书馆店),人民路11号,113.764448,34.401526,4000100100,8：00——22：00
新郑市,50500,咖啡厅,幸运咖(宝相寺步行街店),龙湖镇文昌路升达西2门对面,113.687535,34.596417,18137779952,8：00——22：00
新郑市,50500,咖啡厅,库迪咖啡(郑州工业应用技术学院店),学院路郑州工业应用技术学院自强路商务中心1层东侧113号底商,113.758675,34.414125,17513275321,8：00——22：00
新郑市,50500,咖啡厅,星巴克(郑州新郑机场到达层店),航空港区迎宾大道1号郑州新郑国际机场F2,113.85401,34.524331,0371-58513262;4008206998,8：00——22：00
新郑市,50500,咖啡厅,喵喵咖啡(翠园别墅店),航空港区翠园别墅西北门旁(长安路南地铁站C口步行440米),113.833241,34.536329,15939032903,8：00——22：00
新郑市,50500,咖啡厅,幸运咖(高坡岩步行街店),高坡岩步行街与双湖大道交叉口西北40米,113.711346,34.611183,18037112325,8：00——22：00
新郑市,50500,咖啡厅,莫耳咖啡(富士康裕鸿公寓店),航空港区凌烟街慈航路交叉口北50米路西,113.841317,34.572767,13839238587,8：00——22：00
新郑市,50500,咖啡厅,库迪咖啡(新郑西亚斯欧洲街店),人民路168号郑州西亚斯学院欧州街1号楼B01室,113.76678,34.395857,18539916586,8：00——22：00
新郑市,50500,咖啡厅,幸运咖(黄帝像旗舰店),新华市场监督管理所西北侧110米,113.747246,34.395102,18568772222,8：00——22：00
新郑市,50500,咖啡厅,Pull-Tab拉环咖啡(郑州市新郑市西亚斯学院路店),新烟街道渔夫子路31号,113.766709,34.394594,17803991368,8：00——22：00
新郑市,50500,咖啡厅,库迪咖啡(兴瑞汇金国际店),航空港区洵美路兴瑞汇金国际北区,113.821087,34.460648,15249668716,8：00——22：00
新郑市,50500,咖啡厅,真橙美VividC咖啡,人民路397号,113.765941,34.395318,19103711830,8：00——22：00
新郑市,50500,咖啡厅,花仓里咖啡,龙湖锦艺城,113.729968,34.616001,18137848801,8：00——22：00
新郑市,50500,咖啡厅,瑞幸咖啡(新郑市人民医院店),解放路学院路人民医院门诊楼二楼连廊西侧,113.773427,34.407936,4000100100,8：00——22：00
新郑市,50500,咖啡厅,幸运咖(薛店镇店),薛店大道与友谊路交叉口西南角,113.798735,34.489106,15378775577,8：00——22：00
新郑市,50500,咖啡厅,福兴园蛋糕房和荷咖啡,,113.690824,34.598109,0371-56704567;0371-62569766;18530985222,8：00——22：00
新郑市,50500,咖啡厅,库迪咖啡(薛店大道店),友谊路11号,113.798985,34.488367,18339293260,8：00——22：00
新郑市,50500,咖啡厅,瑞幸咖啡(华祥国贸购物中心店),华祥国贸购物中心(双湖大道地铁站B2口步行160米),113.681696,34.611072,4000100100,8：00——22：00
新郑市,50500,咖啡厅,瑞幸咖啡(兴瑞·汇金国际店),航空港区兴瑞·汇金国际,113.821156,34.46035,18616684925,8：00——22：00
新郑市,50500,咖啡厅,幸运咖(升达西大门斜对面店),文昌路与李诫路交叉口北100米,113.687559,34.593916,18137779952,8：00——22：00
新郑市,50500,咖啡厅,瑞幸咖啡(龙湖锦艺城店),双湖大道锦艺城外围好贩集美食街区内店,113.726007,34.612698,4000100100,8：00——22：00
新郑市,50500,咖啡厅,库迪咖啡(云港路机场店),航空港区睿园小区,113.835002,34.536766,17335723820,8：00——22：00
新郑市,50500,咖啡厅,luckin coffee 瑞幸咖啡(郑州航空港经济综合实验区店),航空港区润丰·悦尚二区西门东南80米,113.832828,34.537112,18516264301,8：00——22：00
新郑市,50500,咖啡厅,瑞幸咖啡(河南机电学院商业街店),龙湖镇双龙路河南机电职业学院商业街底商,113.717075,34.592975,4000100100,8：00——22：00
新郑市,50500,咖啡厅,瑞幸咖啡(河南工程学院店),紫荆山南路与祥云路辅路交叉口西南200米,113.693175,34.627525,4000100100,8：00——22：00
新郑市,50500,咖啡厅,幸运咖(郑州西亚斯学院店),郑州西亚斯学院博雅住宿书院西北侧,113.766846,34.40111,15638256567,8：00——22：00
新郑市,50500,咖啡厅,瑞幸咖啡(新郑服务区西区店),航空港综合实验区京港澳高速新郑服务区西区一楼01号商铺,113.810642,34.456521,19602121817,8：00——22：00
新郑市,50500,咖啡厅,库迪咖啡(龙湖万佳商业广场店),双湖大道万佳商业广场集装箱茶百道隔壁,113.71577,34.611717,15690873182,8：00——22：00
新郑市,50500,咖啡厅,瑞幸咖啡(西亚斯学院伦敦街店),人民路168号西亚斯国际学院伦敦街布凡书店旁,113.762126,34.401999,4000100100,8：00——22：00
新郑市,50500,咖啡厅,幸运咖(中原工学院店),翰林华府西侧110米,113.690137,34.581481,13523527518,8：00——22：00
新郑市,50500,咖啡厅,库迪咖啡(龙湖淘小胖超市店),龙湖镇双湖大道与龙湖大道交叉口华祥国贸大厦负一层淘小胖超市入口处,113.682481,34.610935,18538571182,8：00——22：00
新郑市,50500,咖啡厅,库迪咖啡(郑州锦荣广场店),航空港区雍州路与洞庭湖路交叉口东北角中原银行东侧写字楼一层大堂,113.86132,34.576144,18790261688,8：00——22：00
新郑市,50500,咖啡厅,库迪咖啡(南苑商务中心店),紫荆山南路2号中原工学院龙湖校区内南苑餐厅南边,113.690067,34.582654,13323836131,8：00——22：00
新郑市,50500,咖啡厅,瑞幸咖啡(郑州比亚迪商业街店),航空港区030乡道,113.95282,34.389067,4000100100,8：00——22：00
新郑市,50500,咖啡厅,幸运咖(文苑店),航空港区盛世文园南2门东70米,113.823282,34.482418,15890091183,8：00——22：00
新郑市,50500,咖啡厅,库迪咖啡(西亚斯博雅1号楼店),人民路162号西亚斯学院北区博雅学生公寓1号楼1层东北侧底商,113.76712,34.401174,15838298375,8：00——22：00
新郑市,50500,咖啡厅,库迪咖啡(新郑文化北路店),文化路365-1号,113.736296,34.396047,18603841177,8：00——22：00
新郑市,50500,咖啡厅,瑞幸咖啡(郑州经贸学院店),龙湖镇双湖大道2号郑州经贸学院商业街02号底商,113.720849,34.617529,4000100100,8：00——22：00
新郑市,50500,咖啡厅,库迪咖啡(升达大学小甜匠店),李诫路1号,113.68981,34.591248,17737811107,8：00——22：00
新郑市,50500,咖啡厅,库迪咖啡(中原电商大厦店),环西路与华南城二路交叉口东北120米中原电商大厦A座一楼大厅,113.727025,34.602025,18838001021,8：00——22：00
新郑市,50500,咖啡厅,幸运咖(碧水蓝天和谐街店),和谐街与同乐路交叉,113.757814,34.417961,15515801100,8：00——22：00
新郑市,50500,咖啡厅,瑞幸咖啡(新郑服务区东区店),航空港区华夏大道与新港大道交叉口西260米,113.814807,34.455753,18516382021,8：00——22：00
新郑市,50500,咖啡厅,瑞幸咖啡(升达经贸管理学院店),勤俭路郑州升达经贸管理学院,113.684171,34.593042,4000100100,8：00——22：00
新郑市,50500,咖啡厅,瑞幸咖啡(中原电商大厦B座店),环西路中原电商大厦B座一层大堂,113.726928,34.602172,4000100100,8：00——22：00
新郑市,50500,咖啡厅,库迪咖啡(锦荣信息科技园店),航空港区如荼路与新港大道交叉口锦荣科技园11号楼大厅,113.815689,34.480234,13065126821,8：00——22：00
新郑市,50500,咖啡厅,幸运咖(梧桐郡店),祥和路浩创梧桐郡二期58号楼,113.717528,34.625033,18638297656,8：00——22：00
新郑市,50500,咖啡厅,幸运咖(龙湖镇一中店),龙湖镇阳光大道龙湖一中北门对面,113.702225,34.587098,18638297656,8：00——22：00
新郑市,50500,咖啡厅,瑞幸咖啡(中原工学院南龙湖店),龙湖镇淮河路1号中原工学院图书馆二层新华书店尚书房,113.684369,34.58551,4000100100,8：00——22：00
新郑市,50500,咖啡厅,幸运咖(沙窝李店),龙湖镇文昌路北头沙窝李市场南排16号,113.687634,34.627033,18737550955,8：00——22：00
新郑市,50500,咖啡厅,幸运咖(机电职业学院店),龙湖镇机电职业学院店,113.715594,34.588253,15637833532,8：00——22：00
新郑市,50500,咖啡厅,幸运咖(孟庄中心社区店),孟庄镇中心社区C区商业20号,113.817095,34.580573,18638790790,8：00——22：00
新郑市,50500,咖啡厅,幸运咖(富田兴龙湾店),双湖大道7号,113.712537,34.598904,18137779952,8：00——22：00
新郑市,50500,咖啡厅,瑞幸咖啡(新郑万佳时代广场店),万佳时代广场南2门旁,113.74642,34.39571,4000100100,8：00——22：00
新郑市,50500,咖啡厅,幸运咖(郭店镇店),郭店镇黄金大道与老郑新路交叉口向北100米路东,113.711457,34.537016,15890091183,8：00——22：00
新郑市,50500,咖啡厅,幸运咖(文化路苑陵中学店),文化路385号,113.736293,34.396661,18503998111,8：00——22：00
新郑市,50500,咖啡厅,幸运咖(经贸小木屋店),双湖大道郑州经贸学院小木屋4-1号,113.719141,34.616633,18838099308,8：00——22：00
新郑市,50500,咖啡厅,瑞幸咖啡(新郑360新壹城店),创业路新田360新壹城店一层Z109号商铺,113.744575,34.420325,4000100100,8：00——22：00
新郑市,50500,咖啡厅,库迪咖啡(郑州理工职院开源店),观音寺镇103省道郑州理工职业学院开源校区天猫超市内,113.694065,34.343597,18103801663,8：00——22：00
新郑市,50500,咖啡厅,瑞幸咖啡(郑州理工职业学院店),107国道新村大道郑州理工职业学院9号教学楼底商,113.706812,34.438266,4000100100,8：00——22：00
新郑市,50500,咖啡厅,幸运咖(伦敦街店),郑州西亚斯学院寰宇住宿书院北侧,113.761325,34.402075,15638256567,8：00——22：00
新郑市,50500,咖啡厅,幸运咖(侯庄店),侯庄村206号,113.668365,34.634648,18737550955,8：00——22：00
新郑市,50500,咖啡厅,幸运咖(亿佰佳店),亿佰佳生活广场东门旁,113.687479,34.611165,13939490532,8：00——22：00
新郑市,50500,咖啡厅,幸运咖(龙湖广场店),文昌路1038号,113.687522,34.599867,18137779952,8：00——22：00
新郑市,50500,咖啡厅,幸运咖(郑州航空港经济综合实验区店),航空港区龙安商业步行街1-1008号,113.854491,34.438995,18638790790,8：00——22：00
新郑市,50500,咖啡厅,幸运咖(辛店镇店),辛店镇店夜市街路东320米,113.600286,34.376858,15538358051,8：00——22：00
新郑市,50500,咖啡厅,幸运咖(水榭华城店),孟庄镇华南城一路与团结路交叉口向北300米九隆时代商场底商第1间,113.75669,34.605224,18737550955,8：00——22：00
新郑市,50500,咖啡厅,幸运咖(经贸思源西二店),龙湖镇郑州经贸学院新餐厅食堂2层,113.720458,34.617579,18838099308,8：00——22：00
新郑市,50500,咖啡厅,幸运咖(号馆店),航空港区淮海路中段福迪庭院2号馆FD-110,113.945631,34.409011,18339822335,8：00——22：00
新郑市,50500,咖啡厅,幸运咖(八千乡店),航空港区铁南小街与人民路交叉口南115米,113.828788,34.37398,15378775577,8：00——22：00
新郑市,50500,咖啡厅,瑞幸咖啡(郑州工业应用技术学院店),中华路79号,113.758706,34.413964,4000100100,8：00——22：00
新郑市,50500,咖啡厅,幸运咖(医科院店),航空港经济综合实验区黄海路与生物科技二街交叉口东北角,113.856941,34.424948,16650266333,8：00——22：00
新郑市,50500,咖啡厅,库迪咖啡(新郑经贸学院小木屋店),郑州经贸学院商业街小木屋1号,113.71916,34.616716,17737811107;18836759646,8：00——22：00
新郑市,50500,咖啡厅,瑞幸咖啡(郑州工业应用学院西校区店),桃园路与万庄路交叉口西北180米,113.714644,34.427837,4000100100,8：00——22：00
新郑市,50500,咖啡厅,月明堡咖啡(富田·兴龙湾意法大邸店),富田路a5-01号,113.708256,34.595939,17603870869;18695857805,8：00——22：00
新郑市,50500,咖啡厅,幸运咖(兴瑞·汇金国际店),航空港区兴瑞·汇金国际园区内SY3-106,113.821173,34.460019,16650266333,8：00——22：00
新郑市,50500,咖啡厅,幸运咖(医学高等专科学校店),龙湖镇河南医学高等专科学校学生二餐厅1层西门南第一间,113.706572,34.617022,18039183118,8：00——22：00
新郑市,50500,咖啡厅,NOWWA挪瓦咖啡(美宜佳龙湖祥和路店),龙湖镇祥和路荆垌二组机井西一排13号1层美宜佳,113.691396,34.619065,17620888595,8：00——22：00
新郑市,50500,咖啡厅,幸运咖(工业应用技术学院店),新村镇郑州工业应用技术学院西校区,113.712002,34.429305,18637813499,8：00——22：00
新郑市,50500,咖啡厅,幸运咖(时代科技校内店),万邓路107号郑州时代科技中等专业学校商业街,113.708471,34.453464,18039571116,8：00——22：00
新郑市,50500,咖啡厅,幸运咖(理工学院新校区店),观音寺镇郑州理工学院新校区7栋宿舍楼下,113.693929,34.344674,18937111201,8：00——22：00
新郑市,50500,咖啡厅,NOWWA挪瓦咖啡(美宜佳郑州福多多百货超市店),新烟街道渔夫子路北段49号,113.76633,34.394053,15093222019,8：00——22：00
新郑市,50500,咖啡厅,库迪咖啡(河南工程学院西区店),祥和路1号河南工程学院商业街2层4号,113.692718,34.620013,18739976708,8：00——22：00
新郑市,50500,咖啡厅,幸运咖(王许村店),龙湖镇王许村十字路口东南角,113.636397,34.632695,13403789516,8：00——22：00
新郑市,50500,咖啡厅,NOWWA挪瓦咖啡(美宜佳郑州新郑西亚斯店),人民路教师公寓临街商铺美宜佳,113.768065,34.395403,15290426399,8：00——22：00
新郑市,50500,咖啡厅,NOWWA挪瓦咖啡(美宜佳郑州西亚斯御璟店),新烟街道人民路西亚斯御璟2-1-1-118号,113.77019,34.397135,18039557977,8：00——22：00
新郑市,50500,咖啡厅,追风咖啡馆(摩友驿站),航空港区祥港路航线里公园181号,113.823295,34.530249,17335799221,8：00——22：00
新郑市,50500,咖啡厅,御福记咖啡奶茶,龙湖镇107国道西侧小刘桥北世贸华中万货城E区一楼五排六号,113.674185,34.628355,15638133757,8：00——22：00
新郑市,50500,咖啡厅,慕咖coffee,新华路街道康庄大道西B2-11,113.756478,34.393106,16638138943;18703995018,8：00——22：00
新郑市,50500,咖啡厅,花咖,航空港区文博路9号,113.922466,34.369935,16657051843,8：00——22：00
新郑市,50500,咖啡厅,冰咖ice cream coffee,华信体育中心外围N4,113.7532,34.414216,13383840080,8：00——22：00
新郑市,50500,咖啡厅,hh咖啡馆,航空港区郑大医附院南院区8号楼前下沉广场,113.833357,34.578704,19939907890,8：00——22：00
新郑市,50500,咖啡厅,迪欧咖啡(轩湖小筑店)(暂停营业),新田360广场(新郑新壹城店),113.744544,34.421047,13073717059,8：00——22：00
新郑市,50500,咖啡厅,米野的日尝TIMEYEE TASTE(锦艺城店),龙湖镇龙湖锦艺城西大门北侧3-1-115,113.723994,34.617674,13303815236,8：00——22：00
新郑市,50500,咖啡厅,古茗(新郑西亚斯店),渔夫子路与渔公一街交叉口西北角1间,113.766449,34.395034,18836919799,8：00——22：00
新郑市,50500,咖啡厅,古茗(新郑升达大学店),郑州升达经贸管理学院西2门旁,113.687614,34.596333,18839573113,8：00——22：00
新郑市,50500,咖啡厅,茶瀑布(郑州新郑欧洲街店),人民路168号郑州西亚斯学院欧州街1号楼B01室库迪咖啡(人民路店),113.766783,34.395802,18764521567,8：00——22：00
新郑市,50500,咖啡厅,古茗(新郑薛店镇店),薛店镇薛店大道世纪广场西南侧对面(植物医生北侧第一间),113.798935,34.489889,19138180069,8：00——22：00
新郑市,50500,咖啡厅,蜜雪冰城(润丰悦尚店),航空港区润丰悦尚116号,113.832644,34.537173,13526660883,8：00——22：00
新郑市,50500,咖啡厅,喜和园蛋糕烘焙店,双湖大道和与团结路交叉口水榭华城二期北门36号楼1单元106,113.757722,34.606116,15093253162,8：00——22：00
新郑市,50500,咖啡厅,幸屿cake,航空港区岗李乡文博路,113.921946,34.370064,19837873322,8：00——22：00
新郑市,50500,咖啡厅,金小姐的烘焙店,航空港区岗李乡东海路与兖州路交叉口元梦街美食广场A-12号商铺,113.953267,34.392635,13343852488;13343858550,8：00——22：00
新郑市,50500,咖啡厅,尚禾研甜蛋糕面包房,航空港区岗李乡临港大道12号,113.920935,34.368298,13073763193,8：00——22：00
新郑市,50500,咖啡厅,独角兽花艺(新郑世基城市广场A座店),创业路世基城市广场A座独角兽花艺,113.751579,34.420312,15638577267,8：00——22：00
新郑市,50600,茶艺馆,隔三茶五棋牌·茶室,民苑三街与渔公二街好易购超市右侧,113.765059,34.394585,17335574855,8：00——22：00
新郑市,50600,茶艺馆,云鹤茶苑,航空港区金港大道198号,113.816222,34.52148,13213083731,8：00——22：00
新郑市,50600,茶艺馆,长信茶室,航空港区迎宾大道与贵宾南路交叉口东北160米,113.844772,34.530053,13027701830;18037107829,8：00——22：00
新郑市,50600,茶艺馆,谊丰茶苑,仓城路东段润泰花园24号楼底商,113.75229,34.379931,19547003369,8：00——22：00
新郑市,50600,茶艺馆,隐庐·茶里,兴弘花园西北门旁,113.756226,34.382232,19838118666,8：00——22：00
新郑市,50600,茶艺馆,合茶空间(浩创·东方国际C区店),浩创·东方国际C区东2门北90米,113.771834,34.393386,15538277730,8：00——22：00
新郑市,50600,茶艺馆,鹤茗茶社24小时自助棋牌,航空港区长安路与云港路交叉口东行50米,113.834533,34.536774,19103970585,8：00——22：00
新郑市,50600,茶艺馆,修德茶室,阳光城丽景湾一期沿街109商铺,113.746695,34.587189,13781286264,8：00——22：00
新郑市,50600,茶艺馆,书茶阁,华信公寓东院,113.715775,34.428575,13598038189,8：00——22：00
新郑市,50600,茶艺馆,莫道茶事(新郑店),金城路与中华路交叉口西140米,113.740205,34.385811,15939038826,8：00——22：00
新郑市,50600,茶艺馆,茶舍,文化路560号,113.735619,34.400848,15617638567,8：00——22：00
新郑市,50600,茶艺馆,大河茶苑,人民路中段62号,113.751052,34.395928,18768862353,8：00——22：00
新郑市,50600,茶艺馆,莫道茶事(新郑·领秀城店),陶文路169号,113.750263,34.402739,0371-63209978,8：00——22：00
新郑市,50600,茶艺馆,岚小姐茶铺,中华南路42号,113.741328,34.403657,15038295088;15617702351,8：00——22：00
新郑市,50600,茶艺馆,茶乐居(新郑市梨河镇新商业街店),梨河镇新梨街茶乐居S008号,113.740884,34.352803,13213181598,8：00——22：00
新郑市,50600,茶艺馆,吕小哥(新郑观音寺镇店),观音寺镇商场街15号,113.689449,34.329631,17737110522,8：00——22：00
新郑市,50600,茶艺馆,石猫与茶,新郑新区第二社区2期南区北门东140米,113.744583,34.432382,13938524396,8：00——22：00
新郑市,50600,茶艺馆,益禾堂(郑州工业应用技术学院东校区店),学院路工业应用技术学院自强路商务中心38号商铺,113.758717,34.413865,13893362337,8：00——22：00
新郑市,50700,冷饮店,1点点(龙湖锦艺城店),龙湖镇新郑快速路锦艺城天麓41号2单元1层107室,113.725098,34.61437,17365995299,8：00——22：00
新郑市,50700,冷饮店,爷爷不泡茶NOYEYENOTEA(郑州新郑西亚斯欧洲街店),西亚斯学院欧洲街1号楼B8铺,113.764253,34.395949,18836621589,8：00——22：00
新郑市,50700,冷饮店,CHAGEE霸王茶姬(河南郑州龙湖万佳商业广场店),龙湖镇双湖大道万佳商业广场东街1号铺二层12号铺,113.715819,34.611439,15136391777,8：00——22：00
新郑市,50700,冷饮店,麒麟大口茶(郑州龙湖锦艺城店),龙湖镇双湖大道152号龙湖锦艺城购物中心3层3-12A号,113.726117,34.613188,17700656037,8：00——22：00
新郑市,50700,冷饮店,茶百道(郑州新郑龙湖锦艺城店),龙湖镇龙湖锦艺城四楼G4-09号铺,113.728408,34.616209,18135685176,8：00——22：00
新郑市,50700,冷饮店,蜜雪冰城(西亚斯三店),河南省郑州市新郑市新烟街道人民路168号郑州大学西亚斯国际学院欧洲街门口,113.766556,34.39513,13526684127,8：00——22：00
新郑市,50700,冷饮店,HUAGUOZI夻果子(西亚斯店),渔公一街1号,113.766312,34.39473,18625785152,8：00——22：00
新郑市,50700,冷饮店,1点点(西亚斯店),人民东路南侧1号楼1层119室西亚斯东门对面,113.768144,34.395445,0371-62609896;13213060686,8：00——22：00
新郑市,50700,冷饮店,书亦烧仙草(新郑市双湖大道万佳广场店),龙湖镇双湖大道万佳商业广场1166号一层,113.715567,34.6119,13213191890,8：00——22：00
新郑市,50700,冷饮店,茶百道(郑州航空港区长安路店),航空港区云港路长安路交叉口向北100米路西,113.833174,34.537782,17838389095,8：00——22：00
新郑市,50700,冷饮店,蜜雪冰城(郑州昇达经贸管理学院店),六合路和文昌路交叉口东南角,113.687935,34.597755,13598898644,8：00——22：00
新郑市,50700,冷饮店,眷茶(龙湖锦艺城店),龙湖镇锦艺城购物中心N/A区4层4F-11附1号商铺,113.726117,34.613188,17335758500,8：00——22：00
新郑市,50700,冷饮店,沪上阿姨·精选茶饮(郑州升达大学校外店),龙湖镇宝相寺北-街与文昌路交叉口向北20米路西一楼,113.688001,34.5981,18937104409,8：00——22：00
新郑市,50700,冷饮店,蜜雪冰城(八千店),航空港区八千乡人民路北段,113.829187,34.373983,19939939701,8：00——22：00
新郑市,50700,冷饮店,茶百道(升达大学店),新田360广场(新壹城店)门口1号位,113.742931,34.420018,13323840708,8：00——22：00
新郑市,50700,冷饮店,霸王茶姬(郑州新郑国际机场店),航空港区新郑机场T2航站楼安检内T2-CT03-310餐饮店面,113.855015,34.52506,4008788359,8：00——22：00
新郑市,50700,冷饮店,蜜雪冰城(升达一店),郑州升达经贸管理学院西2门西南80米,113.687584,34.595953,15324800101,8：00——22：00
新郑市,50700,冷饮店,满米酸奶(龙湖锦艺城购物中心店),龙湖镇锦艺城购物中心三层3F-12号,113.726045,34.613288,15938779320,8：00——22：00
新郑市,50700,冷饮店,益禾堂(新郑龙湖沙窝李店),天空网络会所东门旁,113.687682,34.627105,13027751004,8：00——22：00
新郑市,50700,冷饮店,书亦烧仙草(郑州新郑市薛店世纪广场店),薛店镇薛店大道与友谊路交叉口向北30米路西,113.798903,34.489466,19139968216,8：00——22：00
新郑市,50700,冷饮店,蜜雪冰城(郑州华盛奥特莱斯店),郑新快速路与双湖大道交汇处郑州华盛奥特莱斯F1,113.727469,34.604948,17719996900;17729790952,8：00——22：00
新郑市,50700,冷饮店,DQ(郑州新郑西亚斯学院店),人民路456号,113.766933,34.395985,19712931979,8：00——22：00
新郑市,50700,冷饮店,书亦烧仙草(郑州航空港区凌霜街锦绣翠园店),航空港经济综合实验区大航路与凌霜街交叉口锦绣翠园中刘村门面房,113.849278,34.581505,18937166489,8：00——22：00
新郑市,50700,冷饮店,沪上阿姨鲜果茶(郑州华盛奥特莱斯店),华盛奥特莱斯购物中心四层B区A407,113.727928,34.604557,18703637204,8：00——22：00
新郑市,50700,冷饮店,霸王茶姬(郑州龙湖升达学院店),龙湖镇宝相寺南二街最东头1层第2号门面房,113.687361,34.595663,4008788359,8：00——22：00
新郑市,50700,冷饮店,蜜雪冰城(西班牙店),解放路西亚斯学校内西班牙餐厅旁边,113.767138,34.401559,16650792868,8：00——22：00
新郑市,50700,冷饮店,满米酸奶(新郑龙湖万佳店),双湖大道万佳商业广场一层1060-2号,113.716586,34.611532,13083664977,8：00——22：00
新郑市,50700,冷饮店,益禾堂(郑州大学西亚斯欧洲街店),西亚斯学院伦敦街,113.767033,34.397848,15903670587,8：00——22：00
新郑市,50700,冷饮店,蜜雪冰城(龙安社区店),航空港区龙安社区三号院北门旁,113.854807,34.439274,18638790790,8：00——22：00
新郑市,50700,冷饮店,书亦烧仙草(郑州新郑市少典路店),北区少典路碧水蓝天小区7号楼1单元111号商铺,113.757729,34.416775,15236059197,8：00——22：00
新郑市,50700,冷饮店,茶百道(郑州新郑龙湖沙窝李店),天空网络会所东门西北50米,113.687454,34.627164,19503810314,8：00——22：00
新郑市,50700,冷饮店,蜜雪冰城(长安路丹尼斯店),航空港区长安路丹尼斯店,113.847321,34.579705,19339587680,8：00——22：00
新郑市,50700,冷饮店,满米酸奶(新郑华盛奥特莱斯店),龙湖镇华盛奥特莱斯购物中心四层B区A411,113.727814,34.604355,15956535721,8：00——22：00
新郑市,50700,冷饮店,书亦烧仙草(郑州航空港区长安路店),航空港区豫翔宾馆西北门旁(长安路南地铁站C口步行340米),113.832701,34.535392,15188374054,8：00——22：00
新郑市,50700,冷饮店,蜜雪冰城(文苑小区店),航空港区河苑小区西门北90米,113.822917,34.482069,15238681000,8：00——22：00
新郑市,50700,冷饮店,蜜雪冰城(孟庄店),府前路孟祥路交叉口东北角,113.817103,34.580227,18638790790,8：00——22：00
新郑市,50700,冷饮店,蜜雪冰城(恒基·水榭华城店),恒基·水榭华城澜境北门西100米,113.757251,34.606122,17839941360,8：00——22：00
新郑市,50700,冷饮店,蜜雪冰城(郑老庄社区店),郑老庄社区南1门西90米,113.717772,34.61987,15178402795;18903823432,8：00——22：00
新郑市,50700,冷饮店,书亦烧仙草(郑州新郑富田幸福里店),富田幸福里购物中心2层,113.696373,34.635821,13017660218,8：00——22：00
新郑市,50700,冷饮店,蜜雪冰城(伦敦街店),西亚斯国际学院伦敦街世纪华联入口处,113.761836,34.402015,13838120970;15198919079,8：00——22：00
新郑市,50700,冷饮店,蜜雪冰城(祥和路店),新郑陈飞诊所专业妇科南侧60米,113.690399,34.619011,17303710664;17629370004,8：00——22：00
新郑市,50700,冷饮店,蜜雪冰城(郭店镇黄金大道店),黄金大道与老郑新路交叉口西北角,113.71075,34.536749,15890091183,8：00——22：00
新郑市,50700,冷饮店,蜜雪冰城(宽视界店),孟庄镇鸡王村宽视界小区A4号楼,113.739483,34.61225,18137139789,8：00——22：00
新郑市,50700,冷饮店,蜜雪冰城(锦艺城店),龙湖镇锦艺城社区十字路口,113.730136,34.61525,15639761444,8：00——22：00
新郑市,50700,冷饮店,蜜雪冰城(郑州航空港经济综合实验区店),航空港区岗李乡,113.919577,34.368748,18836811020,8：00——22：00
新郑市,50700,冷饮店,蜜雪冰城(锦绣翠园店),航空港区锦绣翠园-东院西门旁,113.850155,34.581259,18037689206,8：00——22：00
新郑市,50700,冷饮店,蜜雪冰城(龙湖万佳商业广场店),双湖大道11号龙湖万佳商业广场F1层,113.716005,34.612092,4000608888,8：00——22：00
新郑市,50700,冷饮店,蜜雪冰城(永和街店),渔夫子路与永和街店交叉口蜜雪冰城,113.766329,34.392645,19337101369,8：00——22：00
新郑市,50700,冷饮店,蜜雪冰城(绿都丹石街区店),龙湖镇滨湖路北段丹石街区B-A108,113.703593,34.632288,13598849394,8：00——22：00
新郑市,50700,冷饮店,益禾堂(郑州大学西亚斯伦敦街店),郑州大学西亚斯国际学院伦敦街世纪华联入口东侧,113.761966,34.402035,19339581985,8：00——22：00
新郑市,50700,冷饮店,蜜雪冰城(新郑新壹城新田360广场店),新壹城1楼,113.743304,34.420107,15838373504;18539911053,8：00——22：00
新郑市,50700,冷饮店,沪上阿姨·精选茶饮(郑州新郑文化路店),文化路373号沪上阿姨,113.736256,34.396324,18937120692,8：00——22：00
新郑市,50700,冷饮店,蜜雪冰城(富田幸福里店),富田幸福里商场一楼,113.696621,34.635812,18103714991,8：00——22：00
新郑市,50700,冷饮店,沪上阿姨·精选茶饮(郑州西亚斯校外店),新烟街道人民路437号,113.76787,34.395438,17365983639,8：00——22：00
新郑市,50700,冷饮店,蜜雪冰城(正商智慧城颖园店),学文路南侧正商智慧城商业街108铺,113.702019,34.644835,15515841117;4000608888,8：00——22：00
新郑市,50700,冷饮店,蜜雪冰城(新郑新区第二社区店),政通路与鸿福路交叉口,113.744652,34.431117,13525517525;15738502001,8：00——22：00
新郑市,50700,冷饮店,沪上阿姨鲜果茶(郑州新郑升达大学校外店),文昌路与宝相寺南二街交叉口左一商户,113.687622,34.596807,13598727326;19339951766,8：00——22：00
新郑市,50700,冷饮店,霸王茶姬(郑州龙湖升达学院店),龙湖镇宝相寺南二街最东头第2号门面房,113.687653,34.5955,19037179207,8：00——22：00
新郑市,50700,冷饮店,蜜雪冰城(文昌路店),龙湖镇荆垌村委会对面第1号,113.688017,34.616817,15517592797;18538326511,8：00——22：00
新郑市,50700,冷饮店,蜜雪冰城(文昌路店),正弘御苑北区西门西北50米,113.687642,34.603971,17630855619;19303881890,8：00——22：00
新郑市,50700,冷饮店,书亦烧仙草(郑州新郑汇金国际店),郑州航空港区洵美路16号5号楼1层104号,113.821039,34.460758,18836607177,8：00——22：00
新郑市,50700,冷饮店,沪上阿姨·精选茶饮(郑州新郑西亚斯店),新烟街道西亚斯学院伦敦街13号楼自东向西第二间,113.761849,34.401648,13937898777,8：00——22：00
新郑市,50700,冷饮店,蜜雪冰城(侯庄店),龙湖镇侯庄村卫生室西北侧,113.668736,34.634788,15993601582;18703665812,8：00——22：00
新郑市,50700,冷饮店,益禾堂(新郑新壹城店),政通路新壹城10号楼3层14号商铺,113.742752,34.420565,19844453483,8：00——22：00
新郑市,50700,冷饮店,益禾堂(新郑高坡岩店),龙湖镇双湖大道高坡岩一街,113.711575,34.611675,19900928781,8：00——22：00
新郑市,50700,冷饮店,益禾堂(郑州经贸学院校内店),经贸学院校内店,113.719072,34.616926,15093307727,8：00——22：00
新郑市,50700,冷饮店,茶百道(郑州新郑西亚斯校内店),人民路168号西亚斯学院伦敦街U型广场C-01,113.765004,34.401422,18203685099,8：00——22：00
新郑市,50700,冷饮店,CoCo都可(新郑新壹城店),新区创业路北侧新壹城购物中心3层15号,113.743047,34.420791,15516941923,8：00——22：00
新郑市,50700,冷饮店,茶瀑布(万佳商业广场店),万佳商业广场(双湖大道北),113.715634,34.611735,19036936267,8：00——22：00
新郑市,50700,冷饮店,蜜雪冰城(薛店镇店),友谊路与薛店大道交叉口东南角,113.798917,34.489744,13629886933,8：00——22：00
新郑市,50700,冷饮店,蜜雪冰城(富田·兴龙湾店),龙湖镇富田兴龙湾小区60号楼117商铺,113.712277,34.598658,15294970466;16696617772,8：00——22：00
新郑市,50700,冷饮店,蜜雪冰城(升达2店),郑州升达经贸管理学院,113.691668,34.59437,13383831517,8：00——22：00
新郑市,50700,冷饮店,蜜雪冰城(文昌路店),文昌路与泰山路交叉口西南40米,113.687534,34.599953,17530431377;17603853183,8：00——22：00
新郑市,50700,冷饮店,蜜雪冰城(时代广场万佳商业店),,113.746756,34.395699,13838113312;15617735997,8：00——22：00
新郑市,50700,冷饮店,蜜雪冰城(手机产业店),航空港区智能手机产业园新汇嘉购物广场一楼,113.812404,34.392994,18903822633,8：00——22：00
新郑市,50700,冷饮店,蜜雪冰城(泰山路店),龙湖镇泰山路与107国道交叉口西200米路口西南角第一间,113.681045,34.599769,18838957597,8：00——22：00
新郑市,50700,冷饮店,益禾堂(新郑中原工学院南苑店),龙湖镇双湖经济开发区淮河路一号南苑商务中心,113.69017,34.58275,15128808600,8：00——22：00
新郑市,50700,冷饮店,蜜雪冰城(辛店镇店),辛店镇夜市街高灯西北角,113.599759,34.376536,15538358051,8：00——22：00
新郑市,50700,冷饮店,诺杯鲜果茶(河南新郑店),褚庄路50-1,113.716381,34.402323,15617639111;15637155333,8：00——22：00
新郑市,50700,冷饮店,益禾堂(新郑薛店镇店),友谊路11号,113.798518,34.488109,13353835250,8：00——22：00
新郑市,50700,冷饮店,吕小哥(龙湖高坡岩店),龙湖镇高坡岩西一街一排1-102号,113.711405,34.611397,15515161981,8：00——22：00
新郑市,50700,冷饮店,蜜雪冰城(祥安路店),康桥溪桂园北门西110米,113.721165,34.603943,13268468073,8：00——22：00
新郑市,50700,冷饮店,沪上阿姨鲜果茶(郑州龙湖锦艺城店),龙湖锦艺城四层4F-06A商铺,113.726601,34.614061,19138168939,8：00——22：00
新郑市,50700,冷饮店,蜜雪冰城(升达1店),,113.687596,34.594546,13526413017;15638878051,8：00——22：00
新郑市,50700,冷饮店,蜜雪冰城(高坡岩店),龙湖镇双湖大道5号,113.711336,34.611313,18737165685,8：00——22：00
新郑市,50700,冷饮店,柠季·手打柠檬茶(郑州新郑万佳省心店),创业路万佳商业一楼,113.749425,34.418856,15036010862,8：00——22：00
新郑市,50700,冷饮店,益禾堂(新郑苑陵中学店),文化北路373号,113.736254,34.396176,13223012989,8：00——22：00
新郑市,50700,冷饮店,蜜雪冰城(黄水路店),黄水路69号,113.736009,34.399238,13849183365;17398997578;19903858393,8：00——22：00
新郑市,50700,冷饮店,蜜雪冰城(亿佰佳店),亿佰佳生活广场东门旁,113.687481,34.611224,17737505887;18530862158,8：00——22：00
新郑市,50700,冷饮店,蜜雪冰城(领城蔚然里店),龙湖镇领城1857地产15号楼115-116,113.731458,34.606521,4000608888,8：00——22：00
新郑市,50700,冷饮店,蜜雪冰城(浩创梧桐郡A区店),浩创梧桐郡A区西门北130米,113.717272,34.624397,15649069758,8：00——22：00
新郑市,50700,冷饮店,蜜雪冰城(文化路苑陵中学店),文化路368号,113.736023,34.396383,15290838200,8：00——22：00
新郑市,50700,冷饮店,蜜雪冰城(仓城路店),帝罗邦时代广场南门旁,113.75164,34.38015,15737108347,8：00——22：00
新郑市,50700,冷饮店,雾与山茶(新郑店),薛店镇旺角城市广场2号楼雾与山茶,113.806441,34.496012,15093188887,8：00——22：00
新郑市,50700,冷饮店,蜜雪冰城(中华路店),中华路与洧水路交叉口西南角,113.741394,34.392845,15565060005,8：00——22：00
新郑市,50700,冷饮店,沪上阿姨鲜果茶(郑州富田幸福里店),幸福里商场一层1-26号商铺,113.696025,34.635875,19037141080,8：00——22：00
新郑市,50700,冷饮店,蜜雪冰城(褚庄路店),帝都佳苑西门旁,113.716827,34.403434,18503838578,8：00——22：00
新郑市,50700,冷饮店,益禾堂(新郑龙湖锦艺城店),锦艺城四层4F-12商铺,113.725934,34.613169,17838722939,8：00——22：00
新郑市,50700,冷饮店,茉酸奶(郑州龙湖锦艺城店),龙湖大道锦艺城购物中心3层春天影城隔壁,113.725954,34.613145,19943865583,8：00——22：00
新郑市,50700,冷饮店,苏玉梅奶酪,龙香苑东1门旁,113.68748,34.613501,17737317581,8：00——22：00
新郑市,50700,冷饮店,书亦烧仙草(郑州新郑文苑小区店),航空港区银港大道文苑小区东侧,113.823808,34.482136,13460339364,8：00——22：00
新郑市,50800,糕饼店,香雪儿(龙湖店),龙湖镇祥和路与文昌路交叉口向北50米路西悦府海棠北8号楼1单元101号商铺,113.687442,34.620647,0371-55200622,8：00——22：00
新郑市,50800,糕饼店,多来福烘焙(文昌店),龙湖镇文昌路21号亿佰佳距地铁城郊线双湖大道站A口步行700米,113.687747,34.610036,17344888696;19937177363,8：00——22：00
新郑市,50800,糕饼店,南大门糕点,龙湖镇六合街南大门糕点,113.689532,34.597998,15136294792,8：00——22：00
新郑市,50800,糕饼店,中原铺子(龙湖锦艺城购物中心店),双湖大道152号龙湖锦艺城购物中心F9层,113.725969,34.613246,19939285926,8：00——22：00
新郑市,50800,糕饼店,祥隆面包房(车站店),解放中路69号(解放路与烟厂大街交叉口),113.771043,34.383013,0371-62602282;13633811593,8：00——22：00
新郑市,50800,糕饼店,仟吉西饼(正弘·中央公园林语苑店),航空港区太湖路凌霜街交叉口东南角,113.850253,34.584305,0371-58682026,8：00——22：00
新郑市,50800,糕饼店,安妮贝可生日蛋糕(龙湖店),祥和路与文昌路交叉口东南140米,113.689034,34.618649,15803990865,8：00——22：00
新郑市,50800,糕饼店,米兰西饼龙湖店,龙湖镇阳光大道麦卡伦4号楼下,113.709048,34.586946,13938577996;15649331914,8：00——22：00
新郑市,50800,糕饼店,花甜一刻(邦友创世小区店),龙湖镇六合路中段邦友小区3号楼106,113.691421,34.598807,17603871800;17760789028,8：00——22：00
新郑市,50800,糕饼店,香雪儿(龙湖锦艺城店),郑新快速通道与双湖大道交叉口北280米,113.725081,34.61437,0371-61226776,8：00——22：00
新郑市,50800,糕饼店,追慕蛋糕(渔夫子路店),渔夫子路199号,113.765839,34.389757,0371-60296691,8：00——22：00
新郑市,50800,糕饼店,多乐滋蛋糕(文化北路店),文化北路458号,113.735996,34.398282,13343814962;15838010994,8：00——22：00
新郑市,50800,糕饼店,焙思香蛋糕(龙湖店),宝相寺步行街北二街西300米路南,113.686041,34.596149,17329422758,8：00——22：00
新郑市,50800,糕饼店,至爱蛋糕花园(新村店),新村大道与107交叉口向南150米,113.709824,34.433036,13938452380,8：00——22：00
新郑市,50800,糕饼店,优典烘焙(凌霜街店),凌霜街与大航路交叉口向南200米路东(航空港区东拐角25-17号),113.850134,34.581743,0371-56762567,8：00——22：00
新郑市,50800,糕饼店,麦卡琪蛋糕房(世纪公元店),龙湖镇双湖大道世纪公元1楼1050-3号,113.715629,34.612223,18537150773,8：00——22：00
新郑市,50800,糕饼店,好运来蛋糕(孟庄店),孟庄镇枣福小区29号商铺(孟庄地铁站B口步行300米),113.816435,34.583515,15303822869,8：00——22：00
新郑市,50800,糕饼店,百香林西点(郑州升达店),文昌路升达大学西门向北100米路西,113.687583,34.594553,16712879163,8：00——22：00
新郑市,50800,糕饼店,英伦西饼(文苑标准店),航空港区文苑小区南门C019号,113.821671,34.482435,19937176123,8：00——22：00
新郑市,50800,糕饼店,祥隆面包房(中华路店),新郑市实验中学西门旁,113.741903,34.388023,0371-62685989,8：00——22：00
新郑市,50800,糕饼店,七若滋·蛋糕面包(黄水路店),黄水路与文化路交叉口向西5米路北,113.735784,34.399442,0371-62698801,8：00——22：00
新郑市,50800,糕饼店,麦顺鑫蛋糕房(龙湖沙窝李店),龙湖镇沙窝李市场西一街中间向南10米门牌号12号,113.686883,34.627635,13333815253;13838229842,8：00——22：00
新郑市,50800,糕饼店,英伦西饼(机场店),航空港区长安路润丰悦尚东门向北20米5-101商铺英伦西饼机场店,113.833393,34.538697,15538156690,8：00——22：00
新郑市,50800,糕饼店,慕巴夫鲜花主题蛋糕(龙安社区2号院店),航空港区龙安社区二号院南门,113.858437,34.439671,13781152773,8：00——22：00
新郑市,50800,糕饼店,七若滋·蛋糕面包(金城路店),新华路街道金城路313号,113.747301,34.385093,0371-62698802;17319711881,8：00——22：00
新郑市,50800,糕饼店,维尔纳斯意大利手工艺生日蛋糕(新郑店),人民路体育场32号,113.744656,34.393699,18530057859,8：00——22：00
新郑市,50800,糕饼店,吉姆大师傅(郑州华盛奥特莱斯店),郑州华盛奥特莱斯,113.72769,34.604162,13849044176;15249675242,8：00——22：00
新郑市,50800,糕饼店,军现绿豆饼(新郑店),新华路街道文化路485号(实验小学西门向北20米路东),113.736275,34.398681,15036371861,8：00——22：00
新郑市,50800,糕饼店,吉姆大师傅(龙湖锦艺城店),龙湖镇龙湖锦艺城购物中心三楼3F-13B,113.726495,34.613279,13598802389,8：00——22：00
新郑市,50800,糕饼店,七若滋(富田幸福里店),富田幸福里,113.696095,34.635731,0371-60297722;17319711882,8：00——22：00
新郑市,50800,糕饼店,提他米苏西点(人民路店),新烟办人民路北侧300号,113.762315,34.395809,15517528021;18638582725,8：00——22：00
新郑市,50800,糕饼店,三实蛋糕房(高坡岩店),高坡岩西三街与北二街交叉口西20米路南,113.712966,34.611985,15538236967;18339078752,8：00——22：00
新郑市,50800,糕饼店,W·法式蛋糕(新郑龙湖店),南二街与东一街交叉口,113.702861,34.606268,15203716645,8：00——22：00
新郑市,50800,糕饼店,减法森林(鑫悦城店),龙湖鑫悦城东门出入口南侧第一家门店,113.687692,34.616636,19339916859,8：00——22：00
新郑市,50800,糕饼店,纯白蛋糕(龙湖锦艺城天域店),龙湖锦艺城一期11号楼底商,113.724405,34.618292,15903609124,8：00——22：00
新郑市,50800,糕饼店,七若滋·蛋糕面包(东方国际店),解放路91号,113.772567,34.393172,0371-60987878,8：00——22：00
新郑市,50800,糕饼店,粑粑坊糯米蛋糕,宝相寺北一街向西100米路南,113.68654,34.59659,18625530126,8：00——22：00
新郑市,50800,糕饼店,喵喵酱甜品蛋糕店,龙湖镇祥安路前胡东社区北1号楼西边高楼南侧8号喵喵酱,113.688409,34.607185,13526845736,8：00——22：00
新郑市,50800,糕饼店,明熙家主题生日蛋糕,郑州西亚斯学院南门西100米,113.763304,34.395753,15939029363,8：00——22：00
新郑市,50800,糕饼店,初念Cake(唐宁1号店),龙湖镇阳光大道唐宁一号商铺3-2-107号,113.709883,34.586255,15378725288,8：00——22：00
新郑市,50800,糕饼店,麦香奇蛋糕(工程学院店),龙湖镇祥和路河南工程学院南门向东50米路南,113.692631,34.619104,13383856108;17719870165,8：00——22：00
新郑市,50800,糕饼店,七若滋·蛋糕面包(一江弘城店),弘远路东侧学院路北侧一江弘城13号楼,113.76895,34.408335,17319711882,8：00——22：00
新郑市,50800,糕饼店,初念Cake(李垌北路总店),龙湖镇富田路与李垌北路交叉口向东20米路北初念cake,113.714417,34.598968,15515891123,8：00——22：00
新郑市,50800,糕饼店,甜堆堆自选千层(南龙湖店),龙湖镇祥和路荆垌市场1-046号,113.693993,34.619076,17362958097,8：00——22：00
新郑市,50800,糕饼店,姐姐的烘焙坊(郭店中心社区一期店),郭店中心社区商铺36号,113.722399,34.531165,16692118072;17625919712,8：00——22：00
新郑市,50800,糕饼店,布雷格英式烘焙,郭店镇工商所对面(中国联通隔壁),113.711175,34.526402,18595711032,8：00——22：00
新郑市,50800,糕饼店,Besshare焙思香蛋糕(华南城店),龙湖镇双湖大道北侧高坡岩市场东二街第二个十字路口向东50米路南,113.712528,34.611984,15003887339;15538026587,8：00——22：00
新郑市,50800,糕饼店,七若滋·蛋糕面包新中式点心专门店(人民路店),人民路西段121号,113.73799,34.395277,0371-62686546;17319711882,8：00——22：00
新郑市,50800,糕饼店,追慕蛋糕(北区店),湖滨壹号万佳省心店门口,113.74917,34.418543,0371-60296691,8：00——22：00
新郑市,50800,糕饼店,三甜屿品质千层(南龙湖店),祥和路郑老庄社区南门向东25米,113.720069,34.619902,13526711809,8：00——22：00
新郑市,50800,糕饼店,挽袖手造烘焙(一江弘城店),学院路一江弘城12108,113.769379,34.407893,0371-55689128,8：00——22：00
新郑市,50800,糕饼店,焙思香蛋糕(新郑店),新烟街道人民路中段489号博士嘉园北门东100米,113.769604,34.39384,15003852860,8：00——22：00
新郑市,50800,糕饼店,七若滋(薛店店),白象食品集团东南门北170米,113.79856,34.487891,0371-62588990;17630000057,8：00——22：00
新郑市,50800,糕饼店,一朵蛋糕·定制蛋糕专门店(文化路店),文化路文中三巷605号,113.736344,34.39194,15225063866,8：00——22：00
新郑市,50800,糕饼店,百香林西点(华信店),少典路106号,113.757322,34.416738,13253366600,8：00——22：00
新郑市,50800,糕饼店,祥隆面包房(薛店镇店),薛店大道与府后街交叉口北40米,113.800133,34.495694,0371-62587352;13592553655,8：00——22：00
新郑市,50800,糕饼店,蓝风车蛋糕屋(新郑新区第二社区3期南区店),二社区万佳未来城一楼南门,113.745403,34.431298,18768868170,8：00——22：00
新郑市,50800,糕饼店,唯食客蛋糕房(国瑞城店),国瑞城爵仕苑东门南90米,113.702977,34.625081,0371-55887771;19939908558,8：00——22：00
新郑市,50800,糕饼店,英伦西饼(枣园店),航空港区锦绣枣园大转盘边上(枣园地铁站C口步行300米),113.832112,34.557473,13373923899,8：00——22：00
新郑市,50800,糕饼店,焙思香蛋糕(薛店店),薛店镇友谊路商业广场丰客隆南侧19号,113.800315,34.488077,15737188271,8：00——22：00
新郑市,50800,糕饼店,陈记江南糕点,金城路168号,113.742023,34.385928,19503898359,8：00——22：00
新郑市,50800,糕饼店,笨小鸭台湾手撕面包(龙湖镇店),龙湖镇宝相寺北一街与文昌路交叉路口向北10米路西3号,113.687597,34.596751,18937127948,8：00——22：00
新郑市,50800,糕饼店,优典烘焙(枣园店),航空港区郑港街道华夏大道中门26号楼1单元001,113.832592,34.557473,0371-85888011,8：00——22：00
新郑市,50800,糕饼店,安妮贝可生日蛋糕(新郑店),中华路中段西侧228号,113.741556,34.397174,19900901668,8：00——22：00
新郑市,50800,糕饼店,百香林西点(文化路店),文化路408号苑陵中学斜对面,113.736041,34.397119,15838252981,8：00——22：00
新郑市,50800,糕饼店,阳光糕点(黄水路店),新华路街道黄水路土地局西隔墙,113.741124,34.399296,13385632790;13399632836,8：00——22：00
新郑市,50800,糕饼店,廖朵朵千层蛋糕(龙湖店),龙湖镇双湖大道紫金山南路龙湖御景小区东门向北100米,113.69413,34.608511,15093444567;19337873690,8：00——22：00
新郑市,50800,糕饼店,一日一谷(康桥溪桂园店),龙湖镇祥安路康桥溪桂园北门西第四家店铺,113.721944,34.604039,17638162829,8：00——22：00
新郑市,50800,糕饼店,五月甜品蛋糕,龙湖镇,113.688476,34.607247,13213185785,8：00——22：00
新郑市,50800,糕饼店,英伦西饼(锦绣翠园店),航空港区锦绣翠园-东院西门西南120米,113.849594,34.580771,18039209138,8：00——22：00
新郑市,50800,糕饼店,薇薇安·招牌榴莲千层,龙湖锦艺城,113.726131,34.613286,13598072170,8：00——22：00
新郑市,50800,糕饼店,范高复古蛋糕商店,人民路461号,113.768369,34.395503,15136224597,8：00——22：00
新郑市,50800,糕饼店,Dance Cream舞动奶油生日蛋糕,龙湖镇荆垌市场A8宾馆旁边,113.692115,34.6185,19913801262,8：00——22：00
新郑市,50800,糕饼店,唯食客蛋糕房(正商智慧城店),正商智慧城颖园东北门西120米,113.702458,34.644725,15038261283;19139770677,8：00——22：00
新郑市,50800,糕饼店,麦芒甜野面包房(智慧城店),正商智慧城睿园南门西90米,113.702782,34.644793,17503990972,8：00——22：00
新郑市,50800,糕饼店,七若滋·蛋糕面包(车站店),烟厂大街266号,113.770588,34.383635,0371-62616339;17319711882,8：00——22：00
新郑市,50800,糕饼店,麦乐享烘焙(浩创梧桐郡E区店),龙湖镇浩创梧桐郡63号楼1-111号商铺,113.719498,34.626142,15515780062,8：00——22：00
新郑市,50800,糕饼店,焙思香蛋糕(航空港区店),航空港区润丰锦尚西门11-115号商铺,113.847728,34.570812,17679010112,8：00——22：00
新郑市,50800,糕饼店,麦香村(八千店),航空港区八千办人民路农商行南路西,113.828549,34.372783,18837588124,8：00——22：00
新郑市,50800,糕饼店,宁庄鸡蛋糕,永和街奥园17A,113.771556,34.392391,15890196708,8：00——22：00
新郑市,50800,糕饼店,天琪蛋糕坊(薛店店),华福御景东门北70米,113.804417,34.490121,0371-56665988;15838280902,8：00——22：00
新郑市,50800,糕饼店,昔木蛋糕(龙湖店),三里岗中街,113.701197,34.606627,15515593732,8：00——22：00
新郑市,50800,糕饼店,百香林西点(龙安社区三号院店),航空港区龙安商业街,113.854605,34.43912,15639281562,8：00——22：00
新郑市,50800,糕饼店,好运来蛋糕(薛店店),薛店大道西侧府前街交叉口北20米路西(烟草局对面),113.800704,34.498289,0371-62586676;13373937398,8：00——22：00
新郑市,50800,糕饼店,一份甜蛋糕甜点(龙湖镇升达大学店),宝相寺步行街与文昌路交叉口西240米,113.685034,34.596303,15038219187;15093393667,8：00——22：00
新郑市,50800,糕饼店,一朵蛋糕定制蛋糕专门店(宏基王朝店),万庄路26号,113.726113,34.425979,15137139865,8：00——22：00
新郑市,50800,糕饼店,禧甜烘焙(锦绣荷园社区店),航空港区长安路锦绣荷园东门往南30米,113.846111,34.579946,18937001169,8：00——22：00
新郑市,50800,糕饼店,廖朵朵千层蛋糕(新郑店),繁荣街46号,113.735499,34.401733,15638570066,8：00——22：00
新郑市,50800,糕饼店,祥隆面包房(八千店),,113.829199,34.374466,13673609896,8：00——22：00
新郑市,50800,糕饼店,面包和茶(太湖路店),航空港区凌霜街36-35号(康平湖地铁站C口步行480米),113.849559,34.58425,13461539599;18003833314,8：00——22：00
新郑市,50800,糕饼店,新郑全日鲜蛋糕3店,新烟街道烟厂大街114号,113.766899,34.384297,13733896171,8：00——22：00
新郑市,50800,糕饼店,春禾cake蛋糕面包(康桥原溪里2号院店),郑新快速通道与华南城二路交叉口西南320米,113.721978,34.599585,15738319965,8：00——22：00
新郑市,50800,糕饼店,糕酥生,人民路131号,113.738136,34.395261,18638212051,8：00——22：00
新郑市,50800,糕饼店,乐甜甜·cake for you,中华路169号,113.741838,34.398919,13703869269,8：00——22：00
新郑市,50800,糕饼店,苏恬蛋糕甜蜜坊(领秀城店),双拥路甜蜜坊153,113.748328,34.402022,13355633967;15938780866,8：00——22：00
新郑市,50800,糕饼店,W·法式蛋糕(新郑店),解放路6-448号,113.770353,34.39375,19059533803,8：00——22：00
新郑市,50800,糕饼店,曾小白蛋糕(龙湖镇店),泰山路与103省道交叉口西240米,113.68112,34.599462,18537846600,8：00——22：00
新郑市,50800,糕饼店,糖一2元面包(高坡岩步行街店),龙湖镇高坡岩步行街西1街2排103号,113.711621,34.611634,18738187069,8：00——22：00
新郑市,50800,糕饼店,天琪蛋糕坊(龙安店),航空港区龙安三号院商业街南头天琪蛋糕,113.854514,34.437512,18836615818,8：00——22：00
新郑市,50800,糕饼店,福福手撕面包(西亚斯店),人民路与渔夫子路交叉口西南角,113.766441,34.395279,15670638881,8：00——22：00
新郑市,50800,糕饼店,娅倪琦蛋糕房(新村店),新村镇娅倪琦蛋糕房,113.713838,34.43299,0371-62628899,8：00——22：00
新郑市,50800,糕饼店,晨晨烘焙(褚庄店),褚庄路52号,113.716481,34.402237,15038056510;15936288451,8：00——22：00
新郑市,50800,糕饼店,成春·西点蛋糕定制(西亚斯店),渔公一街51-2号,113.763896,34.39485,15617753151,8：00——22：00
新郑市,50800,糕饼店,天琪蛋糕(盛世文园店),航空港区银河办事处文苑小区C015号商铺,113.821506,34.482405,0371-56760388,8：00——22：00
新郑市,50800,糕饼店,米可烘焙(浩创梧桐郡E区店),梧桐郡58号楼3单元第1-102层,113.717292,34.624957,18539560251,8：00——22：00
新郑市,50800,糕饼店,追慕蛋糕(西亚斯大学欧洲街店),西亚斯大学欧洲街北段,113.767333,34.398231,0371-60296691,8：00——22：00
新郑市,50800,糕饼店,相食烘焙(原相食糕点),阳光花园社区北门东80米,113.597694,34.376076,19903833985,8：00——22：00
新郑市,50800,糕饼店,云甜Cake,龙湖镇双湖大道152号龙湖锦艺城26号楼3单元104,113.729541,34.618393,15188301687;18258276627,8：00——22：00
新郑市,50800,糕饼店,温州糕点(新郑商业街店),商业步行街B15,113.73123,34.393918,15039085851,8：00——22：00
新郑市,50800,糕饼店,丘葡手作生日蛋糕木糖醇动物奶油(龙湖店),河南省郑州市新郑市龙湖镇宝相寺步行街南一街2-61门面,113.685406,34.595684,15515701990,8：00——22：00
新郑市,50800,糕饼店,柒分糖蛋糕甜品,航空港区双鹤湖莲鹤苑A栋111号,113.838197,34.408654,15736775593,8：00——22：00
新郑市,50800,糕饼店,味雅诺真滋味烘焙(陶文路店),月季新城南门东60米,113.746672,34.402802,13253674777;13633850077,8：00——22：00
新郑市,50800,糕饼店,瑞雪儿蛋糕店,祥安路与滨湖路交叉口西北220米,113.702103,34.605909,18300705227,8：00——22：00
新郑市,50800,糕饼店,爱丽丝语西点屋(兴业小区店),兴业小区北门东70米,113.598859,34.380613,13957097132;15639712162,8：00——22：00
新郑市,50800,糕饼店,味美斯烘焙坊(保健街店),保健街38号,113.747749,34.392659,0371-56675986,8：00——22：00
新郑市,50800,糕饼店,幸福时光手感烘焙店,金城路137号,113.740167,34.385709,18239907808,8：00——22：00
新郑市,50800,糕饼店,Star Party创意网红生日蛋糕(新郑店),人民路326号,113.763194,34.395781,13526592400;18595718187,8：00——22：00
新郑市,50800,糕饼店,脆皮香酥蛋糕专卖,核桃园路西56-1号,113.714575,34.433918,13526761987;13849103021,8：00——22：00
新郑市,50800,糕饼店,双湖面包店,康复路与康宁路交叉口东200米,113.711416,34.613197,17319707270,8：00——22：00
新郑市,50800,糕饼店,福鑫蛋糕房,航空港区岗李乡刚李村106号,113.919375,34.368045,18736988363,8：00——22：00
新郑市,50800,糕饼店,Senye森也蛋糕,渔公一街51-1号,113.76384,34.394858,13203807077,8：00——22：00
新郑市,50800,糕饼店,尚优烘焙坊(兴龙湾店),龙湖镇泰山路富田兴龙湾商业街B3-06号,113.711599,34.595044,0371-53300003;13213229630,8：00——22：00
新郑市,50800,糕饼店,幸福西饼(新郑市店),龙湖锦艺城29-1-105,113.730995,34.617191,13393721171,8：00——22：00
新郑市,50800,糕饼店,有点甜蛋糕房(锦艺城店),锦艺城高一北侧商铺木子果幼儿园对面,113.727395,34.618307,19138050217,8：00——22：00
新郑市,50800,糕饼店,甜昕私房蛋糕,航空港区炎黄大道南50米,113.82295,34.374708,15838188306,8：00——22：00
新郑市,50800,糕饼店,甜·心蛋糕私人订制,双湖大道龙湖锦艺城购物中心A座1102,113.726425,34.612825,13592457580,8：00——22：00
新郑市,50800,糕饼店,舒心蛋糕房,龙湖镇高坡岩市场西三街向北300米路东,113.713264,34.612383,19103823082,8：00——22：00
新郑市,50800,糕饼店,凡糕先生蛋糕馆,龙湖镇三里岗市场南二街山泉洗浴对面,113.702417,34.606341,15093413360;19138063360,8：00——22：00
新郑市,50800,糕饼店,玲珑糕点,人民路与渔夫子路交叉口东南40米,113.766877,34.395156,15093389907,8：00——22：00
新郑市,50800,糕饼店,StarParty创意生日蛋糕,祥云路辅路与滨湖路交叉口西南120米,113.70229,34.627895,13782651153;18836996986,8：00——22：00
新郑市,50800,糕饼店,唯食客蛋糕房(温莎城堡店),绿都兰亭雅叙东门北110米,113.702963,34.634888,0371-55887772;17319778668,8：00——22：00
新郑市,50800,糕饼店,七月手作蛋糕工作室,滨湖湾大厦B座2单元406,113.749997,34.417453,15038099279,8：00——22：00
新郑市,50800,糕饼店,爱德蛋糕,于寨红楼一楼门面房,113.623443,34.607392,18838207279,8：00——22：00
新郑市,50800,糕饼店,暖味烘焙,祥和四街中段,113.748054,34.390181,18839422877,8：00——22：00
新郑市,50800,糕饼店,信江村豆一品蛋糕(绿都丹石街区店),绿都丹石锦园西北门南220米,113.703835,34.634724,13633868486,8：00——22：00
新郑市,50800,糕饼店,彭记烘焙(薛店大道店),白象食品集团东南门东北90米,113.798733,34.487244,13303826100,8：00——22：00
新郑市,50800,糕饼店,谷谷香手撕面包,高坡岩村蔬菜农贸市场南门旁,113.714792,34.611393,15517570129;15731685274,8：00——22：00
新郑市,50800,糕饼店,艾米cake手感烘焙,炎黄广场黄水路207-1中华路与交叉口东行0米路南,113.743026,34.399274,13525561238;18237182118,8：00——22：00
新郑市,50800,糕饼店,贝甜·cake(航南新城店),航空港区航南新城如云路与顺之街交叉口向南10米路西,113.815712,34.492561,13103829091,8：00——22：00
新郑市,50800,糕饼店,蜜语Cake,航空港区慈航路蓝山公馆北门对面商铺26号,113.851404,34.572488,13633812266,8：00——22：00
新郑市,50800,糕饼店,彭记糕点,航空港区铁南小街与人民路交叉口西260米,113.826603,34.373794,18137820782,8：00——22：00
新郑市,50800,糕饼店,殊遇蛋糕店,黄水路,113.746321,34.39971,18595449099,8：00——22：00
新郑市,50800,糕饼店,枣子坊(洧水路店),洧水路249号,113.74133,34.392979,13460440184;15838252981,8：00——22：00
新郑市,50800,糕饼店,金苹果面包房(开源大道店),观音寺镇开元大道,113.68905,34.330303,13460274927;15738335158,8：00——22：00
新郑市,50800,糕饼店,唯食客蛋糕房(国瑞城店),国瑞城爵仕苑东1门西南80米,113.70296,34.627261,0371-66501007,8：00——22：00
新郑市,50900,甜品店,郑好吃雪花酪(华盛奥特莱斯店),华盛奥特莱斯四楼(树袋熊对面),113.727673,34.60401,13148222775,8：00——22：00
新郑市,50900,甜品店,方知有DIY甜品工作室(龙湖锦艺城购物中心店),双湖大道152号龙湖锦艺城购物中心b座18楼1824,113.725969,34.613246,15136271913,8：00——22：00
新郑市,50900,甜品店,汴梁徐先生炒酸奶,新建路495号,113.732419,34.401218,18539940333,8：00——22：00
新郑市,50900,甜品店,DQ(新郑新田360广场新壹城店),新烟街道创业路与政通路交叉新壹城首座新田360广场L103号商铺,113.742975,34.420225,19803893398,8：00——22：00
新郑市,50900,甜品店,蜜雪冰城,103省道与北环路交叉口西南440米,113.694143,34.343064,15736772228,8：00——22：00
新郑市,50900,甜品店,榴小汐品质千层(新郑文化路店),文化路224号,113.735968,34.391857,17719866967,8：00——22：00
新郑市,50900,甜品店,吒吉雪花酪(黄水路店),黄水路88号,113.737064,34.399451,13071038290,8：00——22：00
新郑市,50900,甜品店,福安圆甜品屋(园博美丽佳苑小区店),航空港区龙王乡园博美丽佳苑小区2号楼一单元102室,113.870809,34.437647,13592448575;15803888893,8：00——22：00
新郑市,50900,甜品店,蜜雪冰城(五里口店),惠泽路1号,113.710857,34.525831,17629375870,8：00——22：00
新郑市,50900,甜品店,DQ(郑州龙湖锦艺城店),龙湖锦艺城购物中心一楼,113.725527,34.613949,0371-55889386;17788103278,8：00——22：00
新郑市,50900,甜品店,觅甜甜品店,秀水·新华城西门旁,113.756399,34.396414,15903998087,8：00——22：00
新郑市,50900,甜品店,DQ(郑州新郑服务区西区店),航空港区龙王办京港澳高速公路新郑服务区西区一楼,113.811049,34.455926,0371-89909770,8：00——22：00
新郑市,50900,甜品店,壹柒甜品工作室,祥和二街与洧水路交叉口西南60米,113.744811,34.392199,18937655331,8：00——22：00
新郑市,50900,甜品店,泡芙蜜语(郑州华盛奥特莱斯店),龙湖镇华南城奥特莱斯三楼,113.727829,34.604488,15225173348,8：00——22：00
新郑市,50900,甜品店,雪花冰·章鱼烧·蚝蛋烧,最美龙湖夜好贩集C001-1,113.725405,34.613368,13007627652,8：00——22：00
新郑市,50900,甜品店,树野diy甜品工作室,龙湖锦艺城写字楼B座2620,113.725579,34.613203,15799883524,8：00——22：00
新郑市,50900,甜品店,悦果时间,龙湖镇前胡东社区7号楼,113.689594,34.605596,15638845120,8：00——22：00
新郑市,50900,甜品店,豆花日记,少典路102号,113.757349,34.416687,13676955732,8：00——22：00
新郑市,50900,甜品店,甜美之梦雪糕多多(龙湖滨湖路店),龙湖镇黄河路北侧轩辕路东侧国瑞城六组团17号楼1-2层107号,113.704002,34.62093,17737795270,8：00——22：00
新郑市,50900,甜品店,艾柒厚切炒酸奶,高坡岩西1街89号,113.711275,34.611925,13273808533,8：00——22：00
新郑市,50900,甜品店,麓明甜烘焙甜品,浩创梧桐郡A区西门南50米商铺,113.717438,34.622977,17600787961,8：00——22：00
新郑市,50900,甜品店,书亦烧仙草(郑州航空港区岗李乡店),航空港区岗李乡临港大道119号,113.922252,34.367688,18203676856,8：00——22：00
新郑市,50900,甜品店,抹茶炒酸奶(文化路店),文化北路387号,113.736296,34.396648,13253658741,8：00——22：00
新郑市,50900,甜品店,茶姐家烘焙连锁·定制蛋糕·甜品·DIY(新郑港区八千店),航空港区八千办计生街中段(张龙装饰隔壁),113.827388,34.373411,18739920382,8：00——22：00
新郑市,50900,甜品店,书亦烧仙草(郑州新郑辛店镇店),具茨山路53号,113.600241,34.377139,19937625443,8：00——22：00
新郑市,50900,甜品店,探果森林,龙湖镇沙窝李市场南一排向西路南第7号,113.687528,34.62725,19137920682,8：00——22：00
新郑市,50900,甜品店,果然水果捞(文化路店),苏泊尔隔壁,113.736287,34.395939,13844572000,8：00——22：00
新郑市,50900,甜品店,尚品鑫隆甜品屋,航空港区幸福花园小区东侧商业街,113.874158,34.439184,15038373061,8：00——22：00
新郑市,50900,甜品店,是雪糕,航空港区长安路与桥航路交叉口东北50米,113.847128,34.580779,19339980255,8：00——22：00
新郑市,50900,甜品店,椰小七老海南椰奶清补凉,郑州升达经贸管理学院西2门北90米,113.687847,34.597245,18638223970,8：00——22：00
新郑市,50900,甜品店,刘记雪花酪,渔夫子路31号,113.766698,34.39457,19967200194,8：00——22：00
新郑市,50900,甜品店,精品雪糕冰激淋(畅馨苑店),畅馨园南门19号,113.75263,34.375561,13838388767,8：00——22：00
新郑市,50900,甜品店,柴记雪花酪,航空港区南海大道与人民路交叉口北180米,113.829145,34.376795,15603901766,8：00——22：00
新郑市,50900,甜品店,雪糕(正商智慧城博园店),正商智慧城学文路商业街105室,113.70185,34.644631,18203601623,8：00——22：00
新郑市,50900,甜品店,天冰冰淇淋(文化路店),文化路与黄水路交叉口南200米,113.736044,34.397477,15038275888,8：00——22：00
新郑市,50900,甜品店,天冰冰淇淋(创业路店),中华北路157号浩创大厦,113.756623,34.419877,18625521779,8：00——22：00
新郑市,50900,甜品店,雪糕多多(月季新城店),新华路街道陶文路108号月季新城,113.74658,34.402807,19103882221,8：00——22：00
新郑市,50900,甜品店,熹熹爆浆榴莲芝士饼,西亚斯渔夫子路44号,113.76635,34.394159,18137663222,8：00——22：00
新郑市,50900,甜品店,炒酸奶,人民路429号,113.766399,34.394973,13526566969,8：00——22：00
新郑市,50900,甜品店,时光烘焙,薛店镇薛店大道,113.798702,34.486661,18595713825,8：00——22：00
新郑市,50900,甜品店,香满溢蛋糕房(双湖大道店),龙湖镇双湖大道5号高坡岩村蔬菜农贸市场,113.714707,34.611623,13733183798,8：00——22：00
新郑市,50900,甜品店,明熙家航空港区蛋糕店,航空港区锦荣广场3B六楼612室,113.862941,34.577077,19723712093,8：00——22：00
新郑市,50900,甜品店,星期天烘焙(昌鼎·润苑店),文化路昌鼎七号楼102门面房,113.734356,34.413276,13103712765;18237102717,8：00——22：00
新郑市,50900,甜品店,蜜口儿(郑州华盛奥特莱斯店),龙湖镇华盛奥特莱斯三楼东北角蜜口儿,113.728059,34.605391,18500301640,8：00——22：00
新郑市,50900,甜品店,自助水果捞(建设中),新烟街道渔夫子路84号,113.766145,34.393085,13034623727,8：00——22：00
新郑市,50900,甜品店,全日鲜蛋糕店,新烟街79号,113.747744,34.385805,0371-66702888,8：00——22：00
新郑市,50900,甜品店,丁太太私房烘焙店,居易大道夜市中段好又多超市斜对面,113.599528,34.378554,13523490071,8：00——22：00
新郑市,50900,甜品店,新郑市龙湖镇宁宁快餐店,龙湖镇锦艺城小区47号楼104商铺果多鲜生,113.730345,34.610655,13323821778,8：00——22：00
新郑市,50900,甜品店,琪琪蛋糕店,航空港区343国道与025县道交叉口北20米,113.89786,34.327838,18237804033,8：00——22：00
新郑市,50900,甜品店,佳怡手作烘焙,航空港区新港大道s102省道交叉口向西30米路北,113.818914,34.505557,17838190580,8：00——22：00
新郑市,50900,甜品店,泰猫榴客烤榴莲,龙湖镇锦艺城购物中心外围步行街泰猫榴客,113.725489,34.61265,13838115203,8：00——22：00
新郑市,50900,甜品店,麦香悦蛋糕,龙湖镇沙窝李小学南100米路东(沙窝李新型社区西南角消防通道),113.70048,34.629297,17705303921,8：00——22：00
新郑市,50900,甜品店,甜岛,双湖大道54号,113.712021,34.611842,15824837640,8：00——22：00
新郑市,50900,甜品店,暧尚蛋糕,航空港区大马乡政府对面,114.008009,34.368338,13137841653;15937841653,8：00——22：00
新郑市,50900,甜品店,花遇甜,宝相寺步行街与文昌路交叉口西200米,113.685555,34.596095,18737911685,8：00——22：00
新郑市,50900,甜品店,米芝莲(郑州华盛奥特莱斯店),郑新快速路与双湖大道交汇处郑州华盛奥特莱斯F1,113.727827,34.604442,18539940203,8：00——22：00
新郑市,50900,甜品店,特香园蛋糕,062乡道东北侧,113.605317,34.627726,13283866805,8：00——22：00
新郑市,50900,甜品店,王记宫廷糕点(泰山路店),王记宫廷糕点,113.681232,34.599869,15565090227,8：00——22：00
新郑市,50900,甜品店,千稼集手工老酸奶,泰山路与圣母路交叉口西南360米,113.638621,34.580166,13603840030,8：00——22：00
新郑市,50900,甜品店,苏恬蛋糕安氏(港区一中店),航空港区盛世文园东1门北190米,113.824444,34.48502,15093091982,8：00——22：00
新郑市,50900,甜品店,特香园蛋糕,龙湖镇古城村,113.641953,34.615037,15729387923;15838188616,8：00——22：00
新郑市,50900,甜品店,新郑张记糕点(洧水路店),洧水路466号,113.748913,34.39237,13460448817,8：00——22：00
新郑市,50900,甜品店,悦悦糕点(航空港苹果城店),翠竹路与解放路交叉口西220米,113.77959,34.481422,18638605393,8：00——22：00
新郑市,50900,甜品店,丹麦红豆饼(绿都丹石街区店),滨湖路绿都丹石街区,113.705514,34.632485,13733862100,8：00——22：00
新郑市,50900,甜品店,江南糕点(文昌路店),文昌路荆垌村卫生所旁,113.688367,34.616851,13663806703,8：00——22：00
新郑市,50900,甜品店,老张豌豆五谷杂粮,Y015郑州南龙湖粮油农产品市场,113.665368,34.611977,13137700028;15729388760,8：00——22：00
新郑市,50900,甜品店,满口香蛋糕房,辛店商贸城,113.600608,34.386296,13683816207;18703693168,8：00——22：00
新郑市,50900,甜品店,手工糕点,龙湖镇居易国际D区19栋,113.720825,34.605625,13838073127,8：00——22：00
新郑市,50900,甜品店,酸奶紫米露,"551路,新郑106路杰亨体育对面",113.688303,34.598063,13613911878,8：00——22：00
新郑市,50900,甜品店,大家好蛋糕房,新孟路与袁孟路交叉口北140米,113.810601,34.586619,15137100879,8：00——22：00
新郑市,50900,甜品店,零食满屋(桃园路店),桃园路与育才路交叉口北140米,113.715218,34.430772,15713866877,8：00——22：00
新郑市,50900,甜品店,东方米兰酒店(新郑龙湖店),高坡岩西一街(后街)向北20米,113.711247,34.612045,0371-55881035,8：00——22：00
